{"type":"FeatureCollection","features":[{"type":"Feature","geometry":{"type":"Point","coordinates":[21.958872,47.04407]},"properties":{"name":"Gara de Est","band":0,"modes":"bus","arr":["10","17","32"],"off":[0,-0.8]}},{"type":"Feature","geometry":{"type":"Point","coordinates":[21.958872,47.04407]},"properties":{"name":"Complex Seleusului","band":0,"modes":"bus","arr":["10","17","32"],"off":[0,-1.9]}},{"type":"Feature","geometry":{"type":"Point","coordinates":[21.958872,47.04407]},"properties":{"line":"10","mode":"bus","color":"#0059a9","colorDark":"#00294f","band":0,"off":[-3.4,1.1]}},{"type":"Feature","geometry":{"type":"Point","coordinates":[21.958872,47.04407]},"properties":{"line":"17","mode":"bus","color":"#0059a9","colorDark":"#00294f","band":0,"off":[0,1.1]}},{"type":"Feature","geometry":{"type":"Point","coordinates":[21.958872,47.04407]},"properties":{"line":"32","mode":"bus","color":"#0059a9","colorDark":"#00294f","band":0,"off":[3.4,1.1]}},{"type":"Feature","geometry":{"type":"Point","coordinates":[21.937188,47.05203]},"properties":{"name":"Piata 1 Decembrie/Bloc Turn","band":0,"modes":"bus","arr":["23","24","25","42"],"off":[0,-0.8]}},{"type":"Feature","geometry":{"type":"Point","coordinates":[21.937188,47.05203]},"properties":{"name":"Parc 1 Decembrie","band":0,"modes":"bus","arr":["23","24","25","42"],"off":[0,-3]}},{"type":"Feature","geometry":{"type":"Point","coordinates":[21.937188,47.05203]},"properties":{"name":"Casa de Cultura","band":0,"modes":"bus","arr":["23","24","25","42"],"off":[0,-4.1]}},{"type":"Feature","geometry":{"type":"Point","coordinates":[21.937188,47.05203]},"properties":{"line":"23","mode":"bus","color":"#0059a9","colorDark":"#00294f","band":0,"off":[-5.1,1.1]}},{"type":"Feature","geometry":{"type":"Point","coordinates":[21.937188,47.05203]},"properties":{"line":"24","mode":"bus","color":"#0059a9","colorDark":"#00294f","band":0,"off":[-1.7,1.1]}},{"type":"Feature","geometry":{"type":"Point","coordinates":[21.937188,47.05203]},"properties":{"line":"25","mode":"bus","color":"#0059a9","colorDark":"#00294f","band":0,"off":[1.7,1.1]}},{"type":"Feature","geometry":{"type":"Point","coordinates":[21.937188,47.05203]},"properties":{"line":"42","mode":"bus","color":"#0059a9","colorDark":"#00294f","band":0,"off":[5.1,1.1]}},{"type":"Feature","geometry":{"type":"Point","coordinates":[21.916989,47.057896]},"properties":{"name":"Calea Aradului nr.9","band":0,"modes":"bus","arr":["33P","RoHu","T9"],"off":[0,-0.8]}},{"type":"Feature","geometry":{"type":"Point","coordinates":[21.916989,47.057896]},"properties":{"name":"Autogara Decebal","band":0,"modes":"bus","arr":["33P","RoHu","T9"],"off":[0,-3]}},{"type":"Feature","geometry":{"type":"Point","coordinates":[21.916989,47.057896]},"properties":{"name":"Andrei Saguna","band":0,"modes":"bus","arr":["33P","RoHu","T9"],"off":[0,-4.1]}},{"type":"Feature","geometry":{"type":"Point","coordinates":[21.916989,47.057896]},"properties":{"line":"33P","mode":"bus","color":"#0059a9","colorDark":"#00294f","band":0,"off":[-3.4,1.1]}},{"type":"Feature","geometry":{"type":"Point","coordinates":[21.916989,47.057896]},"properties":{"line":"RoHu","mode":"bus","color":"#0059a9","colorDark":"#00294f","band":0,"off":[0,1.1]}},{"type":"Feature","geometry":{"type":"Point","coordinates":[21.916989,47.057896]},"properties":{"line":"T9","mode":"bus","color":"#0059a9","colorDark":"#00294f","band":0,"off":[3.4,1.1]}},{"type":"Feature","geometry":{"type":"Point","coordinates":[21.890129,47.053989]},"properties":{"name":"Densusianu","band":0,"modes":"bus","arr":["10"],"off":[0,-0.8]}},{"type":"Feature","geometry":{"type":"Point","coordinates":[21.890129,47.053989]},"properties":{"line":"10","mode":"bus","color":"#0059a9","colorDark":"#00294f","band":0,"off":[0,1.1]}},{"type":"Feature","geometry":{"type":"Point","coordinates":[21.939001,47.056221]},"properties":{"name":"Piata Emanuil Gojdu","band":0,"modes":"bus","arr":["11","T8"],"off":[0,-0.8]}},{"type":"Feature","geometry":{"type":"Point","coordinates":[21.939001,47.056221]},"properties":{"line":"11","mode":"bus","color":"#0059a9","colorDark":"#00294f","band":0,"off":[-1.7,1.1]}},{"type":"Feature","geometry":{"type":"Point","coordinates":[21.939001,47.056221]},"properties":{"line":"T8","mode":"bus","color":"#0059a9","colorDark":"#00294f","band":0,"off":[1.7,1.1]}},{"type":"Feature","geometry":{"type":"Point","coordinates":[21.87781,47.099742]},"properties":{"name":"Gara Episcopia","band":0,"modes":"bus","arr":["11"],"off":[0,-0.8]}},{"type":"Feature","geometry":{"type":"Point","coordinates":[21.87781,47.099742]},"properties":{"line":"11","mode":"bus","color":"#0059a9","colorDark":"#00294f","band":0,"off":[0,1.1]}},{"type":"Feature","geometry":{"type":"Point","coordinates":[21.919947,47.071826]},"properties":{"name":"Spartacus","band":0,"modes":"bus","arr":["19","26","27","27P","29","30","611","612","721"],"off":[0,-0.8]}},{"type":"Feature","geometry":{"type":"Point","coordinates":[21.919947,47.071826]},"properties":{"name":"Parc Olosig","band":0,"modes":"bus","arr":["19","26","27","27P","29","30","611","612","721"],"off":[0,-1.9]}},{"type":"Feature","geometry":{"type":"Point","coordinates":[21.919947,47.071826]},"properties":{"name":"Dacia Zig Zag","band":0,"modes":"bus","arr":["19","26","27","27P","29","30","611","612","721"],"off":[0,-3]}},{"type":"Feature","geometry":{"type":"Point","coordinates":[21.919947,47.071826]},"properties":{"line":"19","mode":"bus","color":"#0059a9","colorDark":"#00294f","band":0,"off":[-6.8,1.1]}},{"type":"Feature","geometry":{"type":"Point","coordinates":[21.919947,47.071826]},"properties":{"line":"26","mode":"bus","color":"#0059a9","colorDark":"#00294f","band":0,"off":[-3.4,1.1]}},{"type":"Feature","geometry":{"type":"Point","coordinates":[21.919947,47.071826]},"properties":{"line":"27","mode":"bus","color":"#0059a9","colorDark":"#00294f","band":0,"off":[0,1.1]}},{"type":"Feature","geometry":{"type":"Point","coordinates":[21.919947,47.071826]},"properties":{"line":"27P","mode":"bus","color":"#0059a9","colorDark":"#00294f","band":0,"off":[3.4,1.1]}},{"type":"Feature","geometry":{"type":"Point","coordinates":[21.919947,47.071826]},"properties":{"line":"29","mode":"bus","color":"#0059a9","colorDark":"#00294f","band":0,"off":[6.8,1.1]}},{"type":"Feature","geometry":{"type":"Point","coordinates":[21.919947,47.071826]},"properties":{"line":"30","mode":"bus","color":"#0059a9","colorDark":"#00294f","band":0,"off":[-5.1,3.1]}},{"type":"Feature","geometry":{"type":"Point","coordinates":[21.919947,47.071826]},"properties":{"line":"611","mode":"bus","color":"#0059a9","colorDark":"#00294f","band":0,"off":[-1.7,3.1]}},{"type":"Feature","geometry":{"type":"Point","coordinates":[21.919947,47.071826]},"properties":{"line":"612","mode":"bus","color":"#0059a9","colorDark":"#00294f","band":0,"off":[1.7,3.1]}},{"type":"Feature","geometry":{"type":"Point","coordinates":[21.919947,47.071826]},"properties":{"line":"721","mode":"bus","color":"#0059a9","colorDark":"#00294f","band":0,"off":[5.1,3.1]}},{"type":"Feature","geometry":{"type":"Point","coordinates":[21.960718,47.025361]},"properties":{"name":"Kaufland Nufarul","band":0,"modes":"bus","arr":["12"],"off":[0,-0.8]}},{"type":"Feature","geometry":{"type":"Point","coordinates":[21.960718,47.025361]},"properties":{"line":"12","mode":"bus","color":"#0059a9","colorDark":"#00294f","band":0,"off":[0,1.1]}},{"type":"Feature","geometry":{"type":"Point","coordinates":[21.955899,47.02976]},"properties":{"name":"Nufarul","band":0,"modes":"tram,bus","arr":["4","5","6","7","25","38","41","511","512","513","514","515","516","517","531"],"off":[0,-0.8],"sc":0.94}},{"type":"Feature","geometry":{"type":"Point","coordinates":[21.955899,47.02976]},"properties":{"name":"Morii nr.5","band":0,"modes":"tram,bus","arr":["4","5","6","7","25","38","41","511","512","513","514","515","516","517","531"],"off":[0,-1.9],"sc":0.94}},{"type":"Feature","geometry":{"type":"Point","coordinates":[21.955899,47.02976]},"properties":{"name":"Autogara Nufarul","band":0,"modes":"tram,bus","arr":["4","5","6","7","25","38","41","511","512","513","514","515","516","517","531"],"off":[0,-3],"sc":0.94}},{"type":"Feature","geometry":{"type":"Point","coordinates":[21.955899,47.02976]},"properties":{"line":"4","mode":"tram","color":"#d6212b","colorDark":"#7c1116","band":0,"sc":0.94,"off":[-6.8,1.1]}},{"type":"Feature","geometry":{"type":"Point","coordinates":[21.955899,47.02976]},"properties":{"line":"5","mode":"tram","color":"#d6212b","colorDark":"#7c1116","band":0,"sc":0.94,"off":[-3.4,1.1]}},{"type":"Feature","geometry":{"type":"Point","coordinates":[21.955899,47.02976]},"properties":{"line":"6","mode":"tram","color":"#d6212b","colorDark":"#7c1116","band":0,"sc":0.94,"off":[0,1.1]}},{"type":"Feature","geometry":{"type":"Point","coordinates":[21.955899,47.02976]},"properties":{"line":"7","mode":"tram","color":"#d6212b","colorDark":"#7c1116","band":0,"sc":0.94,"off":[3.4,1.1]}},{"type":"Feature","geometry":{"type":"Point","coordinates":[21.955899,47.02976]},"properties":{"line":"25","mode":"bus","color":"#0059a9","colorDark":"#00294f","band":0,"sc":0.94,"off":[6.8,1.1]}},{"type":"Feature","geometry":{"type":"Point","coordinates":[21.955899,47.02976]},"properties":{"line":"38","mode":"bus","color":"#0059a9","colorDark":"#00294f","band":0,"sc":0.94,"off":[-6.8,3.1]}},{"type":"Feature","geometry":{"type":"Point","coordinates":[21.955899,47.02976]},"properties":{"line":"41","mode":"bus","color":"#0059a9","colorDark":"#00294f","band":0,"sc":0.94,"off":[-3.4,3.1]}},{"type":"Feature","geometry":{"type":"Point","coordinates":[21.955899,47.02976]},"properties":{"line":"511","mode":"bus","color":"#0059a9","colorDark":"#00294f","band":0,"sc":0.94,"off":[0,3.1]}},{"type":"Feature","geometry":{"type":"Point","coordinates":[21.955899,47.02976]},"properties":{"line":"512","mode":"bus","color":"#0059a9","colorDark":"#00294f","band":0,"sc":0.94,"off":[3.4,3.1]}},{"type":"Feature","geometry":{"type":"Point","coordinates":[21.955899,47.02976]},"properties":{"line":"513","mode":"bus","color":"#0059a9","colorDark":"#00294f","band":0,"sc":0.94,"off":[6.8,3.1]}},{"type":"Feature","geometry":{"type":"Point","coordinates":[21.955899,47.02976]},"properties":{"line":"514","mode":"bus","color":"#0059a9","colorDark":"#00294f","band":0,"sc":0.94,"off":[-6.8,5.1]}},{"type":"Feature","geometry":{"type":"Point","coordinates":[21.955899,47.02976]},"properties":{"line":"515","mode":"bus","color":"#0059a9","colorDark":"#00294f","band":0,"sc":0.94,"off":[-3.4,5.1]}},{"type":"Feature","geometry":{"type":"Point","coordinates":[21.955899,47.02976]},"properties":{"line":"516","mode":"bus","color":"#0059a9","colorDark":"#00294f","band":0,"sc":0.94,"off":[0,5.1]}},{"type":"Feature","geometry":{"type":"Point","coordinates":[21.955899,47.02976]},"properties":{"line":"517","mode":"bus","color":"#0059a9","colorDark":"#00294f","band":0,"sc":0.94,"off":[3.4,5.1]}},{"type":"Feature","geometry":{"type":"Point","coordinates":[21.955899,47.02976]},"properties":{"line":"531","mode":"bus","color":"#0059a9","colorDark":"#00294f","band":0,"sc":0.94,"off":[6.8,5.1]}},{"type":"Feature","geometry":{"type":"Point","coordinates":[21.957275,47.034484]},"properties":{"name":"Str. Bumbacului","band":0,"modes":"bus","arr":["31","33","33E"],"off":[0,-0.8]}},{"type":"Feature","geometry":{"type":"Point","coordinates":[21.957275,47.034484]},"properties":{"name":"Piata Nucetului","band":0,"modes":"bus","arr":["31","33","33E"],"off":[0,-1.9]}},{"type":"Feature","geometry":{"type":"Point","coordinates":[21.957275,47.034484]},"properties":{"line":"31","mode":"bus","color":"#0059a9","colorDark":"#00294f","band":0,"off":[-3.4,1.1]}},{"type":"Feature","geometry":{"type":"Point","coordinates":[21.957275,47.034484]},"properties":{"line":"33","mode":"bus","color":"#0059a9","colorDark":"#00294f","band":0,"off":[0,1.1]}},{"type":"Feature","geometry":{"type":"Point","coordinates":[21.957275,47.034484]},"properties":{"line":"33E","mode":"bus","color":"#0059a9","colorDark":"#00294f","band":0,"off":[3.4,1.1]}},{"type":"Feature","geometry":{"type":"Point","coordinates":[21.938035,47.048904]},"properties":{"name":"Piata Cetatii [s]","band":0,"modes":"bus","arr":["13","15","16T","722"],"off":[0,-0.8]}},{"type":"Feature","geometry":{"type":"Point","coordinates":[21.938035,47.048904]},"properties":{"name":"Piata Cetatii","band":0,"modes":"bus","arr":["13","15","16T","722"],"off":[0,-1.9]}},{"type":"Feature","geometry":{"type":"Point","coordinates":[21.938035,47.048904]},"properties":{"line":"13","mode":"bus","color":"#0059a9","colorDark":"#00294f","band":0,"off":[-5.1,1.1]}},{"type":"Feature","geometry":{"type":"Point","coordinates":[21.938035,47.048904]},"properties":{"line":"15","mode":"bus","color":"#0059a9","colorDark":"#00294f","band":0,"off":[-1.7,1.1]}},{"type":"Feature","geometry":{"type":"Point","coordinates":[21.938035,47.048904]},"properties":{"line":"16T","mode":"bus","color":"#0059a9","colorDark":"#00294f","band":0,"off":[1.7,1.1]}},{"type":"Feature","geometry":{"type":"Point","coordinates":[21.938035,47.048904]},"properties":{"line":"722","mode":"bus","color":"#0059a9","colorDark":"#00294f","band":0,"off":[5.1,1.1]}},{"type":"Feature","geometry":{"type":"Point","coordinates":[21.926903,47.054914]},"properties":{"name":"Piata Unirii/Ep. Greco-Catolica","band":0,"modes":"bus","arr":["12"],"off":[0,-0.8]}},{"type":"Feature","geometry":{"type":"Point","coordinates":[21.926903,47.054914]},"properties":{"line":"12","mode":"bus","color":"#0059a9","colorDark":"#00294f","band":0,"off":[0,1.1]}},{"type":"Feature","geometry":{"type":"Point","coordinates":[21.933556,47.043325]},"properties":{"name":"Piata 22 Decembrie","band":0,"modes":"bus","arr":["37"],"off":[0,-0.8]}},{"type":"Feature","geometry":{"type":"Point","coordinates":[21.933556,47.043325]},"properties":{"line":"37","mode":"bus","color":"#0059a9","colorDark":"#00294f","band":0,"off":[0,1.1]}},{"type":"Feature","geometry":{"type":"Point","coordinates":[21.97219,47.069708]},"properties":{"name":"Gheorghe Doja nr.190","band":0,"modes":"bus","arr":["13"],"off":[0,-0.8]}},{"type":"Feature","geometry":{"type":"Point","coordinates":[21.97219,47.069708]},"properties":{"line":"13","mode":"bus","color":"#0059a9","colorDark":"#00294f","band":0,"off":[0,1.1]}},{"type":"Feature","geometry":{"type":"Point","coordinates":[21.919241,47.042268]},"properties":{"name":"Cimitirul Rulikowsky","band":0,"modes":"bus","arr":["14"],"off":[0,-0.8]}},{"type":"Feature","geometry":{"type":"Point","coordinates":[21.919241,47.042268]},"properties":{"line":"14","mode":"bus","color":"#0059a9","colorDark":"#00294f","band":0,"off":[0,1.1]}},{"type":"Feature","geometry":{"type":"Point","coordinates":[21.910869,47.079332]},"properties":{"name":"Biserica Baptista Rogerius","band":0,"modes":"bus","arr":["14","14P"],"off":[0,-0.8]}},{"type":"Feature","geometry":{"type":"Point","coordinates":[21.910869,47.079332]},"properties":{"line":"14","mode":"bus","color":"#0059a9","colorDark":"#00294f","band":0,"off":[-1.7,1.1]}},{"type":"Feature","geometry":{"type":"Point","coordinates":[21.910869,47.079332]},"properties":{"line":"14P","mode":"bus","color":"#0059a9","colorDark":"#00294f","band":0,"off":[1.7,1.1]}},{"type":"Feature","geometry":{"type":"Point","coordinates":[21.913257,47.026988]},"properties":{"name":"Cargo","band":0,"modes":"bus","arr":["14P","29","41"],"off":[0,-0.8]}},{"type":"Feature","geometry":{"type":"Point","coordinates":[21.913257,47.026988]},"properties":{"line":"14P","mode":"bus","color":"#0059a9","colorDark":"#00294f","band":0,"off":[-3.4,1.1]}},{"type":"Feature","geometry":{"type":"Point","coordinates":[21.913257,47.026988]},"properties":{"line":"29","mode":"bus","color":"#0059a9","colorDark":"#00294f","band":0,"off":[0,1.1]}},{"type":"Feature","geometry":{"type":"Point","coordinates":[21.913257,47.026988]},"properties":{"line":"41","mode":"bus","color":"#0059a9","colorDark":"#00294f","band":0,"off":[3.4,1.1]}},{"type":"Feature","geometry":{"type":"Point","coordinates":[21.949205,47.054696]},"properties":{"name":"Bazinul Olimpic","band":0,"modes":"bus","arr":["28","43"],"off":[0,-0.8]}},{"type":"Feature","geometry":{"type":"Point","coordinates":[21.949205,47.054696]},"properties":{"line":"28","mode":"bus","color":"#0059a9","colorDark":"#00294f","band":0,"off":[-1.7,1.1]}},{"type":"Feature","geometry":{"type":"Point","coordinates":[21.949205,47.054696]},"properties":{"line":"43","mode":"bus","color":"#0059a9","colorDark":"#00294f","band":0,"off":[1.7,1.1]}},{"type":"Feature","geometry":{"type":"Point","coordinates":[22.031421,47.066234]},"properties":{"name":"Podgoria Intrare","band":0,"modes":"bus","arr":["15"],"off":[0,-0.8]}},{"type":"Feature","geometry":{"type":"Point","coordinates":[22.031421,47.066234]},"properties":{"line":"15","mode":"bus","color":"#0059a9","colorDark":"#00294f","band":0,"off":[0,1.1]}},{"type":"Feature","geometry":{"type":"Point","coordinates":[21.997994,47.040097]},"properties":{"name":"Cartierul Tineretului","band":0,"modes":"bus","arr":["16T"],"off":[0,-0.8]}},{"type":"Feature","geometry":{"type":"Point","coordinates":[21.997994,47.040097]},"properties":{"line":"16T","mode":"bus","color":"#0059a9","colorDark":"#00294f","band":0,"off":[0,1.1]}},{"type":"Feature","geometry":{"type":"Point","coordinates":[21.980185,47.038947]},"properties":{"name":"Stadion Motorul","band":0,"modes":"bus","arr":["34"],"off":[0,-0.8]}},{"type":"Feature","geometry":{"type":"Point","coordinates":[21.980185,47.038947]},"properties":{"line":"34","mode":"bus","color":"#0059a9","colorDark":"#00294f","band":0,"off":[0,1.1]}},{"type":"Feature","geometry":{"type":"Point","coordinates":[21.905597,47.074945]},"properties":{"name":"Pod CFR","band":0,"modes":"tram,bus","arr":["4","5","8","9","17","T9"],"off":[0,-0.8]}},{"type":"Feature","geometry":{"type":"Point","coordinates":[21.905597,47.074945]},"properties":{"name":"Kaufland Calea Borsului","band":0,"modes":"tram,bus","arr":["4","5","8","9","17","T9"],"off":[0,-1.9]}},{"type":"Feature","geometry":{"type":"Point","coordinates":[21.905597,47.074945]},"properties":{"line":"4","mode":"tram","color":"#d6212b","colorDark":"#7c1116","band":0,"off":[-6.8,1.1]}},{"type":"Feature","geometry":{"type":"Point","coordinates":[21.905597,47.074945]},"properties":{"line":"5","mode":"tram","color":"#d6212b","colorDark":"#7c1116","band":0,"off":[-3.4,1.1]}},{"type":"Feature","geometry":{"type":"Point","coordinates":[21.905597,47.074945]},"properties":{"line":"8","mode":"tram","color":"#d6212b","colorDark":"#7c1116","band":0,"off":[0,1.1]}},{"type":"Feature","geometry":{"type":"Point","coordinates":[21.905597,47.074945]},"properties":{"line":"9","mode":"tram","color":"#d6212b","colorDark":"#7c1116","band":0,"off":[3.4,1.1]}},{"type":"Feature","geometry":{"type":"Point","coordinates":[21.905597,47.074945]},"properties":{"line":"17","mode":"bus","color":"#0059a9","colorDark":"#00294f","band":0,"off":[6.8,1.1]}},{"type":"Feature","geometry":{"type":"Point","coordinates":[21.905597,47.074945]},"properties":{"line":"T9","mode":"bus","color":"#0059a9","colorDark":"#00294f","band":0,"off":[0,3.1]}},{"type":"Feature","geometry":{"type":"Point","coordinates":[21.932747,47.071464]},"properties":{"name":"Stadion","band":0,"modes":"bus","arr":["18","22","T8"],"off":[0,-0.8]}},{"type":"Feature","geometry":{"type":"Point","coordinates":[21.932747,47.071464]},"properties":{"name":"Autogara Stefan Cel Mare","band":0,"modes":"bus","arr":["18","22","T8"],"off":[0,-1.9]}},{"type":"Feature","geometry":{"type":"Point","coordinates":[21.932747,47.071464]},"properties":{"line":"18","mode":"bus","color":"#0059a9","colorDark":"#00294f","band":0,"off":[-3.4,1.1]}},{"type":"Feature","geometry":{"type":"Point","coordinates":[21.932747,47.071464]},"properties":{"line":"22","mode":"bus","color":"#0059a9","colorDark":"#00294f","band":0,"off":[0,1.1]}},{"type":"Feature","geometry":{"type":"Point","coordinates":[21.932747,47.071464]},"properties":{"line":"T8","mode":"bus","color":"#0059a9","colorDark":"#00294f","band":0,"off":[3.4,1.1]}},{"type":"Feature","geometry":{"type":"Point","coordinates":[21.946761,47.083248]},"properties":{"name":"Izvorului nr.52","band":0,"modes":"bus","arr":["18"],"off":[0,-0.8]}},{"type":"Feature","geometry":{"type":"Point","coordinates":[21.946761,47.083248]},"properties":{"line":"18","mode":"bus","color":"#0059a9","colorDark":"#00294f","band":0,"off":[0,1.1]}},{"type":"Feature","geometry":{"type":"Point","coordinates":[21.901421,47.042552]},"properties":{"name":"Kaufland Calea Aradului","band":0,"modes":"bus","arr":["19","23","24"],"off":[0,-0.8]}},{"type":"Feature","geometry":{"type":"Point","coordinates":[21.901421,47.042552]},"properties":{"name":"ERA Shopping Park","band":0,"modes":"bus","arr":["19","23","24"],"off":[0,-3]}},{"type":"Feature","geometry":{"type":"Point","coordinates":[21.901421,47.042552]},"properties":{"line":"19","mode":"bus","color":"#0059a9","colorDark":"#00294f","band":0,"off":[-3.4,1.1]}},{"type":"Feature","geometry":{"type":"Point","coordinates":[21.901421,47.042552]},"properties":{"line":"23","mode":"bus","color":"#0059a9","colorDark":"#00294f","band":0,"off":[0,1.1]}},{"type":"Feature","geometry":{"type":"Point","coordinates":[21.901421,47.042552]},"properties":{"line":"24","mode":"bus","color":"#0059a9","colorDark":"#00294f","band":0,"off":[3.4,1.1]}},{"type":"Feature","geometry":{"type":"Point","coordinates":[21.893703,47.111189]},"properties":{"name":"La Cocos Episcopia","band":0,"modes":"bus","arr":["22"],"off":[0,-0.8]}},{"type":"Feature","geometry":{"type":"Point","coordinates":[21.893703,47.111189]},"properties":{"line":"22","mode":"bus","color":"#0059a9","colorDark":"#00294f","band":0,"off":[0,1.1]}},{"type":"Feature","geometry":{"type":"Point","coordinates":[21.933374,47.025295]},"properties":{"name":"Str. Daliei nr.1","band":0,"modes":"bus","arr":["25"],"off":[0,-0.8]}},{"type":"Feature","geometry":{"type":"Point","coordinates":[21.933374,47.025295]},"properties":{"line":"25","mode":"bus","color":"#0059a9","colorDark":"#00294f","band":0,"off":[0,1.1]}},{"type":"Feature","geometry":{"type":"Point","coordinates":[21.942164,47.040142]},"properties":{"name":"Dimitrie Cantemir","band":0,"modes":"tram,bus","arr":["2","36","39"],"off":[0,-0.8]}},{"type":"Feature","geometry":{"type":"Point","coordinates":[21.942164,47.040142]},"properties":{"line":"2","mode":"tram","color":"#d6212b","colorDark":"#7c1116","band":0,"off":[-3.4,1.1]}},{"type":"Feature","geometry":{"type":"Point","coordinates":[21.942164,47.040142]},"properties":{"line":"36","mode":"bus","color":"#0059a9","colorDark":"#00294f","band":0,"off":[0,1.1]}},{"type":"Feature","geometry":{"type":"Point","coordinates":[21.942164,47.040142]},"properties":{"line":"39","mode":"bus","color":"#0059a9","colorDark":"#00294f","band":0,"off":[3.4,1.1]}},{"type":"Feature","geometry":{"type":"Point","coordinates":[21.866416,47.092777]},"properties":{"name":"Eurobusiness Parc 6 Plecare","band":0,"modes":"bus","arr":["26"],"off":[0,-0.8]}},{"type":"Feature","geometry":{"type":"Point","coordinates":[21.866416,47.092777]},"properties":{"line":"26","mode":"bus","color":"#0059a9","colorDark":"#00294f","band":0,"off":[0,1.1]}},{"type":"Feature","geometry":{"type":"Point","coordinates":[21.86419,47.085396]},"properties":{"name":"Eurobusiness Parc 4","band":0,"modes":"bus","arr":["27","27P","31","32"],"off":[0,-0.8]}},{"type":"Feature","geometry":{"type":"Point","coordinates":[21.86419,47.085396]},"properties":{"name":"Eurobusiness Parc 11","band":0,"modes":"bus","arr":["27","27P","31","32"],"off":[0,-3]}},{"type":"Feature","geometry":{"type":"Point","coordinates":[21.86419,47.085396]},"properties":{"line":"27","mode":"bus","color":"#0059a9","colorDark":"#00294f","band":0,"off":[-5.1,1.1]}},{"type":"Feature","geometry":{"type":"Point","coordinates":[21.86419,47.085396]},"properties":{"line":"27P","mode":"bus","color":"#0059a9","colorDark":"#00294f","band":0,"off":[-1.7,1.1]}},{"type":"Feature","geometry":{"type":"Point","coordinates":[21.86419,47.085396]},"properties":{"line":"31","mode":"bus","color":"#0059a9","colorDark":"#00294f","band":0,"off":[1.7,1.1]}},{"type":"Feature","geometry":{"type":"Point","coordinates":[21.86419,47.085396]},"properties":{"line":"32","mode":"bus","color":"#0059a9","colorDark":"#00294f","band":0,"off":[5.1,1.1]}},{"type":"Feature","geometry":{"type":"Point","coordinates":[21.877225,47.088228]},"properties":{"name":"Sinteza","band":0,"modes":"tram,bus","arr":["9","33","33E","33P","34","35"],"off":[0,-0.8]}},{"type":"Feature","geometry":{"type":"Point","coordinates":[21.877225,47.088228]},"properties":{"name":"Eurobusiness Parc 3","band":0,"modes":"tram,bus","arr":["9","33","33E","33P","34","35"],"off":[0,-1.9]}},{"type":"Feature","geometry":{"type":"Point","coordinates":[21.877225,47.088228]},"properties":{"line":"9","mode":"tram","color":"#d6212b","colorDark":"#7c1116","band":0,"off":[-6.8,1.1]}},{"type":"Feature","geometry":{"type":"Point","coordinates":[21.877225,47.088228]},"properties":{"line":"33","mode":"bus","color":"#0059a9","colorDark":"#00294f","band":0,"off":[-3.4,1.1]}},{"type":"Feature","geometry":{"type":"Point","coordinates":[21.877225,47.088228]},"properties":{"line":"33E","mode":"bus","color":"#0059a9","colorDark":"#00294f","band":0,"off":[0,1.1]}},{"type":"Feature","geometry":{"type":"Point","coordinates":[21.877225,47.088228]},"properties":{"line":"33P","mode":"bus","color":"#0059a9","colorDark":"#00294f","band":0,"off":[3.4,1.1]}},{"type":"Feature","geometry":{"type":"Point","coordinates":[21.877225,47.088228]},"properties":{"line":"34","mode":"bus","color":"#0059a9","colorDark":"#00294f","band":0,"off":[6.8,1.1]}},{"type":"Feature","geometry":{"type":"Point","coordinates":[21.877225,47.088228]},"properties":{"line":"35","mode":"bus","color":"#0059a9","colorDark":"#00294f","band":0,"off":[0,3.1]}},{"type":"Feature","geometry":{"type":"Point","coordinates":[21.897115,47.025981]},"properties":{"name":"Aeroportul Oradea","band":0,"modes":"bus","arr":["28"],"off":[0,-0.8]}},{"type":"Feature","geometry":{"type":"Point","coordinates":[21.897115,47.025981]},"properties":{"line":"28","mode":"bus","color":"#0059a9","colorDark":"#00294f","band":0,"off":[0,1.1]}},{"type":"Feature","geometry":{"type":"Point","coordinates":[21.909496,47.042943]},"properties":{"name":"Leroy Merlin","band":0,"modes":"bus","arr":["30"],"off":[0,-0.8]}},{"type":"Feature","geometry":{"type":"Point","coordinates":[21.909496,47.042943]},"properties":{"line":"30","mode":"bus","color":"#0059a9","colorDark":"#00294f","band":0,"off":[0,1.1]}},{"type":"Feature","geometry":{"type":"Point","coordinates":[21.894312,47.103039]},"properties":{"name":"Suisului","band":0,"modes":"bus","arr":["35"],"off":[0,-0.8]}},{"type":"Feature","geometry":{"type":"Point","coordinates":[21.894312,47.103039]},"properties":{"line":"35","mode":"bus","color":"#0059a9","colorDark":"#00294f","band":0,"off":[0,1.1]}},{"type":"Feature","geometry":{"type":"Point","coordinates":[21.860154,47.098075]},"properties":{"name":"Calea Borsului nr.40","band":0,"modes":"bus","arr":["36","37","38","39"],"off":[0,-0.8]}},{"type":"Feature","geometry":{"type":"Point","coordinates":[21.860154,47.098075]},"properties":{"line":"36","mode":"bus","color":"#0059a9","colorDark":"#00294f","band":0,"off":[-5.1,1.1]}},{"type":"Feature","geometry":{"type":"Point","coordinates":[21.860154,47.098075]},"properties":{"line":"37","mode":"bus","color":"#0059a9","colorDark":"#00294f","band":0,"off":[-1.7,1.1]}},{"type":"Feature","geometry":{"type":"Point","coordinates":[21.860154,47.098075]},"properties":{"line":"38","mode":"bus","color":"#0059a9","colorDark":"#00294f","band":0,"off":[1.7,1.1]}},{"type":"Feature","geometry":{"type":"Point","coordinates":[21.860154,47.098075]},"properties":{"line":"39","mode":"bus","color":"#0059a9","colorDark":"#00294f","band":0,"off":[5.1,1.1]}},{"type":"Feature","geometry":{"type":"Point","coordinates":[21.901688,47.087397]},"properties":{"name":"Parc Industrial 3/3","band":0,"modes":"bus","arr":["42"],"off":[0,-0.8]}},{"type":"Feature","geometry":{"type":"Point","coordinates":[21.901688,47.087397]},"properties":{"line":"42","mode":"bus","color":"#0059a9","colorDark":"#00294f","band":0,"off":[0,1.1]}},{"type":"Feature","geometry":{"type":"Point","coordinates":[21.879501,47.049949]},"properties":{"name":"Terra","band":0,"modes":"bus","arr":["43"],"off":[0,-0.8]}},{"type":"Feature","geometry":{"type":"Point","coordinates":[21.879501,47.049949]},"properties":{"line":"43","mode":"bus","color":"#0059a9","colorDark":"#00294f","band":0,"off":[0,1.1]}},{"type":"Feature","geometry":{"type":"Point","coordinates":[21.976338,46.987695]},"properties":{"name":"Padurea Felix","band":0,"modes":"bus","arr":["511"],"off":[0,-0.8]}},{"type":"Feature","geometry":{"type":"Point","coordinates":[21.976338,46.987695]},"properties":{"line":"511","mode":"bus","color":"#0059a9","colorDark":"#00294f","band":0,"off":[0,1.1]}},{"type":"Feature","geometry":{"type":"Point","coordinates":[21.99944,46.996566]},"properties":{"name":"Baile 1 Mai","band":0,"modes":"bus","arr":["512"],"off":[0,-0.8]}},{"type":"Feature","geometry":{"type":"Point","coordinates":[21.99944,46.996566]},"properties":{"line":"512","mode":"bus","color":"#0059a9","colorDark":"#00294f","band":0,"off":[0,1.1]}},{"type":"Feature","geometry":{"type":"Point","coordinates":[21.97494,46.964817]},"properties":{"name":"Scoala Cordau","band":0,"modes":"bus","arr":["513"],"off":[0,-0.8]}},{"type":"Feature","geometry":{"type":"Point","coordinates":[21.97494,46.964817]},"properties":{"line":"513","mode":"bus","color":"#0059a9","colorDark":"#00294f","band":0,"off":[0,1.1]}},{"type":"Feature","geometry":{"type":"Point","coordinates":[22.019935,46.972335]},"properties":{"name":"Betfia nr.111","band":0,"modes":"bus","arr":["514"],"off":[0,-0.8]}},{"type":"Feature","geometry":{"type":"Point","coordinates":[22.019935,46.972335]},"properties":{"line":"514","mode":"bus","color":"#0059a9","colorDark":"#00294f","band":0,"off":[0,1.1]}},{"type":"Feature","geometry":{"type":"Point","coordinates":[22.063611,46.965391]},"properties":{"name":"Sintelec nr.165","band":0,"modes":"bus","arr":["515"],"off":[0,-0.8]}},{"type":"Feature","geometry":{"type":"Point","coordinates":[22.063611,46.965391]},"properties":{"line":"515","mode":"bus","color":"#0059a9","colorDark":"#00294f","band":0,"off":[0,1.1]}},{"type":"Feature","geometry":{"type":"Point","coordinates":[21.971147,46.890449]},"properties":{"name":"Sumugiu Centru","band":0,"modes":"bus","arr":["516","517"],"off":[0,-0.8]}},{"type":"Feature","geometry":{"type":"Point","coordinates":[21.971147,46.890449]},"properties":{"line":"516","mode":"bus","color":"#0059a9","colorDark":"#00294f","band":0,"off":[-1.7,1.1]}},{"type":"Feature","geometry":{"type":"Point","coordinates":[21.971147,46.890449]},"properties":{"line":"517","mode":"bus","color":"#0059a9","colorDark":"#00294f","band":0,"off":[1.7,1.1]}},{"type":"Feature","geometry":{"type":"Point","coordinates":[21.942089,46.992827]},"properties":{"name":"Strada din deal","band":0,"modes":"bus","arr":["531"],"off":[0,-0.8]}},{"type":"Feature","geometry":{"type":"Point","coordinates":[21.942089,46.992827]},"properties":{"line":"531","mode":"bus","color":"#0059a9","colorDark":"#00294f","band":0,"off":[0,1.1]}},{"type":"Feature","geometry":{"type":"Point","coordinates":[21.810714,47.115268]},"properties":{"name":"Primaria Bors","band":0,"modes":"bus","arr":["611"],"off":[0,-0.8]}},{"type":"Feature","geometry":{"type":"Point","coordinates":[21.810714,47.115268]},"properties":{"line":"611","mode":"bus","color":"#0059a9","colorDark":"#00294f","band":0,"off":[0,1.1]}},{"type":"Feature","geometry":{"type":"Point","coordinates":[21.83702,47.169859]},"properties":{"name":"Parc Santaul Mare","band":0,"modes":"bus","arr":["612"],"off":[0,-0.8]}},{"type":"Feature","geometry":{"type":"Point","coordinates":[21.83702,47.169859]},"properties":{"line":"612","mode":"bus","color":"#0059a9","colorDark":"#00294f","band":0,"off":[0,1.1]}},{"type":"Feature","geometry":{"type":"Point","coordinates":[22.111822,47.141148]},"properties":{"name":"Susturogi ABC","band":0,"modes":"bus","arr":["721"],"off":[0,-0.8]}},{"type":"Feature","geometry":{"type":"Point","coordinates":[22.111822,47.141148]},"properties":{"line":"721","mode":"bus","color":"#0059a9","colorDark":"#00294f","band":0,"off":[0,1.1]}},{"type":"Feature","geometry":{"type":"Point","coordinates":[21.974724,47.090919]},"properties":{"name":"Statia de pompare Saldabagiu","band":0,"modes":"bus","arr":["722"],"off":[0,-0.8]}},{"type":"Feature","geometry":{"type":"Point","coordinates":[21.974724,47.090919]},"properties":{"line":"722","mode":"bus","color":"#0059a9","colorDark":"#00294f","band":0,"off":[0,1.1]}},{"type":"Feature","geometry":{"type":"Point","coordinates":[21.721953,47.135147]},"properties":{"name":"Gara Keresztes","band":0,"modes":"bus","arr":["RoHu"],"off":[0,-0.8]}},{"type":"Feature","geometry":{"type":"Point","coordinates":[21.721953,47.135147]},"properties":{"line":"RoHu","mode":"bus","color":"#0059a9","colorDark":"#00294f","band":0,"off":[0,1.1]}},{"type":"Feature","geometry":{"type":"Point","coordinates":[21.896295,47.060792]},"properties":{"name":"Iosia","band":0,"modes":"tram","arr":["2","8"],"off":[0,-0.8]}},{"type":"Feature","geometry":{"type":"Point","coordinates":[21.896295,47.060792]},"properties":{"line":"2","mode":"tram","color":"#d6212b","colorDark":"#7c1116","band":0,"off":[-1.7,1.1]}},{"type":"Feature","geometry":{"type":"Point","coordinates":[21.896295,47.060792]},"properties":{"line":"8","mode":"tram","color":"#d6212b","colorDark":"#7c1116","band":0,"off":[1.7,1.1]}},{"type":"Feature","geometry":{"type":"Point","coordinates":[21.91663,47.053482]},"properties":{"name":"Lic.Teologic Emanuel II","band":0,"modes":"tram","arr":["6","7"],"off":[0,-0.8]}},{"type":"Feature","geometry":{"type":"Point","coordinates":[21.91663,47.053482]},"properties":{"name":"Lic.Teologic Emanuel","band":0,"modes":"tram","arr":["6","7"],"off":[0,-3]}},{"type":"Feature","geometry":{"type":"Point","coordinates":[21.91663,47.053482]},"properties":{"line":"6","mode":"tram","color":"#d6212b","colorDark":"#7c1116","band":0,"off":[-1.7,1.1]}},{"type":"Feature","geometry":{"type":"Point","coordinates":[21.91663,47.053482]},"properties":{"line":"7","mode":"tram","color":"#d6212b","colorDark":"#7c1116","band":0,"off":[1.7,1.1]}},{"type":"Feature","geometry":{"type":"Point","coordinates":[21.955858,47.044198]},"properties":{"name":"Complex Seleusului","band":1,"modes":"bus","arr":["10"],"off":[0,-0.8]}},{"type":"Feature","geometry":{"type":"Point","coordinates":[21.955858,47.044198]},"properties":{"line":"10","mode":"bus","color":"#0059a9","colorDark":"#00294f","band":1,"off":[0,1.1]}},{"type":"Feature","geometry":{"type":"Point","coordinates":[21.938712,47.053056]},"properties":{"name":"Piata Emanuil Gojdu","band":1,"modes":"bus","arr":["11","23","25","T8"],"off":[0,-0.8]}},{"type":"Feature","geometry":{"type":"Point","coordinates":[21.938712,47.053056]},"properties":{"name":"Piata 1 Decembrie/Bloc Turn","band":1,"modes":"bus","arr":["11","23","25","T8"],"off":[0,-3]}},{"type":"Feature","geometry":{"type":"Point","coordinates":[21.938712,47.053056]},"properties":{"name":"Casa de Cultura","band":1,"modes":"bus","arr":["11","23","25","T8"],"off":[0,-5.2]}},{"type":"Feature","geometry":{"type":"Point","coordinates":[21.938712,47.053056]},"properties":{"line":"11","mode":"bus","color":"#0059a9","colorDark":"#00294f","band":1,"off":[-5.1,1.1]}},{"type":"Feature","geometry":{"type":"Point","coordinates":[21.938712,47.053056]},"properties":{"line":"23","mode":"bus","color":"#0059a9","colorDark":"#00294f","band":1,"off":[-1.7,1.1]}},{"type":"Feature","geometry":{"type":"Point","coordinates":[21.938712,47.053056]},"properties":{"line":"25","mode":"bus","color":"#0059a9","colorDark":"#00294f","band":1,"off":[1.7,1.1]}},{"type":"Feature","geometry":{"type":"Point","coordinates":[21.938712,47.053056]},"properties":{"line":"T8","mode":"bus","color":"#0059a9","colorDark":"#00294f","band":1,"off":[5.1,1.1]}},{"type":"Feature","geometry":{"type":"Point","coordinates":[21.932238,47.053351]},"properties":{"name":"Parc 1 Decembrie","band":1,"modes":"bus","arr":["24","42"],"off":[0,-0.8]}},{"type":"Feature","geometry":{"type":"Point","coordinates":[21.932238,47.053351]},"properties":{"line":"24","mode":"bus","color":"#0059a9","colorDark":"#00294f","band":1,"off":[-1.7,1.1]}},{"type":"Feature","geometry":{"type":"Point","coordinates":[21.932238,47.053351]},"properties":{"line":"42","mode":"bus","color":"#0059a9","colorDark":"#00294f","band":1,"off":[1.7,1.1]}},{"type":"Feature","geometry":{"type":"Point","coordinates":[21.916731,47.054177]},"properties":{"name":"Lic.Teologic Emanuel II","band":1,"modes":"tram,bus","arr":["7","33P","RoHu"],"off":[0,-0.8]}},{"type":"Feature","geometry":{"type":"Point","coordinates":[21.916731,47.054177]},"properties":{"name":"Calea Aradului nr.9","band":1,"modes":"tram,bus","arr":["7","33P","RoHu"],"off":[0,-3]}},{"type":"Feature","geometry":{"type":"Point","coordinates":[21.916731,47.054177]},"properties":{"name":"Autogara Decebal","band":1,"modes":"tram,bus","arr":["7","33P","RoHu"],"off":[0,-5.2]}},{"type":"Feature","geometry":{"type":"Point","coordinates":[21.916731,47.054177]},"properties":{"line":"7","mode":"tram","color":"#d6212b","colorDark":"#7c1116","band":1,"off":[-3.4,1.1]}},{"type":"Feature","geometry":{"type":"Point","coordinates":[21.916731,47.054177]},"properties":{"line":"33P","mode":"bus","color":"#0059a9","colorDark":"#00294f","band":1,"off":[0,1.1]}},{"type":"Feature","geometry":{"type":"Point","coordinates":[21.916731,47.054177]},"properties":{"line":"RoHu","mode":"bus","color":"#0059a9","colorDark":"#00294f","band":1,"off":[3.4,1.1]}},{"type":"Feature","geometry":{"type":"Point","coordinates":[21.890129,47.053989]},"properties":{"name":"Densusianu","band":1,"modes":"bus","arr":["10"],"off":[0,-0.8]}},{"type":"Feature","geometry":{"type":"Point","coordinates":[21.890129,47.053989]},"properties":{"line":"10","mode":"bus","color":"#0059a9","colorDark":"#00294f","band":1,"off":[0,1.1]}},{"type":"Feature","geometry":{"type":"Point","coordinates":[21.87781,47.099742]},"properties":{"name":"Gara Episcopia","band":1,"modes":"bus","arr":["11"],"off":[0,-0.8]}},{"type":"Feature","geometry":{"type":"Point","coordinates":[21.87781,47.099742]},"properties":{"line":"11","mode":"bus","color":"#0059a9","colorDark":"#00294f","band":1,"off":[0,1.1]}},{"type":"Feature","geometry":{"type":"Point","coordinates":[21.92366,47.070888]},"properties":{"name":"Spartacus","band":1,"modes":"bus","arr":["26","27","27P","721"],"off":[0,-0.8]}},{"type":"Feature","geometry":{"type":"Point","coordinates":[21.92366,47.070888]},"properties":{"name":"Parc Olosig","band":1,"modes":"bus","arr":["26","27","27P","721"],"off":[0,-1.9]}},{"type":"Feature","geometry":{"type":"Point","coordinates":[21.92366,47.070888]},"properties":{"line":"26","mode":"bus","color":"#0059a9","colorDark":"#00294f","band":1,"off":[-5.1,1.1]}},{"type":"Feature","geometry":{"type":"Point","coordinates":[21.92366,47.070888]},"properties":{"line":"27","mode":"bus","color":"#0059a9","colorDark":"#00294f","band":1,"off":[-1.7,1.1]}},{"type":"Feature","geometry":{"type":"Point","coordinates":[21.92366,47.070888]},"properties":{"line":"27P","mode":"bus","color":"#0059a9","colorDark":"#00294f","band":1,"off":[1.7,1.1]}},{"type":"Feature","geometry":{"type":"Point","coordinates":[21.92366,47.070888]},"properties":{"line":"721","mode":"bus","color":"#0059a9","colorDark":"#00294f","band":1,"off":[5.1,1.1]}},{"type":"Feature","geometry":{"type":"Point","coordinates":[21.960718,47.025607]},"properties":{"name":"Kaufland Nufarul","band":1,"modes":"bus","arr":["12"],"off":[0,-0.8]}},{"type":"Feature","geometry":{"type":"Point","coordinates":[21.960718,47.025607]},"properties":{"line":"12","mode":"bus","color":"#0059a9","colorDark":"#00294f","band":1,"off":[0,1.1]}},{"type":"Feature","geometry":{"type":"Point","coordinates":[21.955899,47.029514]},"properties":{"name":"Nufarul","band":1,"modes":"tram,bus","arr":["4","5","6","7","25","38","41","511","512","513","514","515","516","517","531"],"off":[0,-0.8],"sc":0.94}},{"type":"Feature","geometry":{"type":"Point","coordinates":[21.955899,47.029514]},"properties":{"name":"Morii nr.5","band":1,"modes":"tram,bus","arr":["4","5","6","7","25","38","41","511","512","513","514","515","516","517","531"],"off":[0,-1.9],"sc":0.94}},{"type":"Feature","geometry":{"type":"Point","coordinates":[21.955899,47.029514]},"properties":{"name":"Autogara Nufarul","band":1,"modes":"tram,bus","arr":["4","5","6","7","25","38","41","511","512","513","514","515","516","517","531"],"off":[0,-3],"sc":0.94}},{"type":"Feature","geometry":{"type":"Point","coordinates":[21.955899,47.029514]},"properties":{"line":"4","mode":"tram","color":"#d6212b","colorDark":"#7c1116","band":1,"sc":0.94,"off":[-6.8,1.1]}},{"type":"Feature","geometry":{"type":"Point","coordinates":[21.955899,47.029514]},"properties":{"line":"5","mode":"tram","color":"#d6212b","colorDark":"#7c1116","band":1,"sc":0.94,"off":[-3.4,1.1]}},{"type":"Feature","geometry":{"type":"Point","coordinates":[21.955899,47.029514]},"properties":{"line":"6","mode":"tram","color":"#d6212b","colorDark":"#7c1116","band":1,"sc":0.94,"off":[0,1.1]}},{"type":"Feature","geometry":{"type":"Point","coordinates":[21.955899,47.029514]},"properties":{"line":"7","mode":"tram","color":"#d6212b","colorDark":"#7c1116","band":1,"sc":0.94,"off":[3.4,1.1]}},{"type":"Feature","geometry":{"type":"Point","coordinates":[21.955899,47.029514]},"properties":{"line":"25","mode":"bus","color":"#0059a9","colorDark":"#00294f","band":1,"sc":0.94,"off":[6.8,1.1]}},{"type":"Feature","geometry":{"type":"Point","coordinates":[21.955899,47.029514]},"properties":{"line":"38","mode":"bus","color":"#0059a9","colorDark":"#00294f","band":1,"sc":0.94,"off":[-6.8,3.1]}},{"type":"Feature","geometry":{"type":"Point","coordinates":[21.955899,47.029514]},"properties":{"line":"41","mode":"bus","color":"#0059a9","colorDark":"#00294f","band":1,"sc":0.94,"off":[-3.4,3.1]}},{"type":"Feature","geometry":{"type":"Point","coordinates":[21.955899,47.029514]},"properties":{"line":"511","mode":"bus","color":"#0059a9","colorDark":"#00294f","band":1,"sc":0.94,"off":[0,3.1]}},{"type":"Feature","geometry":{"type":"Point","coordinates":[21.955899,47.029514]},"properties":{"line":"512","mode":"bus","color":"#0059a9","colorDark":"#00294f","band":1,"sc":0.94,"off":[3.4,3.1]}},{"type":"Feature","geometry":{"type":"Point","coordinates":[21.955899,47.029514]},"properties":{"line":"513","mode":"bus","color":"#0059a9","colorDark":"#00294f","band":1,"sc":0.94,"off":[6.8,3.1]}},{"type":"Feature","geometry":{"type":"Point","coordinates":[21.955899,47.029514]},"properties":{"line":"514","mode":"bus","color":"#0059a9","colorDark":"#00294f","band":1,"sc":0.94,"off":[-6.8,5.1]}},{"type":"Feature","geometry":{"type":"Point","coordinates":[21.955899,47.029514]},"properties":{"line":"515","mode":"bus","color":"#0059a9","colorDark":"#00294f","band":1,"sc":0.94,"off":[-3.4,5.1]}},{"type":"Feature","geometry":{"type":"Point","coordinates":[21.955899,47.029514]},"properties":{"line":"516","mode":"bus","color":"#0059a9","colorDark":"#00294f","band":1,"sc":0.94,"off":[0,5.1]}},{"type":"Feature","geometry":{"type":"Point","coordinates":[21.955899,47.029514]},"properties":{"line":"517","mode":"bus","color":"#0059a9","colorDark":"#00294f","band":1,"sc":0.94,"off":[3.4,5.1]}},{"type":"Feature","geometry":{"type":"Point","coordinates":[21.955899,47.029514]},"properties":{"line":"531","mode":"bus","color":"#0059a9","colorDark":"#00294f","band":1,"sc":0.94,"off":[6.8,5.1]}},{"type":"Feature","geometry":{"type":"Point","coordinates":[21.956579,47.035462]},"properties":{"name":"Piata Nucetului","band":1,"modes":"bus","arr":["31"],"off":[0,-0.8]}},{"type":"Feature","geometry":{"type":"Point","coordinates":[21.956579,47.035462]},"properties":{"line":"31","mode":"bus","color":"#0059a9","colorDark":"#00294f","band":1,"off":[0,1.1]}},{"type":"Feature","geometry":{"type":"Point","coordinates":[21.938035,47.050016]},"properties":{"name":"Piata Cetatii [s]","band":1,"modes":"bus","arr":["13","15","16T","722"],"off":[0,-0.8]}},{"type":"Feature","geometry":{"type":"Point","coordinates":[21.938035,47.050016]},"properties":{"name":"Piata Cetatii","band":1,"modes":"bus","arr":["13","15","16T","722"],"off":[0,-1.9]}},{"type":"Feature","geometry":{"type":"Point","coordinates":[21.938035,47.050016]},"properties":{"line":"13","mode":"bus","color":"#0059a9","colorDark":"#00294f","band":1,"off":[-5.1,1.1]}},{"type":"Feature","geometry":{"type":"Point","coordinates":[21.938035,47.050016]},"properties":{"line":"15","mode":"bus","color":"#0059a9","colorDark":"#00294f","band":1,"off":[-1.7,1.1]}},{"type":"Feature","geometry":{"type":"Point","coordinates":[21.938035,47.050016]},"properties":{"line":"16T","mode":"bus","color":"#0059a9","colorDark":"#00294f","band":1,"off":[1.7,1.1]}},{"type":"Feature","geometry":{"type":"Point","coordinates":[21.938035,47.050016]},"properties":{"line":"722","mode":"bus","color":"#0059a9","colorDark":"#00294f","band":1,"off":[5.1,1.1]}},{"type":"Feature","geometry":{"type":"Point","coordinates":[21.927972,47.054914]},"properties":{"name":"Piata Unirii/Ep. Greco-Catolica","band":1,"modes":"bus","arr":["12"],"off":[0,-0.8]}},{"type":"Feature","geometry":{"type":"Point","coordinates":[21.927972,47.054914]},"properties":{"line":"12","mode":"bus","color":"#0059a9","colorDark":"#00294f","band":1,"off":[0,1.1]}},{"type":"Feature","geometry":{"type":"Point","coordinates":[21.933556,47.043325]},"properties":{"name":"Piata 22 Decembrie","band":1,"modes":"bus","arr":["37"],"off":[0,-0.8]}},{"type":"Feature","geometry":{"type":"Point","coordinates":[21.933556,47.043325]},"properties":{"line":"37","mode":"bus","color":"#0059a9","colorDark":"#00294f","band":1,"off":[0,1.1]}},{"type":"Feature","geometry":{"type":"Point","coordinates":[21.95797,47.033506]},"properties":{"name":"Str. Bumbacului","band":1,"modes":"bus","arr":["33","33E"],"off":[0,-0.8]}},{"type":"Feature","geometry":{"type":"Point","coordinates":[21.95797,47.033506]},"properties":{"line":"33","mode":"bus","color":"#0059a9","colorDark":"#00294f","band":1,"off":[-1.7,1.1]}},{"type":"Feature","geometry":{"type":"Point","coordinates":[21.95797,47.033506]},"properties":{"line":"33E","mode":"bus","color":"#0059a9","colorDark":"#00294f","band":1,"off":[1.7,1.1]}},{"type":"Feature","geometry":{"type":"Point","coordinates":[21.97219,47.069708]},"properties":{"name":"Gheorghe Doja nr.190","band":1,"modes":"bus","arr":["13"],"off":[0,-0.8]}},{"type":"Feature","geometry":{"type":"Point","coordinates":[21.97219,47.069708]},"properties":{"line":"13","mode":"bus","color":"#0059a9","colorDark":"#00294f","band":1,"off":[0,1.1]}},{"type":"Feature","geometry":{"type":"Point","coordinates":[21.919241,47.042268]},"properties":{"name":"Cimitirul Rulikowsky","band":1,"modes":"bus","arr":["14"],"off":[0,-0.8]}},{"type":"Feature","geometry":{"type":"Point","coordinates":[21.919241,47.042268]},"properties":{"line":"14","mode":"bus","color":"#0059a9","colorDark":"#00294f","band":1,"off":[0,1.1]}},{"type":"Feature","geometry":{"type":"Point","coordinates":[21.910869,47.079332]},"properties":{"name":"Biserica Baptista Rogerius","band":1,"modes":"bus","arr":["14","14P"],"off":[0,-0.8]}},{"type":"Feature","geometry":{"type":"Point","coordinates":[21.910869,47.079332]},"properties":{"line":"14","mode":"bus","color":"#0059a9","colorDark":"#00294f","band":1,"off":[-1.7,1.1]}},{"type":"Feature","geometry":{"type":"Point","coordinates":[21.910869,47.079332]},"properties":{"line":"14P","mode":"bus","color":"#0059a9","colorDark":"#00294f","band":1,"off":[1.7,1.1]}},{"type":"Feature","geometry":{"type":"Point","coordinates":[21.913257,47.026988]},"properties":{"name":"Cargo","band":1,"modes":"bus","arr":["14P","29","41"],"off":[0,-0.8]}},{"type":"Feature","geometry":{"type":"Point","coordinates":[21.913257,47.026988]},"properties":{"line":"14P","mode":"bus","color":"#0059a9","colorDark":"#00294f","band":1,"off":[-3.4,1.1]}},{"type":"Feature","geometry":{"type":"Point","coordinates":[21.913257,47.026988]},"properties":{"line":"29","mode":"bus","color":"#0059a9","colorDark":"#00294f","band":1,"off":[0,1.1]}},{"type":"Feature","geometry":{"type":"Point","coordinates":[21.913257,47.026988]},"properties":{"line":"41","mode":"bus","color":"#0059a9","colorDark":"#00294f","band":1,"off":[3.4,1.1]}},{"type":"Feature","geometry":{"type":"Point","coordinates":[21.949205,47.054696]},"properties":{"name":"Bazinul Olimpic","band":1,"modes":"bus","arr":["28","43"],"off":[0,-0.8]}},{"type":"Feature","geometry":{"type":"Point","coordinates":[21.949205,47.054696]},"properties":{"line":"28","mode":"bus","color":"#0059a9","colorDark":"#00294f","band":1,"off":[-1.7,1.1]}},{"type":"Feature","geometry":{"type":"Point","coordinates":[21.949205,47.054696]},"properties":{"line":"43","mode":"bus","color":"#0059a9","colorDark":"#00294f","band":1,"off":[1.7,1.1]}},{"type":"Feature","geometry":{"type":"Point","coordinates":[22.031421,47.066234]},"properties":{"name":"Podgoria Intrare","band":1,"modes":"bus","arr":["15"],"off":[0,-0.8]}},{"type":"Feature","geometry":{"type":"Point","coordinates":[22.031421,47.066234]},"properties":{"line":"15","mode":"bus","color":"#0059a9","colorDark":"#00294f","band":1,"off":[0,1.1]}},{"type":"Feature","geometry":{"type":"Point","coordinates":[21.997994,47.040097]},"properties":{"name":"Cartierul Tineretului","band":1,"modes":"bus","arr":["16T"],"off":[0,-0.8]}},{"type":"Feature","geometry":{"type":"Point","coordinates":[21.997994,47.040097]},"properties":{"line":"16T","mode":"bus","color":"#0059a9","colorDark":"#00294f","band":1,"off":[0,1.1]}},{"type":"Feature","geometry":{"type":"Point","coordinates":[21.980185,47.038947]},"properties":{"name":"Stadion Motorul","band":1,"modes":"bus","arr":["34"],"off":[0,-0.8]}},{"type":"Feature","geometry":{"type":"Point","coordinates":[21.980185,47.038947]},"properties":{"line":"34","mode":"bus","color":"#0059a9","colorDark":"#00294f","band":1,"off":[0,1.1]}},{"type":"Feature","geometry":{"type":"Point","coordinates":[21.961886,47.043941]},"properties":{"name":"Gara de Est","band":1,"modes":"bus","arr":["17","32"],"off":[0,-0.8]}},{"type":"Feature","geometry":{"type":"Point","coordinates":[21.961886,47.043941]},"properties":{"line":"17","mode":"bus","color":"#0059a9","colorDark":"#00294f","band":1,"off":[-1.7,1.1]}},{"type":"Feature","geometry":{"type":"Point","coordinates":[21.961886,47.043941]},"properties":{"line":"32","mode":"bus","color":"#0059a9","colorDark":"#00294f","band":1,"off":[1.7,1.1]}},{"type":"Feature","geometry":{"type":"Point","coordinates":[21.907328,47.074635]},"properties":{"name":"Pod CFR","band":1,"modes":"tram,bus","arr":["4","5","8","9","17","19","29","30","611","612","T9"],"off":[0,-0.8]}},{"type":"Feature","geometry":{"type":"Point","coordinates":[21.907328,47.074635]},"properties":{"name":"Kaufland Calea Borsului","band":1,"modes":"tram,bus","arr":["4","5","8","9","17","19","29","30","611","612","T9"],"off":[0,-1.9]}},{"type":"Feature","geometry":{"type":"Point","coordinates":[21.907328,47.074635]},"properties":{"name":"Dacia Zig Zag","band":1,"modes":"tram,bus","arr":["4","5","8","9","17","19","29","30","611","612","T9"],"off":[0,-4.1]}},{"type":"Feature","geometry":{"type":"Point","coordinates":[21.907328,47.074635]},"properties":{"line":"4","mode":"tram","color":"#d6212b","colorDark":"#7c1116","band":1,"off":[-6.8,1.1]}},{"type":"Feature","geometry":{"type":"Point","coordinates":[21.907328,47.074635]},"properties":{"line":"5","mode":"tram","color":"#d6212b","colorDark":"#7c1116","band":1,"off":[-3.4,1.1]}},{"type":"Feature","geometry":{"type":"Point","coordinates":[21.907328,47.074635]},"properties":{"line":"8","mode":"tram","color":"#d6212b","colorDark":"#7c1116","band":1,"off":[0,1.1]}},{"type":"Feature","geometry":{"type":"Point","coordinates":[21.907328,47.074635]},"properties":{"line":"9","mode":"tram","color":"#d6212b","colorDark":"#7c1116","band":1,"off":[3.4,1.1]}},{"type":"Feature","geometry":{"type":"Point","coordinates":[21.907328,47.074635]},"properties":{"line":"17","mode":"bus","color":"#0059a9","colorDark":"#00294f","band":1,"off":[6.8,1.1]}},{"type":"Feature","geometry":{"type":"Point","coordinates":[21.907328,47.074635]},"properties":{"line":"19","mode":"bus","color":"#0059a9","colorDark":"#00294f","band":1,"off":[-6.8,3.1]}},{"type":"Feature","geometry":{"type":"Point","coordinates":[21.907328,47.074635]},"properties":{"line":"29","mode":"bus","color":"#0059a9","colorDark":"#00294f","band":1,"off":[-3.4,3.1]}},{"type":"Feature","geometry":{"type":"Point","coordinates":[21.907328,47.074635]},"properties":{"line":"30","mode":"bus","color":"#0059a9","colorDark":"#00294f","band":1,"off":[0,3.1]}},{"type":"Feature","geometry":{"type":"Point","coordinates":[21.907328,47.074635]},"properties":{"line":"611","mode":"bus","color":"#0059a9","colorDark":"#00294f","band":1,"off":[3.4,3.1]}},{"type":"Feature","geometry":{"type":"Point","coordinates":[21.907328,47.074635]},"properties":{"line":"612","mode":"bus","color":"#0059a9","colorDark":"#00294f","band":1,"off":[6.8,3.1]}},{"type":"Feature","geometry":{"type":"Point","coordinates":[21.907328,47.074635]},"properties":{"line":"T9","mode":"bus","color":"#0059a9","colorDark":"#00294f","band":1,"off":[0,5.1]}},{"type":"Feature","geometry":{"type":"Point","coordinates":[21.933884,47.072335]},"properties":{"name":"Autogara Stefan Cel Mare","band":1,"modes":"bus","arr":["18","22"],"off":[0,-0.8]}},{"type":"Feature","geometry":{"type":"Point","coordinates":[21.933884,47.072335]},"properties":{"line":"18","mode":"bus","color":"#0059a9","colorDark":"#00294f","band":1,"off":[-1.7,1.1]}},{"type":"Feature","geometry":{"type":"Point","coordinates":[21.933884,47.072335]},"properties":{"line":"22","mode":"bus","color":"#0059a9","colorDark":"#00294f","band":1,"off":[1.7,1.1]}},{"type":"Feature","geometry":{"type":"Point","coordinates":[21.946761,47.083248]},"properties":{"name":"Izvorului nr.52","band":1,"modes":"bus","arr":["18"],"off":[0,-0.8]}},{"type":"Feature","geometry":{"type":"Point","coordinates":[21.946761,47.083248]},"properties":{"line":"18","mode":"bus","color":"#0059a9","colorDark":"#00294f","band":1,"off":[0,1.1]}},{"type":"Feature","geometry":{"type":"Point","coordinates":[21.904354,47.041431]},"properties":{"name":"ERA Shopping Park","band":1,"modes":"bus","arr":["19","23"],"off":[0,-0.8]}},{"type":"Feature","geometry":{"type":"Point","coordinates":[21.904354,47.041431]},"properties":{"line":"19","mode":"bus","color":"#0059a9","colorDark":"#00294f","band":1,"off":[-1.7,1.1]}},{"type":"Feature","geometry":{"type":"Point","coordinates":[21.904354,47.041431]},"properties":{"line":"23","mode":"bus","color":"#0059a9","colorDark":"#00294f","band":1,"off":[1.7,1.1]}},{"type":"Feature","geometry":{"type":"Point","coordinates":[21.893703,47.111189]},"properties":{"name":"La Cocos Episcopia","band":1,"modes":"bus","arr":["22"],"off":[0,-0.8]}},{"type":"Feature","geometry":{"type":"Point","coordinates":[21.893703,47.111189]},"properties":{"line":"22","mode":"bus","color":"#0059a9","colorDark":"#00294f","band":1,"off":[0,1.1]}},{"type":"Feature","geometry":{"type":"Point","coordinates":[21.898487,47.043672]},"properties":{"name":"Kaufland Calea Aradului","band":1,"modes":"bus","arr":["24"],"off":[0,-0.8]}},{"type":"Feature","geometry":{"type":"Point","coordinates":[21.898487,47.043672]},"properties":{"line":"24","mode":"bus","color":"#0059a9","colorDark":"#00294f","band":1,"off":[0,1.1]}},{"type":"Feature","geometry":{"type":"Point","coordinates":[21.933374,47.025295]},"properties":{"name":"Str. Daliei nr.1","band":1,"modes":"bus","arr":["25"],"off":[0,-0.8]}},{"type":"Feature","geometry":{"type":"Point","coordinates":[21.933374,47.025295]},"properties":{"line":"25","mode":"bus","color":"#0059a9","colorDark":"#00294f","band":1,"off":[0,1.1]}},{"type":"Feature","geometry":{"type":"Point","coordinates":[21.942164,47.040142]},"properties":{"name":"Dimitrie Cantemir","band":1,"modes":"tram,bus","arr":["2","36","39"],"off":[0,-0.8]}},{"type":"Feature","geometry":{"type":"Point","coordinates":[21.942164,47.040142]},"properties":{"line":"2","mode":"tram","color":"#d6212b","colorDark":"#7c1116","band":1,"off":[-3.4,1.1]}},{"type":"Feature","geometry":{"type":"Point","coordinates":[21.942164,47.040142]},"properties":{"line":"36","mode":"bus","color":"#0059a9","colorDark":"#00294f","band":1,"off":[0,1.1]}},{"type":"Feature","geometry":{"type":"Point","coordinates":[21.942164,47.040142]},"properties":{"line":"39","mode":"bus","color":"#0059a9","colorDark":"#00294f","band":1,"off":[3.4,1.1]}},{"type":"Feature","geometry":{"type":"Point","coordinates":[21.866416,47.092777]},"properties":{"name":"Eurobusiness Parc 6 Plecare","band":1,"modes":"bus","arr":["26"],"off":[0,-0.8]}},{"type":"Feature","geometry":{"type":"Point","coordinates":[21.866416,47.092777]},"properties":{"line":"26","mode":"bus","color":"#0059a9","colorDark":"#00294f","band":1,"off":[0,1.1]}},{"type":"Feature","geometry":{"type":"Point","coordinates":[21.865637,47.085396]},"properties":{"name":"Eurobusiness Parc 4","band":1,"modes":"bus","arr":["27","27P","31","32"],"off":[0,-0.8]}},{"type":"Feature","geometry":{"type":"Point","coordinates":[21.865637,47.085396]},"properties":{"name":"Eurobusiness Parc 11","band":1,"modes":"bus","arr":["27","27P","31","32"],"off":[0,-3]}},{"type":"Feature","geometry":{"type":"Point","coordinates":[21.865637,47.085396]},"properties":{"line":"27","mode":"bus","color":"#0059a9","colorDark":"#00294f","band":1,"off":[-5.1,1.1]}},{"type":"Feature","geometry":{"type":"Point","coordinates":[21.865637,47.085396]},"properties":{"line":"27P","mode":"bus","color":"#0059a9","colorDark":"#00294f","band":1,"off":[-1.7,1.1]}},{"type":"Feature","geometry":{"type":"Point","coordinates":[21.865637,47.085396]},"properties":{"line":"31","mode":"bus","color":"#0059a9","colorDark":"#00294f","band":1,"off":[1.7,1.1]}},{"type":"Feature","geometry":{"type":"Point","coordinates":[21.865637,47.085396]},"properties":{"line":"32","mode":"bus","color":"#0059a9","colorDark":"#00294f","band":1,"off":[5.1,1.1]}},{"type":"Feature","geometry":{"type":"Point","coordinates":[21.871504,47.089288]},"properties":{"name":"Eurobusiness Parc 3","band":1,"modes":"bus","arr":["33","33E","33P","34","35"],"off":[0,-0.8]}},{"type":"Feature","geometry":{"type":"Point","coordinates":[21.871504,47.089288]},"properties":{"line":"33","mode":"bus","color":"#0059a9","colorDark":"#00294f","band":1,"off":[-6.8,1.1]}},{"type":"Feature","geometry":{"type":"Point","coordinates":[21.871504,47.089288]},"properties":{"line":"33E","mode":"bus","color":"#0059a9","colorDark":"#00294f","band":1,"off":[-3.4,1.1]}},{"type":"Feature","geometry":{"type":"Point","coordinates":[21.871504,47.089288]},"properties":{"line":"33P","mode":"bus","color":"#0059a9","colorDark":"#00294f","band":1,"off":[0,1.1]}},{"type":"Feature","geometry":{"type":"Point","coordinates":[21.871504,47.089288]},"properties":{"line":"34","mode":"bus","color":"#0059a9","colorDark":"#00294f","band":1,"off":[3.4,1.1]}},{"type":"Feature","geometry":{"type":"Point","coordinates":[21.871504,47.089288]},"properties":{"line":"35","mode":"bus","color":"#0059a9","colorDark":"#00294f","band":1,"off":[6.8,1.1]}},{"type":"Feature","geometry":{"type":"Point","coordinates":[21.897115,47.025981]},"properties":{"name":"Aeroportul Oradea","band":1,"modes":"bus","arr":["28"],"off":[0,-0.8]}},{"type":"Feature","geometry":{"type":"Point","coordinates":[21.897115,47.025981]},"properties":{"line":"28","mode":"bus","color":"#0059a9","colorDark":"#00294f","band":1,"off":[0,1.1]}},{"type":"Feature","geometry":{"type":"Point","coordinates":[21.909496,47.042943]},"properties":{"name":"Leroy Merlin","band":1,"modes":"bus","arr":["30"],"off":[0,-0.8]}},{"type":"Feature","geometry":{"type":"Point","coordinates":[21.909496,47.042943]},"properties":{"line":"30","mode":"bus","color":"#0059a9","colorDark":"#00294f","band":1,"off":[0,1.1]}},{"type":"Feature","geometry":{"type":"Point","coordinates":[21.894312,47.103039]},"properties":{"name":"Suisului","band":1,"modes":"bus","arr":["35"],"off":[0,-0.8]}},{"type":"Feature","geometry":{"type":"Point","coordinates":[21.894312,47.103039]},"properties":{"line":"35","mode":"bus","color":"#0059a9","colorDark":"#00294f","band":1,"off":[0,1.1]}},{"type":"Feature","geometry":{"type":"Point","coordinates":[21.917017,47.057514]},"properties":{"name":"Lic.Teologic Emanuel","band":1,"modes":"tram,bus","arr":["6","T9"],"off":[0,-0.8]}},{"type":"Feature","geometry":{"type":"Point","coordinates":[21.917017,47.057514]},"properties":{"name":"Andrei Saguna","band":1,"modes":"tram,bus","arr":["6","T9"],"off":[0,-3]}},{"type":"Feature","geometry":{"type":"Point","coordinates":[21.917017,47.057514]},"properties":{"line":"6","mode":"tram","color":"#d6212b","colorDark":"#7c1116","band":1,"off":[-1.7,1.1]}},{"type":"Feature","geometry":{"type":"Point","coordinates":[21.917017,47.057514]},"properties":{"line":"T9","mode":"bus","color":"#0059a9","colorDark":"#00294f","band":1,"off":[1.7,1.1]}},{"type":"Feature","geometry":{"type":"Point","coordinates":[21.860154,47.098075]},"properties":{"name":"Calea Borsului nr.40","band":1,"modes":"bus","arr":["36","37","38","39"],"off":[0,-0.8]}},{"type":"Feature","geometry":{"type":"Point","coordinates":[21.860154,47.098075]},"properties":{"line":"36","mode":"bus","color":"#0059a9","colorDark":"#00294f","band":1,"off":[-5.1,1.1]}},{"type":"Feature","geometry":{"type":"Point","coordinates":[21.860154,47.098075]},"properties":{"line":"37","mode":"bus","color":"#0059a9","colorDark":"#00294f","band":1,"off":[-1.7,1.1]}},{"type":"Feature","geometry":{"type":"Point","coordinates":[21.860154,47.098075]},"properties":{"line":"38","mode":"bus","color":"#0059a9","colorDark":"#00294f","band":1,"off":[1.7,1.1]}},{"type":"Feature","geometry":{"type":"Point","coordinates":[21.860154,47.098075]},"properties":{"line":"39","mode":"bus","color":"#0059a9","colorDark":"#00294f","band":1,"off":[5.1,1.1]}},{"type":"Feature","geometry":{"type":"Point","coordinates":[21.901688,47.087397]},"properties":{"name":"Parc Industrial 3/3","band":1,"modes":"bus","arr":["42"],"off":[0,-0.8]}},{"type":"Feature","geometry":{"type":"Point","coordinates":[21.901688,47.087397]},"properties":{"line":"42","mode":"bus","color":"#0059a9","colorDark":"#00294f","band":1,"off":[0,1.1]}},{"type":"Feature","geometry":{"type":"Point","coordinates":[21.879501,47.049949]},"properties":{"name":"Terra","band":1,"modes":"bus","arr":["43"],"off":[0,-0.8]}},{"type":"Feature","geometry":{"type":"Point","coordinates":[21.879501,47.049949]},"properties":{"line":"43","mode":"bus","color":"#0059a9","colorDark":"#00294f","band":1,"off":[0,1.1]}},{"type":"Feature","geometry":{"type":"Point","coordinates":[21.976338,46.987695]},"properties":{"name":"Padurea Felix","band":1,"modes":"bus","arr":["511"],"off":[0,-0.8]}},{"type":"Feature","geometry":{"type":"Point","coordinates":[21.976338,46.987695]},"properties":{"line":"511","mode":"bus","color":"#0059a9","colorDark":"#00294f","band":1,"off":[0,1.1]}},{"type":"Feature","geometry":{"type":"Point","coordinates":[21.99944,46.996566]},"properties":{"name":"Baile 1 Mai","band":1,"modes":"bus","arr":["512"],"off":[0,-0.8]}},{"type":"Feature","geometry":{"type":"Point","coordinates":[21.99944,46.996566]},"properties":{"line":"512","mode":"bus","color":"#0059a9","colorDark":"#00294f","band":1,"off":[0,1.1]}},{"type":"Feature","geometry":{"type":"Point","coordinates":[21.97494,46.964817]},"properties":{"name":"Scoala Cordau","band":1,"modes":"bus","arr":["513"],"off":[0,-0.8]}},{"type":"Feature","geometry":{"type":"Point","coordinates":[21.97494,46.964817]},"properties":{"line":"513","mode":"bus","color":"#0059a9","colorDark":"#00294f","band":1,"off":[0,1.1]}},{"type":"Feature","geometry":{"type":"Point","coordinates":[22.019935,46.972335]},"properties":{"name":"Betfia nr.111","band":1,"modes":"bus","arr":["514"],"off":[0,-0.8]}},{"type":"Feature","geometry":{"type":"Point","coordinates":[22.019935,46.972335]},"properties":{"line":"514","mode":"bus","color":"#0059a9","colorDark":"#00294f","band":1,"off":[0,1.1]}},{"type":"Feature","geometry":{"type":"Point","coordinates":[22.063611,46.965391]},"properties":{"name":"Sintelec nr.165","band":1,"modes":"bus","arr":["515"],"off":[0,-0.8]}},{"type":"Feature","geometry":{"type":"Point","coordinates":[22.063611,46.965391]},"properties":{"line":"515","mode":"bus","color":"#0059a9","colorDark":"#00294f","band":1,"off":[0,1.1]}},{"type":"Feature","geometry":{"type":"Point","coordinates":[21.971147,46.890449]},"properties":{"name":"Sumugiu Centru","band":1,"modes":"bus","arr":["516","517"],"off":[0,-0.8]}},{"type":"Feature","geometry":{"type":"Point","coordinates":[21.971147,46.890449]},"properties":{"line":"516","mode":"bus","color":"#0059a9","colorDark":"#00294f","band":1,"off":[-1.7,1.1]}},{"type":"Feature","geometry":{"type":"Point","coordinates":[21.971147,46.890449]},"properties":{"line":"517","mode":"bus","color":"#0059a9","colorDark":"#00294f","band":1,"off":[1.7,1.1]}},{"type":"Feature","geometry":{"type":"Point","coordinates":[21.942089,46.992827]},"properties":{"name":"Strada din deal","band":1,"modes":"bus","arr":["531"],"off":[0,-0.8]}},{"type":"Feature","geometry":{"type":"Point","coordinates":[21.942089,46.992827]},"properties":{"line":"531","mode":"bus","color":"#0059a9","colorDark":"#00294f","band":1,"off":[0,1.1]}},{"type":"Feature","geometry":{"type":"Point","coordinates":[21.810714,47.115268]},"properties":{"name":"Primaria Bors","band":1,"modes":"bus","arr":["611"],"off":[0,-0.8]}},{"type":"Feature","geometry":{"type":"Point","coordinates":[21.810714,47.115268]},"properties":{"line":"611","mode":"bus","color":"#0059a9","colorDark":"#00294f","band":1,"off":[0,1.1]}},{"type":"Feature","geometry":{"type":"Point","coordinates":[21.83702,47.169859]},"properties":{"name":"Parc Santaul Mare","band":1,"modes":"bus","arr":["612"],"off":[0,-0.8]}},{"type":"Feature","geometry":{"type":"Point","coordinates":[21.83702,47.169859]},"properties":{"line":"612","mode":"bus","color":"#0059a9","colorDark":"#00294f","band":1,"off":[0,1.1]}},{"type":"Feature","geometry":{"type":"Point","coordinates":[22.111822,47.141148]},"properties":{"name":"Susturogi ABC","band":1,"modes":"bus","arr":["721"],"off":[0,-0.8]}},{"type":"Feature","geometry":{"type":"Point","coordinates":[22.111822,47.141148]},"properties":{"line":"721","mode":"bus","color":"#0059a9","colorDark":"#00294f","band":1,"off":[0,1.1]}},{"type":"Feature","geometry":{"type":"Point","coordinates":[21.974724,47.090919]},"properties":{"name":"Statia de pompare Saldabagiu","band":1,"modes":"bus","arr":["722"],"off":[0,-0.8]}},{"type":"Feature","geometry":{"type":"Point","coordinates":[21.974724,47.090919]},"properties":{"line":"722","mode":"bus","color":"#0059a9","colorDark":"#00294f","band":1,"off":[0,1.1]}},{"type":"Feature","geometry":{"type":"Point","coordinates":[21.721953,47.135147]},"properties":{"name":"Gara Keresztes","band":1,"modes":"bus","arr":["RoHu"],"off":[0,-0.8]}},{"type":"Feature","geometry":{"type":"Point","coordinates":[21.721953,47.135147]},"properties":{"line":"RoHu","mode":"bus","color":"#0059a9","colorDark":"#00294f","band":1,"off":[0,1.1]}},{"type":"Feature","geometry":{"type":"Point","coordinates":[21.93161,47.070592]},"properties":{"name":"Stadion","band":1,"modes":"bus","arr":["T8"],"off":[0,-0.8]}},{"type":"Feature","geometry":{"type":"Point","coordinates":[21.93161,47.070592]},"properties":{"line":"T8","mode":"bus","color":"#0059a9","colorDark":"#00294f","band":1,"off":[0,1.1]}},{"type":"Feature","geometry":{"type":"Point","coordinates":[21.896295,47.060792]},"properties":{"name":"Iosia","band":1,"modes":"tram","arr":["2","8"],"off":[0,-0.8]}},{"type":"Feature","geometry":{"type":"Point","coordinates":[21.896295,47.060792]},"properties":{"line":"2","mode":"tram","color":"#d6212b","colorDark":"#7c1116","band":1,"off":[-1.7,1.1]}},{"type":"Feature","geometry":{"type":"Point","coordinates":[21.896295,47.060792]},"properties":{"line":"8","mode":"tram","color":"#d6212b","colorDark":"#7c1116","band":1,"off":[1.7,1.1]}},{"type":"Feature","geometry":{"type":"Point","coordinates":[21.880052,47.087168]},"properties":{"name":"Sinteza","band":1,"modes":"tram","arr":["9"],"off":[0,-0.8]}},{"type":"Feature","geometry":{"type":"Point","coordinates":[21.880052,47.087168]},"properties":{"line":"9","mode":"tram","color":"#d6212b","colorDark":"#7c1116","band":1,"off":[0,1.1]}},{"type":"Feature","geometry":{"type":"Point","coordinates":[21.955858,47.044198]},"properties":{"name":"Complex Seleusului","band":2,"modes":"bus","arr":["10"],"off":[0,-0.8]}},{"type":"Feature","geometry":{"type":"Point","coordinates":[21.955858,47.044198]},"properties":{"line":"10","mode":"bus","color":"#0059a9","colorDark":"#00294f","band":2,"off":[0,1.1]}},{"type":"Feature","geometry":{"type":"Point","coordinates":[21.937806,47.05236]},"properties":{"name":"Piata 1 Decembrie/Bloc Turn","band":2,"modes":"bus","arr":["23","25"],"off":[0,-0.8]}},{"type":"Feature","geometry":{"type":"Point","coordinates":[21.937806,47.05236]},"properties":{"name":"Casa de Cultura","band":2,"modes":"bus","arr":["23","25"],"off":[0,-3]}},{"type":"Feature","geometry":{"type":"Point","coordinates":[21.937806,47.05236]},"properties":{"line":"23","mode":"bus","color":"#0059a9","colorDark":"#00294f","band":2,"off":[-1.7,1.1]}},{"type":"Feature","geometry":{"type":"Point","coordinates":[21.937806,47.05236]},"properties":{"line":"25","mode":"bus","color":"#0059a9","colorDark":"#00294f","band":2,"off":[1.7,1.1]}},{"type":"Feature","geometry":{"type":"Point","coordinates":[21.932745,47.053351]},"properties":{"name":"Parc 1 Decembrie","band":2,"modes":"bus","arr":["24","42"],"off":[0,-0.8]}},{"type":"Feature","geometry":{"type":"Point","coordinates":[21.932745,47.053351]},"properties":{"line":"24","mode":"bus","color":"#0059a9","colorDark":"#00294f","band":2,"off":[-1.7,1.1]}},{"type":"Feature","geometry":{"type":"Point","coordinates":[21.932745,47.053351]},"properties":{"line":"42","mode":"bus","color":"#0059a9","colorDark":"#00294f","band":2,"off":[1.7,1.1]}},{"type":"Feature","geometry":{"type":"Point","coordinates":[21.916219,47.05541]},"properties":{"name":"Lic.Teologic Emanuel II","band":2,"modes":"tram,bus","arr":["6","7","33P"],"off":[0,-0.8]}},{"type":"Feature","geometry":{"type":"Point","coordinates":[21.916219,47.05541]},"properties":{"name":"Lic.Teologic Emanuel","band":2,"modes":"tram,bus","arr":["6","7","33P"],"off":[0,-3]}},{"type":"Feature","geometry":{"type":"Point","coordinates":[21.916219,47.05541]},"properties":{"name":"Calea Aradului nr.9","band":2,"modes":"tram,bus","arr":["6","7","33P"],"off":[0,-5.2]}},{"type":"Feature","geometry":{"type":"Point","coordinates":[21.916219,47.05541]},"properties":{"line":"6","mode":"tram","color":"#d6212b","colorDark":"#7c1116","band":2,"off":[-3.4,1.1]}},{"type":"Feature","geometry":{"type":"Point","coordinates":[21.916219,47.05541]},"properties":{"line":"7","mode":"tram","color":"#d6212b","colorDark":"#7c1116","band":2,"off":[0,1.1]}},{"type":"Feature","geometry":{"type":"Point","coordinates":[21.916219,47.05541]},"properties":{"line":"33P","mode":"bus","color":"#0059a9","colorDark":"#00294f","band":2,"off":[3.4,1.1]}},{"type":"Feature","geometry":{"type":"Point","coordinates":[21.890129,47.053989]},"properties":{"name":"Densusianu","band":2,"modes":"bus","arr":["10"],"off":[0,-0.8]}},{"type":"Feature","geometry":{"type":"Point","coordinates":[21.890129,47.053989]},"properties":{"line":"10","mode":"bus","color":"#0059a9","colorDark":"#00294f","band":2,"off":[0,1.1]}},{"type":"Feature","geometry":{"type":"Point","coordinates":[21.939001,47.054448]},"properties":{"name":"Piata Emanuil Gojdu","band":2,"modes":"bus","arr":["11","T8"],"off":[0,-0.8]}},{"type":"Feature","geometry":{"type":"Point","coordinates":[21.939001,47.054448]},"properties":{"line":"11","mode":"bus","color":"#0059a9","colorDark":"#00294f","band":2,"off":[-1.7,1.1]}},{"type":"Feature","geometry":{"type":"Point","coordinates":[21.939001,47.054448]},"properties":{"line":"T8","mode":"bus","color":"#0059a9","colorDark":"#00294f","band":2,"off":[1.7,1.1]}},{"type":"Feature","geometry":{"type":"Point","coordinates":[21.87781,47.099742]},"properties":{"name":"Gara Episcopia","band":2,"modes":"bus","arr":["11"],"off":[0,-0.8]}},{"type":"Feature","geometry":{"type":"Point","coordinates":[21.87781,47.099742]},"properties":{"line":"11","mode":"bus","color":"#0059a9","colorDark":"#00294f","band":2,"off":[0,1.1]}},{"type":"Feature","geometry":{"type":"Point","coordinates":[21.925209,47.071476]},"properties":{"name":"Parc Olosig","band":2,"modes":"bus","arr":["721"],"off":[0,-0.8]}},{"type":"Feature","geometry":{"type":"Point","coordinates":[21.925209,47.071476]},"properties":{"line":"721","mode":"bus","color":"#0059a9","colorDark":"#00294f","band":2,"off":[0,1.1]}},{"type":"Feature","geometry":{"type":"Point","coordinates":[21.960718,47.025607]},"properties":{"name":"Kaufland Nufarul","band":2,"modes":"bus","arr":["12"],"off":[0,-0.8]}},{"type":"Feature","geometry":{"type":"Point","coordinates":[21.960718,47.025607]},"properties":{"line":"12","mode":"bus","color":"#0059a9","colorDark":"#00294f","band":2,"off":[0,1.1]}},{"type":"Feature","geometry":{"type":"Point","coordinates":[21.955899,47.029514]},"properties":{"name":"Nufarul","band":2,"modes":"tram,bus","arr":["4","5","6","7","25","38","41","511","512","513","514","515","516","517","531"],"off":[0,-0.8],"sc":0.94}},{"type":"Feature","geometry":{"type":"Point","coordinates":[21.955899,47.029514]},"properties":{"name":"Morii nr.5","band":2,"modes":"tram,bus","arr":["4","5","6","7","25","38","41","511","512","513","514","515","516","517","531"],"off":[0,-1.9],"sc":0.94}},{"type":"Feature","geometry":{"type":"Point","coordinates":[21.955899,47.029514]},"properties":{"name":"Autogara Nufarul","band":2,"modes":"tram,bus","arr":["4","5","6","7","25","38","41","511","512","513","514","515","516","517","531"],"off":[0,-3],"sc":0.94}},{"type":"Feature","geometry":{"type":"Point","coordinates":[21.955899,47.029514]},"properties":{"line":"4","mode":"tram","color":"#d6212b","colorDark":"#7c1116","band":2,"sc":0.94,"off":[-6.8,1.1]}},{"type":"Feature","geometry":{"type":"Point","coordinates":[21.955899,47.029514]},"properties":{"line":"5","mode":"tram","color":"#d6212b","colorDark":"#7c1116","band":2,"sc":0.94,"off":[-3.4,1.1]}},{"type":"Feature","geometry":{"type":"Point","coordinates":[21.955899,47.029514]},"properties":{"line":"6","mode":"tram","color":"#d6212b","colorDark":"#7c1116","band":2,"sc":0.94,"off":[0,1.1]}},{"type":"Feature","geometry":{"type":"Point","coordinates":[21.955899,47.029514]},"properties":{"line":"7","mode":"tram","color":"#d6212b","colorDark":"#7c1116","band":2,"sc":0.94,"off":[3.4,1.1]}},{"type":"Feature","geometry":{"type":"Point","coordinates":[21.955899,47.029514]},"properties":{"line":"25","mode":"bus","color":"#0059a9","colorDark":"#00294f","band":2,"sc":0.94,"off":[6.8,1.1]}},{"type":"Feature","geometry":{"type":"Point","coordinates":[21.955899,47.029514]},"properties":{"line":"38","mode":"bus","color":"#0059a9","colorDark":"#00294f","band":2,"sc":0.94,"off":[-6.8,3.1]}},{"type":"Feature","geometry":{"type":"Point","coordinates":[21.955899,47.029514]},"properties":{"line":"41","mode":"bus","color":"#0059a9","colorDark":"#00294f","band":2,"sc":0.94,"off":[-3.4,3.1]}},{"type":"Feature","geometry":{"type":"Point","coordinates":[21.955899,47.029514]},"properties":{"line":"511","mode":"bus","color":"#0059a9","colorDark":"#00294f","band":2,"sc":0.94,"off":[0,3.1]}},{"type":"Feature","geometry":{"type":"Point","coordinates":[21.955899,47.029514]},"properties":{"line":"512","mode":"bus","color":"#0059a9","colorDark":"#00294f","band":2,"sc":0.94,"off":[3.4,3.1]}},{"type":"Feature","geometry":{"type":"Point","coordinates":[21.955899,47.029514]},"properties":{"line":"513","mode":"bus","color":"#0059a9","colorDark":"#00294f","band":2,"sc":0.94,"off":[6.8,3.1]}},{"type":"Feature","geometry":{"type":"Point","coordinates":[21.955899,47.029514]},"properties":{"line":"514","mode":"bus","color":"#0059a9","colorDark":"#00294f","band":2,"sc":0.94,"off":[-6.8,5.1]}},{"type":"Feature","geometry":{"type":"Point","coordinates":[21.955899,47.029514]},"properties":{"line":"515","mode":"bus","color":"#0059a9","colorDark":"#00294f","band":2,"sc":0.94,"off":[-3.4,5.1]}},{"type":"Feature","geometry":{"type":"Point","coordinates":[21.955899,47.029514]},"properties":{"line":"516","mode":"bus","color":"#0059a9","colorDark":"#00294f","band":2,"sc":0.94,"off":[0,5.1]}},{"type":"Feature","geometry":{"type":"Point","coordinates":[21.955899,47.029514]},"properties":{"line":"517","mode":"bus","color":"#0059a9","colorDark":"#00294f","band":2,"sc":0.94,"off":[3.4,5.1]}},{"type":"Feature","geometry":{"type":"Point","coordinates":[21.955899,47.029514]},"properties":{"line":"531","mode":"bus","color":"#0059a9","colorDark":"#00294f","band":2,"sc":0.94,"off":[6.8,5.1]}},{"type":"Feature","geometry":{"type":"Point","coordinates":[21.956579,47.035462]},"properties":{"name":"Piata Nucetului","band":2,"modes":"bus","arr":["31"],"off":[0,-0.8]}},{"type":"Feature","geometry":{"type":"Point","coordinates":[21.956579,47.035462]},"properties":{"line":"31","mode":"bus","color":"#0059a9","colorDark":"#00294f","band":2,"off":[0,1.1]}},{"type":"Feature","geometry":{"type":"Point","coordinates":[21.938035,47.050016]},"properties":{"name":"Piata Cetatii [s]","band":2,"modes":"bus","arr":["13","15","16T","722"],"off":[0,-0.8]}},{"type":"Feature","geometry":{"type":"Point","coordinates":[21.938035,47.050016]},"properties":{"name":"Piata Cetatii","band":2,"modes":"bus","arr":["13","15","16T","722"],"off":[0,-1.9]}},{"type":"Feature","geometry":{"type":"Point","coordinates":[21.938035,47.050016]},"properties":{"line":"13","mode":"bus","color":"#0059a9","colorDark":"#00294f","band":2,"off":[-5.1,1.1]}},{"type":"Feature","geometry":{"type":"Point","coordinates":[21.938035,47.050016]},"properties":{"line":"15","mode":"bus","color":"#0059a9","colorDark":"#00294f","band":2,"off":[-1.7,1.1]}},{"type":"Feature","geometry":{"type":"Point","coordinates":[21.938035,47.050016]},"properties":{"line":"16T","mode":"bus","color":"#0059a9","colorDark":"#00294f","band":2,"off":[1.7,1.1]}},{"type":"Feature","geometry":{"type":"Point","coordinates":[21.938035,47.050016]},"properties":{"line":"722","mode":"bus","color":"#0059a9","colorDark":"#00294f","band":2,"off":[5.1,1.1]}},{"type":"Feature","geometry":{"type":"Point","coordinates":[21.927972,47.054914]},"properties":{"name":"Piata Unirii/Ep. Greco-Catolica","band":2,"modes":"bus","arr":["12"],"off":[0,-0.8]}},{"type":"Feature","geometry":{"type":"Point","coordinates":[21.927972,47.054914]},"properties":{"line":"12","mode":"bus","color":"#0059a9","colorDark":"#00294f","band":2,"off":[0,1.1]}},{"type":"Feature","geometry":{"type":"Point","coordinates":[21.933556,47.043325]},"properties":{"name":"Piata 22 Decembrie","band":2,"modes":"bus","arr":["37"],"off":[0,-0.8]}},{"type":"Feature","geometry":{"type":"Point","coordinates":[21.933556,47.043325]},"properties":{"line":"37","mode":"bus","color":"#0059a9","colorDark":"#00294f","band":2,"off":[0,1.1]}},{"type":"Feature","geometry":{"type":"Point","coordinates":[21.95797,47.033506]},"properties":{"name":"Str. Bumbacului","band":2,"modes":"bus","arr":["33","33E"],"off":[0,-0.8]}},{"type":"Feature","geometry":{"type":"Point","coordinates":[21.95797,47.033506]},"properties":{"line":"33","mode":"bus","color":"#0059a9","colorDark":"#00294f","band":2,"off":[-1.7,1.1]}},{"type":"Feature","geometry":{"type":"Point","coordinates":[21.95797,47.033506]},"properties":{"line":"33E","mode":"bus","color":"#0059a9","colorDark":"#00294f","band":2,"off":[1.7,1.1]}},{"type":"Feature","geometry":{"type":"Point","coordinates":[21.97219,47.069708]},"properties":{"name":"Gheorghe Doja nr.190","band":2,"modes":"bus","arr":["13"],"off":[0,-0.8]}},{"type":"Feature","geometry":{"type":"Point","coordinates":[21.97219,47.069708]},"properties":{"line":"13","mode":"bus","color":"#0059a9","colorDark":"#00294f","band":2,"off":[0,1.1]}},{"type":"Feature","geometry":{"type":"Point","coordinates":[21.919241,47.042268]},"properties":{"name":"Cimitirul Rulikowsky","band":2,"modes":"bus","arr":["14"],"off":[0,-0.8]}},{"type":"Feature","geometry":{"type":"Point","coordinates":[21.919241,47.042268]},"properties":{"line":"14","mode":"bus","color":"#0059a9","colorDark":"#00294f","band":2,"off":[0,1.1]}},{"type":"Feature","geometry":{"type":"Point","coordinates":[21.910869,47.079332]},"properties":{"name":"Biserica Baptista Rogerius","band":2,"modes":"bus","arr":["14","14P"],"off":[0,-0.8]}},{"type":"Feature","geometry":{"type":"Point","coordinates":[21.910869,47.079332]},"properties":{"line":"14","mode":"bus","color":"#0059a9","colorDark":"#00294f","band":2,"off":[-1.7,1.1]}},{"type":"Feature","geometry":{"type":"Point","coordinates":[21.910869,47.079332]},"properties":{"line":"14P","mode":"bus","color":"#0059a9","colorDark":"#00294f","band":2,"off":[1.7,1.1]}},{"type":"Feature","geometry":{"type":"Point","coordinates":[21.913257,47.026988]},"properties":{"name":"Cargo","band":2,"modes":"bus","arr":["14P","29","41"],"off":[0,-0.8]}},{"type":"Feature","geometry":{"type":"Point","coordinates":[21.913257,47.026988]},"properties":{"line":"14P","mode":"bus","color":"#0059a9","colorDark":"#00294f","band":2,"off":[-3.4,1.1]}},{"type":"Feature","geometry":{"type":"Point","coordinates":[21.913257,47.026988]},"properties":{"line":"29","mode":"bus","color":"#0059a9","colorDark":"#00294f","band":2,"off":[0,1.1]}},{"type":"Feature","geometry":{"type":"Point","coordinates":[21.913257,47.026988]},"properties":{"line":"41","mode":"bus","color":"#0059a9","colorDark":"#00294f","band":2,"off":[3.4,1.1]}},{"type":"Feature","geometry":{"type":"Point","coordinates":[21.949205,47.054696]},"properties":{"name":"Bazinul Olimpic","band":2,"modes":"bus","arr":["28","43"],"off":[0,-0.8]}},{"type":"Feature","geometry":{"type":"Point","coordinates":[21.949205,47.054696]},"properties":{"line":"28","mode":"bus","color":"#0059a9","colorDark":"#00294f","band":2,"off":[-1.7,1.1]}},{"type":"Feature","geometry":{"type":"Point","coordinates":[21.949205,47.054696]},"properties":{"line":"43","mode":"bus","color":"#0059a9","colorDark":"#00294f","band":2,"off":[1.7,1.1]}},{"type":"Feature","geometry":{"type":"Point","coordinates":[22.031421,47.066234]},"properties":{"name":"Podgoria Intrare","band":2,"modes":"bus","arr":["15"],"off":[0,-0.8]}},{"type":"Feature","geometry":{"type":"Point","coordinates":[22.031421,47.066234]},"properties":{"line":"15","mode":"bus","color":"#0059a9","colorDark":"#00294f","band":2,"off":[0,1.1]}},{"type":"Feature","geometry":{"type":"Point","coordinates":[21.997994,47.040097]},"properties":{"name":"Cartierul Tineretului","band":2,"modes":"bus","arr":["16T"],"off":[0,-0.8]}},{"type":"Feature","geometry":{"type":"Point","coordinates":[21.997994,47.040097]},"properties":{"line":"16T","mode":"bus","color":"#0059a9","colorDark":"#00294f","band":2,"off":[0,1.1]}},{"type":"Feature","geometry":{"type":"Point","coordinates":[21.980185,47.038947]},"properties":{"name":"Stadion Motorul","band":2,"modes":"bus","arr":["34"],"off":[0,-0.8]}},{"type":"Feature","geometry":{"type":"Point","coordinates":[21.980185,47.038947]},"properties":{"line":"34","mode":"bus","color":"#0059a9","colorDark":"#00294f","band":2,"off":[0,1.1]}},{"type":"Feature","geometry":{"type":"Point","coordinates":[21.961886,47.043941]},"properties":{"name":"Gara de Est","band":2,"modes":"bus","arr":["17","32"],"off":[0,-0.8]}},{"type":"Feature","geometry":{"type":"Point","coordinates":[21.961886,47.043941]},"properties":{"line":"17","mode":"bus","color":"#0059a9","colorDark":"#00294f","band":2,"off":[-1.7,1.1]}},{"type":"Feature","geometry":{"type":"Point","coordinates":[21.961886,47.043941]},"properties":{"line":"32","mode":"bus","color":"#0059a9","colorDark":"#00294f","band":2,"off":[1.7,1.1]}},{"type":"Feature","geometry":{"type":"Point","coordinates":[21.922111,47.070299]},"properties":{"name":"Spartacus","band":2,"modes":"bus","arr":["26","27","27P"],"off":[0,-0.8]}},{"type":"Feature","geometry":{"type":"Point","coordinates":[21.922111,47.070299]},"properties":{"line":"26","mode":"bus","color":"#0059a9","colorDark":"#00294f","band":2,"off":[-3.4,1.1]}},{"type":"Feature","geometry":{"type":"Point","coordinates":[21.922111,47.070299]},"properties":{"line":"27","mode":"bus","color":"#0059a9","colorDark":"#00294f","band":2,"off":[0,1.1]}},{"type":"Feature","geometry":{"type":"Point","coordinates":[21.922111,47.070299]},"properties":{"line":"27P","mode":"bus","color":"#0059a9","colorDark":"#00294f","band":2,"off":[3.4,1.1]}},{"type":"Feature","geometry":{"type":"Point","coordinates":[21.9089,47.074221]},"properties":{"name":"Pod CFR","band":2,"modes":"tram,bus","arr":["4","5","8","9","19","29","30","611","612","T9"],"off":[0,-0.8]}},{"type":"Feature","geometry":{"type":"Point","coordinates":[21.9089,47.074221]},"properties":{"name":"Dacia Zig Zag","band":2,"modes":"tram,bus","arr":["4","5","8","9","19","29","30","611","612","T9"],"off":[0,-1.9]}},{"type":"Feature","geometry":{"type":"Point","coordinates":[21.9089,47.074221]},"properties":{"line":"4","mode":"tram","color":"#d6212b","colorDark":"#7c1116","band":2,"off":[-6.8,1.1]}},{"type":"Feature","geometry":{"type":"Point","coordinates":[21.9089,47.074221]},"properties":{"line":"5","mode":"tram","color":"#d6212b","colorDark":"#7c1116","band":2,"off":[-3.4,1.1]}},{"type":"Feature","geometry":{"type":"Point","coordinates":[21.9089,47.074221]},"properties":{"line":"8","mode":"tram","color":"#d6212b","colorDark":"#7c1116","band":2,"off":[0,1.1]}},{"type":"Feature","geometry":{"type":"Point","coordinates":[21.9089,47.074221]},"properties":{"line":"9","mode":"tram","color":"#d6212b","colorDark":"#7c1116","band":2,"off":[3.4,1.1]}},{"type":"Feature","geometry":{"type":"Point","coordinates":[21.9089,47.074221]},"properties":{"line":"19","mode":"bus","color":"#0059a9","colorDark":"#00294f","band":2,"off":[6.8,1.1]}},{"type":"Feature","geometry":{"type":"Point","coordinates":[21.9089,47.074221]},"properties":{"line":"29","mode":"bus","color":"#0059a9","colorDark":"#00294f","band":2,"off":[-6.8,3.1]}},{"type":"Feature","geometry":{"type":"Point","coordinates":[21.9089,47.074221]},"properties":{"line":"30","mode":"bus","color":"#0059a9","colorDark":"#00294f","band":2,"off":[-3.4,3.1]}},{"type":"Feature","geometry":{"type":"Point","coordinates":[21.9089,47.074221]},"properties":{"line":"611","mode":"bus","color":"#0059a9","colorDark":"#00294f","band":2,"off":[0,3.1]}},{"type":"Feature","geometry":{"type":"Point","coordinates":[21.9089,47.074221]},"properties":{"line":"612","mode":"bus","color":"#0059a9","colorDark":"#00294f","band":2,"off":[3.4,3.1]}},{"type":"Feature","geometry":{"type":"Point","coordinates":[21.9089,47.074221]},"properties":{"line":"T9","mode":"bus","color":"#0059a9","colorDark":"#00294f","band":2,"off":[6.8,3.1]}},{"type":"Feature","geometry":{"type":"Point","coordinates":[21.902614,47.075878]},"properties":{"name":"Kaufland Calea Borsului","band":2,"modes":"bus","arr":["17"],"off":[0,-0.8]}},{"type":"Feature","geometry":{"type":"Point","coordinates":[21.902614,47.075878]},"properties":{"line":"17","mode":"bus","color":"#0059a9","colorDark":"#00294f","band":2,"off":[0,1.1]}},{"type":"Feature","geometry":{"type":"Point","coordinates":[21.933884,47.072335]},"properties":{"name":"Autogara Stefan Cel Mare","band":2,"modes":"bus","arr":["18","22"],"off":[0,-0.8]}},{"type":"Feature","geometry":{"type":"Point","coordinates":[21.933884,47.072335]},"properties":{"line":"18","mode":"bus","color":"#0059a9","colorDark":"#00294f","band":2,"off":[-1.7,1.1]}},{"type":"Feature","geometry":{"type":"Point","coordinates":[21.933884,47.072335]},"properties":{"line":"22","mode":"bus","color":"#0059a9","colorDark":"#00294f","band":2,"off":[1.7,1.1]}},{"type":"Feature","geometry":{"type":"Point","coordinates":[21.946761,47.083248]},"properties":{"name":"Izvorului nr.52","band":2,"modes":"bus","arr":["18"],"off":[0,-0.8]}},{"type":"Feature","geometry":{"type":"Point","coordinates":[21.946761,47.083248]},"properties":{"line":"18","mode":"bus","color":"#0059a9","colorDark":"#00294f","band":2,"off":[0,1.1]}},{"type":"Feature","geometry":{"type":"Point","coordinates":[21.904354,47.041431]},"properties":{"name":"ERA Shopping Park","band":2,"modes":"bus","arr":["19","23"],"off":[0,-0.8]}},{"type":"Feature","geometry":{"type":"Point","coordinates":[21.904354,47.041431]},"properties":{"line":"19","mode":"bus","color":"#0059a9","colorDark":"#00294f","band":2,"off":[-1.7,1.1]}},{"type":"Feature","geometry":{"type":"Point","coordinates":[21.904354,47.041431]},"properties":{"line":"23","mode":"bus","color":"#0059a9","colorDark":"#00294f","band":2,"off":[1.7,1.1]}},{"type":"Feature","geometry":{"type":"Point","coordinates":[21.893703,47.111189]},"properties":{"name":"La Cocos Episcopia","band":2,"modes":"bus","arr":["22"],"off":[0,-0.8]}},{"type":"Feature","geometry":{"type":"Point","coordinates":[21.893703,47.111189]},"properties":{"line":"22","mode":"bus","color":"#0059a9","colorDark":"#00294f","band":2,"off":[0,1.1]}},{"type":"Feature","geometry":{"type":"Point","coordinates":[21.918083,47.05455]},"properties":{"name":"Autogara Decebal","band":2,"modes":"bus","arr":["RoHu"],"off":[0,-0.8]}},{"type":"Feature","geometry":{"type":"Point","coordinates":[21.918083,47.05455]},"properties":{"line":"RoHu","mode":"bus","color":"#0059a9","colorDark":"#00294f","band":2,"off":[0,1.1]}},{"type":"Feature","geometry":{"type":"Point","coordinates":[21.898487,47.043672]},"properties":{"name":"Kaufland Calea Aradului","band":2,"modes":"bus","arr":["24"],"off":[0,-0.8]}},{"type":"Feature","geometry":{"type":"Point","coordinates":[21.898487,47.043672]},"properties":{"line":"24","mode":"bus","color":"#0059a9","colorDark":"#00294f","band":2,"off":[0,1.1]}},{"type":"Feature","geometry":{"type":"Point","coordinates":[21.933374,47.025295]},"properties":{"name":"Str. Daliei nr.1","band":2,"modes":"bus","arr":["25"],"off":[0,-0.8]}},{"type":"Feature","geometry":{"type":"Point","coordinates":[21.933374,47.025295]},"properties":{"line":"25","mode":"bus","color":"#0059a9","colorDark":"#00294f","band":2,"off":[0,1.1]}},{"type":"Feature","geometry":{"type":"Point","coordinates":[21.942164,47.040142]},"properties":{"name":"Dimitrie Cantemir","band":2,"modes":"tram,bus","arr":["2","36","39"],"off":[0,-0.8]}},{"type":"Feature","geometry":{"type":"Point","coordinates":[21.942164,47.040142]},"properties":{"line":"2","mode":"tram","color":"#d6212b","colorDark":"#7c1116","band":2,"off":[-3.4,1.1]}},{"type":"Feature","geometry":{"type":"Point","coordinates":[21.942164,47.040142]},"properties":{"line":"36","mode":"bus","color":"#0059a9","colorDark":"#00294f","band":2,"off":[0,1.1]}},{"type":"Feature","geometry":{"type":"Point","coordinates":[21.942164,47.040142]},"properties":{"line":"39","mode":"bus","color":"#0059a9","colorDark":"#00294f","band":2,"off":[3.4,1.1]}},{"type":"Feature","geometry":{"type":"Point","coordinates":[21.866416,47.092777]},"properties":{"name":"Eurobusiness Parc 6 Plecare","band":2,"modes":"bus","arr":["26"],"off":[0,-0.8]}},{"type":"Feature","geometry":{"type":"Point","coordinates":[21.866416,47.092777]},"properties":{"line":"26","mode":"bus","color":"#0059a9","colorDark":"#00294f","band":2,"off":[0,1.1]}},{"type":"Feature","geometry":{"type":"Point","coordinates":[21.865637,47.085396]},"properties":{"name":"Eurobusiness Parc 4","band":2,"modes":"bus","arr":["27","27P","31","32"],"off":[0,-0.8]}},{"type":"Feature","geometry":{"type":"Point","coordinates":[21.865637,47.085396]},"properties":{"name":"Eurobusiness Parc 11","band":2,"modes":"bus","arr":["27","27P","31","32"],"off":[0,-3]}},{"type":"Feature","geometry":{"type":"Point","coordinates":[21.865637,47.085396]},"properties":{"line":"27","mode":"bus","color":"#0059a9","colorDark":"#00294f","band":2,"off":[-5.1,1.1]}},{"type":"Feature","geometry":{"type":"Point","coordinates":[21.865637,47.085396]},"properties":{"line":"27P","mode":"bus","color":"#0059a9","colorDark":"#00294f","band":2,"off":[-1.7,1.1]}},{"type":"Feature","geometry":{"type":"Point","coordinates":[21.865637,47.085396]},"properties":{"line":"31","mode":"bus","color":"#0059a9","colorDark":"#00294f","band":2,"off":[1.7,1.1]}},{"type":"Feature","geometry":{"type":"Point","coordinates":[21.865637,47.085396]},"properties":{"line":"32","mode":"bus","color":"#0059a9","colorDark":"#00294f","band":2,"off":[5.1,1.1]}},{"type":"Feature","geometry":{"type":"Point","coordinates":[21.871504,47.089288]},"properties":{"name":"Eurobusiness Parc 3","band":2,"modes":"bus","arr":["33","33E","33P","34","35"],"off":[0,-0.8]}},{"type":"Feature","geometry":{"type":"Point","coordinates":[21.871504,47.089288]},"properties":{"line":"33","mode":"bus","color":"#0059a9","colorDark":"#00294f","band":2,"off":[-6.8,1.1]}},{"type":"Feature","geometry":{"type":"Point","coordinates":[21.871504,47.089288]},"properties":{"line":"33E","mode":"bus","color":"#0059a9","colorDark":"#00294f","band":2,"off":[-3.4,1.1]}},{"type":"Feature","geometry":{"type":"Point","coordinates":[21.871504,47.089288]},"properties":{"line":"33P","mode":"bus","color":"#0059a9","colorDark":"#00294f","band":2,"off":[0,1.1]}},{"type":"Feature","geometry":{"type":"Point","coordinates":[21.871504,47.089288]},"properties":{"line":"34","mode":"bus","color":"#0059a9","colorDark":"#00294f","band":2,"off":[3.4,1.1]}},{"type":"Feature","geometry":{"type":"Point","coordinates":[21.871504,47.089288]},"properties":{"line":"35","mode":"bus","color":"#0059a9","colorDark":"#00294f","band":2,"off":[6.8,1.1]}},{"type":"Feature","geometry":{"type":"Point","coordinates":[21.897115,47.025981]},"properties":{"name":"Aeroportul Oradea","band":2,"modes":"bus","arr":["28"],"off":[0,-0.8]}},{"type":"Feature","geometry":{"type":"Point","coordinates":[21.897115,47.025981]},"properties":{"line":"28","mode":"bus","color":"#0059a9","colorDark":"#00294f","band":2,"off":[0,1.1]}},{"type":"Feature","geometry":{"type":"Point","coordinates":[21.909496,47.042943]},"properties":{"name":"Leroy Merlin","band":2,"modes":"bus","arr":["30"],"off":[0,-0.8]}},{"type":"Feature","geometry":{"type":"Point","coordinates":[21.909496,47.042943]},"properties":{"line":"30","mode":"bus","color":"#0059a9","colorDark":"#00294f","band":2,"off":[0,1.1]}},{"type":"Feature","geometry":{"type":"Point","coordinates":[21.894312,47.103039]},"properties":{"name":"Suisului","band":2,"modes":"bus","arr":["35"],"off":[0,-0.8]}},{"type":"Feature","geometry":{"type":"Point","coordinates":[21.894312,47.103039]},"properties":{"line":"35","mode":"bus","color":"#0059a9","colorDark":"#00294f","band":2,"off":[0,1.1]}},{"type":"Feature","geometry":{"type":"Point","coordinates":[21.917486,47.057571]},"properties":{"name":"Andrei Saguna","band":2,"modes":"bus","arr":["T9"],"off":[0,-0.8]}},{"type":"Feature","geometry":{"type":"Point","coordinates":[21.917486,47.057571]},"properties":{"line":"T9","mode":"bus","color":"#0059a9","colorDark":"#00294f","band":2,"off":[0,1.1]}},{"type":"Feature","geometry":{"type":"Point","coordinates":[21.860154,47.098075]},"properties":{"name":"Calea Borsului nr.40","band":2,"modes":"bus","arr":["36","37","38","39"],"off":[0,-0.8]}},{"type":"Feature","geometry":{"type":"Point","coordinates":[21.860154,47.098075]},"properties":{"line":"36","mode":"bus","color":"#0059a9","colorDark":"#00294f","band":2,"off":[-5.1,1.1]}},{"type":"Feature","geometry":{"type":"Point","coordinates":[21.860154,47.098075]},"properties":{"line":"37","mode":"bus","color":"#0059a9","colorDark":"#00294f","band":2,"off":[-1.7,1.1]}},{"type":"Feature","geometry":{"type":"Point","coordinates":[21.860154,47.098075]},"properties":{"line":"38","mode":"bus","color":"#0059a9","colorDark":"#00294f","band":2,"off":[1.7,1.1]}},{"type":"Feature","geometry":{"type":"Point","coordinates":[21.860154,47.098075]},"properties":{"line":"39","mode":"bus","color":"#0059a9","colorDark":"#00294f","band":2,"off":[5.1,1.1]}},{"type":"Feature","geometry":{"type":"Point","coordinates":[21.901688,47.087397]},"properties":{"name":"Parc Industrial 3/3","band":2,"modes":"bus","arr":["42"],"off":[0,-0.8]}},{"type":"Feature","geometry":{"type":"Point","coordinates":[21.901688,47.087397]},"properties":{"line":"42","mode":"bus","color":"#0059a9","colorDark":"#00294f","band":2,"off":[0,1.1]}},{"type":"Feature","geometry":{"type":"Point","coordinates":[21.879501,47.049949]},"properties":{"name":"Terra","band":2,"modes":"bus","arr":["43"],"off":[0,-0.8]}},{"type":"Feature","geometry":{"type":"Point","coordinates":[21.879501,47.049949]},"properties":{"line":"43","mode":"bus","color":"#0059a9","colorDark":"#00294f","band":2,"off":[0,1.1]}},{"type":"Feature","geometry":{"type":"Point","coordinates":[21.976338,46.987695]},"properties":{"name":"Padurea Felix","band":2,"modes":"bus","arr":["511"],"off":[0,-0.8]}},{"type":"Feature","geometry":{"type":"Point","coordinates":[21.976338,46.987695]},"properties":{"line":"511","mode":"bus","color":"#0059a9","colorDark":"#00294f","band":2,"off":[0,1.1]}},{"type":"Feature","geometry":{"type":"Point","coordinates":[21.99944,46.996566]},"properties":{"name":"Baile 1 Mai","band":2,"modes":"bus","arr":["512"],"off":[0,-0.8]}},{"type":"Feature","geometry":{"type":"Point","coordinates":[21.99944,46.996566]},"properties":{"line":"512","mode":"bus","color":"#0059a9","colorDark":"#00294f","band":2,"off":[0,1.1]}},{"type":"Feature","geometry":{"type":"Point","coordinates":[21.97494,46.964817]},"properties":{"name":"Scoala Cordau","band":2,"modes":"bus","arr":["513"],"off":[0,-0.8]}},{"type":"Feature","geometry":{"type":"Point","coordinates":[21.97494,46.964817]},"properties":{"line":"513","mode":"bus","color":"#0059a9","colorDark":"#00294f","band":2,"off":[0,1.1]}},{"type":"Feature","geometry":{"type":"Point","coordinates":[22.019935,46.972335]},"properties":{"name":"Betfia nr.111","band":2,"modes":"bus","arr":["514"],"off":[0,-0.8]}},{"type":"Feature","geometry":{"type":"Point","coordinates":[22.019935,46.972335]},"properties":{"line":"514","mode":"bus","color":"#0059a9","colorDark":"#00294f","band":2,"off":[0,1.1]}},{"type":"Feature","geometry":{"type":"Point","coordinates":[22.063611,46.965391]},"properties":{"name":"Sintelec nr.165","band":2,"modes":"bus","arr":["515"],"off":[0,-0.8]}},{"type":"Feature","geometry":{"type":"Point","coordinates":[22.063611,46.965391]},"properties":{"line":"515","mode":"bus","color":"#0059a9","colorDark":"#00294f","band":2,"off":[0,1.1]}},{"type":"Feature","geometry":{"type":"Point","coordinates":[21.971147,46.890449]},"properties":{"name":"Sumugiu Centru","band":2,"modes":"bus","arr":["516","517"],"off":[0,-0.8]}},{"type":"Feature","geometry":{"type":"Point","coordinates":[21.971147,46.890449]},"properties":{"line":"516","mode":"bus","color":"#0059a9","colorDark":"#00294f","band":2,"off":[-1.7,1.1]}},{"type":"Feature","geometry":{"type":"Point","coordinates":[21.971147,46.890449]},"properties":{"line":"517","mode":"bus","color":"#0059a9","colorDark":"#00294f","band":2,"off":[1.7,1.1]}},{"type":"Feature","geometry":{"type":"Point","coordinates":[21.942089,46.992827]},"properties":{"name":"Strada din deal","band":2,"modes":"bus","arr":["531"],"off":[0,-0.8]}},{"type":"Feature","geometry":{"type":"Point","coordinates":[21.942089,46.992827]},"properties":{"line":"531","mode":"bus","color":"#0059a9","colorDark":"#00294f","band":2,"off":[0,1.1]}},{"type":"Feature","geometry":{"type":"Point","coordinates":[21.810714,47.115268]},"properties":{"name":"Primaria Bors","band":2,"modes":"bus","arr":["611"],"off":[0,-0.8]}},{"type":"Feature","geometry":{"type":"Point","coordinates":[21.810714,47.115268]},"properties":{"line":"611","mode":"bus","color":"#0059a9","colorDark":"#00294f","band":2,"off":[0,1.1]}},{"type":"Feature","geometry":{"type":"Point","coordinates":[21.83702,47.169859]},"properties":{"name":"Parc Santaul Mare","band":2,"modes":"bus","arr":["612"],"off":[0,-0.8]}},{"type":"Feature","geometry":{"type":"Point","coordinates":[21.83702,47.169859]},"properties":{"line":"612","mode":"bus","color":"#0059a9","colorDark":"#00294f","band":2,"off":[0,1.1]}},{"type":"Feature","geometry":{"type":"Point","coordinates":[22.111822,47.141148]},"properties":{"name":"Susturogi ABC","band":2,"modes":"bus","arr":["721"],"off":[0,-0.8]}},{"type":"Feature","geometry":{"type":"Point","coordinates":[22.111822,47.141148]},"properties":{"line":"721","mode":"bus","color":"#0059a9","colorDark":"#00294f","band":2,"off":[0,1.1]}},{"type":"Feature","geometry":{"type":"Point","coordinates":[21.974724,47.090919]},"properties":{"name":"Statia de pompare Saldabagiu","band":2,"modes":"bus","arr":["722"],"off":[0,-0.8]}},{"type":"Feature","geometry":{"type":"Point","coordinates":[21.974724,47.090919]},"properties":{"line":"722","mode":"bus","color":"#0059a9","colorDark":"#00294f","band":2,"off":[0,1.1]}},{"type":"Feature","geometry":{"type":"Point","coordinates":[21.721953,47.135147]},"properties":{"name":"Gara Keresztes","band":2,"modes":"bus","arr":["RoHu"],"off":[0,-0.8]}},{"type":"Feature","geometry":{"type":"Point","coordinates":[21.721953,47.135147]},"properties":{"line":"RoHu","mode":"bus","color":"#0059a9","colorDark":"#00294f","band":2,"off":[0,1.1]}},{"type":"Feature","geometry":{"type":"Point","coordinates":[21.93161,47.070592]},"properties":{"name":"Stadion","band":2,"modes":"bus","arr":["T8"],"off":[0,-0.8]}},{"type":"Feature","geometry":{"type":"Point","coordinates":[21.93161,47.070592]},"properties":{"line":"T8","mode":"bus","color":"#0059a9","colorDark":"#00294f","band":2,"off":[0,1.1]}},{"type":"Feature","geometry":{"type":"Point","coordinates":[21.896295,47.060792]},"properties":{"name":"Iosia","band":2,"modes":"tram","arr":["2","8"],"off":[0,-0.8]}},{"type":"Feature","geometry":{"type":"Point","coordinates":[21.896295,47.060792]},"properties":{"line":"2","mode":"tram","color":"#d6212b","colorDark":"#7c1116","band":2,"off":[-1.7,1.1]}},{"type":"Feature","geometry":{"type":"Point","coordinates":[21.896295,47.060792]},"properties":{"line":"8","mode":"tram","color":"#d6212b","colorDark":"#7c1116","band":2,"off":[1.7,1.1]}},{"type":"Feature","geometry":{"type":"Point","coordinates":[21.880052,47.087168]},"properties":{"name":"Sinteza","band":2,"modes":"tram","arr":["9"],"off":[0,-0.8]}},{"type":"Feature","geometry":{"type":"Point","coordinates":[21.880052,47.087168]},"properties":{"line":"9","mode":"tram","color":"#d6212b","colorDark":"#7c1116","band":2,"off":[0,1.1]}},{"type":"Feature","geometry":{"type":"Point","coordinates":[21.955858,47.044198]},"properties":{"name":"Complex Seleusului","band":3,"modes":"bus","arr":["10"],"off":[0,-0.8]}},{"type":"Feature","geometry":{"type":"Point","coordinates":[21.955858,47.044198]},"properties":{"line":"10","mode":"bus","color":"#0059a9","colorDark":"#00294f","band":3,"off":[0,1.1]}},{"type":"Feature","geometry":{"type":"Point","coordinates":[21.939024,47.052877]},"properties":{"name":"Casa de Cultura","band":3,"modes":"bus","arr":["25"],"off":[0,-0.8]}},{"type":"Feature","geometry":{"type":"Point","coordinates":[21.939024,47.052877]},"properties":{"line":"25","mode":"bus","color":"#0059a9","colorDark":"#00294f","band":3,"off":[0,1.1]}},{"type":"Feature","geometry":{"type":"Point","coordinates":[21.932745,47.053351]},"properties":{"name":"Parc 1 Decembrie","band":3,"modes":"bus","arr":["24","42"],"off":[0,-0.8]}},{"type":"Feature","geometry":{"type":"Point","coordinates":[21.932745,47.053351]},"properties":{"line":"24","mode":"bus","color":"#0059a9","colorDark":"#00294f","band":3,"off":[-1.7,1.1]}},{"type":"Feature","geometry":{"type":"Point","coordinates":[21.932745,47.053351]},"properties":{"line":"42","mode":"bus","color":"#0059a9","colorDark":"#00294f","band":3,"off":[1.7,1.1]}},{"type":"Feature","geometry":{"type":"Point","coordinates":[21.915398,47.055335]},"properties":{"name":"Calea Aradului nr.9","band":3,"modes":"bus","arr":["33P"],"off":[0,-0.8]}},{"type":"Feature","geometry":{"type":"Point","coordinates":[21.915398,47.055335]},"properties":{"line":"33P","mode":"bus","color":"#0059a9","colorDark":"#00294f","band":3,"off":[0,1.1]}},{"type":"Feature","geometry":{"type":"Point","coordinates":[21.890129,47.053989]},"properties":{"name":"Densusianu","band":3,"modes":"bus","arr":["10"],"off":[0,-0.8]}},{"type":"Feature","geometry":{"type":"Point","coordinates":[21.890129,47.053989]},"properties":{"line":"10","mode":"bus","color":"#0059a9","colorDark":"#00294f","band":3,"off":[0,1.1]}},{"type":"Feature","geometry":{"type":"Point","coordinates":[21.936588,47.051843]},"properties":{"name":"Piata 1 Decembrie/Bloc Turn","band":3,"modes":"bus","arr":["23"],"off":[0,-0.8]}},{"type":"Feature","geometry":{"type":"Point","coordinates":[21.936588,47.051843]},"properties":{"line":"23","mode":"bus","color":"#0059a9","colorDark":"#00294f","band":3,"off":[0,1.1]}},{"type":"Feature","geometry":{"type":"Point","coordinates":[21.939001,47.054448]},"properties":{"name":"Piata Emanuil Gojdu","band":3,"modes":"bus","arr":["11","T8"],"off":[0,-0.8]}},{"type":"Feature","geometry":{"type":"Point","coordinates":[21.939001,47.054448]},"properties":{"line":"11","mode":"bus","color":"#0059a9","colorDark":"#00294f","band":3,"off":[-1.7,1.1]}},{"type":"Feature","geometry":{"type":"Point","coordinates":[21.939001,47.054448]},"properties":{"line":"T8","mode":"bus","color":"#0059a9","colorDark":"#00294f","band":3,"off":[1.7,1.1]}},{"type":"Feature","geometry":{"type":"Point","coordinates":[21.87781,47.099742]},"properties":{"name":"Gara Episcopia","band":3,"modes":"bus","arr":["11"],"off":[0,-0.8]}},{"type":"Feature","geometry":{"type":"Point","coordinates":[21.87781,47.099742]},"properties":{"line":"11","mode":"bus","color":"#0059a9","colorDark":"#00294f","band":3,"off":[0,1.1]}},{"type":"Feature","geometry":{"type":"Point","coordinates":[21.925209,47.071476]},"properties":{"name":"Parc Olosig","band":3,"modes":"bus","arr":["721"],"off":[0,-0.8]}},{"type":"Feature","geometry":{"type":"Point","coordinates":[21.925209,47.071476]},"properties":{"line":"721","mode":"bus","color":"#0059a9","colorDark":"#00294f","band":3,"off":[0,1.1]}},{"type":"Feature","geometry":{"type":"Point","coordinates":[21.960718,47.025607]},"properties":{"name":"Kaufland Nufarul","band":3,"modes":"bus","arr":["12"],"off":[0,-0.8]}},{"type":"Feature","geometry":{"type":"Point","coordinates":[21.960718,47.025607]},"properties":{"line":"12","mode":"bus","color":"#0059a9","colorDark":"#00294f","band":3,"off":[0,1.1]}},{"type":"Feature","geometry":{"type":"Point","coordinates":[21.957482,47.029538]},"properties":{"name":"Morii nr.5","band":3,"modes":"bus","arr":["41"],"off":[0,-0.8]}},{"type":"Feature","geometry":{"type":"Point","coordinates":[21.957482,47.029538]},"properties":{"line":"41","mode":"bus","color":"#0059a9","colorDark":"#00294f","band":3,"off":[0,1.1]}},{"type":"Feature","geometry":{"type":"Point","coordinates":[21.956579,47.035462]},"properties":{"name":"Piata Nucetului","band":3,"modes":"bus","arr":["31"],"off":[0,-0.8]}},{"type":"Feature","geometry":{"type":"Point","coordinates":[21.956579,47.035462]},"properties":{"line":"31","mode":"bus","color":"#0059a9","colorDark":"#00294f","band":3,"off":[0,1.1]}},{"type":"Feature","geometry":{"type":"Point","coordinates":[21.937501,47.049763]},"properties":{"name":"Piata Cetatii [s]","band":3,"modes":"bus","arr":["16T"],"off":[0,-0.8]}},{"type":"Feature","geometry":{"type":"Point","coordinates":[21.937501,47.049763]},"properties":{"line":"16T","mode":"bus","color":"#0059a9","colorDark":"#00294f","band":3,"off":[0,1.1]}},{"type":"Feature","geometry":{"type":"Point","coordinates":[21.927972,47.054914]},"properties":{"name":"Piata Unirii/Ep. Greco-Catolica","band":3,"modes":"bus","arr":["12"],"off":[0,-0.8]}},{"type":"Feature","geometry":{"type":"Point","coordinates":[21.927972,47.054914]},"properties":{"line":"12","mode":"bus","color":"#0059a9","colorDark":"#00294f","band":3,"off":[0,1.1]}},{"type":"Feature","geometry":{"type":"Point","coordinates":[21.933556,47.043325]},"properties":{"name":"Piata 22 Decembrie","band":3,"modes":"bus","arr":["37"],"off":[0,-0.8]}},{"type":"Feature","geometry":{"type":"Point","coordinates":[21.933556,47.043325]},"properties":{"line":"37","mode":"bus","color":"#0059a9","colorDark":"#00294f","band":3,"off":[0,1.1]}},{"type":"Feature","geometry":{"type":"Point","coordinates":[21.95797,47.033506]},"properties":{"name":"Str. Bumbacului","band":3,"modes":"bus","arr":["33","33E"],"off":[0,-0.8]}},{"type":"Feature","geometry":{"type":"Point","coordinates":[21.95797,47.033506]},"properties":{"line":"33","mode":"bus","color":"#0059a9","colorDark":"#00294f","band":3,"off":[-1.7,1.1]}},{"type":"Feature","geometry":{"type":"Point","coordinates":[21.95797,47.033506]},"properties":{"line":"33E","mode":"bus","color":"#0059a9","colorDark":"#00294f","band":3,"off":[1.7,1.1]}},{"type":"Feature","geometry":{"type":"Point","coordinates":[21.97219,47.069708]},"properties":{"name":"Gheorghe Doja nr.190","band":3,"modes":"bus","arr":["13"],"off":[0,-0.8]}},{"type":"Feature","geometry":{"type":"Point","coordinates":[21.97219,47.069708]},"properties":{"line":"13","mode":"bus","color":"#0059a9","colorDark":"#00294f","band":3,"off":[0,1.1]}},{"type":"Feature","geometry":{"type":"Point","coordinates":[21.938568,47.050269]},"properties":{"name":"Piata Cetatii","band":3,"modes":"bus","arr":["13","15","722"],"off":[0,-0.8]}},{"type":"Feature","geometry":{"type":"Point","coordinates":[21.938568,47.050269]},"properties":{"line":"13","mode":"bus","color":"#0059a9","colorDark":"#00294f","band":3,"off":[-3.4,1.1]}},{"type":"Feature","geometry":{"type":"Point","coordinates":[21.938568,47.050269]},"properties":{"line":"15","mode":"bus","color":"#0059a9","colorDark":"#00294f","band":3,"off":[0,1.1]}},{"type":"Feature","geometry":{"type":"Point","coordinates":[21.938568,47.050269]},"properties":{"line":"722","mode":"bus","color":"#0059a9","colorDark":"#00294f","band":3,"off":[3.4,1.1]}},{"type":"Feature","geometry":{"type":"Point","coordinates":[21.919241,47.042268]},"properties":{"name":"Cimitirul Rulikowsky","band":3,"modes":"bus","arr":["14"],"off":[0,-0.8]}},{"type":"Feature","geometry":{"type":"Point","coordinates":[21.919241,47.042268]},"properties":{"line":"14","mode":"bus","color":"#0059a9","colorDark":"#00294f","band":3,"off":[0,1.1]}},{"type":"Feature","geometry":{"type":"Point","coordinates":[21.910869,47.079332]},"properties":{"name":"Biserica Baptista Rogerius","band":3,"modes":"bus","arr":["14","14P"],"off":[0,-0.8]}},{"type":"Feature","geometry":{"type":"Point","coordinates":[21.910869,47.079332]},"properties":{"line":"14","mode":"bus","color":"#0059a9","colorDark":"#00294f","band":3,"off":[-1.7,1.1]}},{"type":"Feature","geometry":{"type":"Point","coordinates":[21.910869,47.079332]},"properties":{"line":"14P","mode":"bus","color":"#0059a9","colorDark":"#00294f","band":3,"off":[1.7,1.1]}},{"type":"Feature","geometry":{"type":"Point","coordinates":[21.913257,47.026988]},"properties":{"name":"Cargo","band":3,"modes":"bus","arr":["14P","29","41"],"off":[0,-0.8]}},{"type":"Feature","geometry":{"type":"Point","coordinates":[21.913257,47.026988]},"properties":{"line":"14P","mode":"bus","color":"#0059a9","colorDark":"#00294f","band":3,"off":[-3.4,1.1]}},{"type":"Feature","geometry":{"type":"Point","coordinates":[21.913257,47.026988]},"properties":{"line":"29","mode":"bus","color":"#0059a9","colorDark":"#00294f","band":3,"off":[0,1.1]}},{"type":"Feature","geometry":{"type":"Point","coordinates":[21.913257,47.026988]},"properties":{"line":"41","mode":"bus","color":"#0059a9","colorDark":"#00294f","band":3,"off":[3.4,1.1]}},{"type":"Feature","geometry":{"type":"Point","coordinates":[21.949205,47.054696]},"properties":{"name":"Bazinul Olimpic","band":3,"modes":"bus","arr":["28","43"],"off":[0,-0.8]}},{"type":"Feature","geometry":{"type":"Point","coordinates":[21.949205,47.054696]},"properties":{"line":"28","mode":"bus","color":"#0059a9","colorDark":"#00294f","band":3,"off":[-1.7,1.1]}},{"type":"Feature","geometry":{"type":"Point","coordinates":[21.949205,47.054696]},"properties":{"line":"43","mode":"bus","color":"#0059a9","colorDark":"#00294f","band":3,"off":[1.7,1.1]}},{"type":"Feature","geometry":{"type":"Point","coordinates":[22.031421,47.066234]},"properties":{"name":"Podgoria Intrare","band":3,"modes":"bus","arr":["15"],"off":[0,-0.8]}},{"type":"Feature","geometry":{"type":"Point","coordinates":[22.031421,47.066234]},"properties":{"line":"15","mode":"bus","color":"#0059a9","colorDark":"#00294f","band":3,"off":[0,1.1]}},{"type":"Feature","geometry":{"type":"Point","coordinates":[21.997994,47.040097]},"properties":{"name":"Cartierul Tineretului","band":3,"modes":"bus","arr":["16T"],"off":[0,-0.8]}},{"type":"Feature","geometry":{"type":"Point","coordinates":[21.997994,47.040097]},"properties":{"line":"16T","mode":"bus","color":"#0059a9","colorDark":"#00294f","band":3,"off":[0,1.1]}},{"type":"Feature","geometry":{"type":"Point","coordinates":[21.980185,47.038947]},"properties":{"name":"Stadion Motorul","band":3,"modes":"bus","arr":["34"],"off":[0,-0.8]}},{"type":"Feature","geometry":{"type":"Point","coordinates":[21.980185,47.038947]},"properties":{"line":"34","mode":"bus","color":"#0059a9","colorDark":"#00294f","band":3,"off":[0,1.1]}},{"type":"Feature","geometry":{"type":"Point","coordinates":[21.961886,47.043941]},"properties":{"name":"Gara de Est","band":3,"modes":"bus","arr":["17","32"],"off":[0,-0.8]}},{"type":"Feature","geometry":{"type":"Point","coordinates":[21.961886,47.043941]},"properties":{"line":"17","mode":"bus","color":"#0059a9","colorDark":"#00294f","band":3,"off":[-1.7,1.1]}},{"type":"Feature","geometry":{"type":"Point","coordinates":[21.961886,47.043941]},"properties":{"line":"32","mode":"bus","color":"#0059a9","colorDark":"#00294f","band":3,"off":[1.7,1.1]}},{"type":"Feature","geometry":{"type":"Point","coordinates":[21.922111,47.070299]},"properties":{"name":"Spartacus","band":3,"modes":"bus","arr":["26","27","27P"],"off":[0,-0.8]}},{"type":"Feature","geometry":{"type":"Point","coordinates":[21.922111,47.070299]},"properties":{"line":"26","mode":"bus","color":"#0059a9","colorDark":"#00294f","band":3,"off":[-3.4,1.1]}},{"type":"Feature","geometry":{"type":"Point","coordinates":[21.922111,47.070299]},"properties":{"line":"27","mode":"bus","color":"#0059a9","colorDark":"#00294f","band":3,"off":[0,1.1]}},{"type":"Feature","geometry":{"type":"Point","coordinates":[21.922111,47.070299]},"properties":{"line":"27P","mode":"bus","color":"#0059a9","colorDark":"#00294f","band":3,"off":[3.4,1.1]}},{"type":"Feature","geometry":{"type":"Point","coordinates":[21.911377,47.073704]},"properties":{"name":"Dacia Zig Zag","band":3,"modes":"bus","arr":["19","29","30","611","612"],"off":[0,-0.8]}},{"type":"Feature","geometry":{"type":"Point","coordinates":[21.911377,47.073704]},"properties":{"line":"19","mode":"bus","color":"#0059a9","colorDark":"#00294f","band":3,"off":[-6.8,1.1]}},{"type":"Feature","geometry":{"type":"Point","coordinates":[21.911377,47.073704]},"properties":{"line":"29","mode":"bus","color":"#0059a9","colorDark":"#00294f","band":3,"off":[-3.4,1.1]}},{"type":"Feature","geometry":{"type":"Point","coordinates":[21.911377,47.073704]},"properties":{"line":"30","mode":"bus","color":"#0059a9","colorDark":"#00294f","band":3,"off":[0,1.1]}},{"type":"Feature","geometry":{"type":"Point","coordinates":[21.911377,47.073704]},"properties":{"line":"611","mode":"bus","color":"#0059a9","colorDark":"#00294f","band":3,"off":[3.4,1.1]}},{"type":"Feature","geometry":{"type":"Point","coordinates":[21.911377,47.073704]},"properties":{"line":"612","mode":"bus","color":"#0059a9","colorDark":"#00294f","band":3,"off":[6.8,1.1]}},{"type":"Feature","geometry":{"type":"Point","coordinates":[21.907661,47.074479]},"properties":{"name":"Pod CFR","band":3,"modes":"tram,bus","arr":["4","5","8","9","T9"],"off":[0,-0.8]}},{"type":"Feature","geometry":{"type":"Point","coordinates":[21.907661,47.074479]},"properties":{"line":"4","mode":"tram","color":"#d6212b","colorDark":"#7c1116","band":3,"off":[-6.8,1.1]}},{"type":"Feature","geometry":{"type":"Point","coordinates":[21.907661,47.074479]},"properties":{"line":"5","mode":"tram","color":"#d6212b","colorDark":"#7c1116","band":3,"off":[-3.4,1.1]}},{"type":"Feature","geometry":{"type":"Point","coordinates":[21.907661,47.074479]},"properties":{"line":"8","mode":"tram","color":"#d6212b","colorDark":"#7c1116","band":3,"off":[0,1.1]}},{"type":"Feature","geometry":{"type":"Point","coordinates":[21.907661,47.074479]},"properties":{"line":"9","mode":"tram","color":"#d6212b","colorDark":"#7c1116","band":3,"off":[3.4,1.1]}},{"type":"Feature","geometry":{"type":"Point","coordinates":[21.907661,47.074479]},"properties":{"line":"T9","mode":"bus","color":"#0059a9","colorDark":"#00294f","band":3,"off":[6.8,1.1]}},{"type":"Feature","geometry":{"type":"Point","coordinates":[21.902614,47.075878]},"properties":{"name":"Kaufland Calea Borsului","band":3,"modes":"bus","arr":["17"],"off":[0,-0.8]}},{"type":"Feature","geometry":{"type":"Point","coordinates":[21.902614,47.075878]},"properties":{"line":"17","mode":"bus","color":"#0059a9","colorDark":"#00294f","band":3,"off":[0,1.1]}},{"type":"Feature","geometry":{"type":"Point","coordinates":[21.933884,47.072335]},"properties":{"name":"Autogara Stefan Cel Mare","band":3,"modes":"bus","arr":["18","22"],"off":[0,-0.8]}},{"type":"Feature","geometry":{"type":"Point","coordinates":[21.933884,47.072335]},"properties":{"line":"18","mode":"bus","color":"#0059a9","colorDark":"#00294f","band":3,"off":[-1.7,1.1]}},{"type":"Feature","geometry":{"type":"Point","coordinates":[21.933884,47.072335]},"properties":{"line":"22","mode":"bus","color":"#0059a9","colorDark":"#00294f","band":3,"off":[1.7,1.1]}},{"type":"Feature","geometry":{"type":"Point","coordinates":[21.946761,47.083248]},"properties":{"name":"Izvorului nr.52","band":3,"modes":"bus","arr":["18"],"off":[0,-0.8]}},{"type":"Feature","geometry":{"type":"Point","coordinates":[21.946761,47.083248]},"properties":{"line":"18","mode":"bus","color":"#0059a9","colorDark":"#00294f","band":3,"off":[0,1.1]}},{"type":"Feature","geometry":{"type":"Point","coordinates":[21.904354,47.041431]},"properties":{"name":"ERA Shopping Park","band":3,"modes":"bus","arr":["19","23"],"off":[0,-0.8]}},{"type":"Feature","geometry":{"type":"Point","coordinates":[21.904354,47.041431]},"properties":{"line":"19","mode":"bus","color":"#0059a9","colorDark":"#00294f","band":3,"off":[-1.7,1.1]}},{"type":"Feature","geometry":{"type":"Point","coordinates":[21.904354,47.041431]},"properties":{"line":"23","mode":"bus","color":"#0059a9","colorDark":"#00294f","band":3,"off":[1.7,1.1]}},{"type":"Feature","geometry":{"type":"Point","coordinates":[21.893703,47.111189]},"properties":{"name":"La Cocos Episcopia","band":3,"modes":"bus","arr":["22"],"off":[0,-0.8]}},{"type":"Feature","geometry":{"type":"Point","coordinates":[21.893703,47.111189]},"properties":{"line":"22","mode":"bus","color":"#0059a9","colorDark":"#00294f","band":3,"off":[0,1.1]}},{"type":"Feature","geometry":{"type":"Point","coordinates":[21.918083,47.05455]},"properties":{"name":"Autogara Decebal","band":3,"modes":"bus","arr":["RoHu"],"off":[0,-0.8]}},{"type":"Feature","geometry":{"type":"Point","coordinates":[21.918083,47.05455]},"properties":{"line":"RoHu","mode":"bus","color":"#0059a9","colorDark":"#00294f","band":3,"off":[0,1.1]}},{"type":"Feature","geometry":{"type":"Point","coordinates":[21.898487,47.043672]},"properties":{"name":"Kaufland Calea Aradului","band":3,"modes":"bus","arr":["24"],"off":[0,-0.8]}},{"type":"Feature","geometry":{"type":"Point","coordinates":[21.898487,47.043672]},"properties":{"line":"24","mode":"bus","color":"#0059a9","colorDark":"#00294f","band":3,"off":[0,1.1]}},{"type":"Feature","geometry":{"type":"Point","coordinates":[21.933374,47.025295]},"properties":{"name":"Str. Daliei nr.1","band":3,"modes":"bus","arr":["25"],"off":[0,-0.8]}},{"type":"Feature","geometry":{"type":"Point","coordinates":[21.933374,47.025295]},"properties":{"line":"25","mode":"bus","color":"#0059a9","colorDark":"#00294f","band":3,"off":[0,1.1]}},{"type":"Feature","geometry":{"type":"Point","coordinates":[21.955093,47.029176]},"properties":{"name":"Autogara Nufarul","band":3,"modes":"bus","arr":["25","38","511","512","513","514","515","516","517","531"],"off":[0,-0.8]}},{"type":"Feature","geometry":{"type":"Point","coordinates":[21.955093,47.029176]},"properties":{"line":"25","mode":"bus","color":"#0059a9","colorDark":"#00294f","band":3,"off":[-6.8,1.1]}},{"type":"Feature","geometry":{"type":"Point","coordinates":[21.955093,47.029176]},"properties":{"line":"38","mode":"bus","color":"#0059a9","colorDark":"#00294f","band":3,"off":[-3.4,1.1]}},{"type":"Feature","geometry":{"type":"Point","coordinates":[21.955093,47.029176]},"properties":{"line":"511","mode":"bus","color":"#0059a9","colorDark":"#00294f","band":3,"off":[0,1.1]}},{"type":"Feature","geometry":{"type":"Point","coordinates":[21.955093,47.029176]},"properties":{"line":"512","mode":"bus","color":"#0059a9","colorDark":"#00294f","band":3,"off":[3.4,1.1]}},{"type":"Feature","geometry":{"type":"Point","coordinates":[21.955093,47.029176]},"properties":{"line":"513","mode":"bus","color":"#0059a9","colorDark":"#00294f","band":3,"off":[6.8,1.1]}},{"type":"Feature","geometry":{"type":"Point","coordinates":[21.955093,47.029176]},"properties":{"line":"514","mode":"bus","color":"#0059a9","colorDark":"#00294f","band":3,"off":[-6.8,3.1]}},{"type":"Feature","geometry":{"type":"Point","coordinates":[21.955093,47.029176]},"properties":{"line":"515","mode":"bus","color":"#0059a9","colorDark":"#00294f","band":3,"off":[-3.4,3.1]}},{"type":"Feature","geometry":{"type":"Point","coordinates":[21.955093,47.029176]},"properties":{"line":"516","mode":"bus","color":"#0059a9","colorDark":"#00294f","band":3,"off":[0,3.1]}},{"type":"Feature","geometry":{"type":"Point","coordinates":[21.955093,47.029176]},"properties":{"line":"517","mode":"bus","color":"#0059a9","colorDark":"#00294f","band":3,"off":[3.4,3.1]}},{"type":"Feature","geometry":{"type":"Point","coordinates":[21.955093,47.029176]},"properties":{"line":"531","mode":"bus","color":"#0059a9","colorDark":"#00294f","band":3,"off":[6.8,3.1]}},{"type":"Feature","geometry":{"type":"Point","coordinates":[21.942164,47.040463]},"properties":{"name":"Dimitrie Cantemir","band":3,"modes":"bus","arr":["36","39"],"off":[0,-0.8]}},{"type":"Feature","geometry":{"type":"Point","coordinates":[21.942164,47.040463]},"properties":{"line":"36","mode":"bus","color":"#0059a9","colorDark":"#00294f","band":3,"off":[-1.7,1.1]}},{"type":"Feature","geometry":{"type":"Point","coordinates":[21.942164,47.040463]},"properties":{"line":"39","mode":"bus","color":"#0059a9","colorDark":"#00294f","band":3,"off":[1.7,1.1]}},{"type":"Feature","geometry":{"type":"Point","coordinates":[21.866416,47.092777]},"properties":{"name":"Eurobusiness Parc 6 Plecare","band":3,"modes":"bus","arr":["26"],"off":[0,-0.8]}},{"type":"Feature","geometry":{"type":"Point","coordinates":[21.866416,47.092777]},"properties":{"line":"26","mode":"bus","color":"#0059a9","colorDark":"#00294f","band":3,"off":[0,1.1]}},{"type":"Feature","geometry":{"type":"Point","coordinates":[21.866666,47.085888]},"properties":{"name":"Eurobusiness Parc 4","band":3,"modes":"bus","arr":["27"],"off":[0,-0.8]}},{"type":"Feature","geometry":{"type":"Point","coordinates":[21.866666,47.085888]},"properties":{"line":"27","mode":"bus","color":"#0059a9","colorDark":"#00294f","band":3,"off":[0,1.1]}},{"type":"Feature","geometry":{"type":"Point","coordinates":[21.871504,47.089288]},"properties":{"name":"Eurobusiness Parc 3","band":3,"modes":"bus","arr":["33","33E","33P","34","35"],"off":[0,-0.8]}},{"type":"Feature","geometry":{"type":"Point","coordinates":[21.871504,47.089288]},"properties":{"line":"33","mode":"bus","color":"#0059a9","colorDark":"#00294f","band":3,"off":[-6.8,1.1]}},{"type":"Feature","geometry":{"type":"Point","coordinates":[21.871504,47.089288]},"properties":{"line":"33E","mode":"bus","color":"#0059a9","colorDark":"#00294f","band":3,"off":[-3.4,1.1]}},{"type":"Feature","geometry":{"type":"Point","coordinates":[21.871504,47.089288]},"properties":{"line":"33P","mode":"bus","color":"#0059a9","colorDark":"#00294f","band":3,"off":[0,1.1]}},{"type":"Feature","geometry":{"type":"Point","coordinates":[21.871504,47.089288]},"properties":{"line":"34","mode":"bus","color":"#0059a9","colorDark":"#00294f","band":3,"off":[3.4,1.1]}},{"type":"Feature","geometry":{"type":"Point","coordinates":[21.871504,47.089288]},"properties":{"line":"35","mode":"bus","color":"#0059a9","colorDark":"#00294f","band":3,"off":[6.8,1.1]}},{"type":"Feature","geometry":{"type":"Point","coordinates":[21.864607,47.084903]},"properties":{"name":"Eurobusiness Parc 11","band":3,"modes":"bus","arr":["27P","31","32"],"off":[0,-0.8]}},{"type":"Feature","geometry":{"type":"Point","coordinates":[21.864607,47.084903]},"properties":{"line":"27P","mode":"bus","color":"#0059a9","colorDark":"#00294f","band":3,"off":[-3.4,1.1]}},{"type":"Feature","geometry":{"type":"Point","coordinates":[21.864607,47.084903]},"properties":{"line":"31","mode":"bus","color":"#0059a9","colorDark":"#00294f","band":3,"off":[0,1.1]}},{"type":"Feature","geometry":{"type":"Point","coordinates":[21.864607,47.084903]},"properties":{"line":"32","mode":"bus","color":"#0059a9","colorDark":"#00294f","band":3,"off":[3.4,1.1]}},{"type":"Feature","geometry":{"type":"Point","coordinates":[21.897115,47.025981]},"properties":{"name":"Aeroportul Oradea","band":3,"modes":"bus","arr":["28"],"off":[0,-0.8]}},{"type":"Feature","geometry":{"type":"Point","coordinates":[21.897115,47.025981]},"properties":{"line":"28","mode":"bus","color":"#0059a9","colorDark":"#00294f","band":3,"off":[0,1.1]}},{"type":"Feature","geometry":{"type":"Point","coordinates":[21.909496,47.042943]},"properties":{"name":"Leroy Merlin","band":3,"modes":"bus","arr":["30"],"off":[0,-0.8]}},{"type":"Feature","geometry":{"type":"Point","coordinates":[21.909496,47.042943]},"properties":{"line":"30","mode":"bus","color":"#0059a9","colorDark":"#00294f","band":3,"off":[0,1.1]}},{"type":"Feature","geometry":{"type":"Point","coordinates":[21.894312,47.103039]},"properties":{"name":"Suisului","band":3,"modes":"bus","arr":["35"],"off":[0,-0.8]}},{"type":"Feature","geometry":{"type":"Point","coordinates":[21.894312,47.103039]},"properties":{"line":"35","mode":"bus","color":"#0059a9","colorDark":"#00294f","band":3,"off":[0,1.1]}},{"type":"Feature","geometry":{"type":"Point","coordinates":[21.917486,47.057475]},"properties":{"name":"Andrei Saguna","band":3,"modes":"bus","arr":["T9"],"off":[0,-0.8]}},{"type":"Feature","geometry":{"type":"Point","coordinates":[21.917486,47.057475]},"properties":{"line":"T9","mode":"bus","color":"#0059a9","colorDark":"#00294f","band":3,"off":[0,1.1]}},{"type":"Feature","geometry":{"type":"Point","coordinates":[21.860154,47.098075]},"properties":{"name":"Calea Borsului nr.40","band":3,"modes":"bus","arr":["36","37","38","39"],"off":[0,-0.8]}},{"type":"Feature","geometry":{"type":"Point","coordinates":[21.860154,47.098075]},"properties":{"line":"36","mode":"bus","color":"#0059a9","colorDark":"#00294f","band":3,"off":[-5.1,1.1]}},{"type":"Feature","geometry":{"type":"Point","coordinates":[21.860154,47.098075]},"properties":{"line":"37","mode":"bus","color":"#0059a9","colorDark":"#00294f","band":3,"off":[-1.7,1.1]}},{"type":"Feature","geometry":{"type":"Point","coordinates":[21.860154,47.098075]},"properties":{"line":"38","mode":"bus","color":"#0059a9","colorDark":"#00294f","band":3,"off":[1.7,1.1]}},{"type":"Feature","geometry":{"type":"Point","coordinates":[21.860154,47.098075]},"properties":{"line":"39","mode":"bus","color":"#0059a9","colorDark":"#00294f","band":3,"off":[5.1,1.1]}},{"type":"Feature","geometry":{"type":"Point","coordinates":[21.901688,47.087397]},"properties":{"name":"Parc Industrial 3/3","band":3,"modes":"bus","arr":["42"],"off":[0,-0.8]}},{"type":"Feature","geometry":{"type":"Point","coordinates":[21.901688,47.087397]},"properties":{"line":"42","mode":"bus","color":"#0059a9","colorDark":"#00294f","band":3,"off":[0,1.1]}},{"type":"Feature","geometry":{"type":"Point","coordinates":[21.879501,47.049949]},"properties":{"name":"Terra","band":3,"modes":"bus","arr":["43"],"off":[0,-0.8]}},{"type":"Feature","geometry":{"type":"Point","coordinates":[21.879501,47.049949]},"properties":{"line":"43","mode":"bus","color":"#0059a9","colorDark":"#00294f","band":3,"off":[0,1.1]}},{"type":"Feature","geometry":{"type":"Point","coordinates":[21.976338,46.987695]},"properties":{"name":"Padurea Felix","band":3,"modes":"bus","arr":["511"],"off":[0,-0.8]}},{"type":"Feature","geometry":{"type":"Point","coordinates":[21.976338,46.987695]},"properties":{"line":"511","mode":"bus","color":"#0059a9","colorDark":"#00294f","band":3,"off":[0,1.1]}},{"type":"Feature","geometry":{"type":"Point","coordinates":[21.99944,46.996566]},"properties":{"name":"Baile 1 Mai","band":3,"modes":"bus","arr":["512"],"off":[0,-0.8]}},{"type":"Feature","geometry":{"type":"Point","coordinates":[21.99944,46.996566]},"properties":{"line":"512","mode":"bus","color":"#0059a9","colorDark":"#00294f","band":3,"off":[0,1.1]}},{"type":"Feature","geometry":{"type":"Point","coordinates":[21.97494,46.964817]},"properties":{"name":"Scoala Cordau","band":3,"modes":"bus","arr":["513"],"off":[0,-0.8]}},{"type":"Feature","geometry":{"type":"Point","coordinates":[21.97494,46.964817]},"properties":{"line":"513","mode":"bus","color":"#0059a9","colorDark":"#00294f","band":3,"off":[0,1.1]}},{"type":"Feature","geometry":{"type":"Point","coordinates":[22.019935,46.972335]},"properties":{"name":"Betfia nr.111","band":3,"modes":"bus","arr":["514"],"off":[0,-0.8]}},{"type":"Feature","geometry":{"type":"Point","coordinates":[22.019935,46.972335]},"properties":{"line":"514","mode":"bus","color":"#0059a9","colorDark":"#00294f","band":3,"off":[0,1.1]}},{"type":"Feature","geometry":{"type":"Point","coordinates":[22.063611,46.965391]},"properties":{"name":"Sintelec nr.165","band":3,"modes":"bus","arr":["515"],"off":[0,-0.8]}},{"type":"Feature","geometry":{"type":"Point","coordinates":[22.063611,46.965391]},"properties":{"line":"515","mode":"bus","color":"#0059a9","colorDark":"#00294f","band":3,"off":[0,1.1]}},{"type":"Feature","geometry":{"type":"Point","coordinates":[21.971147,46.890449]},"properties":{"name":"Sumugiu Centru","band":3,"modes":"bus","arr":["516","517"],"off":[0,-0.8]}},{"type":"Feature","geometry":{"type":"Point","coordinates":[21.971147,46.890449]},"properties":{"line":"516","mode":"bus","color":"#0059a9","colorDark":"#00294f","band":3,"off":[-1.7,1.1]}},{"type":"Feature","geometry":{"type":"Point","coordinates":[21.971147,46.890449]},"properties":{"line":"517","mode":"bus","color":"#0059a9","colorDark":"#00294f","band":3,"off":[1.7,1.1]}},{"type":"Feature","geometry":{"type":"Point","coordinates":[21.942089,46.992827]},"properties":{"name":"Strada din deal","band":3,"modes":"bus","arr":["531"],"off":[0,-0.8]}},{"type":"Feature","geometry":{"type":"Point","coordinates":[21.942089,46.992827]},"properties":{"line":"531","mode":"bus","color":"#0059a9","colorDark":"#00294f","band":3,"off":[0,1.1]}},{"type":"Feature","geometry":{"type":"Point","coordinates":[21.810714,47.115268]},"properties":{"name":"Primaria Bors","band":3,"modes":"bus","arr":["611"],"off":[0,-0.8]}},{"type":"Feature","geometry":{"type":"Point","coordinates":[21.810714,47.115268]},"properties":{"line":"611","mode":"bus","color":"#0059a9","colorDark":"#00294f","band":3,"off":[0,1.1]}},{"type":"Feature","geometry":{"type":"Point","coordinates":[21.83702,47.169859]},"properties":{"name":"Parc Santaul Mare","band":3,"modes":"bus","arr":["612"],"off":[0,-0.8]}},{"type":"Feature","geometry":{"type":"Point","coordinates":[21.83702,47.169859]},"properties":{"line":"612","mode":"bus","color":"#0059a9","colorDark":"#00294f","band":3,"off":[0,1.1]}},{"type":"Feature","geometry":{"type":"Point","coordinates":[22.111822,47.141148]},"properties":{"name":"Susturogi ABC","band":3,"modes":"bus","arr":["721"],"off":[0,-0.8]}},{"type":"Feature","geometry":{"type":"Point","coordinates":[22.111822,47.141148]},"properties":{"line":"721","mode":"bus","color":"#0059a9","colorDark":"#00294f","band":3,"off":[0,1.1]}},{"type":"Feature","geometry":{"type":"Point","coordinates":[21.974724,47.090919]},"properties":{"name":"Statia de pompare Saldabagiu","band":3,"modes":"bus","arr":["722"],"off":[0,-0.8]}},{"type":"Feature","geometry":{"type":"Point","coordinates":[21.974724,47.090919]},"properties":{"line":"722","mode":"bus","color":"#0059a9","colorDark":"#00294f","band":3,"off":[0,1.1]}},{"type":"Feature","geometry":{"type":"Point","coordinates":[21.721953,47.135147]},"properties":{"name":"Gara Keresztes","band":3,"modes":"bus","arr":["RoHu"],"off":[0,-0.8]}},{"type":"Feature","geometry":{"type":"Point","coordinates":[21.721953,47.135147]},"properties":{"line":"RoHu","mode":"bus","color":"#0059a9","colorDark":"#00294f","band":3,"off":[0,1.1]}},{"type":"Feature","geometry":{"type":"Point","coordinates":[21.93161,47.070592]},"properties":{"name":"Stadion","band":3,"modes":"bus","arr":["T8"],"off":[0,-0.8]}},{"type":"Feature","geometry":{"type":"Point","coordinates":[21.93161,47.070592]},"properties":{"line":"T8","mode":"bus","color":"#0059a9","colorDark":"#00294f","band":3,"off":[0,1.1]}},{"type":"Feature","geometry":{"type":"Point","coordinates":[21.896295,47.060792]},"properties":{"name":"Iosia","band":3,"modes":"tram","arr":["2","8"],"off":[0,-0.8]}},{"type":"Feature","geometry":{"type":"Point","coordinates":[21.896295,47.060792]},"properties":{"line":"2","mode":"tram","color":"#d6212b","colorDark":"#7c1116","band":3,"off":[-1.7,1.1]}},{"type":"Feature","geometry":{"type":"Point","coordinates":[21.896295,47.060792]},"properties":{"line":"8","mode":"tram","color":"#d6212b","colorDark":"#7c1116","band":3,"off":[1.7,1.1]}},{"type":"Feature","geometry":{"type":"Point","coordinates":[21.91663,47.055592]},"properties":{"name":"Lic.Teologic Emanuel II","band":3,"modes":"tram","arr":["6","7"],"off":[0,-0.8]}},{"type":"Feature","geometry":{"type":"Point","coordinates":[21.91663,47.055592]},"properties":{"name":"Lic.Teologic Emanuel","band":3,"modes":"tram","arr":["6","7"],"off":[0,-3]}},{"type":"Feature","geometry":{"type":"Point","coordinates":[21.91663,47.055592]},"properties":{"line":"6","mode":"tram","color":"#d6212b","colorDark":"#7c1116","band":3,"off":[-1.7,1.1]}},{"type":"Feature","geometry":{"type":"Point","coordinates":[21.91663,47.055592]},"properties":{"line":"7","mode":"tram","color":"#d6212b","colorDark":"#7c1116","band":3,"off":[1.7,1.1]}},{"type":"Feature","geometry":{"type":"Point","coordinates":[21.942165,47.03982]},"properties":{"name":"Dimitrie Cantemir","band":3,"modes":"tram","arr":["2"],"off":[0,-0.8]}},{"type":"Feature","geometry":{"type":"Point","coordinates":[21.942165,47.03982]},"properties":{"line":"2","mode":"tram","color":"#d6212b","colorDark":"#7c1116","band":3,"off":[0,1.1]}},{"type":"Feature","geometry":{"type":"Point","coordinates":[21.955122,47.029829]},"properties":{"name":"Nufarul","band":3,"modes":"tram","arr":["4","5","6","7"],"off":[0,-0.8]}},{"type":"Feature","geometry":{"type":"Point","coordinates":[21.955122,47.029829]},"properties":{"line":"4","mode":"tram","color":"#d6212b","colorDark":"#7c1116","band":3,"off":[-5.1,1.1]}},{"type":"Feature","geometry":{"type":"Point","coordinates":[21.955122,47.029829]},"properties":{"line":"5","mode":"tram","color":"#d6212b","colorDark":"#7c1116","band":3,"off":[-1.7,1.1]}},{"type":"Feature","geometry":{"type":"Point","coordinates":[21.955122,47.029829]},"properties":{"line":"6","mode":"tram","color":"#d6212b","colorDark":"#7c1116","band":3,"off":[1.7,1.1]}},{"type":"Feature","geometry":{"type":"Point","coordinates":[21.955122,47.029829]},"properties":{"line":"7","mode":"tram","color":"#d6212b","colorDark":"#7c1116","band":3,"off":[5.1,1.1]}},{"type":"Feature","geometry":{"type":"Point","coordinates":[21.880052,47.087168]},"properties":{"name":"Sinteza","band":3,"modes":"tram","arr":["9"],"off":[0,-0.8]}},{"type":"Feature","geometry":{"type":"Point","coordinates":[21.880052,47.087168]},"properties":{"line":"9","mode":"tram","color":"#d6212b","colorDark":"#7c1116","band":3,"off":[0,1.1]}},{"type":"Feature","geometry":{"type":"Point","coordinates":[21.955858,47.044198]},"properties":{"name":"Complex Seleusului","band":4,"modes":"bus","arr":["10"],"off":[0,-0.8]}},{"type":"Feature","geometry":{"type":"Point","coordinates":[21.955858,47.044198]},"properties":{"line":"10","mode":"bus","color":"#0059a9","colorDark":"#00294f","band":4,"off":[0,1.1]}},{"type":"Feature","geometry":{"type":"Point","coordinates":[21.939024,47.052877]},"properties":{"name":"Casa de Cultura","band":4,"modes":"bus","arr":["25"],"off":[0,-0.8]}},{"type":"Feature","geometry":{"type":"Point","coordinates":[21.939024,47.052877]},"properties":{"line":"25","mode":"bus","color":"#0059a9","colorDark":"#00294f","band":4,"off":[0,1.1]}},{"type":"Feature","geometry":{"type":"Point","coordinates":[21.932745,47.053351]},"properties":{"name":"Parc 1 Decembrie","band":4,"modes":"bus","arr":["24","42"],"off":[0,-0.8]}},{"type":"Feature","geometry":{"type":"Point","coordinates":[21.932745,47.053351]},"properties":{"line":"24","mode":"bus","color":"#0059a9","colorDark":"#00294f","band":4,"off":[-1.7,1.1]}},{"type":"Feature","geometry":{"type":"Point","coordinates":[21.932745,47.053351]},"properties":{"line":"42","mode":"bus","color":"#0059a9","colorDark":"#00294f","band":4,"off":[1.7,1.1]}},{"type":"Feature","geometry":{"type":"Point","coordinates":[21.915398,47.055335]},"properties":{"name":"Calea Aradului nr.9","band":4,"modes":"bus","arr":["33P"],"off":[0,-0.8]}},{"type":"Feature","geometry":{"type":"Point","coordinates":[21.915398,47.055335]},"properties":{"line":"33P","mode":"bus","color":"#0059a9","colorDark":"#00294f","band":4,"off":[0,1.1]}},{"type":"Feature","geometry":{"type":"Point","coordinates":[21.890129,47.053989]},"properties":{"name":"Densusianu","band":4,"modes":"bus","arr":["10"],"off":[0,-0.8]}},{"type":"Feature","geometry":{"type":"Point","coordinates":[21.890129,47.053989]},"properties":{"line":"10","mode":"bus","color":"#0059a9","colorDark":"#00294f","band":4,"off":[0,1.1]}},{"type":"Feature","geometry":{"type":"Point","coordinates":[21.936588,47.051843]},"properties":{"name":"Piata 1 Decembrie/Bloc Turn","band":4,"modes":"bus","arr":["23"],"off":[0,-0.8]}},{"type":"Feature","geometry":{"type":"Point","coordinates":[21.936588,47.051843]},"properties":{"line":"23","mode":"bus","color":"#0059a9","colorDark":"#00294f","band":4,"off":[0,1.1]}},{"type":"Feature","geometry":{"type":"Point","coordinates":[21.939001,47.054448]},"properties":{"name":"Piata Emanuil Gojdu","band":4,"modes":"bus","arr":["11","T8"],"off":[0,-0.8]}},{"type":"Feature","geometry":{"type":"Point","coordinates":[21.939001,47.054448]},"properties":{"line":"11","mode":"bus","color":"#0059a9","colorDark":"#00294f","band":4,"off":[-1.7,1.1]}},{"type":"Feature","geometry":{"type":"Point","coordinates":[21.939001,47.054448]},"properties":{"line":"T8","mode":"bus","color":"#0059a9","colorDark":"#00294f","band":4,"off":[1.7,1.1]}},{"type":"Feature","geometry":{"type":"Point","coordinates":[21.87781,47.099742]},"properties":{"name":"Gara Episcopia","band":4,"modes":"bus","arr":["11"],"off":[0,-0.8]}},{"type":"Feature","geometry":{"type":"Point","coordinates":[21.87781,47.099742]},"properties":{"line":"11","mode":"bus","color":"#0059a9","colorDark":"#00294f","band":4,"off":[0,1.1]}},{"type":"Feature","geometry":{"type":"Point","coordinates":[21.925209,47.071476]},"properties":{"name":"Parc Olosig","band":4,"modes":"bus","arr":["721"],"off":[0,-0.8]}},{"type":"Feature","geometry":{"type":"Point","coordinates":[21.925209,47.071476]},"properties":{"line":"721","mode":"bus","color":"#0059a9","colorDark":"#00294f","band":4,"off":[0,1.1]}},{"type":"Feature","geometry":{"type":"Point","coordinates":[21.960718,47.025607]},"properties":{"name":"Kaufland Nufarul","band":4,"modes":"bus","arr":["12"],"off":[0,-0.8]}},{"type":"Feature","geometry":{"type":"Point","coordinates":[21.960718,47.025607]},"properties":{"line":"12","mode":"bus","color":"#0059a9","colorDark":"#00294f","band":4,"off":[0,1.1]}},{"type":"Feature","geometry":{"type":"Point","coordinates":[21.957482,47.029538]},"properties":{"name":"Morii nr.5","band":4,"modes":"bus","arr":["41"],"off":[0,-0.8]}},{"type":"Feature","geometry":{"type":"Point","coordinates":[21.957482,47.029538]},"properties":{"line":"41","mode":"bus","color":"#0059a9","colorDark":"#00294f","band":4,"off":[0,1.1]}},{"type":"Feature","geometry":{"type":"Point","coordinates":[21.956579,47.035462]},"properties":{"name":"Piata Nucetului","band":4,"modes":"bus","arr":["31"],"off":[0,-0.8]}},{"type":"Feature","geometry":{"type":"Point","coordinates":[21.956579,47.035462]},"properties":{"line":"31","mode":"bus","color":"#0059a9","colorDark":"#00294f","band":4,"off":[0,1.1]}},{"type":"Feature","geometry":{"type":"Point","coordinates":[21.937501,47.049763]},"properties":{"name":"Piata Cetatii [s]","band":4,"modes":"bus","arr":["16T"],"off":[0,-0.8]}},{"type":"Feature","geometry":{"type":"Point","coordinates":[21.937501,47.049763]},"properties":{"line":"16T","mode":"bus","color":"#0059a9","colorDark":"#00294f","band":4,"off":[0,1.1]}},{"type":"Feature","geometry":{"type":"Point","coordinates":[21.927972,47.054914]},"properties":{"name":"Piata Unirii/Ep. Greco-Catolica","band":4,"modes":"bus","arr":["12"],"off":[0,-0.8]}},{"type":"Feature","geometry":{"type":"Point","coordinates":[21.927972,47.054914]},"properties":{"line":"12","mode":"bus","color":"#0059a9","colorDark":"#00294f","band":4,"off":[0,1.1]}},{"type":"Feature","geometry":{"type":"Point","coordinates":[21.933556,47.043325]},"properties":{"name":"Piata 22 Decembrie","band":4,"modes":"bus","arr":["37"],"off":[0,-0.8]}},{"type":"Feature","geometry":{"type":"Point","coordinates":[21.933556,47.043325]},"properties":{"line":"37","mode":"bus","color":"#0059a9","colorDark":"#00294f","band":4,"off":[0,1.1]}},{"type":"Feature","geometry":{"type":"Point","coordinates":[21.95797,47.033506]},"properties":{"name":"Str. Bumbacului","band":4,"modes":"bus","arr":["33","33E"],"off":[0,-0.8]}},{"type":"Feature","geometry":{"type":"Point","coordinates":[21.95797,47.033506]},"properties":{"line":"33","mode":"bus","color":"#0059a9","colorDark":"#00294f","band":4,"off":[-1.7,1.1]}},{"type":"Feature","geometry":{"type":"Point","coordinates":[21.95797,47.033506]},"properties":{"line":"33E","mode":"bus","color":"#0059a9","colorDark":"#00294f","band":4,"off":[1.7,1.1]}},{"type":"Feature","geometry":{"type":"Point","coordinates":[21.97219,47.069708]},"properties":{"name":"Gheorghe Doja nr.190","band":4,"modes":"bus","arr":["13"],"off":[0,-0.8]}},{"type":"Feature","geometry":{"type":"Point","coordinates":[21.97219,47.069708]},"properties":{"line":"13","mode":"bus","color":"#0059a9","colorDark":"#00294f","band":4,"off":[0,1.1]}},{"type":"Feature","geometry":{"type":"Point","coordinates":[21.938568,47.050269]},"properties":{"name":"Piata Cetatii","band":4,"modes":"bus","arr":["13","15","722"],"off":[0,-0.8]}},{"type":"Feature","geometry":{"type":"Point","coordinates":[21.938568,47.050269]},"properties":{"line":"13","mode":"bus","color":"#0059a9","colorDark":"#00294f","band":4,"off":[-3.4,1.1]}},{"type":"Feature","geometry":{"type":"Point","coordinates":[21.938568,47.050269]},"properties":{"line":"15","mode":"bus","color":"#0059a9","colorDark":"#00294f","band":4,"off":[0,1.1]}},{"type":"Feature","geometry":{"type":"Point","coordinates":[21.938568,47.050269]},"properties":{"line":"722","mode":"bus","color":"#0059a9","colorDark":"#00294f","band":4,"off":[3.4,1.1]}},{"type":"Feature","geometry":{"type":"Point","coordinates":[21.919241,47.042268]},"properties":{"name":"Cimitirul Rulikowsky","band":4,"modes":"bus","arr":["14"],"off":[0,-0.8]}},{"type":"Feature","geometry":{"type":"Point","coordinates":[21.919241,47.042268]},"properties":{"line":"14","mode":"bus","color":"#0059a9","colorDark":"#00294f","band":4,"off":[0,1.1]}},{"type":"Feature","geometry":{"type":"Point","coordinates":[21.910869,47.079332]},"properties":{"name":"Biserica Baptista Rogerius","band":4,"modes":"bus","arr":["14","14P"],"off":[0,-0.8]}},{"type":"Feature","geometry":{"type":"Point","coordinates":[21.910869,47.079332]},"properties":{"line":"14","mode":"bus","color":"#0059a9","colorDark":"#00294f","band":4,"off":[-1.7,1.1]}},{"type":"Feature","geometry":{"type":"Point","coordinates":[21.910869,47.079332]},"properties":{"line":"14P","mode":"bus","color":"#0059a9","colorDark":"#00294f","band":4,"off":[1.7,1.1]}},{"type":"Feature","geometry":{"type":"Point","coordinates":[21.913257,47.026988]},"properties":{"name":"Cargo","band":4,"modes":"bus","arr":["14P","29","41"],"off":[0,-0.8]}},{"type":"Feature","geometry":{"type":"Point","coordinates":[21.913257,47.026988]},"properties":{"line":"14P","mode":"bus","color":"#0059a9","colorDark":"#00294f","band":4,"off":[-3.4,1.1]}},{"type":"Feature","geometry":{"type":"Point","coordinates":[21.913257,47.026988]},"properties":{"line":"29","mode":"bus","color":"#0059a9","colorDark":"#00294f","band":4,"off":[0,1.1]}},{"type":"Feature","geometry":{"type":"Point","coordinates":[21.913257,47.026988]},"properties":{"line":"41","mode":"bus","color":"#0059a9","colorDark":"#00294f","band":4,"off":[3.4,1.1]}},{"type":"Feature","geometry":{"type":"Point","coordinates":[21.949205,47.054696]},"properties":{"name":"Bazinul Olimpic","band":4,"modes":"bus","arr":["28","43"],"off":[0,-0.8]}},{"type":"Feature","geometry":{"type":"Point","coordinates":[21.949205,47.054696]},"properties":{"line":"28","mode":"bus","color":"#0059a9","colorDark":"#00294f","band":4,"off":[-1.7,1.1]}},{"type":"Feature","geometry":{"type":"Point","coordinates":[21.949205,47.054696]},"properties":{"line":"43","mode":"bus","color":"#0059a9","colorDark":"#00294f","band":4,"off":[1.7,1.1]}},{"type":"Feature","geometry":{"type":"Point","coordinates":[22.031421,47.066234]},"properties":{"name":"Podgoria Intrare","band":4,"modes":"bus","arr":["15"],"off":[0,-0.8]}},{"type":"Feature","geometry":{"type":"Point","coordinates":[22.031421,47.066234]},"properties":{"line":"15","mode":"bus","color":"#0059a9","colorDark":"#00294f","band":4,"off":[0,1.1]}},{"type":"Feature","geometry":{"type":"Point","coordinates":[21.997994,47.040097]},"properties":{"name":"Cartierul Tineretului","band":4,"modes":"bus","arr":["16T"],"off":[0,-0.8]}},{"type":"Feature","geometry":{"type":"Point","coordinates":[21.997994,47.040097]},"properties":{"line":"16T","mode":"bus","color":"#0059a9","colorDark":"#00294f","band":4,"off":[0,1.1]}},{"type":"Feature","geometry":{"type":"Point","coordinates":[21.980185,47.038947]},"properties":{"name":"Stadion Motorul","band":4,"modes":"bus","arr":["34"],"off":[0,-0.8]}},{"type":"Feature","geometry":{"type":"Point","coordinates":[21.980185,47.038947]},"properties":{"line":"34","mode":"bus","color":"#0059a9","colorDark":"#00294f","band":4,"off":[0,1.1]}},{"type":"Feature","geometry":{"type":"Point","coordinates":[21.961886,47.043941]},"properties":{"name":"Gara de Est","band":4,"modes":"bus","arr":["17","32"],"off":[0,-0.8]}},{"type":"Feature","geometry":{"type":"Point","coordinates":[21.961886,47.043941]},"properties":{"line":"17","mode":"bus","color":"#0059a9","colorDark":"#00294f","band":4,"off":[-1.7,1.1]}},{"type":"Feature","geometry":{"type":"Point","coordinates":[21.961886,47.043941]},"properties":{"line":"32","mode":"bus","color":"#0059a9","colorDark":"#00294f","band":4,"off":[1.7,1.1]}},{"type":"Feature","geometry":{"type":"Point","coordinates":[21.922111,47.070299]},"properties":{"name":"Spartacus","band":4,"modes":"bus","arr":["26","27","27P"],"off":[0,-0.8]}},{"type":"Feature","geometry":{"type":"Point","coordinates":[21.922111,47.070299]},"properties":{"line":"26","mode":"bus","color":"#0059a9","colorDark":"#00294f","band":4,"off":[-3.4,1.1]}},{"type":"Feature","geometry":{"type":"Point","coordinates":[21.922111,47.070299]},"properties":{"line":"27","mode":"bus","color":"#0059a9","colorDark":"#00294f","band":4,"off":[0,1.1]}},{"type":"Feature","geometry":{"type":"Point","coordinates":[21.922111,47.070299]},"properties":{"line":"27P","mode":"bus","color":"#0059a9","colorDark":"#00294f","band":4,"off":[3.4,1.1]}},{"type":"Feature","geometry":{"type":"Point","coordinates":[21.911377,47.073704]},"properties":{"name":"Dacia Zig Zag","band":4,"modes":"bus","arr":["19","29","30","611","612"],"off":[0,-0.8]}},{"type":"Feature","geometry":{"type":"Point","coordinates":[21.911377,47.073704]},"properties":{"line":"19","mode":"bus","color":"#0059a9","colorDark":"#00294f","band":4,"off":[-6.8,1.1]}},{"type":"Feature","geometry":{"type":"Point","coordinates":[21.911377,47.073704]},"properties":{"line":"29","mode":"bus","color":"#0059a9","colorDark":"#00294f","band":4,"off":[-3.4,1.1]}},{"type":"Feature","geometry":{"type":"Point","coordinates":[21.911377,47.073704]},"properties":{"line":"30","mode":"bus","color":"#0059a9","colorDark":"#00294f","band":4,"off":[0,1.1]}},{"type":"Feature","geometry":{"type":"Point","coordinates":[21.911377,47.073704]},"properties":{"line":"611","mode":"bus","color":"#0059a9","colorDark":"#00294f","band":4,"off":[3.4,1.1]}},{"type":"Feature","geometry":{"type":"Point","coordinates":[21.911377,47.073704]},"properties":{"line":"612","mode":"bus","color":"#0059a9","colorDark":"#00294f","band":4,"off":[6.8,1.1]}},{"type":"Feature","geometry":{"type":"Point","coordinates":[21.907278,47.074579]},"properties":{"name":"Pod CFR","band":4,"modes":"bus","arr":["T9"],"off":[0,-0.8]}},{"type":"Feature","geometry":{"type":"Point","coordinates":[21.907278,47.074579]},"properties":{"line":"T9","mode":"bus","color":"#0059a9","colorDark":"#00294f","band":4,"off":[0,1.1]}},{"type":"Feature","geometry":{"type":"Point","coordinates":[21.902614,47.075878]},"properties":{"name":"Kaufland Calea Borsului","band":4,"modes":"bus","arr":["17"],"off":[0,-0.8]}},{"type":"Feature","geometry":{"type":"Point","coordinates":[21.902614,47.075878]},"properties":{"line":"17","mode":"bus","color":"#0059a9","colorDark":"#00294f","band":4,"off":[0,1.1]}},{"type":"Feature","geometry":{"type":"Point","coordinates":[21.933884,47.072335]},"properties":{"name":"Autogara Stefan Cel Mare","band":4,"modes":"bus","arr":["18","22"],"off":[0,-0.8]}},{"type":"Feature","geometry":{"type":"Point","coordinates":[21.933884,47.072335]},"properties":{"line":"18","mode":"bus","color":"#0059a9","colorDark":"#00294f","band":4,"off":[-1.7,1.1]}},{"type":"Feature","geometry":{"type":"Point","coordinates":[21.933884,47.072335]},"properties":{"line":"22","mode":"bus","color":"#0059a9","colorDark":"#00294f","band":4,"off":[1.7,1.1]}},{"type":"Feature","geometry":{"type":"Point","coordinates":[21.946761,47.083248]},"properties":{"name":"Izvorului nr.52","band":4,"modes":"bus","arr":["18"],"off":[0,-0.8]}},{"type":"Feature","geometry":{"type":"Point","coordinates":[21.946761,47.083248]},"properties":{"line":"18","mode":"bus","color":"#0059a9","colorDark":"#00294f","band":4,"off":[0,1.1]}},{"type":"Feature","geometry":{"type":"Point","coordinates":[21.904354,47.041431]},"properties":{"name":"ERA Shopping Park","band":4,"modes":"bus","arr":["19","23"],"off":[0,-0.8]}},{"type":"Feature","geometry":{"type":"Point","coordinates":[21.904354,47.041431]},"properties":{"line":"19","mode":"bus","color":"#0059a9","colorDark":"#00294f","band":4,"off":[-1.7,1.1]}},{"type":"Feature","geometry":{"type":"Point","coordinates":[21.904354,47.041431]},"properties":{"line":"23","mode":"bus","color":"#0059a9","colorDark":"#00294f","band":4,"off":[1.7,1.1]}},{"type":"Feature","geometry":{"type":"Point","coordinates":[21.893703,47.111189]},"properties":{"name":"La Cocos Episcopia","band":4,"modes":"bus","arr":["22"],"off":[0,-0.8]}},{"type":"Feature","geometry":{"type":"Point","coordinates":[21.893703,47.111189]},"properties":{"line":"22","mode":"bus","color":"#0059a9","colorDark":"#00294f","band":4,"off":[0,1.1]}},{"type":"Feature","geometry":{"type":"Point","coordinates":[21.918083,47.05455]},"properties":{"name":"Autogara Decebal","band":4,"modes":"bus","arr":["RoHu"],"off":[0,-0.8]}},{"type":"Feature","geometry":{"type":"Point","coordinates":[21.918083,47.05455]},"properties":{"line":"RoHu","mode":"bus","color":"#0059a9","colorDark":"#00294f","band":4,"off":[0,1.1]}},{"type":"Feature","geometry":{"type":"Point","coordinates":[21.898487,47.043672]},"properties":{"name":"Kaufland Calea Aradului","band":4,"modes":"bus","arr":["24"],"off":[0,-0.8]}},{"type":"Feature","geometry":{"type":"Point","coordinates":[21.898487,47.043672]},"properties":{"line":"24","mode":"bus","color":"#0059a9","colorDark":"#00294f","band":4,"off":[0,1.1]}},{"type":"Feature","geometry":{"type":"Point","coordinates":[21.933374,47.025295]},"properties":{"name":"Str. Daliei nr.1","band":4,"modes":"bus","arr":["25"],"off":[0,-0.8]}},{"type":"Feature","geometry":{"type":"Point","coordinates":[21.933374,47.025295]},"properties":{"line":"25","mode":"bus","color":"#0059a9","colorDark":"#00294f","band":4,"off":[0,1.1]}},{"type":"Feature","geometry":{"type":"Point","coordinates":[21.955093,47.029176]},"properties":{"name":"Autogara Nufarul","band":4,"modes":"bus","arr":["25","38","511","512","513","514","515","516","517","531"],"off":[0,-0.8]}},{"type":"Feature","geometry":{"type":"Point","coordinates":[21.955093,47.029176]},"properties":{"line":"25","mode":"bus","color":"#0059a9","colorDark":"#00294f","band":4,"off":[-6.8,1.1]}},{"type":"Feature","geometry":{"type":"Point","coordinates":[21.955093,47.029176]},"properties":{"line":"38","mode":"bus","color":"#0059a9","colorDark":"#00294f","band":4,"off":[-3.4,1.1]}},{"type":"Feature","geometry":{"type":"Point","coordinates":[21.955093,47.029176]},"properties":{"line":"511","mode":"bus","color":"#0059a9","colorDark":"#00294f","band":4,"off":[0,1.1]}},{"type":"Feature","geometry":{"type":"Point","coordinates":[21.955093,47.029176]},"properties":{"line":"512","mode":"bus","color":"#0059a9","colorDark":"#00294f","band":4,"off":[3.4,1.1]}},{"type":"Feature","geometry":{"type":"Point","coordinates":[21.955093,47.029176]},"properties":{"line":"513","mode":"bus","color":"#0059a9","colorDark":"#00294f","band":4,"off":[6.8,1.1]}},{"type":"Feature","geometry":{"type":"Point","coordinates":[21.955093,47.029176]},"properties":{"line":"514","mode":"bus","color":"#0059a9","colorDark":"#00294f","band":4,"off":[-6.8,3.1]}},{"type":"Feature","geometry":{"type":"Point","coordinates":[21.955093,47.029176]},"properties":{"line":"515","mode":"bus","color":"#0059a9","colorDark":"#00294f","band":4,"off":[-3.4,3.1]}},{"type":"Feature","geometry":{"type":"Point","coordinates":[21.955093,47.029176]},"properties":{"line":"516","mode":"bus","color":"#0059a9","colorDark":"#00294f","band":4,"off":[0,3.1]}},{"type":"Feature","geometry":{"type":"Point","coordinates":[21.955093,47.029176]},"properties":{"line":"517","mode":"bus","color":"#0059a9","colorDark":"#00294f","band":4,"off":[3.4,3.1]}},{"type":"Feature","geometry":{"type":"Point","coordinates":[21.955093,47.029176]},"properties":{"line":"531","mode":"bus","color":"#0059a9","colorDark":"#00294f","band":4,"off":[6.8,3.1]}},{"type":"Feature","geometry":{"type":"Point","coordinates":[21.942164,47.040463]},"properties":{"name":"Dimitrie Cantemir","band":4,"modes":"bus","arr":["36","39"],"off":[0,-0.8]}},{"type":"Feature","geometry":{"type":"Point","coordinates":[21.942164,47.040463]},"properties":{"line":"36","mode":"bus","color":"#0059a9","colorDark":"#00294f","band":4,"off":[-1.7,1.1]}},{"type":"Feature","geometry":{"type":"Point","coordinates":[21.942164,47.040463]},"properties":{"line":"39","mode":"bus","color":"#0059a9","colorDark":"#00294f","band":4,"off":[1.7,1.1]}},{"type":"Feature","geometry":{"type":"Point","coordinates":[21.866416,47.092777]},"properties":{"name":"Eurobusiness Parc 6 Plecare","band":4,"modes":"bus","arr":["26"],"off":[0,-0.8]}},{"type":"Feature","geometry":{"type":"Point","coordinates":[21.866416,47.092777]},"properties":{"line":"26","mode":"bus","color":"#0059a9","colorDark":"#00294f","band":4,"off":[0,1.1]}},{"type":"Feature","geometry":{"type":"Point","coordinates":[21.866666,47.085888]},"properties":{"name":"Eurobusiness Parc 4","band":4,"modes":"bus","arr":["27"],"off":[0,-0.8]}},{"type":"Feature","geometry":{"type":"Point","coordinates":[21.866666,47.085888]},"properties":{"line":"27","mode":"bus","color":"#0059a9","colorDark":"#00294f","band":4,"off":[0,1.1]}},{"type":"Feature","geometry":{"type":"Point","coordinates":[21.871504,47.089288]},"properties":{"name":"Eurobusiness Parc 3","band":4,"modes":"bus","arr":["33","33E","33P","34","35"],"off":[0,-0.8]}},{"type":"Feature","geometry":{"type":"Point","coordinates":[21.871504,47.089288]},"properties":{"line":"33","mode":"bus","color":"#0059a9","colorDark":"#00294f","band":4,"off":[-6.8,1.1]}},{"type":"Feature","geometry":{"type":"Point","coordinates":[21.871504,47.089288]},"properties":{"line":"33E","mode":"bus","color":"#0059a9","colorDark":"#00294f","band":4,"off":[-3.4,1.1]}},{"type":"Feature","geometry":{"type":"Point","coordinates":[21.871504,47.089288]},"properties":{"line":"33P","mode":"bus","color":"#0059a9","colorDark":"#00294f","band":4,"off":[0,1.1]}},{"type":"Feature","geometry":{"type":"Point","coordinates":[21.871504,47.089288]},"properties":{"line":"34","mode":"bus","color":"#0059a9","colorDark":"#00294f","band":4,"off":[3.4,1.1]}},{"type":"Feature","geometry":{"type":"Point","coordinates":[21.871504,47.089288]},"properties":{"line":"35","mode":"bus","color":"#0059a9","colorDark":"#00294f","band":4,"off":[6.8,1.1]}},{"type":"Feature","geometry":{"type":"Point","coordinates":[21.864607,47.084903]},"properties":{"name":"Eurobusiness Parc 11","band":4,"modes":"bus","arr":["27P","31","32"],"off":[0,-0.8]}},{"type":"Feature","geometry":{"type":"Point","coordinates":[21.864607,47.084903]},"properties":{"line":"27P","mode":"bus","color":"#0059a9","colorDark":"#00294f","band":4,"off":[-3.4,1.1]}},{"type":"Feature","geometry":{"type":"Point","coordinates":[21.864607,47.084903]},"properties":{"line":"31","mode":"bus","color":"#0059a9","colorDark":"#00294f","band":4,"off":[0,1.1]}},{"type":"Feature","geometry":{"type":"Point","coordinates":[21.864607,47.084903]},"properties":{"line":"32","mode":"bus","color":"#0059a9","colorDark":"#00294f","band":4,"off":[3.4,1.1]}},{"type":"Feature","geometry":{"type":"Point","coordinates":[21.897115,47.025981]},"properties":{"name":"Aeroportul Oradea","band":4,"modes":"bus","arr":["28"],"off":[0,-0.8]}},{"type":"Feature","geometry":{"type":"Point","coordinates":[21.897115,47.025981]},"properties":{"line":"28","mode":"bus","color":"#0059a9","colorDark":"#00294f","band":4,"off":[0,1.1]}},{"type":"Feature","geometry":{"type":"Point","coordinates":[21.909496,47.042943]},"properties":{"name":"Leroy Merlin","band":4,"modes":"bus","arr":["30"],"off":[0,-0.8]}},{"type":"Feature","geometry":{"type":"Point","coordinates":[21.909496,47.042943]},"properties":{"line":"30","mode":"bus","color":"#0059a9","colorDark":"#00294f","band":4,"off":[0,1.1]}},{"type":"Feature","geometry":{"type":"Point","coordinates":[21.894312,47.103039]},"properties":{"name":"Suisului","band":4,"modes":"bus","arr":["35"],"off":[0,-0.8]}},{"type":"Feature","geometry":{"type":"Point","coordinates":[21.894312,47.103039]},"properties":{"line":"35","mode":"bus","color":"#0059a9","colorDark":"#00294f","band":4,"off":[0,1.1]}},{"type":"Feature","geometry":{"type":"Point","coordinates":[21.917486,47.057475]},"properties":{"name":"Andrei Saguna","band":4,"modes":"bus","arr":["T9"],"off":[0,-0.8]}},{"type":"Feature","geometry":{"type":"Point","coordinates":[21.917486,47.057475]},"properties":{"line":"T9","mode":"bus","color":"#0059a9","colorDark":"#00294f","band":4,"off":[0,1.1]}},{"type":"Feature","geometry":{"type":"Point","coordinates":[21.860154,47.098075]},"properties":{"name":"Calea Borsului nr.40","band":4,"modes":"bus","arr":["36","37","38","39"],"off":[0,-0.8]}},{"type":"Feature","geometry":{"type":"Point","coordinates":[21.860154,47.098075]},"properties":{"line":"36","mode":"bus","color":"#0059a9","colorDark":"#00294f","band":4,"off":[-5.1,1.1]}},{"type":"Feature","geometry":{"type":"Point","coordinates":[21.860154,47.098075]},"properties":{"line":"37","mode":"bus","color":"#0059a9","colorDark":"#00294f","band":4,"off":[-1.7,1.1]}},{"type":"Feature","geometry":{"type":"Point","coordinates":[21.860154,47.098075]},"properties":{"line":"38","mode":"bus","color":"#0059a9","colorDark":"#00294f","band":4,"off":[1.7,1.1]}},{"type":"Feature","geometry":{"type":"Point","coordinates":[21.860154,47.098075]},"properties":{"line":"39","mode":"bus","color":"#0059a9","colorDark":"#00294f","band":4,"off":[5.1,1.1]}},{"type":"Feature","geometry":{"type":"Point","coordinates":[21.901688,47.087397]},"properties":{"name":"Parc Industrial 3/3","band":4,"modes":"bus","arr":["42"],"off":[0,-0.8]}},{"type":"Feature","geometry":{"type":"Point","coordinates":[21.901688,47.087397]},"properties":{"line":"42","mode":"bus","color":"#0059a9","colorDark":"#00294f","band":4,"off":[0,1.1]}},{"type":"Feature","geometry":{"type":"Point","coordinates":[21.879501,47.049949]},"properties":{"name":"Terra","band":4,"modes":"bus","arr":["43"],"off":[0,-0.8]}},{"type":"Feature","geometry":{"type":"Point","coordinates":[21.879501,47.049949]},"properties":{"line":"43","mode":"bus","color":"#0059a9","colorDark":"#00294f","band":4,"off":[0,1.1]}},{"type":"Feature","geometry":{"type":"Point","coordinates":[21.976338,46.987695]},"properties":{"name":"Padurea Felix","band":4,"modes":"bus","arr":["511"],"off":[0,-0.8]}},{"type":"Feature","geometry":{"type":"Point","coordinates":[21.976338,46.987695]},"properties":{"line":"511","mode":"bus","color":"#0059a9","colorDark":"#00294f","band":4,"off":[0,1.1]}},{"type":"Feature","geometry":{"type":"Point","coordinates":[21.99944,46.996566]},"properties":{"name":"Baile 1 Mai","band":4,"modes":"bus","arr":["512"],"off":[0,-0.8]}},{"type":"Feature","geometry":{"type":"Point","coordinates":[21.99944,46.996566]},"properties":{"line":"512","mode":"bus","color":"#0059a9","colorDark":"#00294f","band":4,"off":[0,1.1]}},{"type":"Feature","geometry":{"type":"Point","coordinates":[21.97494,46.964817]},"properties":{"name":"Scoala Cordau","band":4,"modes":"bus","arr":["513"],"off":[0,-0.8]}},{"type":"Feature","geometry":{"type":"Point","coordinates":[21.97494,46.964817]},"properties":{"line":"513","mode":"bus","color":"#0059a9","colorDark":"#00294f","band":4,"off":[0,1.1]}},{"type":"Feature","geometry":{"type":"Point","coordinates":[22.019935,46.972335]},"properties":{"name":"Betfia nr.111","band":4,"modes":"bus","arr":["514"],"off":[0,-0.8]}},{"type":"Feature","geometry":{"type":"Point","coordinates":[22.019935,46.972335]},"properties":{"line":"514","mode":"bus","color":"#0059a9","colorDark":"#00294f","band":4,"off":[0,1.1]}},{"type":"Feature","geometry":{"type":"Point","coordinates":[22.063611,46.965391]},"properties":{"name":"Sintelec nr.165","band":4,"modes":"bus","arr":["515"],"off":[0,-0.8]}},{"type":"Feature","geometry":{"type":"Point","coordinates":[22.063611,46.965391]},"properties":{"line":"515","mode":"bus","color":"#0059a9","colorDark":"#00294f","band":4,"off":[0,1.1]}},{"type":"Feature","geometry":{"type":"Point","coordinates":[21.971147,46.890449]},"properties":{"name":"Sumugiu Centru","band":4,"modes":"bus","arr":["516","517"],"off":[0,-0.8]}},{"type":"Feature","geometry":{"type":"Point","coordinates":[21.971147,46.890449]},"properties":{"line":"516","mode":"bus","color":"#0059a9","colorDark":"#00294f","band":4,"off":[-1.7,1.1]}},{"type":"Feature","geometry":{"type":"Point","coordinates":[21.971147,46.890449]},"properties":{"line":"517","mode":"bus","color":"#0059a9","colorDark":"#00294f","band":4,"off":[1.7,1.1]}},{"type":"Feature","geometry":{"type":"Point","coordinates":[21.942089,46.992827]},"properties":{"name":"Strada din deal","band":4,"modes":"bus","arr":["531"],"off":[0,-0.8]}},{"type":"Feature","geometry":{"type":"Point","coordinates":[21.942089,46.992827]},"properties":{"line":"531","mode":"bus","color":"#0059a9","colorDark":"#00294f","band":4,"off":[0,1.1]}},{"type":"Feature","geometry":{"type":"Point","coordinates":[21.810714,47.115268]},"properties":{"name":"Primaria Bors","band":4,"modes":"bus","arr":["611"],"off":[0,-0.8]}},{"type":"Feature","geometry":{"type":"Point","coordinates":[21.810714,47.115268]},"properties":{"line":"611","mode":"bus","color":"#0059a9","colorDark":"#00294f","band":4,"off":[0,1.1]}},{"type":"Feature","geometry":{"type":"Point","coordinates":[21.83702,47.169859]},"properties":{"name":"Parc Santaul Mare","band":4,"modes":"bus","arr":["612"],"off":[0,-0.8]}},{"type":"Feature","geometry":{"type":"Point","coordinates":[21.83702,47.169859]},"properties":{"line":"612","mode":"bus","color":"#0059a9","colorDark":"#00294f","band":4,"off":[0,1.1]}},{"type":"Feature","geometry":{"type":"Point","coordinates":[22.111822,47.141148]},"properties":{"name":"Susturogi ABC","band":4,"modes":"bus","arr":["721"],"off":[0,-0.8]}},{"type":"Feature","geometry":{"type":"Point","coordinates":[22.111822,47.141148]},"properties":{"line":"721","mode":"bus","color":"#0059a9","colorDark":"#00294f","band":4,"off":[0,1.1]}},{"type":"Feature","geometry":{"type":"Point","coordinates":[21.974724,47.090919]},"properties":{"name":"Statia de pompare Saldabagiu","band":4,"modes":"bus","arr":["722"],"off":[0,-0.8]}},{"type":"Feature","geometry":{"type":"Point","coordinates":[21.974724,47.090919]},"properties":{"line":"722","mode":"bus","color":"#0059a9","colorDark":"#00294f","band":4,"off":[0,1.1]}},{"type":"Feature","geometry":{"type":"Point","coordinates":[21.721953,47.135147]},"properties":{"name":"Gara Keresztes","band":4,"modes":"bus","arr":["RoHu"],"off":[0,-0.8]}},{"type":"Feature","geometry":{"type":"Point","coordinates":[21.721953,47.135147]},"properties":{"line":"RoHu","mode":"bus","color":"#0059a9","colorDark":"#00294f","band":4,"off":[0,1.1]}},{"type":"Feature","geometry":{"type":"Point","coordinates":[21.93161,47.070592]},"properties":{"name":"Stadion","band":4,"modes":"bus","arr":["T8"],"off":[0,-0.8]}},{"type":"Feature","geometry":{"type":"Point","coordinates":[21.93161,47.070592]},"properties":{"line":"T8","mode":"bus","color":"#0059a9","colorDark":"#00294f","band":4,"off":[0,1.1]}},{"type":"Feature","geometry":{"type":"Point","coordinates":[21.896295,47.060792]},"properties":{"name":"Iosia","band":4,"modes":"tram","arr":["2","8"],"off":[0,-0.8]}},{"type":"Feature","geometry":{"type":"Point","coordinates":[21.896295,47.060792]},"properties":{"line":"2","mode":"tram","color":"#d6212b","colorDark":"#7c1116","band":4,"off":[-1.7,1.1]}},{"type":"Feature","geometry":{"type":"Point","coordinates":[21.896295,47.060792]},"properties":{"line":"8","mode":"tram","color":"#d6212b","colorDark":"#7c1116","band":4,"off":[1.7,1.1]}},{"type":"Feature","geometry":{"type":"Point","coordinates":[21.91663,47.055592]},"properties":{"name":"Lic.Teologic Emanuel II","band":4,"modes":"tram","arr":["6","7"],"off":[0,-0.8]}},{"type":"Feature","geometry":{"type":"Point","coordinates":[21.91663,47.055592]},"properties":{"name":"Lic.Teologic Emanuel","band":4,"modes":"tram","arr":["6","7"],"off":[0,-3]}},{"type":"Feature","geometry":{"type":"Point","coordinates":[21.91663,47.055592]},"properties":{"line":"6","mode":"tram","color":"#d6212b","colorDark":"#7c1116","band":4,"off":[-1.7,1.1]}},{"type":"Feature","geometry":{"type":"Point","coordinates":[21.91663,47.055592]},"properties":{"line":"7","mode":"tram","color":"#d6212b","colorDark":"#7c1116","band":4,"off":[1.7,1.1]}},{"type":"Feature","geometry":{"type":"Point","coordinates":[21.942165,47.03982]},"properties":{"name":"Dimitrie Cantemir","band":4,"modes":"tram","arr":["2"],"off":[0,-0.8]}},{"type":"Feature","geometry":{"type":"Point","coordinates":[21.942165,47.03982]},"properties":{"line":"2","mode":"tram","color":"#d6212b","colorDark":"#7c1116","band":4,"off":[0,1.1]}},{"type":"Feature","geometry":{"type":"Point","coordinates":[21.955122,47.029829]},"properties":{"name":"Nufarul","band":4,"modes":"tram","arr":["4","5","6","7"],"off":[0,-0.8]}},{"type":"Feature","geometry":{"type":"Point","coordinates":[21.955122,47.029829]},"properties":{"line":"4","mode":"tram","color":"#d6212b","colorDark":"#7c1116","band":4,"off":[-5.1,1.1]}},{"type":"Feature","geometry":{"type":"Point","coordinates":[21.955122,47.029829]},"properties":{"line":"5","mode":"tram","color":"#d6212b","colorDark":"#7c1116","band":4,"off":[-1.7,1.1]}},{"type":"Feature","geometry":{"type":"Point","coordinates":[21.955122,47.029829]},"properties":{"line":"6","mode":"tram","color":"#d6212b","colorDark":"#7c1116","band":4,"off":[1.7,1.1]}},{"type":"Feature","geometry":{"type":"Point","coordinates":[21.955122,47.029829]},"properties":{"line":"7","mode":"tram","color":"#d6212b","colorDark":"#7c1116","band":4,"off":[5.1,1.1]}},{"type":"Feature","geometry":{"type":"Point","coordinates":[21.908044,47.074379]},"properties":{"name":"Pod CFR","band":4,"modes":"tram","arr":["4","5","8","9"],"off":[0,-0.8]}},{"type":"Feature","geometry":{"type":"Point","coordinates":[21.908044,47.074379]},"properties":{"line":"4","mode":"tram","color":"#d6212b","colorDark":"#7c1116","band":4,"off":[-5.1,1.1]}},{"type":"Feature","geometry":{"type":"Point","coordinates":[21.908044,47.074379]},"properties":{"line":"5","mode":"tram","color":"#d6212b","colorDark":"#7c1116","band":4,"off":[-1.7,1.1]}},{"type":"Feature","geometry":{"type":"Point","coordinates":[21.908044,47.074379]},"properties":{"line":"8","mode":"tram","color":"#d6212b","colorDark":"#7c1116","band":4,"off":[1.7,1.1]}},{"type":"Feature","geometry":{"type":"Point","coordinates":[21.908044,47.074379]},"properties":{"line":"9","mode":"tram","color":"#d6212b","colorDark":"#7c1116","band":4,"off":[5.1,1.1]}},{"type":"Feature","geometry":{"type":"Point","coordinates":[21.880052,47.087168]},"properties":{"name":"Sinteza","band":4,"modes":"tram","arr":["9"],"off":[0,-0.8]}},{"type":"Feature","geometry":{"type":"Point","coordinates":[21.880052,47.087168]},"properties":{"line":"9","mode":"tram","color":"#d6212b","colorDark":"#7c1116","band":4,"off":[0,1.1]}}]}