{"type":"FeatureCollection","features":[{"type":"Feature","geometry":{"type":"LineString","coordinates":[[21.9559,47.0442],[21.95595,47.04451],[21.95604,47.04473],[21.95631,47.04546],[21.95656,47.0462],[21.95689,47.0471],[21.95699,47.04739],[21.95703,47.04755],[21.9571,47.04767],[21.95717,47.0479],[21.95726,47.04812],[21.95774,47.04904],[21.95789,47.04939],[21.95789,47.04953],[21.95783,47.04964],[21.95772,47.04974],[21.95749,47.04985],[21.95725,47.04996],[21.9571,47.05003],[21.95697,47.0501],[21.95687,47.05017],[21.95678,47.05026],[21.95668,47.05038],[21.95661,47.05047],[21.95611,47.05045],[21.95559,47.05045],[21.95518,47.05047],[21.95484,47.05049],[21.95459,47.05052],[21.95435,47.05056],[21.95408,47.05061],[21.9538,47.05067],[21.9534,47.05077],[21.95301,47.05089],[21.95262,47.05104],[21.95225,47.0512],[21.95189,47.0514],[21.95153,47.05159],[21.95105,47.05179],[21.94922,47.05267],[21.94808,47.05322],[21.94694,47.05376],[21.94671,47.05384],[21.9464,47.05394],[21.94615,47.054],[21.94585,47.05406],[21.94456,47.05431],[21.94358,47.05448],[21.94313,47.05456],[21.94263,47.05465],[21.9424,47.05468],[21.94216,47.0547],[21.94167,47.05464],[21.9411,47.05454],[21.9409,47.05452],[21.9407,47.05453],[21.94038,47.05457],[21.94006,47.05468],[21.93969,47.05477],[21.93948,47.05478],[21.93928,47.05473],[21.93912,47.0546],[21.93902,47.05443],[21.93902,47.05424],[21.93905,47.05411],[21.9391,47.05398],[21.93914,47.05381],[21.93921,47.05357],[21.93913,47.05322],[21.93906,47.05305],[21.93896,47.05289],[21.93893,47.05274],[21.93887,47.05239],[21.93868,47.05192],[21.93862,47.05177],[21.93852,47.05165],[21.93837,47.05159],[21.93817,47.05155],[21.93799,47.05156],[21.93782,47.0516],[21.93693,47.05181],[21.9364,47.0519],[21.93591,47.05202],[21.93456,47.05231],[21.93385,47.05246],[21.93328,47.05259],[21.93278,47.0527],[21.93263,47.05276],[21.93259,47.0528],[21.93257,47.05288],[21.9326,47.05296],[21.93271,47.05313],[21.93282,47.05333],[21.93305,47.05384],[21.93317,47.05404],[21.93331,47.0543],[21.93342,47.05432],[21.93349,47.05438],[21.93345,47.05445],[21.93331,47.05449],[21.93253,47.05466],[21.93093,47.05496],[21.92999,47.05514],[21.92609,47.05589],[21.92572,47.05595],[21.92538,47.05602],[21.92511,47.05608],[21.9248,47.05616],[21.92454,47.05634],[21.9243,47.0565],[21.92407,47.05664],[21.92391,47.05674],[21.92376,47.05681],[21.92345,47.05686],[21.92315,47.05687],[21.92267,47.05684],[21.92092,47.05668],[21.9198,47.05658],[21.91794,47.05624],[21.91758,47.05621],[21.91748,47.05628],[21.91727,47.05637],[21.91708,47.05638],[21.91692,47.05632],[21.91681,47.0561],[21.91659,47.05587],[21.91628,47.05567],[21.91539,47.05534],[21.91496,47.05516],[21.9143,47.05496],[21.91317,47.0546],[21.91205,47.05424],[21.91142,47.05403],[21.91037,47.0537],[21.90896,47.05327],[21.90756,47.05282],[21.90733,47.0528],[21.90715,47.05282],[21.90704,47.05287],[21.9069,47.05302],[21.90688,47.05313],[21.90691,47.05321],[21.90706,47.05353],[21.90723,47.0539],[21.90782,47.05496],[21.90813,47.0555],[21.90829,47.05579],[21.90842,47.05603],[21.90902,47.05708],[21.90931,47.0576],[21.90939,47.05767],[21.90973,47.05835],[21.90985,47.05858],[21.91009,47.05899],[21.91037,47.05949],[21.91064,47.05999],[21.91094,47.06047],[21.91126,47.06091],[21.91133,47.06101],[21.91143,47.06108],[21.91149,47.06113],[21.91151,47.06119],[21.9115,47.06128],[21.91155,47.06143],[21.9117,47.0617],[21.91186,47.06185],[21.91195,47.06209],[21.91227,47.06255],[21.91253,47.06276],[21.91272,47.06292],[21.91268,47.06298],[21.91256,47.06302],[21.91246,47.06294],[21.91237,47.06273],[21.91204,47.06231],[21.9118,47.06197],[21.91155,47.06155],[21.91146,47.06141],[21.91133,47.06129],[21.91119,47.06123],[21.91088,47.06125],[21.91058,47.06128],[21.91026,47.06129],[21.90918,47.0613],[21.90745,47.06133],[21.9062,47.06134],[21.90589,47.06134],[21.90578,47.06136],[21.90575,47.06147],[21.90572,47.06162],[21.9057,47.06178],[21.90489,47.06179],[21.90401,47.0618],[21.90285,47.06182],[21.90227,47.06183],[21.90186,47.06189],[21.90172,47.06186],[21.90156,47.06185],[21.90153,47.06183],[21.90153,47.0618],[21.90165,47.06157],[21.90165,47.06151],[21.90164,47.06146],[21.90163,47.06142],[21.90164,47.06137],[21.90167,47.06133],[21.90171,47.06129],[21.90175,47.06123],[21.90179,47.06117],[21.90186,47.06103],[21.902,47.06066],[21.90232,47.0599],[21.90239,47.05972],[21.90242,47.05965],[21.90243,47.05959],[21.9024,47.05955],[21.90231,47.05952],[21.90218,47.05945],[21.90207,47.05937],[21.90201,47.05928],[21.90197,47.05918],[21.90195,47.05914],[21.90191,47.05909],[21.90185,47.05906],[21.9017,47.05903],[21.90154,47.059],[21.90143,47.059],[21.90118,47.05893],[21.90064,47.05882],[21.90004,47.05871],[21.89944,47.05859],[21.89828,47.05837],[21.89805,47.05836],[21.89781,47.05828],[21.89742,47.05821],[21.89687,47.0581],[21.89628,47.05799],[21.89572,47.05788],[21.89519,47.05778],[21.89479,47.0577],[21.89438,47.05762],[21.89409,47.05756],[21.89383,47.05753],[21.89368,47.05748],[21.89355,47.05747],[21.8935,47.05743],[21.89352,47.05737],[21.89353,47.05724],[21.89355,47.05711],[21.89353,47.05696],[21.8935,47.05683],[21.89347,47.05672],[21.89339,47.0566],[21.89329,47.0565],[21.89309,47.05636],[21.8929,47.05625],[21.89261,47.05613],[21.89249,47.05609],[21.89237,47.05606],[21.8923,47.056],[21.89235,47.05589],[21.89245,47.05567],[21.89269,47.05509],[21.89271,47.055],[21.89273,47.0549],[21.89297,47.05441],[21.89312,47.05406],[21.89319,47.05386],[21.89323,47.05377],[21.89326,47.05372],[21.89327,47.05368],[21.89324,47.05366],[21.8932,47.05364],[21.8931,47.05358],[21.89287,47.05337],[21.89271,47.05321],[21.89263,47.05313],[21.89258,47.05309],[21.89254,47.05305],[21.89249,47.05307],[21.89243,47.0531],[21.89232,47.05314],[21.8921,47.05322],[21.89166,47.0534],[21.89091,47.05371],[21.89047,47.05387],[21.89016,47.05403]]},"properties":{"line":"10","dir":"0","mode":"bus"}},{"type":"Feature","geometry":{"type":"LineString","coordinates":[[21.89016,47.05403],[21.88983,47.05415],[21.88957,47.05424],[21.88947,47.05429],[21.88941,47.05435],[21.88941,47.05438],[21.88942,47.05442],[21.88945,47.05448],[21.88954,47.05458],[21.88973,47.05479],[21.89009,47.0552],[21.89084,47.05604],[21.8909,47.05608],[21.89095,47.0561],[21.891,47.0561],[21.89105,47.05608],[21.89116,47.05605],[21.89131,47.05601],[21.89145,47.05598],[21.89158,47.05596],[21.89176,47.05595],[21.89195,47.05595],[21.89214,47.05597],[21.89238,47.05602],[21.89263,47.05611],[21.89289,47.05621],[21.8932,47.05639],[21.89338,47.05655],[21.89347,47.05664],[21.89352,47.05673],[21.89358,47.05693],[21.8936,47.05712],[21.89358,47.05729],[21.89357,47.05741],[21.89359,47.05743],[21.89364,47.05744],[21.89384,47.05748],[21.89402,47.05749],[21.89488,47.05769],[21.89572,47.05786],[21.8964,47.05798],[21.89661,47.05801],[21.89674,47.05802],[21.89685,47.05807],[21.89709,47.05811],[21.89739,47.05817],[21.89804,47.0583],[21.89935,47.05855],[21.90064,47.0588],[21.90193,47.05903],[21.9021,47.05897],[21.9022,47.05892],[21.90231,47.05889],[21.90239,47.05887],[21.90245,47.05886],[21.90252,47.05886],[21.90261,47.05887],[21.90274,47.05891],[21.90284,47.05894],[21.90293,47.05898],[21.90299,47.05903],[21.90302,47.05905],[21.90305,47.05909],[21.90308,47.05915],[21.90307,47.0592],[21.90305,47.05927],[21.90292,47.05936],[21.90277,47.05943],[21.90264,47.05948],[21.90255,47.05951],[21.90252,47.05954],[21.90247,47.05961],[21.90235,47.05993],[21.90209,47.06055],[21.90196,47.0609],[21.90192,47.06101],[21.90187,47.06118],[21.90182,47.06125],[21.90178,47.0613],[21.90184,47.06137],[21.90325,47.06134],[21.90409,47.06133],[21.90492,47.06133],[21.90514,47.06133],[21.9054,47.0613],[21.9055,47.06132],[21.90668,47.06131],[21.90797,47.06129],[21.90915,47.06128],[21.90992,47.06127],[21.91026,47.06126],[21.9106,47.06125],[21.91091,47.0612],[21.91118,47.06116],[21.9113,47.06109],[21.91145,47.06109],[21.91159,47.06112],[21.91175,47.06112],[21.91207,47.06109],[21.91237,47.06102],[21.91287,47.06083],[21.91339,47.06064],[21.91484,47.06016],[21.91481,47.05983],[21.9148,47.05949],[21.9148,47.05925],[21.9147,47.05904],[21.91467,47.05895],[21.91467,47.05882],[21.91453,47.05868],[21.91459,47.0586],[21.91467,47.05838],[21.91475,47.05825],[21.91484,47.05812],[21.91486,47.05802],[21.91485,47.05797],[21.91484,47.05794],[21.91486,47.05791],[21.91489,47.05788],[21.91497,47.05786],[21.91501,47.05789],[21.91508,47.05792],[21.91521,47.05795],[21.91537,47.05795],[21.9155,47.05796],[21.91564,47.05796],[21.91586,47.05799],[21.91601,47.05802],[21.91611,47.05802],[21.91621,47.05801],[21.91633,47.05797],[21.91671,47.05784],[21.91706,47.05773],[21.91715,47.0577],[21.91724,47.05766],[21.91731,47.05763],[21.91734,47.05758],[21.91735,47.05754],[21.91735,47.05741],[21.91732,47.05729],[21.91725,47.05703],[21.91715,47.0567],[21.91709,47.05652],[21.91699,47.05633],[21.91696,47.05626],[21.91694,47.05617],[21.91696,47.05612],[21.91701,47.05606],[21.91708,47.05601],[21.91719,47.05592],[21.91739,47.05578],[21.91747,47.05574],[21.91752,47.0557],[21.9176,47.05564],[21.91767,47.05554],[21.91771,47.05546],[21.91777,47.05542],[21.91785,47.05538],[21.91796,47.05537],[21.91809,47.05535],[21.91833,47.05535],[21.91853,47.05535],[21.91872,47.05532],[21.91906,47.05528],[21.91935,47.05521],[21.92006,47.05507],[21.92085,47.05492],[21.92126,47.05484],[21.92157,47.05479],[21.92168,47.05478],[21.92229,47.05476],[21.92253,47.05475],[21.92297,47.05474],[21.92326,47.05471],[21.92405,47.05462],[21.92512,47.05438],[21.92594,47.05419],[21.92637,47.0541],[21.92698,47.05396],[21.92733,47.05387],[21.92802,47.05372],[21.92852,47.05361],[21.92884,47.0535],[21.92924,47.05345],[21.93005,47.05327],[21.93235,47.05276],[21.9346,47.05227],[21.9358,47.05201],[21.93627,47.0519],[21.93656,47.05178],[21.9368,47.05178],[21.9371,47.05172],[21.93764,47.0516],[21.938,47.05151],[21.9382,47.05144],[21.93837,47.05131],[21.93842,47.05116],[21.93836,47.05045],[21.93832,47.05002],[21.93834,47.04954],[21.93845,47.04931],[21.9386,47.04915],[21.93888,47.04895],[21.93943,47.04869],[21.93964,47.04859],[21.94076,47.04803],[21.94115,47.04781],[21.9413,47.04771],[21.94147,47.04753],[21.94158,47.04736],[21.94165,47.04715],[21.94167,47.04694],[21.94172,47.04649],[21.94174,47.04617],[21.94175,47.04601],[21.94176,47.04596],[21.94177,47.04592],[21.94184,47.04584],[21.9419,47.04584],[21.942,47.04585],[21.94227,47.04587],[21.9427,47.04589],[21.94303,47.04595],[21.94361,47.04601],[21.94391,47.04602],[21.94406,47.04603],[21.94415,47.04602],[21.94422,47.04601],[21.94461,47.04594],[21.94706,47.04552],[21.94849,47.04527],[21.94871,47.04519],[21.94878,47.04515],[21.94887,47.0451],[21.94893,47.04509],[21.94902,47.04509],[21.94908,47.0451],[21.94916,47.04511],[21.94927,47.04511],[21.94997,47.04496],[21.95067,47.04479],[21.95159,47.04458],[21.95252,47.04436],[21.95416,47.04401],[21.95503,47.04382],[21.95538,47.04375],[21.95556,47.04372],[21.95562,47.04371],[21.95568,47.04372],[21.95572,47.04375],[21.95574,47.0438],[21.95575,47.04384],[21.95577,47.04391],[21.95583,47.04406],[21.9559,47.0442]]},"properties":{"line":"10","dir":"1","mode":"bus"}},{"type":"Feature","geometry":{"type":"LineString","coordinates":[[21.93891,47.05446],[21.93892,47.05435],[21.93891,47.05403],[21.93897,47.05393],[21.93905,47.05388],[21.93919,47.05378],[21.93945,47.05374],[21.93965,47.05391],[21.93976,47.05407],[21.9399,47.05428],[21.93996,47.0544],[21.93999,47.0546],[21.94001,47.05469],[21.93999,47.05481],[21.93997,47.05493],[21.93996,47.05521],[21.94,47.05595],[21.94005,47.05626],[21.94007,47.05649],[21.94008,47.05661],[21.94009,47.0572],[21.94016,47.05792],[21.94016,47.05808],[21.94018,47.05839],[21.94019,47.05878],[21.94038,47.05894],[21.94043,47.05904],[21.94039,47.05915],[21.94021,47.05928],[21.94008,47.05935],[21.93923,47.0592],[21.939,47.05912],[21.93884,47.05901],[21.93865,47.05887],[21.93845,47.05872],[21.93824,47.05858],[21.93798,47.05843],[21.9377,47.05825],[21.93739,47.05809],[21.93703,47.05789],[21.93669,47.05769],[21.9365,47.05759],[21.9364,47.05755],[21.9363,47.05755],[21.93614,47.0576],[21.93562,47.05794],[21.93535,47.05817],[21.93515,47.05843],[21.93491,47.05868],[21.93463,47.05901],[21.93382,47.05994],[21.93296,47.06093],[21.93247,47.06147],[21.93224,47.06174],[21.93211,47.06192],[21.93181,47.0622],[21.93147,47.06262],[21.93101,47.06327],[21.93053,47.06393],[21.93012,47.0645],[21.92941,47.06538],[21.92927,47.06557],[21.92944,47.06569],[21.92992,47.06606],[21.93028,47.06639],[21.93062,47.06669],[21.93082,47.06687],[21.93084,47.06695],[21.9302,47.0673],[21.92968,47.06746],[21.92855,47.06788],[21.92781,47.06816],[21.92712,47.06842],[21.92646,47.06869],[21.92609,47.06884],[21.92556,47.06916],[21.92514,47.06951],[21.92498,47.06971],[21.92494,47.06977],[21.92491,47.06983],[21.92492,47.06992],[21.92495,47.07001],[21.92505,47.07035],[21.92526,47.0709],[21.92534,47.07129],[21.92539,47.07145],[21.92544,47.07149],[21.92549,47.07152],[21.92563,47.07156],[21.92585,47.0716],[21.92555,47.07166],[21.92534,47.07174],[21.9252,47.07182],[21.92508,47.07191],[21.92482,47.0726],[21.9246,47.07319],[21.92513,47.07342],[21.92572,47.07369],[21.92719,47.07444],[21.92915,47.07538],[21.93005,47.07579],[21.92938,47.07622],[21.92866,47.07668],[21.92794,47.07713],[21.92731,47.07762],[21.9272,47.07757],[21.92667,47.07794],[21.92574,47.07854],[21.92409,47.07963],[21.92304,47.08027],[21.92187,47.08104],[21.92113,47.08151],[21.9206,47.08191],[21.92052,47.08206],[21.92028,47.08218],[21.91964,47.08262],[21.91962,47.08269],[21.91957,47.08276],[21.91949,47.0828],[21.91934,47.08283],[21.91883,47.08302],[21.91813,47.08351],[21.91758,47.08387],[21.91729,47.0841],[21.91715,47.08432],[21.91704,47.08454],[21.91696,47.08469],[21.91688,47.08485],[21.91675,47.08508],[21.9166,47.08519],[21.91642,47.0853],[21.91587,47.08553],[21.91575,47.08562],[21.91569,47.08567],[21.91553,47.08569],[21.91523,47.08569],[21.91495,47.08575],[21.91471,47.08584],[21.9146,47.08589],[21.91436,47.086],[21.91413,47.08619],[21.91416,47.08625],[21.91388,47.08629],[21.91361,47.08646],[21.91315,47.08676],[21.91227,47.08734],[21.91145,47.0879],[21.91074,47.0884],[21.9099,47.08895],[21.90928,47.08936],[21.90883,47.0897],[21.90854,47.09009],[21.90815,47.09043],[21.90772,47.09084],[21.90736,47.09118],[21.90698,47.09152],[21.90642,47.09201],[21.9056,47.09268],[21.90451,47.09356],[21.90359,47.09434],[21.90322,47.09467],[21.90321,47.09477],[21.90265,47.09507],[21.90226,47.0954],[21.90189,47.09574],[21.9017,47.09596],[21.90158,47.09612],[21.90151,47.09631],[21.90144,47.09669],[21.90141,47.09688],[21.90145,47.09702],[21.90152,47.09712],[21.90168,47.09726],[21.90243,47.09773],[21.90257,47.09784],[21.90268,47.09797],[21.90268,47.09806],[21.90267,47.09816],[21.90262,47.09826],[21.90237,47.09863],[21.902,47.09911],[21.90145,47.09988],[21.9012,47.10036],[21.90111,47.10038],[21.90063,47.10108],[21.90019,47.1017],[21.90003,47.10181],[21.89993,47.10185],[21.89977,47.10189],[21.89957,47.10192],[21.89927,47.10194],[21.89878,47.10202],[21.89802,47.10222],[21.89691,47.10248],[21.89668,47.10255],[21.89642,47.10259],[21.89524,47.10287],[21.895,47.10296],[21.8947,47.10309],[21.89455,47.10318],[21.89442,47.10331],[21.89435,47.10343],[21.89423,47.10349],[21.89409,47.10351],[21.89394,47.10349],[21.89385,47.10343],[21.89374,47.10335],[21.89331,47.10331],[21.893,47.10331],[21.89262,47.10338],[21.89256,47.10343],[21.89216,47.10346],[21.89188,47.10348],[21.89159,47.10349],[21.89028,47.10348],[21.88908,47.10347],[21.88788,47.10353],[21.88769,47.10347],[21.88382,47.10347],[21.88305,47.10348],[21.88267,47.10347],[21.88009,47.10347],[21.87897,47.10159],[21.87841,47.10065],[21.87805,47.10009],[21.87777,47.09972],[21.87785,47.09971]]},"properties":{"line":"11","dir":"0","mode":"bus"}},{"type":"Feature","geometry":{"type":"LineString","coordinates":[[21.87784,47.09971],[21.87841,47.10058],[21.87894,47.10144],[21.8801,47.10344],[21.88039,47.10343],[21.88135,47.10342],[21.88172,47.10343],[21.8822,47.10344],[21.88562,47.10344],[21.8868,47.10343],[21.89157,47.10344],[21.89181,47.10345],[21.89213,47.10343],[21.89284,47.1033],[21.8933,47.10321],[21.89352,47.10317],[21.89372,47.10309],[21.89473,47.10294],[21.89573,47.10271],[21.89802,47.10217],[21.8984,47.10206],[21.89854,47.10204],[21.89906,47.10192],[21.89966,47.10187],[21.89981,47.10184],[21.89993,47.1018],[21.90004,47.10175],[21.90014,47.10166],[21.90022,47.10157],[21.90075,47.10081],[21.90137,47.0999],[21.90167,47.09948],[21.9019,47.09909],[21.90184,47.09913],[21.90218,47.09879],[21.90245,47.09843],[21.90257,47.09824],[21.90262,47.09814],[21.90264,47.09805],[21.90261,47.09795],[21.90248,47.09781],[21.90219,47.09763],[21.90191,47.09745],[21.9016,47.09726],[21.90145,47.09713],[21.90139,47.09704],[21.90136,47.09695],[21.90136,47.09682],[21.90136,47.09669],[21.90147,47.09626],[21.90155,47.09607],[21.90169,47.09588],[21.90178,47.09577],[21.90278,47.0949],[21.90335,47.09448],[21.90387,47.09404],[21.90504,47.09307],[21.90592,47.09236],[21.90699,47.09146],[21.9075,47.09098],[21.90792,47.09056],[21.90818,47.09021],[21.90863,47.08984],[21.90884,47.08963],[21.90909,47.08944],[21.9104,47.08856],[21.91172,47.08766],[21.91372,47.08634],[21.91389,47.08618],[21.91402,47.08616],[21.91438,47.08593],[21.91463,47.08574],[21.91498,47.08562],[21.91534,47.08552],[21.91564,47.08542],[21.91608,47.08529],[21.91649,47.08511],[21.91679,47.08492],[21.91714,47.08423],[21.91731,47.08399],[21.91853,47.08319],[21.9189,47.08288],[21.91912,47.08269],[21.91912,47.08259],[21.91921,47.08251],[21.91939,47.08246],[21.91953,47.08242],[21.91998,47.08221],[21.92021,47.08208],[21.92043,47.08193],[21.92112,47.08148],[21.92218,47.08077],[21.92328,47.08007],[21.92438,47.07938],[21.92544,47.07868],[21.92626,47.07817],[21.92702,47.07764],[21.92722,47.07746],[21.92845,47.07669],[21.92941,47.07607],[21.92945,47.076],[21.92944,47.07594],[21.92933,47.07581],[21.92915,47.07571],[21.9279,47.07511],[21.92701,47.07462],[21.92625,47.07425],[21.92536,47.07383],[21.92459,47.07345],[21.92454,47.07338],[21.92451,47.0733],[21.92455,47.07322],[21.92459,47.07311],[21.92466,47.07292],[21.92476,47.07268],[21.92485,47.07243],[21.92517,47.07148],[21.92526,47.07112],[21.92507,47.07049],[21.92491,47.06998],[21.92484,47.06985],[21.92471,47.06974],[21.92444,47.06961],[21.92436,47.06954],[21.92429,47.06947],[21.92424,47.06936],[21.92426,47.06927],[21.92433,47.0692],[21.92444,47.06916],[21.92474,47.06903],[21.92507,47.06895],[21.92541,47.06893],[21.92574,47.06885],[21.9266,47.06858],[21.92761,47.06819],[21.92867,47.06777],[21.92938,47.06742],[21.93026,47.06713],[21.93061,47.06698],[21.93065,47.06692],[21.93065,47.06684],[21.93058,47.06673],[21.93047,47.06664],[21.93013,47.06654],[21.92983,47.06646],[21.92938,47.06638],[21.9288,47.06627],[21.92872,47.06625],[21.92867,47.06623],[21.92864,47.06618],[21.92868,47.06598],[21.92877,47.06555],[21.92881,47.06499],[21.92885,47.06453],[21.92892,47.06407],[21.92898,47.06364],[21.92901,47.06339],[21.92917,47.06304],[21.92961,47.06243],[21.93017,47.06169],[21.93078,47.06101],[21.93136,47.06045],[21.93189,47.05993],[21.93265,47.05915],[21.93332,47.05847],[21.93371,47.05812],[21.93384,47.05802],[21.93396,47.05795],[21.93412,47.05797],[21.93425,47.058],[21.93433,47.05803],[21.93439,47.05804],[21.93444,47.05802],[21.9345,47.05799],[21.93472,47.05787],[21.93531,47.05756],[21.93586,47.05736],[21.9372,47.0569],[21.93805,47.05667],[21.93843,47.05654],[21.93912,47.05633],[21.93962,47.05619],[21.93976,47.05612],[21.93984,47.05601],[21.93983,47.05562],[21.93979,47.05514],[21.93971,47.05501],[21.93953,47.0549],[21.9393,47.05482],[21.93909,47.05467],[21.93891,47.05446]]},"properties":{"line":"11","dir":"1","mode":"bus"}},{"type":"Feature","geometry":{"type":"LineString","coordinates":[[21.96067,47.02566],[21.96058,47.02555],[21.9602,47.02544],[21.96005,47.02541],[21.95993,47.02536],[21.95988,47.02527],[21.9595,47.02517],[21.95932,47.02526],[21.9592,47.02536],[21.95898,47.02548],[21.95883,47.02577],[21.95883,47.02605],[21.95873,47.02627],[21.95854,47.0263],[21.9581,47.02659],[21.95681,47.02814],[21.9564,47.02865],[21.95639,47.02875],[21.95637,47.02889],[21.95644,47.02902],[21.9566,47.02917],[21.95677,47.0293],[21.95743,47.02949],[21.95753,47.02946],[21.95773,47.02956],[21.95807,47.02971],[21.9582,47.02978],[21.95831,47.02989],[21.95842,47.03003],[21.95846,47.0302],[21.95851,47.0306],[21.95852,47.03102],[21.9585,47.0314],[21.95845,47.0319],[21.95832,47.03282],[21.95825,47.0329],[21.95811,47.03331],[21.95792,47.03374],[21.95766,47.03419],[21.95739,47.03461],[21.95708,47.03492],[21.95693,47.03517],[21.95672,47.03538],[21.9566,47.03547],[21.95644,47.03557],[21.95624,47.03568],[21.95598,47.03583],[21.95559,47.03609],[21.95523,47.03636],[21.95503,47.03654],[21.95485,47.03672],[21.95455,47.0371],[21.9545,47.03718],[21.95449,47.03725],[21.95453,47.03736],[21.95466,47.0375],[21.95492,47.03772],[21.95514,47.03789],[21.95541,47.03802],[21.95558,47.03809],[21.95563,47.03813],[21.95565,47.03818],[21.9557,47.03834],[21.95579,47.03861],[21.95583,47.03874],[21.95585,47.03883],[21.95584,47.03891],[21.95581,47.03904],[21.95574,47.03921],[21.95556,47.03942],[21.9554,47.03959],[21.95533,47.03969],[21.95527,47.03979],[21.95521,47.04],[21.95518,47.0402],[21.95519,47.04042],[21.95524,47.04058],[21.9553,47.04075],[21.95539,47.04086],[21.95538,47.04096],[21.95549,47.04128],[21.9556,47.04161],[21.95582,47.04226],[21.95603,47.04286],[21.95619,47.04343],[21.9562,47.04348],[21.95624,47.04356],[21.95626,47.04358],[21.95623,47.04363],[21.95616,47.04364],[21.95608,47.04366],[21.95594,47.0437],[21.95535,47.04382],[21.95419,47.04406],[21.95399,47.04409],[21.95322,47.04425],[21.95292,47.04431],[21.95212,47.0445],[21.95086,47.04479],[21.94994,47.04501],[21.94919,47.04518],[21.94898,47.04522],[21.94884,47.04524],[21.94871,47.04526],[21.94838,47.04532],[21.94743,47.04548],[21.94635,47.04566],[21.94523,47.04586],[21.94466,47.04596],[21.94436,47.04602],[21.94422,47.04607],[21.94395,47.04607],[21.94365,47.04604],[21.94307,47.04599],[21.94244,47.04593],[21.94213,47.0459],[21.94204,47.04589],[21.94196,47.04589],[21.94181,47.04595],[21.94182,47.04598],[21.94182,47.04614],[21.9418,47.04641],[21.94178,47.04668],[21.94176,47.04704],[21.94173,47.04717],[21.94171,47.04727],[21.94166,47.04739],[21.94155,47.04758],[21.94142,47.04772],[21.94113,47.0479],[21.93998,47.04847],[21.93985,47.04858],[21.93969,47.04868],[21.93949,47.04882],[21.93884,47.04916],[21.9387,47.04931],[21.93865,47.0494],[21.93861,47.04952],[21.93856,47.04953],[21.93846,47.04949],[21.93833,47.04945],[21.93805,47.04945],[21.93796,47.04953],[21.93781,47.04958],[21.93762,47.04958],[21.93756,47.0497],[21.93754,47.04978],[21.93742,47.04983],[21.93676,47.05058],[21.93664,47.05066],[21.93652,47.0507],[21.9318,47.05155],[21.93234,47.05274],[21.93242,47.05279],[21.9325,47.05285],[21.9326,47.05297],[21.93269,47.05321],[21.93282,47.05333],[21.93301,47.05382],[21.93332,47.05439],[21.9334,47.05443],[21.93335,47.05449],[21.93305,47.05456],[21.93242,47.05472],[21.93155,47.05489],[21.93096,47.05499],[21.93037,47.05512],[21.92996,47.05528],[21.92945,47.05551],[21.92903,47.05571],[21.92875,47.05586],[21.9286,47.05591],[21.92847,47.0559],[21.92834,47.05585],[21.92829,47.05575],[21.92822,47.05558],[21.92806,47.05512],[21.92799,47.05497],[21.92784,47.05494]]},"properties":{"line":"12","dir":"0","mode":"bus"}},{"type":"Feature","geometry":{"type":"LineString","coordinates":[[21.92784,47.05494],[21.92796,47.0549],[21.92782,47.05461],[21.92814,47.05453],[21.9283,47.05446],[21.92841,47.05434],[21.9284,47.05425],[21.92836,47.05417],[21.92813,47.05362],[21.92788,47.05308],[21.92761,47.0525],[21.92727,47.05191],[21.92616,47.05035],[21.92711,47.04999],[21.92806,47.04966],[21.92889,47.0494],[21.92907,47.04931],[21.92937,47.04922],[21.9296,47.04901],[21.92983,47.04879],[21.92992,47.04865],[21.93004,47.04855],[21.93041,47.04814],[21.93203,47.04638],[21.93293,47.04541],[21.93381,47.04446],[21.9339,47.04436],[21.93395,47.04427],[21.93393,47.04425],[21.93388,47.0442],[21.93379,47.04412],[21.93371,47.04404],[21.93358,47.0439],[21.93353,47.04382],[21.93349,47.04371],[21.93347,47.04358],[21.93347,47.04345],[21.93349,47.04338],[21.93353,47.04331],[21.93375,47.04305],[21.93398,47.04293],[21.93425,47.04283],[21.9346,47.04278],[21.93489,47.0428],[21.93524,47.04288],[21.93543,47.04298],[21.93561,47.0431],[21.93572,47.04324],[21.93581,47.04339],[21.93585,47.0436],[21.93583,47.04377],[21.93575,47.04395],[21.93559,47.04412],[21.93531,47.0443],[21.93708,47.04635],[21.93797,47.0474],[21.93853,47.04806],[21.93881,47.04838],[21.9389,47.04844],[21.93892,47.04851],[21.93914,47.04874],[21.93998,47.04837],[21.9402,47.04831],[21.94085,47.04799],[21.94121,47.04775],[21.94142,47.04754],[21.94156,47.04732],[21.94162,47.04707],[21.94171,47.04665],[21.94174,47.04626],[21.94175,47.04606],[21.94176,47.04596],[21.94177,47.04591],[21.94178,47.04588],[21.94182,47.04585],[21.94189,47.04585],[21.94202,47.04585],[21.9426,47.04591],[21.94271,47.04589],[21.94299,47.04594],[21.94322,47.04596],[21.94373,47.04601],[21.94399,47.04603],[21.9441,47.04602],[21.94422,47.04601],[21.94449,47.04595],[21.94525,47.04582],[21.94659,47.04559],[21.94751,47.04543],[21.94844,47.04527],[21.9486,47.04522],[21.94868,47.04519],[21.94876,47.04517],[21.94885,47.04512],[21.9489,47.0451],[21.94898,47.0451],[21.94906,47.0451],[21.94914,47.04511],[21.94921,47.04512],[21.94934,47.04509],[21.95021,47.04489],[21.95134,47.04463],[21.95247,47.04437],[21.95301,47.04425],[21.9533,47.04418],[21.95395,47.04404],[21.95473,47.04388],[21.95513,47.04379],[21.95562,47.04368],[21.95599,47.0436],[21.95607,47.04357],[21.95608,47.04351],[21.95605,47.04318],[21.95597,47.04285],[21.95556,47.04168],[21.95532,47.04098],[21.95519,47.04062],[21.95511,47.04036],[21.95509,47.04015],[21.9552,47.03978],[21.95528,47.03964],[21.95543,47.03948],[21.9556,47.0393],[21.9557,47.03914],[21.95577,47.03898],[21.9558,47.03883],[21.95577,47.03871],[21.95571,47.0385],[21.95564,47.03832],[21.9556,47.0382],[21.95556,47.03815],[21.95542,47.03807],[21.95526,47.038],[21.95508,47.03789],[21.95492,47.03777],[21.95465,47.03755],[21.95453,47.03743],[21.95448,47.03737],[21.95445,47.03732],[21.95443,47.03727],[21.95442,47.03721],[21.95445,47.03713],[21.95467,47.03688],[21.95494,47.03658],[21.95523,47.03631],[21.95556,47.03606],[21.95566,47.03599],[21.95584,47.03586],[21.95604,47.03568],[21.95613,47.03554],[21.95615,47.03544],[21.95616,47.03537],[21.95621,47.03533],[21.95629,47.03532],[21.95641,47.03531],[21.95668,47.0352],[21.95683,47.03509],[21.95709,47.03482],[21.95736,47.03452],[21.95766,47.03409],[21.95783,47.03378],[21.95789,47.0335],[21.95806,47.03315],[21.95819,47.03288],[21.95825,47.03263],[21.95836,47.03208],[21.95845,47.03146],[21.95846,47.03083],[21.95842,47.03024],[21.95838,47.03005],[21.95831,47.02996],[21.95827,47.02991],[21.9582,47.02984],[21.95807,47.02975],[21.95791,47.02969],[21.95768,47.02962],[21.95717,47.0295],[21.95745,47.02956],[21.95691,47.02939],[21.95632,47.02921],[21.95601,47.02904],[21.95773,47.02694],[21.95803,47.02655],[21.95818,47.02618],[21.95815,47.02604],[21.95823,47.02593],[21.95833,47.02586],[21.95856,47.02584],[21.95876,47.02592],[21.95886,47.02602],[21.95934,47.02615],[21.96076,47.02649],[21.96192,47.02672],[21.96208,47.0266],[21.96214,47.0264],[21.96214,47.02631],[21.9621,47.02623],[21.96194,47.02612],[21.96154,47.02595],[21.96073,47.02562],[21.96067,47.02566]]},"properties":{"line":"12","dir":"1","mode":"bus"}},{"type":"Feature","geometry":{"type":"LineString","coordinates":[[21.97215,47.06976],[21.9721,47.0697],[21.97198,47.06962],[21.97171,47.06945],[21.97134,47.06913],[21.97095,47.0688],[21.97071,47.06859],[21.97057,47.06848],[21.97045,47.0684],[21.97017,47.06823],[21.96987,47.06807],[21.96973,47.06799],[21.96961,47.06794],[21.96947,47.06789],[21.96919,47.06781],[21.96891,47.06775],[21.96858,47.06767],[21.96812,47.0676],[21.96798,47.06758],[21.96785,47.06755],[21.96755,47.06746],[21.96723,47.06734],[21.96651,47.0671],[21.96621,47.06697],[21.96595,47.06685],[21.96581,47.06677],[21.96553,47.06662],[21.96517,47.06644],[21.96498,47.06636],[21.96468,47.06622],[21.96454,47.06615],[21.96439,47.06609],[21.96424,47.06605],[21.9642,47.06604],[21.96414,47.06603],[21.96402,47.06605],[21.96352,47.06611],[21.96335,47.06615],[21.96295,47.06615],[21.96265,47.06617],[21.96239,47.06618],[21.96213,47.06616],[21.962,47.06614],[21.96184,47.0661],[21.96129,47.06596],[21.96094,47.06588],[21.96079,47.06585],[21.96062,47.06583],[21.96056,47.06583],[21.9605,47.06584],[21.96039,47.06585],[21.96027,47.06587],[21.9598,47.06595],[21.95942,47.06601],[21.95871,47.06612],[21.95834,47.06618],[21.95814,47.06621],[21.95798,47.06622],[21.95786,47.06622],[21.95774,47.06622],[21.95759,47.0662],[21.95693,47.06611],[21.95644,47.06597],[21.95611,47.06587],[21.95562,47.06569],[21.95508,47.06549],[21.95466,47.06534],[21.95423,47.06524],[21.9538,47.06515],[21.95316,47.06507],[21.95267,47.06494],[21.95237,47.06486],[21.95206,47.06481],[21.95199,47.06477],[21.95201,47.06469],[21.9522,47.06469],[21.9524,47.06464],[21.95249,47.06455],[21.95251,47.06442],[21.95254,47.06437],[21.95249,47.06427],[21.95182,47.06399],[21.95135,47.06387],[21.95008,47.06369],[21.94977,47.06364],[21.94915,47.06353],[21.94814,47.06326],[21.94773,47.06315],[21.94728,47.063],[21.94669,47.06276],[21.94587,47.06228],[21.94563,47.06216],[21.94539,47.06207],[21.94479,47.06189],[21.94442,47.06176],[21.94421,47.06166],[21.94397,47.06153],[21.94376,47.06142],[21.94332,47.06111],[21.94292,47.06085],[21.94217,47.06035],[21.94172,47.06001],[21.94108,47.05944],[21.94082,47.05924],[21.94067,47.05917],[21.94054,47.05909],[21.94043,47.05904],[21.94039,47.05915],[21.94021,47.05928],[21.94008,47.05935],[21.94002,47.05939],[21.94007,47.05923],[21.9401,47.05912],[21.94012,47.05898],[21.94013,47.05886],[21.94013,47.05872],[21.94013,47.05835],[21.94011,47.05803],[21.94006,47.05793],[21.93996,47.05713],[21.93993,47.05696],[21.93991,47.05683],[21.93988,47.05672],[21.93986,47.05664],[21.93985,47.05656],[21.93984,47.05651],[21.93984,47.05633],[21.93983,47.05624],[21.93985,47.05611],[21.93986,47.05596],[21.93981,47.05521],[21.9398,47.05515],[21.93978,47.0551],[21.93974,47.05505],[21.93969,47.05499],[21.93964,47.05495],[21.93958,47.05492],[21.9395,47.05489],[21.93939,47.05485],[21.93929,47.05483],[21.93918,47.0548],[21.93907,47.05473],[21.939,47.05466],[21.93892,47.05435],[21.93887,47.05407],[21.93889,47.05396],[21.93894,47.05388],[21.93904,47.05382],[21.93914,47.05373],[21.93919,47.05366],[21.93921,47.05358],[21.9392,47.05349],[21.93917,47.05338],[21.93914,47.05331],[21.93906,47.05304],[21.93897,47.05289],[21.93852,47.05157],[21.93836,47.05076],[21.93832,47.05045],[21.93827,47.05008],[21.93823,47.04979],[21.93816,47.04966],[21.93804,47.04958],[21.93787,47.04957],[21.93774,47.04958],[21.93766,47.04958],[21.93754,47.04952],[21.9375,47.04946],[21.93748,47.04938],[21.9375,47.04931],[21.93757,47.04923],[21.93767,47.04919],[21.93779,47.04919],[21.93792,47.04922],[21.93801,47.04929],[21.93807,47.04939],[21.93828,47.04939],[21.9384,47.04938],[21.93847,47.04937],[21.93854,47.04936],[21.93862,47.04939],[21.93867,47.04945],[21.93862,47.0495],[21.93853,47.04955],[21.93851,47.04969],[21.93851,47.04979],[21.93855,47.05028]]},"properties":{"line":"13","dir":"0","mode":"bus"}},{"type":"Feature","geometry":{"type":"LineString","coordinates":[[21.93855,47.05027],[21.93857,47.05093],[21.93876,47.05172],[21.93918,47.05287],[21.93936,47.05349],[21.93941,47.05362],[21.93952,47.05373],[21.9397,47.05382],[21.93977,47.05394],[21.93987,47.05425],[21.93999,47.0548],[21.94011,47.05696],[21.94018,47.0583],[21.94019,47.05871],[21.94028,47.05882],[21.9404,47.05891],[21.94058,47.05908],[21.94069,47.05918],[21.94126,47.0595],[21.94173,47.06],[21.94198,47.06016],[21.94222,47.06034],[21.94291,47.06083],[21.94306,47.0609],[21.94332,47.06111],[21.94397,47.06152],[21.94443,47.06175],[21.94479,47.06189],[21.94539,47.06207],[21.94563,47.06216],[21.94587,47.06228],[21.94669,47.06276],[21.94728,47.063],[21.94773,47.06315],[21.94814,47.06326],[21.94915,47.06353],[21.94977,47.06364],[21.95008,47.06369],[21.95135,47.06387],[21.95182,47.06399],[21.9522,47.06416],[21.9524,47.06424],[21.95255,47.06437],[21.95266,47.0644],[21.95277,47.06438],[21.95296,47.06437],[21.95317,47.06445],[21.95341,47.06445],[21.95377,47.06446],[21.95393,47.06446],[21.9545,47.06455],[21.9548,47.06459],[21.95522,47.06471],[21.95567,47.06483],[21.95614,47.06498],[21.95665,47.06511],[21.95717,47.06522],[21.9577,47.0653],[21.95802,47.06533],[21.95842,47.06539],[21.95898,47.06545],[21.95948,47.06554],[21.96058,47.06578],[21.9614,47.06595],[21.96184,47.06606],[21.96202,47.06611],[21.96227,47.06614],[21.96274,47.06614],[21.96312,47.06611],[21.96335,47.06609],[21.96372,47.06605],[21.96403,47.06601],[21.96412,47.066],[21.96421,47.066],[21.9643,47.06602],[21.96464,47.06616],[21.96496,47.06631],[21.9651,47.06638],[21.96531,47.06648],[21.9655,47.06658],[21.96586,47.06676],[21.96613,47.06684],[21.96627,47.06695],[21.96642,47.06702],[21.96695,47.06722],[21.96749,47.06741],[21.9677,47.06748],[21.9679,47.06754],[21.96812,47.06758],[21.96834,47.06761],[21.96859,47.06765],[21.96878,47.06769],[21.96918,47.06779],[21.96956,47.0679],[21.96968,47.06795],[21.9698,47.068],[21.97003,47.06812],[21.97045,47.06836],[21.97057,47.06843],[21.97067,47.06851],[21.97089,47.0687],[21.97168,47.06938],[21.9718,47.06947],[21.97192,47.06955],[21.97206,47.06962],[21.97215,47.06967],[21.97218,47.06973],[21.97215,47.06976]]},"properties":{"line":"13","dir":"1","mode":"bus"}},{"type":"Feature","geometry":{"type":"LineString","coordinates":[[21.9192,47.04231],[21.91919,47.04226],[21.9192,47.04221],[21.91927,47.04218],[21.91935,47.04216],[21.91946,47.04216],[21.91957,47.04218],[21.91963,47.04221],[21.91965,47.04225],[21.91965,47.04228],[21.91962,47.04235],[21.91956,47.04244],[21.91954,47.04251],[21.91954,47.04256],[21.91986,47.04294],[21.92021,47.04332],[21.92046,47.0436],[21.92072,47.0439],[21.92112,47.04435],[21.92125,47.04443],[21.92142,47.04469],[21.92165,47.04494],[21.92208,47.04544],[21.92241,47.04585],[21.92278,47.04625],[21.92308,47.0466],[21.92336,47.04691],[21.92368,47.04726],[21.92396,47.04756],[21.92408,47.04769],[21.9242,47.04777],[21.92441,47.04823],[21.92455,47.04844],[21.92467,47.04866],[21.92486,47.04901],[21.92503,47.04928],[21.92516,47.04952],[21.92531,47.04965],[21.92532,47.04979],[21.92547,47.05],[21.92555,47.05005],[21.92568,47.05012],[21.92585,47.05018],[21.92598,47.05022],[21.92615,47.05031],[21.92621,47.05034],[21.92627,47.05038],[21.92631,47.05044],[21.92699,47.05147],[21.92722,47.0518],[21.92734,47.05196],[21.92746,47.05213],[21.92772,47.05266],[21.92794,47.0531],[21.92809,47.05339],[21.92817,47.05354],[21.92819,47.05359],[21.92824,47.05364],[21.9283,47.05365],[21.92858,47.05359],[21.92884,47.0535],[21.92911,47.05346],[21.9293,47.05343],[21.92975,47.05332],[21.93042,47.05318],[21.93107,47.05304],[21.9318,47.05288],[21.93216,47.0528],[21.93234,47.05276],[21.93242,47.05275],[21.93248,47.05277],[21.93259,47.05292],[21.9327,47.05313],[21.93282,47.05334],[21.93318,47.05408],[21.9333,47.05429],[21.93334,47.05434],[21.93339,47.05437],[21.93342,47.05442],[21.93339,47.05445],[21.93334,47.05448],[21.93322,47.05452],[21.93242,47.0547],[21.93136,47.0549],[21.93041,47.05508],[21.93014,47.05514],[21.92989,47.05524],[21.92942,47.05545],[21.92874,47.05581],[21.92843,47.05597],[21.92822,47.05609],[21.92794,47.05627],[21.92769,47.05647],[21.92734,47.0568],[21.9271,47.05696],[21.9264,47.05738],[21.92595,47.05756],[21.92553,47.05779],[21.92457,47.0583],[21.92369,47.05876],[21.9232,47.05902],[21.92215,47.0595],[21.92148,47.05977],[21.92052,47.06013],[21.9196,47.06049],[21.91868,47.06088],[21.91817,47.06107],[21.91788,47.06116],[21.9176,47.06126],[21.91748,47.06133],[21.91682,47.06151],[21.91619,47.06171],[21.91513,47.06206],[21.9139,47.06247],[21.9131,47.06272],[21.91284,47.06283],[21.91268,47.06297],[21.91259,47.06317],[21.91257,47.06338],[21.91255,47.06359],[21.91262,47.06367],[21.91263,47.06378],[21.91259,47.06382],[21.91249,47.06385],[21.9124,47.06384],[21.91232,47.0638],[21.91219,47.0638],[21.91206,47.06386],[21.91159,47.0641],[21.91058,47.06459],[21.90953,47.06511],[21.90866,47.06557],[21.9084,47.06564],[21.90796,47.06585],[21.90725,47.06618],[21.90649,47.06654],[21.90611,47.06672],[21.90556,47.06697],[21.90472,47.06735],[21.90422,47.06758],[21.90401,47.06772],[21.90372,47.06781],[21.9024,47.06844],[21.90223,47.06857],[21.90218,47.06872],[21.90217,47.06888],[21.90224,47.0691],[21.9029,47.06992],[21.90313,47.0702],[21.90326,47.07032],[21.90345,47.07046],[21.90407,47.07089],[21.90538,47.07175],[21.9064,47.07243],[21.90671,47.07275],[21.90695,47.07308],[21.90715,47.07343],[21.90736,47.074],[21.90764,47.07456],[21.90777,47.07486],[21.90778,47.07496],[21.90778,47.0754],[21.9078,47.07591],[21.90784,47.0761],[21.90809,47.07642],[21.90834,47.07671],[21.90864,47.07704],[21.90904,47.07747],[21.90946,47.07793],[21.90993,47.07843],[21.91046,47.07896],[21.91094,47.07929]]},"properties":{"line":"14","dir":"0","mode":"bus"}},{"type":"Feature","geometry":{"type":"LineString","coordinates":[[21.9104,47.07918],[21.9104,47.0791],[21.9101,47.07879],[21.90984,47.07853],[21.90949,47.07815],[21.90906,47.07768],[21.90868,47.07725],[21.90841,47.07695],[21.90794,47.07645],[21.90775,47.07622],[21.90769,47.0761],[21.90765,47.07601],[21.90762,47.07589],[21.90761,47.07549],[21.90755,47.07507],[21.90758,47.07484],[21.90747,47.07462],[21.9073,47.07424],[21.90714,47.07391],[21.90695,47.07341],[21.90666,47.07299],[21.90641,47.07271],[21.90611,47.07245],[21.90495,47.07167],[21.90352,47.0707],[21.90302,47.07031],[21.90229,47.06952],[21.90197,47.0691],[21.9018,47.06893],[21.90162,47.0689],[21.9015,47.06883],[21.90147,47.06871],[21.9016,47.06861],[21.90185,47.06857],[21.90208,47.06853],[21.90232,47.06843],[21.90287,47.06812],[21.90338,47.06792],[21.90387,47.06771],[21.90472,47.06732],[21.90557,47.06692],[21.90608,47.0667],[21.9065,47.0665],[21.90715,47.06619],[21.90765,47.06596],[21.90836,47.06563],[21.90871,47.06545],[21.9089,47.06533],[21.90988,47.06489],[21.91113,47.06429],[21.91221,47.06375],[21.91236,47.06368],[21.91245,47.06359],[21.91249,47.06345],[21.91251,47.06312],[21.91247,47.06304],[21.91246,47.06298],[21.9125,47.06289],[21.91261,47.06284],[21.91304,47.06268],[21.91401,47.06237],[21.9159,47.06176],[21.91685,47.06145],[21.9174,47.06128],[21.91774,47.0611],[21.91784,47.0611],[21.91878,47.06078],[21.92146,47.05975],[21.92234,47.05939],[21.92307,47.05907],[21.92386,47.05865],[21.92503,47.05802],[21.92627,47.05737],[21.92693,47.05701],[21.92734,47.05679],[21.92813,47.05617],[21.92825,47.05609],[21.92833,47.05599],[21.92833,47.05583],[21.92816,47.05535],[21.92784,47.05494],[21.92793,47.05483],[21.92784,47.05461],[21.92799,47.05457],[21.92821,47.05451],[21.92835,47.05445],[21.92843,47.05431],[21.92812,47.05361],[21.9277,47.05269],[21.92729,47.05199],[21.92676,47.05119],[21.92637,47.05064],[21.92617,47.0504],[21.92608,47.05034],[21.92593,47.05026],[21.92576,47.05018],[21.92562,47.05013],[21.92554,47.0501],[21.92546,47.05004],[21.92544,47.04998],[21.92535,47.04989],[21.92502,47.0494],[21.9249,47.04912],[21.92468,47.04877],[21.92419,47.04794],[21.92411,47.04782],[21.92397,47.04759],[21.9237,47.04741],[21.92311,47.04664],[21.92266,47.04613],[21.92203,47.0454],[21.92155,47.04484],[21.92143,47.04475],[21.92142,47.0447],[21.92091,47.04416],[21.92037,47.04355],[21.91973,47.04284],[21.91945,47.04254],[21.9193,47.04239],[21.9192,47.04232]]},"properties":{"line":"14","dir":"1","mode":"bus"}},{"type":"Feature","geometry":{"type":"LineString","coordinates":[[21.91336,47.02697],[21.91369,47.02792],[21.91383,47.02832],[21.91513,47.02807],[21.91651,47.0278],[21.91782,47.02754],[21.91941,47.02724],[21.91975,47.02717],[21.91989,47.02714],[21.92,47.02714],[21.92009,47.02714],[21.9202,47.02717],[21.92029,47.02719],[21.92052,47.02731],[21.92064,47.02738],[21.92073,47.02745],[21.92089,47.02762],[21.92123,47.02798],[21.92127,47.02805],[21.92127,47.0281],[21.92154,47.02847],[21.9219,47.02894],[21.92226,47.02942],[21.92263,47.02991],[21.92298,47.03044],[21.92313,47.03071],[21.92329,47.031],[21.92355,47.03156],[21.92365,47.03181],[21.92376,47.03206],[21.92392,47.03261],[21.9241,47.03314],[21.92428,47.03369],[21.92438,47.03399],[21.92444,47.03411],[21.92448,47.03428],[21.92452,47.03439],[21.92456,47.03446],[21.92464,47.03452],[21.92468,47.03456],[21.92471,47.03461],[21.9247,47.03467],[21.92469,47.03471],[21.92463,47.03474],[21.92455,47.03475],[21.92446,47.03474],[21.92442,47.03474],[21.92438,47.03475],[21.92409,47.03482],[21.92124,47.0354],[21.91981,47.03569],[21.91887,47.03589],[21.91802,47.03608],[21.91555,47.03658],[21.9152,47.03666],[21.91496,47.03671],[21.91463,47.03683],[21.91442,47.03691],[21.91427,47.03698],[21.91349,47.0374],[21.91272,47.03781],[21.91252,47.03793],[21.9124,47.03804],[21.91235,47.03812],[21.91235,47.03821],[21.9124,47.03834],[21.91249,47.0384],[21.9126,47.03844],[21.91275,47.03842],[21.91288,47.03845],[21.91304,47.03856],[21.91308,47.03863],[21.91313,47.0387],[21.91386,47.03918],[21.91407,47.03934],[21.91446,47.03975],[21.91485,47.04017],[21.91554,47.04093],[21.91586,47.04131],[21.91616,47.0417],[21.91648,47.04205],[21.9166,47.04214],[21.91673,47.04216],[21.91681,47.04215],[21.917,47.04215],[21.9179,47.04213],[21.91878,47.04209],[21.91903,47.04211],[21.91925,47.04212],[21.91944,47.04214],[21.91954,47.04217],[21.91962,47.04221],[21.91966,47.04227],[21.9196,47.04234],[21.91951,47.04244],[21.91954,47.04255],[21.91992,47.043],[21.92058,47.04374],[21.92092,47.04412],[21.92108,47.0443],[21.92125,47.04443],[21.92142,47.04469],[21.92165,47.04494],[21.92208,47.04544],[21.92241,47.04585],[21.92278,47.04625],[21.92308,47.0466],[21.92336,47.04691],[21.92368,47.04726],[21.92396,47.04756],[21.92408,47.04769],[21.9242,47.04777],[21.92441,47.04823],[21.92455,47.04844],[21.92467,47.04866],[21.92486,47.04901],[21.92503,47.04928],[21.92516,47.04952],[21.92531,47.04965],[21.92532,47.04979],[21.92547,47.05],[21.92555,47.05005],[21.92568,47.05012],[21.92585,47.05018],[21.92598,47.05022],[21.92615,47.05031],[21.92621,47.05034],[21.92627,47.05038],[21.92631,47.05044],[21.92699,47.05147],[21.92722,47.0518],[21.92734,47.05196],[21.92746,47.05213],[21.92772,47.05266],[21.92794,47.0531],[21.92809,47.05339],[21.92817,47.05354],[21.92819,47.05359],[21.92824,47.05364],[21.9283,47.05365],[21.92858,47.05359],[21.92884,47.0535],[21.92911,47.05346],[21.9293,47.05343],[21.92975,47.05332],[21.93042,47.05318],[21.93107,47.05304],[21.9318,47.05288],[21.93216,47.0528],[21.93234,47.05276],[21.93242,47.05275],[21.93248,47.05277],[21.93259,47.05292],[21.9327,47.05313],[21.93282,47.05334],[21.93318,47.05408],[21.9333,47.05429],[21.93334,47.05434],[21.93339,47.05437],[21.93342,47.05442],[21.93339,47.05445],[21.93334,47.05448],[21.93322,47.05452],[21.93242,47.0547],[21.93136,47.0549],[21.93041,47.05508],[21.93014,47.05514],[21.92989,47.05524],[21.92942,47.05545],[21.92874,47.05581],[21.92843,47.05597],[21.92822,47.05609],[21.92794,47.05627],[21.92769,47.05647],[21.92734,47.0568],[21.9271,47.05696],[21.9264,47.05738],[21.92595,47.05756],[21.92553,47.05779],[21.92457,47.0583],[21.92369,47.05876],[21.9232,47.05902],[21.92215,47.0595],[21.92148,47.05977],[21.92052,47.06013],[21.9196,47.06049],[21.91868,47.06088],[21.91817,47.06107],[21.91788,47.06116],[21.9176,47.06126],[21.91748,47.06133],[21.91682,47.06151],[21.91619,47.06171],[21.91513,47.06206],[21.9139,47.06247],[21.9131,47.06272],[21.91284,47.06283],[21.91268,47.06297],[21.91259,47.06317],[21.91257,47.06338],[21.91255,47.06359],[21.91262,47.06367],[21.91263,47.06378],[21.91259,47.06382],[21.91249,47.06385],[21.9124,47.06384],[21.91232,47.0638],[21.91219,47.0638],[21.91206,47.06386],[21.91159,47.0641],[21.91058,47.06459],[21.90953,47.06511],[21.90866,47.06557],[21.9084,47.06564],[21.90796,47.06585],[21.90725,47.06618],[21.90649,47.06654],[21.90611,47.06672],[21.90556,47.06697],[21.90472,47.06735],[21.90422,47.06758],[21.90401,47.06772],[21.90372,47.06781],[21.9024,47.06844],[21.90223,47.06857],[21.90218,47.06872],[21.90217,47.06888],[21.90224,47.0691],[21.9029,47.06992],[21.90313,47.0702],[21.90326,47.07032],[21.90345,47.07046],[21.90407,47.07089],[21.90538,47.07175],[21.9064,47.07243],[21.90671,47.07275],[21.90695,47.07308],[21.90715,47.07343],[21.90736,47.074],[21.90764,47.07456],[21.90777,47.07486],[21.90778,47.07496],[21.90778,47.0754],[21.9078,47.07591],[21.90784,47.0761],[21.90809,47.07642],[21.90834,47.07671],[21.90864,47.07704],[21.90904,47.07747],[21.90946,47.07793],[21.90993,47.07843],[21.91046,47.07896],[21.91094,47.07929]]},"properties":{"line":"14P","dir":"0","mode":"bus"}},{"type":"Feature","geometry":{"type":"LineString","coordinates":[[21.9104,47.07918],[21.9104,47.0791],[21.9101,47.07879],[21.90984,47.07853],[21.90949,47.07815],[21.90906,47.07768],[21.90868,47.07725],[21.90841,47.07695],[21.90794,47.07645],[21.90775,47.07622],[21.90769,47.0761],[21.90765,47.07601],[21.90762,47.07589],[21.90761,47.07549],[21.90755,47.07507],[21.90758,47.07484],[21.90747,47.07462],[21.9073,47.07424],[21.90714,47.07391],[21.90695,47.07341],[21.90666,47.07299],[21.90641,47.07271],[21.90611,47.07245],[21.90495,47.07167],[21.90352,47.0707],[21.90302,47.07031],[21.90229,47.06952],[21.90197,47.0691],[21.9018,47.06893],[21.90162,47.0689],[21.9015,47.06883],[21.90147,47.06871],[21.9016,47.06861],[21.90185,47.06857],[21.90208,47.06853],[21.90232,47.06843],[21.90287,47.06812],[21.90338,47.06792],[21.90387,47.06771],[21.90472,47.06732],[21.90557,47.06692],[21.90608,47.0667],[21.9065,47.0665],[21.90715,47.06619],[21.90765,47.06596],[21.90836,47.06563],[21.90871,47.06545],[21.9089,47.06533],[21.90988,47.06489],[21.91113,47.06429],[21.91221,47.06375],[21.91236,47.06368],[21.91245,47.06359],[21.91249,47.06345],[21.91251,47.06312],[21.91247,47.06304],[21.91246,47.06298],[21.9125,47.06289],[21.91261,47.06284],[21.91304,47.06268],[21.91401,47.06237],[21.9159,47.06176],[21.91685,47.06145],[21.9174,47.06128],[21.91774,47.0611],[21.91784,47.0611],[21.91878,47.06078],[21.92146,47.05975],[21.92234,47.05939],[21.92307,47.05907],[21.92386,47.05865],[21.92503,47.05802],[21.92627,47.05737],[21.92693,47.05701],[21.92734,47.05679],[21.92813,47.05617],[21.92825,47.05609],[21.92833,47.05599],[21.92833,47.05583],[21.92816,47.05535],[21.92784,47.05494],[21.92793,47.05483],[21.92784,47.05461],[21.92799,47.05457],[21.92821,47.05451],[21.92835,47.05445],[21.92843,47.05431],[21.92812,47.05361],[21.9277,47.05269],[21.92729,47.05199],[21.92676,47.05119],[21.92637,47.05064],[21.92617,47.0504],[21.92608,47.05034],[21.92593,47.05026],[21.92576,47.05018],[21.92562,47.05013],[21.92554,47.0501],[21.92546,47.05004],[21.92544,47.04998],[21.92535,47.04989],[21.92502,47.0494],[21.9249,47.04912],[21.92468,47.04877],[21.92419,47.04794],[21.92411,47.04782],[21.92397,47.04759],[21.9237,47.04741],[21.92311,47.04664],[21.92266,47.04613],[21.92203,47.0454],[21.92155,47.04484],[21.92143,47.04475],[21.92142,47.0447],[21.92091,47.04416],[21.92037,47.04355],[21.91973,47.04284],[21.91945,47.04254],[21.9193,47.04239],[21.9192,47.04231],[21.91913,47.04223],[21.919,47.04217],[21.91868,47.04217],[21.91836,47.04217],[21.91775,47.04217],[21.9172,47.04219],[21.91686,47.04223],[21.91672,47.04225],[21.91661,47.04228],[21.91651,47.04222],[21.91641,47.04206],[21.91611,47.04172],[21.91572,47.04124],[21.9153,47.04076],[21.91488,47.0403],[21.91441,47.03977],[21.91391,47.03926],[21.91349,47.03898],[21.91327,47.03885],[21.91303,47.03882],[21.91284,47.03885],[21.91267,47.03885],[21.91251,47.03878],[21.91242,47.03864],[21.91244,47.03855],[21.91243,47.03848],[21.91233,47.03836],[21.91229,47.0383],[21.91227,47.03819],[21.9123,47.03806],[21.91236,47.03798],[21.91248,47.03789],[21.91268,47.03779],[21.91361,47.03729],[21.91399,47.03708],[21.91437,47.03689],[21.91461,47.0368],[21.91501,47.03667],[21.91605,47.03644],[21.91704,47.03624],[21.91774,47.03609],[21.91838,47.03593],[21.91865,47.0359],[21.9189,47.03585],[21.91937,47.03575],[21.92036,47.03556],[21.92152,47.03532],[21.92264,47.03509],[21.92327,47.03497],[21.92382,47.03485],[21.92406,47.03479],[21.9242,47.03474],[21.9243,47.03467],[21.9244,47.03457],[21.92445,47.03446],[21.92445,47.03438],[21.92443,47.03433],[21.92434,47.03421],[21.92433,47.03403],[21.92423,47.03368],[21.92405,47.03312],[21.92384,47.03251],[21.92371,47.03209],[21.9236,47.03183],[21.9235,47.0317],[21.92349,47.03152],[21.92336,47.03127],[21.92317,47.03086],[21.92295,47.03048],[21.92283,47.03028],[21.92266,47.03003],[21.92232,47.02957],[21.92162,47.02865],[21.92119,47.02811],[21.92071,47.0275],[21.92066,47.02745],[21.9206,47.02742],[21.92051,47.02741],[21.92043,47.02737],[21.92039,47.02731],[21.92031,47.02724],[21.92012,47.02718],[21.92005,47.02717],[21.91999,47.02717],[21.91988,47.02718],[21.91943,47.02727],[21.91812,47.02752],[21.91694,47.02776],[21.9164,47.02787],[21.91636,47.02789],[21.91635,47.02792],[21.91633,47.02795],[21.9163,47.02797],[21.91626,47.02798],[21.91621,47.02797],[21.91617,47.02795],[21.91611,47.02792],[21.91576,47.02798],[21.91487,47.02815],[21.91412,47.0283],[21.91379,47.02834],[21.91356,47.02768],[21.91337,47.02697]]},"properties":{"line":"14P","dir":"1","mode":"bus"}},{"type":"Feature","geometry":{"type":"LineString","coordinates":[[21.93855,47.05027],[21.93856,47.05092],[21.93855,47.05111],[21.93862,47.05133],[21.93912,47.05277],[21.93936,47.05341],[21.93978,47.05419],[21.93996,47.05468],[21.94001,47.05526],[21.94006,47.0558],[21.94009,47.05596],[21.94018,47.05603],[21.94029,47.05605],[21.94044,47.05604],[21.94131,47.05589],[21.9416,47.05585],[21.94171,47.05583],[21.94184,47.05584],[21.94205,47.0558],[21.94223,47.05576],[21.94237,47.05573],[21.94244,47.05571],[21.94249,47.0557],[21.94256,47.05569],[21.94261,47.05569],[21.9427,47.05568],[21.94283,47.05566],[21.94324,47.05557],[21.94362,47.0555],[21.94472,47.05528],[21.94628,47.05496],[21.94773,47.05467],[21.94829,47.05456],[21.94841,47.05455],[21.94852,47.05455],[21.94862,47.05455],[21.94871,47.05457],[21.94894,47.05461],[21.94923,47.05465],[21.94955,47.05475],[21.94972,47.05478],[21.94986,47.0548],[21.94999,47.05479],[21.9503,47.05476],[21.95041,47.05474],[21.95046,47.05471],[21.95052,47.05468],[21.95057,47.05467],[21.95063,47.05466],[21.95069,47.05467],[21.95079,47.05466],[21.951,47.05461],[21.95144,47.05447],[21.95178,47.05436],[21.95213,47.05417],[21.95269,47.05389],[21.95315,47.05366],[21.95349,47.05348],[21.9537,47.05338],[21.95392,47.0533],[21.95452,47.05308],[21.95488,47.05294],[21.955,47.05293],[21.95507,47.05294],[21.95526,47.05298],[21.95559,47.05309],[21.95578,47.05312],[21.95592,47.05312],[21.95605,47.0531],[21.9563,47.05303],[21.95651,47.05296],[21.95681,47.05283],[21.95707,47.05273],[21.95733,47.05264],[21.95789,47.05246],[21.95808,47.05242],[21.95821,47.0524],[21.95832,47.05238],[21.95845,47.05238],[21.95861,47.05239],[21.9589,47.05241],[21.95933,47.05246],[21.9596,47.05249],[21.95966,47.05248],[21.95975,47.05248],[21.95994,47.05252],[21.96027,47.05255],[21.9604,47.05253],[21.96048,47.05252],[21.96053,47.05251],[21.96059,47.05252],[21.96066,47.05256],[21.96072,47.05258],[21.96091,47.05261],[21.96123,47.05265],[21.96162,47.05269],[21.96187,47.0527],[21.96212,47.05269],[21.96253,47.05267],[21.96268,47.05266],[21.9628,47.05263],[21.96322,47.05247],[21.96331,47.05244],[21.96377,47.05232],[21.96433,47.05219],[21.96478,47.05209],[21.96509,47.05204],[21.96535,47.052],[21.96551,47.05198],[21.96565,47.05198],[21.96609,47.05198],[21.96669,47.05199],[21.96715,47.05197],[21.96736,47.05198],[21.96789,47.05198],[21.96859,47.05198],[21.96971,47.05194],[21.9708,47.0519],[21.97147,47.05187],[21.97161,47.05186],[21.97176,47.05188],[21.97187,47.0519],[21.97197,47.05191],[21.97207,47.05193],[21.97255,47.05204],[21.97287,47.05212],[21.97324,47.05224],[21.97331,47.05227],[21.97351,47.05235],[21.97377,47.05246],[21.97417,47.05257],[21.97481,47.0527],[21.97507,47.05273],[21.97516,47.05269],[21.97553,47.05277],[21.97628,47.0528],[21.97701,47.05285],[21.97728,47.05286],[21.97744,47.05286],[21.97768,47.05285],[21.97784,47.05284],[21.9783,47.05279],[21.97888,47.05271],[21.97912,47.05266],[21.97914,47.0526],[21.97931,47.05264],[21.97951,47.05261],[21.97976,47.05257],[21.97988,47.05254],[21.98002,47.05248],[21.98014,47.05241],[21.98028,47.0523],[21.98053,47.05209],[21.98077,47.05187],[21.98106,47.05163],[21.98139,47.05137],[21.98159,47.05118],[21.98182,47.05087],[21.98195,47.05063],[21.98209,47.05042],[21.98222,47.05028],[21.98239,47.05017],[21.98255,47.05008],[21.98267,47.05003],[21.98281,47.05],[21.98335,47.04995],[21.9838,47.0499],[21.98416,47.04982],[21.98419,47.04976],[21.98446,47.04975],[21.9848,47.04967],[21.98533,47.04956],[21.98571,47.04948],[21.9859,47.04945],[21.98608,47.04943],[21.9862,47.04943],[21.98629,47.04943],[21.9865,47.04945],[21.98703,47.04954],[21.98753,47.04961],[21.98803,47.04966],[21.98826,47.04968],[21.98847,47.04971],[21.98869,47.04977],[21.98895,47.04985],[21.98932,47.04998],[21.98966,47.05012],[21.99059,47.05064],[21.99091,47.05079],[21.9913,47.05103],[21.99169,47.05127],[21.99199,47.05144],[21.99209,47.05148],[21.99218,47.05151],[21.99259,47.05159],[21.99297,47.05166],[21.99317,47.05172],[21.99337,47.05179],[21.99372,47.05191],[21.99411,47.05197],[21.99446,47.05201],[21.99475,47.05204],[21.99503,47.05209],[21.99553,47.0522],[21.99603,47.05234],[21.99697,47.05257],[21.99723,47.05264],[21.99749,47.05269],[21.99771,47.05274],[21.99803,47.05277],[21.99824,47.05276],[21.99847,47.05272],[21.99879,47.05266],[21.99901,47.05265],[21.99919,47.05267],[21.99943,47.05274],[21.99977,47.05284],[22.00011,47.05296],[22.00041,47.05311],[22.00055,47.05319],[22.00065,47.05327],[22.00071,47.05334],[22.00075,47.0534],[22.00082,47.05365],[22.00091,47.05388],[22.00094,47.05402],[22.00113,47.05459],[22.00132,47.05517],[22.00162,47.05605],[22.00173,47.05635],[22.00184,47.05667],[22.00186,47.05675],[22.00186,47.05684],[22.00184,47.05695],[22.00181,47.05706],[22.00178,47.05716],[22.00177,47.05726],[22.00177,47.05736],[22.00178,47.05745],[22.00181,47.05754],[22.00185,47.05765],[22.00189,47.05777],[22.0019,47.05791],[22.0019,47.05809],[22.00188,47.05834],[22.00183,47.05857],[22.00182,47.0587],[22.00182,47.05884],[22.00184,47.05895],[22.00186,47.05902],[22.00188,47.0591],[22.00194,47.05918],[22.00199,47.05923],[22.00205,47.0593],[22.00213,47.05938],[22.00222,47.05944],[22.00231,47.05952],[22.00246,47.05961],[22.00266,47.05971],[22.00294,47.05982],[22.00321,47.05993],[22.00335,47.05997],[22.00352,47.06],[22.00383,47.06002],[22.00408,47.06],[22.00425,47.06005],[22.00523,47.06003],[22.00547,47.06001],[22.00567,47.05999],[22.00602,47.05996],[22.00631,47.05993],[22.00652,47.0599],[22.00669,47.05986],[22.00691,47.05978],[22.00728,47.05958],[22.00788,47.05937],[22.00828,47.05918],[22.00846,47.0591],[22.00884,47.05898],[22.00911,47.05892],[22.00933,47.0589],[22.00947,47.05887],[22.00958,47.05886],[22.00973,47.05883],[22.00992,47.05882],[22.01029,47.05877],[22.01061,47.05872],[22.01081,47.05868],[22.0109,47.05866],[22.01099,47.05866],[22.01112,47.05865],[22.01129,47.05867],[22.01153,47.05872],[22.01183,47.0588],[22.01233,47.0589],[22.01298,47.059],[22.01314,47.05903],[22.01329,47.05904],[22.01338,47.05904],[22.01357,47.05901],[22.01376,47.05899],[22.01388,47.059],[22.014,47.05902],[22.01412,47.05906],[22.01424,47.05913],[22.01439,47.05921],[22.01454,47.05927],[22.01463,47.05929],[22.01483,47.05931],[22.01508,47.05932],[22.01527,47.0593],[22.0154,47.05928],[22.01553,47.05925],[22.01572,47.05921],[22.01585,47.0592],[22.01609,47.05919],[22.01647,47.05917],[22.01675,47.05913],[22.01703,47.05904],[22.0173,47.05892],[22.01774,47.05877],[22.01797,47.05871],[22.01811,47.05868],[22.01822,47.05865],[22.0183,47.05861],[22.01833,47.05859],[22.01839,47.05855],[22.01852,47.05842],[22.01857,47.05835],[22.01865,47.0583],[22.01875,47.05825],[22.01881,47.05823],[22.01889,47.05822],[22.01916,47.05823],[22.01944,47.05827],[22.01997,47.05828],[22.0205,47.05831],[22.02123,47.05834],[22.02158,47.05838],[22.02194,47.05844],[22.02229,47.05853],[22.02268,47.05865],[22.02293,47.05874],[22.02307,47.05879],[22.02345,47.05898],[22.02372,47.05911],[22.02439,47.05946],[22.02459,47.05956],[22.02469,47.05961],[22.02479,47.05968],[22.02486,47.05973],[22.02494,47.05979],[22.0251,47.05994],[22.0254,47.06019],[22.02581,47.06052],[22.02585,47.06055],[22.02592,47.06059],[22.026,47.06062],[22.0262,47.06068],[22.02656,47.06076],[22.02691,47.06085],[22.02712,47.0609],[22.02727,47.06095],[22.02738,47.06102],[22.02746,47.06108],[22.02754,47.06115],[22.0277,47.06132],[22.02786,47.06145],[22.02801,47.06156],[22.02834,47.06182],[22.02866,47.06209],[22.02894,47.06235],[22.02908,47.06249],[22.02921,47.06262],[22.02931,47.06277],[22.02942,47.063],[22.02949,47.06315],[22.02954,47.06329],[22.02959,47.0635],[22.02964,47.06374],[22.0297,47.06388],[22.02974,47.06395],[22.02982,47.06411],[22.02992,47.06427],[22.03007,47.0645],[22.0302,47.06468],[22.03033,47.06485],[22.0306,47.06522],[22.03077,47.06543],[22.03094,47.06565],[22.03107,47.06581],[22.03119,47.06596],[22.0313,47.06608],[22.03137,47.06616],[22.03143,47.0662],[22.03159,47.06629],[22.03171,47.06634],[22.03185,47.06639],[22.03224,47.0665],[22.03251,47.06657],[22.03264,47.0666],[22.03277,47.06662],[22.03274,47.06665],[22.03247,47.06659],[22.03222,47.06652],[22.03192,47.06644],[22.03163,47.06634],[22.03141,47.06625]]},"properties":{"line":"15","dir":"0","mode":"bus"}},{"type":"Feature","geometry":{"type":"LineString","coordinates":[[22.0314,47.06625],[22.03135,47.06619],[22.03104,47.06582],[22.03078,47.06551],[22.03053,47.06518],[22.03025,47.06479],[22.03003,47.0645],[22.02989,47.06427],[22.02979,47.06412],[22.0297,47.06395],[22.02964,47.0638],[22.02956,47.06354],[22.02951,47.0633],[22.02941,47.06307],[22.0293,47.06283],[22.02922,47.0627],[22.02914,47.06259],[22.02891,47.06236],[22.02872,47.06218],[22.02849,47.06198],[22.02819,47.06174],[22.02789,47.0615],[22.02765,47.06131],[22.02756,47.06122],[22.02748,47.06115],[22.02739,47.06106],[22.02729,47.061],[22.02716,47.06094],[22.02701,47.06089],[22.02687,47.06086],[22.02659,47.06079],[22.02632,47.06073],[22.02615,47.06069],[22.02602,47.06066],[22.02594,47.06062],[22.02586,47.06059],[22.02559,47.06037],[22.02541,47.06024],[22.02525,47.06011],[22.02511,47.06],[22.02498,47.05988],[22.02486,47.05977],[22.02472,47.05967],[22.02364,47.0591],[22.02311,47.05884],[22.0229,47.05875],[22.02264,47.05866],[22.02229,47.05856],[22.02194,47.05846],[22.02153,47.0584],[22.0213,47.05838],[22.02106,47.05836],[22.02058,47.05834],[22.01964,47.05829],[22.01944,47.05829],[22.01929,47.05832],[22.01918,47.05826],[22.01902,47.05825],[22.01884,47.05825],[22.01874,47.05829],[22.01864,47.05835],[22.01848,47.05851],[22.0184,47.05858],[22.01833,47.05863],[22.01823,47.05867],[22.01812,47.0587],[22.01772,47.0588],[22.01735,47.05893],[22.01696,47.0591],[22.01684,47.05913],[22.01677,47.05915],[22.01668,47.05917],[22.01649,47.05919],[22.01637,47.05919],[22.01624,47.05921],[22.01612,47.05921],[22.0159,47.05922],[22.01574,47.05924],[22.01561,47.05926],[22.01538,47.05931],[22.01528,47.05933],[22.01517,47.05934],[22.01499,47.05934],[22.01474,47.05933],[22.01462,47.05932],[22.01456,47.0593],[22.01444,47.05927],[22.01434,47.05921],[22.01418,47.05913],[22.01401,47.05906],[22.01389,47.05902],[22.01375,47.05901],[22.01364,47.05902],[22.01355,47.05904],[22.01341,47.05906],[22.01328,47.05906],[22.01313,47.05904],[22.01295,47.05901],[22.01242,47.05893],[22.01215,47.05889],[22.01188,47.05883],[22.01161,47.05877],[22.01122,47.05868],[22.01109,47.05867],[22.01094,47.05868],[22.01074,47.05872],[22.01025,47.0588],[22.00977,47.05888],[22.00932,47.05892],[22.00903,47.05896],[22.00889,47.05899],[22.00842,47.05915],[22.0081,47.05928],[22.00784,47.05939],[22.00747,47.05951],[22.00725,47.05959],[22.00707,47.0597],[22.00689,47.05981],[22.00673,47.05987],[22.0065,47.05993],[22.00637,47.05998],[22.00622,47.05996],[22.00599,47.05998],[22.00556,47.06002],[22.00544,47.06003],[22.00532,47.06004],[22.00495,47.06006],[22.00437,47.06007],[22.00414,47.06006],[22.00388,47.06004],[22.00378,47.06004],[22.00362,47.06002],[22.00347,47.06002],[22.00326,47.06002],[22.0032,47.05998],[22.00299,47.05987],[22.00265,47.05974],[22.00254,47.05969],[22.00243,47.05963],[22.00228,47.05953],[22.0021,47.0594],[22.00194,47.05923],[22.00188,47.05915],[22.00182,47.05903],[22.00179,47.05886],[22.00178,47.05868],[22.0018,47.05849],[22.00183,47.05825],[22.00185,47.05817],[22.00179,47.05805],[22.00187,47.05791],[22.00186,47.0578],[22.0018,47.05762],[22.00175,47.05748],[22.00173,47.05736],[22.00172,47.05729],[22.00173,47.05721],[22.00176,47.05709],[22.0018,47.05694],[22.00181,47.05683],[22.00181,47.05677],[22.00179,47.05668],[22.00176,47.05655],[22.00164,47.0562],[22.00153,47.0559],[22.00142,47.05558],[22.00125,47.0551],[22.00109,47.05462],[22.00099,47.05429],[22.00094,47.05419],[22.00089,47.05404],[22.00082,47.0539],[22.00079,47.0537],[22.00076,47.05356],[22.00071,47.05343],[22.00068,47.05337],[22.00063,47.0533],[22.00057,47.05325],[22.00051,47.05321],[22.00036,47.05312],[22.00017,47.05302],[21.99995,47.05293],[21.99958,47.0528],[21.99938,47.05275],[21.9992,47.05271],[21.99913,47.0527],[21.99903,47.05269],[21.99891,47.05269],[21.99873,47.05271],[21.99851,47.05275],[21.99831,47.05278],[21.9982,47.05279],[21.99808,47.0528],[21.99792,47.05279],[21.99766,47.05277],[21.9973,47.0527],[21.99691,47.0526],[21.99646,47.05248],[21.99601,47.05237],[21.99557,47.05225],[21.99516,47.05215],[21.99501,47.05212],[21.99475,47.05207],[21.99451,47.05205],[21.99434,47.05203],[21.99416,47.05201],[21.99402,47.05199],[21.99381,47.05196],[21.99371,47.05194],[21.99362,47.05192],[21.9934,47.05184],[21.99311,47.05173],[21.99279,47.05166],[21.99242,47.05158],[21.99222,47.05155],[21.99204,47.0515],[21.99186,47.05142],[21.9917,47.05131],[21.99141,47.05112],[21.99098,47.05088],[21.99089,47.05084],[21.99079,47.05083],[21.99052,47.05064],[21.98963,47.05015],[21.98948,47.05008],[21.9893,47.05],[21.98911,47.04993],[21.98856,47.04975],[21.9884,47.04971],[21.98817,47.0497],[21.98787,47.04968],[21.98757,47.04965],[21.987,47.04956],[21.98661,47.0495],[21.98627,47.04946],[21.9862,47.04945],[21.98608,47.04945],[21.98597,47.04946],[21.98584,47.04949],[21.98555,47.04955],[21.98501,47.04966],[21.98449,47.04978],[21.98429,47.04983],[21.98417,47.04988],[21.98403,47.04988],[21.98373,47.04993],[21.98293,47.05001],[21.98282,47.05002],[21.98274,47.05003],[21.98263,47.05007],[21.98251,47.05013],[21.9824,47.0502],[21.98228,47.05028],[21.98219,47.05036],[21.98208,47.0505],[21.98175,47.05102],[21.98161,47.05121],[21.98144,47.05138],[21.981,47.05171],[21.98057,47.05208],[21.98026,47.05235],[21.98007,47.0525],[21.9799,47.05258],[21.97983,47.05261],[21.97974,47.05262],[21.97945,47.05266],[21.97908,47.05271],[21.9785,47.05278],[21.97822,47.05282],[21.97794,47.05286],[21.97775,47.05288],[21.97754,47.05289],[21.97725,47.05289],[21.97693,47.05287],[21.9763,47.05283],[21.97566,47.0528],[21.97521,47.05281],[21.97413,47.05259],[21.97384,47.05251],[21.97329,47.0523],[21.97311,47.05223],[21.97291,47.05216],[21.9726,47.05208],[21.9722,47.05198],[21.972,47.05194],[21.97183,47.05191],[21.97161,47.05189],[21.9714,47.0519],[21.97086,47.05193],[21.96968,47.05197],[21.96854,47.05202],[21.96748,47.05201],[21.96649,47.05204],[21.96619,47.05201],[21.96589,47.05201],[21.96563,47.05201],[21.96546,47.05202],[21.9648,47.05212],[21.96431,47.05223],[21.96375,47.05236],[21.96347,47.05243],[21.96334,47.05247],[21.96304,47.05258],[21.96278,47.05267],[21.96255,47.0527],[21.96238,47.05271],[21.96211,47.05272],[21.96198,47.05272],[21.96185,47.05272],[21.96173,47.05272],[21.96161,47.05271],[21.96136,47.05269],[21.96101,47.05266],[21.96083,47.05264],[21.96066,47.05261],[21.96061,47.05261],[21.96052,47.05261],[21.96041,47.05259],[21.96017,47.05258],[21.95969,47.05254],[21.95948,47.05255],[21.9593,47.05249],[21.95879,47.05243],[21.95859,47.0524],[21.95838,47.05241],[21.9582,47.05243],[21.95803,47.05246],[21.95773,47.05254],[21.9572,47.05271],[21.95671,47.0529],[21.95642,47.05303],[21.95624,47.05308],[21.95606,47.05313],[21.95584,47.05317],[21.95573,47.05318],[21.95568,47.05321],[21.95561,47.05321],[21.95556,47.05317],[21.95554,47.05315],[21.95536,47.05306],[21.95521,47.05301],[21.95506,47.05299],[21.95495,47.05298],[21.95485,47.053],[21.95465,47.05307],[21.95376,47.05339],[21.95323,47.05365],[21.95272,47.05391],[21.95208,47.05424],[21.95177,47.05439],[21.95162,47.05445],[21.9514,47.05452],[21.95115,47.0546],[21.95092,47.05468],[21.95078,47.05472],[21.95076,47.05475],[21.95074,47.05478],[21.95073,47.05481],[21.95068,47.05484],[21.95063,47.05485],[21.95057,47.05484],[21.95051,47.05483],[21.95045,47.05481],[21.95022,47.05481],[21.95006,47.05483],[21.94988,47.05484],[21.94967,47.05481],[21.94916,47.05472],[21.9488,47.05462],[21.94863,47.05459],[21.94844,47.05458],[21.94832,47.05459],[21.94822,47.05461],[21.94769,47.05471],[21.94685,47.05488],[21.94602,47.05505],[21.94527,47.0552],[21.94447,47.05535],[21.9432,47.05562],[21.94303,47.0557],[21.9427,47.05574],[21.94265,47.05579],[21.94257,47.05584],[21.94247,47.05584],[21.94242,47.0558],[21.94236,47.0558],[21.94223,47.05583],[21.94165,47.05593],[21.94098,47.05605],[21.94039,47.05618],[21.9402,47.05626],[21.94014,47.05637],[21.94012,47.05653],[21.94013,47.05683],[21.94017,47.05771],[21.94017,47.05819],[21.94019,47.05852],[21.9402,47.05875],[21.94026,47.05882],[21.94034,47.05889],[21.94039,47.05896],[21.94041,47.05904],[21.94033,47.05915],[21.94008,47.05935],[21.94002,47.05939],[21.94007,47.05923],[21.9401,47.05912],[21.94012,47.05898],[21.94013,47.05886],[21.94013,47.05872],[21.94013,47.05835],[21.94011,47.05803],[21.94006,47.05793],[21.93996,47.05713],[21.93993,47.05696],[21.93991,47.05683],[21.93988,47.05672],[21.93986,47.05664],[21.93985,47.05656],[21.93984,47.05651],[21.93984,47.05633],[21.93983,47.05624],[21.93985,47.05611],[21.93986,47.05596],[21.93981,47.05521],[21.9398,47.05515],[21.93978,47.0551],[21.93974,47.05505],[21.93969,47.05499],[21.93964,47.05495],[21.93958,47.05492],[21.9395,47.05489],[21.93939,47.05485],[21.93929,47.05483],[21.93918,47.0548],[21.93907,47.05473],[21.939,47.05466],[21.93892,47.05435],[21.93887,47.05407],[21.93889,47.05396],[21.93894,47.05388],[21.93904,47.05382],[21.93914,47.05373],[21.93919,47.05366],[21.93921,47.05358],[21.9392,47.05349],[21.93917,47.05338],[21.93914,47.05331],[21.93906,47.05304],[21.93897,47.05289],[21.93852,47.05157],[21.93836,47.05076],[21.93832,47.05045],[21.93827,47.05008],[21.93823,47.04979],[21.93816,47.04966],[21.93804,47.04958],[21.93787,47.04957],[21.93774,47.04958],[21.93766,47.04958],[21.93754,47.04952],[21.9375,47.04946],[21.93748,47.04938],[21.9375,47.04931],[21.93757,47.04923],[21.93767,47.04919],[21.93779,47.04919],[21.93792,47.04922],[21.93801,47.04929],[21.93807,47.04939],[21.93828,47.04939],[21.9384,47.04938],[21.93847,47.04937],[21.93854,47.04936],[21.93862,47.04939],[21.93867,47.04945],[21.93862,47.0495],[21.93853,47.04955],[21.93851,47.04969],[21.93851,47.04979],[21.93855,47.05028]]},"properties":{"line":"15","dir":"1","mode":"bus"}},{"type":"Feature","geometry":{"type":"LineString","coordinates":[[21.93754,47.04978],[21.93742,47.04983],[21.93676,47.05058],[21.93664,47.05066],[21.93652,47.0507],[21.9318,47.05155],[21.93234,47.05274],[21.93242,47.05279],[21.9325,47.05285],[21.9326,47.05297],[21.93269,47.05321],[21.93282,47.05334],[21.93305,47.0538],[21.9332,47.05408],[21.93335,47.05433],[21.93342,47.05439],[21.93371,47.05435],[21.93458,47.05423],[21.93545,47.05413],[21.93649,47.05396],[21.93791,47.05382],[21.93845,47.05374],[21.93865,47.05376],[21.93887,47.05384],[21.93896,47.05381],[21.93912,47.05374],[21.93928,47.05371],[21.93947,47.05373],[21.93981,47.05382],[21.94017,47.05385],[21.94055,47.05384],[21.94132,47.05373],[21.94146,47.05369],[21.94166,47.0537],[21.94195,47.05367],[21.94257,47.05362],[21.94348,47.05356],[21.9446,47.05349],[21.94484,47.05347],[21.94509,47.05341],[21.94526,47.05333],[21.94565,47.05312],[21.94599,47.05289],[21.94675,47.05242],[21.94751,47.05195],[21.94765,47.05187],[21.94784,47.0517],[21.94814,47.05156],[21.94896,47.05106],[21.94951,47.05074],[21.94983,47.0506],[21.9502,47.05046],[21.95071,47.05028],[21.95142,47.05017],[21.9518,47.05007],[21.95198,47.05],[21.95308,47.04961],[21.95378,47.04939],[21.95421,47.04928],[21.95482,47.04915],[21.95538,47.04899],[21.95582,47.04878],[21.95724,47.04809],[21.95743,47.04844],[21.95792,47.04938],[21.95796,47.04957],[21.95791,47.04975],[21.95783,47.04991],[21.95771,47.05012],[21.95765,47.0503],[21.95771,47.05048],[21.95782,47.05059],[21.95808,47.05071],[21.95826,47.05077],[21.95848,47.05082],[21.95872,47.05084],[21.95896,47.05085],[21.95944,47.05083],[21.95965,47.0508],[21.95984,47.05075],[21.96016,47.05065],[21.9605,47.05047],[21.96053,47.05038],[21.96059,47.05032],[21.96071,47.05028],[21.96079,47.05025],[21.96088,47.05014],[21.96128,47.0496],[21.96175,47.04892],[21.96185,47.04871],[21.96195,47.04852],[21.96229,47.04817],[21.96251,47.04794],[21.9627,47.04776],[21.96311,47.04745],[21.96443,47.04662],[21.96546,47.04598],[21.96579,47.04579],[21.96598,47.04564],[21.96632,47.04554],[21.96662,47.04542],[21.96727,47.04522],[21.96821,47.04491],[21.96876,47.04474],[21.9694,47.04445],[21.97004,47.04408],[21.97487,47.04158],[21.97669,47.04068],[21.97842,47.03977],[21.97877,47.03966],[21.97962,47.0392],[21.98024,47.03887],[21.98048,47.03874],[21.98075,47.0386],[21.9816,47.03815],[21.98203,47.03793],[21.9828,47.03752],[21.98373,47.03709],[21.98425,47.03691],[21.98476,47.03669],[21.98553,47.03636],[21.98594,47.03622],[21.98612,47.03619],[21.9866,47.0362],[21.98694,47.03621],[21.98726,47.03621],[21.98822,47.03625],[21.98861,47.03626],[21.98877,47.03621],[21.98893,47.03598],[21.98901,47.03587],[21.98913,47.03578],[21.98935,47.03552],[21.98979,47.03504],[21.99059,47.03399],[21.9912,47.03318],[21.99154,47.03264],[21.99166,47.03235],[21.99167,47.03207],[21.99167,47.03195],[21.99162,47.03186],[21.99162,47.03176],[21.99167,47.03167],[21.9918,47.0316],[21.99193,47.03157],[21.9921,47.03158],[21.99217,47.0316],[21.99238,47.03157],[21.99261,47.03157],[21.9929,47.03152],[21.99344,47.03167],[21.99383,47.03179],[21.99397,47.03177],[21.9951,47.03137],[21.99538,47.03126],[21.99537,47.03133],[21.99475,47.03155],[21.9941,47.03178],[21.99391,47.03182],[21.99379,47.03182],[21.99309,47.03161],[21.99292,47.03157],[21.99269,47.03161],[21.99257,47.03167],[21.99238,47.0317],[21.99227,47.0317],[21.99229,47.0318],[21.9922,47.03193],[21.99206,47.032],[21.99193,47.03219],[21.99175,47.03235],[21.99153,47.03279],[21.9912,47.03327],[21.99026,47.03452],[21.98976,47.03516],[21.9892,47.03581],[21.98918,47.03593],[21.98911,47.0361],[21.98911,47.03627],[21.99131,47.03635],[21.9914,47.03638],[21.99274,47.03644],[21.99318,47.03648],[21.99542,47.03658],[21.9955,47.03655],[21.99596,47.03654],[21.996,47.0365],[21.99606,47.03646],[21.9962,47.03641],[21.99634,47.0364],[21.99645,47.03644],[21.99653,47.03649],[21.99661,47.03659],[21.99655,47.03674],[21.99641,47.03682],[21.99632,47.03692],[21.99626,47.03711],[21.99625,47.0373],[21.99651,47.03732],[21.99666,47.03735],[21.99825,47.03742],[21.99818,47.03864],[21.99813,47.03971],[21.99818,47.03989],[21.99827,47.04],[21.99823,47.04009],[21.99811,47.04014],[21.99799,47.0401]]},"properties":{"line":"16T","dir":"0","mode":"bus"}},{"type":"Feature","geometry":{"type":"LineString","coordinates":[[21.99799,47.0401],[21.998,47.0401],[21.99794,47.04005],[21.9981,47.03974],[21.99812,47.0395],[21.99814,47.03883],[21.9982,47.03761],[21.99823,47.03745],[21.99825,47.03677],[21.99735,47.03674],[21.99685,47.03675],[21.99662,47.03675],[21.99647,47.03684],[21.99634,47.03686],[21.99616,47.03686],[21.99601,47.03678],[21.99592,47.0367],[21.99553,47.03667],[21.99541,47.03663],[21.99511,47.03661],[21.99417,47.03656],[21.99235,47.03648],[21.99146,47.03643],[21.99132,47.03647],[21.99011,47.03642],[21.98881,47.03639],[21.98824,47.03637],[21.98773,47.03637],[21.98725,47.03632],[21.98705,47.03627],[21.98693,47.03627],[21.98635,47.03626],[21.98613,47.03626],[21.98591,47.0363],[21.98565,47.03641],[21.98479,47.03676],[21.98428,47.03698],[21.98404,47.03714],[21.98384,47.03716],[21.9835,47.0373],[21.98273,47.03765],[21.98145,47.03831],[21.98022,47.03898],[21.97827,47.03996],[21.9776,47.0403],[21.97617,47.04104],[21.9746,47.04183],[21.97379,47.04226],[21.97306,47.0427],[21.97231,47.04298],[21.97179,47.04328],[21.97126,47.04355],[21.97049,47.04394],[21.96983,47.04434],[21.96947,47.04446],[21.96893,47.04471],[21.96796,47.04504],[21.96725,47.04526],[21.96675,47.04548],[21.96654,47.0455],[21.96638,47.04557],[21.96622,47.04562],[21.96608,47.04576],[21.9643,47.04689],[21.96318,47.04759],[21.96272,47.04798],[21.96232,47.0484],[21.96205,47.04881],[21.96198,47.04893],[21.96104,47.05022],[21.96095,47.05036],[21.96096,47.05045],[21.96092,47.05051],[21.96082,47.05055],[21.96066,47.05056],[21.96026,47.05078],[21.95993,47.05089],[21.95956,47.05096],[21.95912,47.05101],[21.95882,47.051],[21.9585,47.05098],[21.95822,47.05092],[21.95769,47.05078],[21.95681,47.05049],[21.95633,47.05045],[21.95591,47.05046],[21.95539,47.05046],[21.95482,47.0505],[21.95424,47.05058],[21.95368,47.05069],[21.95315,47.05084],[21.95213,47.05128],[21.95153,47.05159],[21.95105,47.05179],[21.94922,47.05267],[21.94808,47.05322],[21.94694,47.05376],[21.94671,47.05384],[21.9464,47.05394],[21.94615,47.054],[21.94585,47.05406],[21.94456,47.05431],[21.94358,47.05448],[21.94313,47.05456],[21.94263,47.05465],[21.9424,47.05468],[21.94216,47.0547],[21.94167,47.05464],[21.9411,47.05454],[21.9409,47.05452],[21.9407,47.05453],[21.94038,47.05457],[21.94006,47.05468],[21.93969,47.05477],[21.93948,47.05478],[21.93928,47.05473],[21.93912,47.0546],[21.93902,47.05443],[21.93902,47.05424],[21.93905,47.05411],[21.9391,47.05398],[21.93914,47.05381],[21.93921,47.05357],[21.93913,47.05322],[21.93906,47.05305],[21.93896,47.05289],[21.93878,47.05235],[21.93871,47.0521],[21.93853,47.05168],[21.9384,47.05106],[21.93835,47.05061],[21.93831,47.05022],[21.93829,47.04994],[21.93815,47.0497],[21.93806,47.04962],[21.93799,47.0496],[21.93791,47.04959],[21.93781,47.04959],[21.93771,47.04962],[21.93761,47.04968],[21.93755,47.04979]]},"properties":{"line":"16T","dir":"1","mode":"bus"}},{"type":"Feature","geometry":{"type":"LineString","coordinates":[[21.96182,47.04385],[21.96182,47.04374],[21.96162,47.04365],[21.96144,47.04361],[21.96028,47.04323],[21.95991,47.04313],[21.95965,47.04312],[21.95924,47.04317],[21.9585,47.04327],[21.95806,47.04333],[21.95789,47.04342],[21.95775,47.04339],[21.95691,47.0435],[21.95633,47.0436],[21.95626,47.04367],[21.95618,47.04368],[21.95609,47.04366],[21.95584,47.04371],[21.95419,47.04406],[21.95399,47.04409],[21.95322,47.04425],[21.95292,47.04431],[21.95212,47.0445],[21.95086,47.04479],[21.94994,47.04501],[21.94919,47.04518],[21.94898,47.04522],[21.94884,47.04524],[21.94871,47.04526],[21.94838,47.04532],[21.94743,47.04548],[21.94635,47.04566],[21.94523,47.04586],[21.94466,47.04596],[21.94436,47.04602],[21.94422,47.04607],[21.94183,47.04591],[21.94175,47.04687],[21.94173,47.04715],[21.94165,47.04737],[21.94156,47.04751],[21.9414,47.0477],[21.94116,47.04788],[21.93999,47.04847],[21.93885,47.04918],[21.93865,47.0494],[21.93863,47.04949],[21.93855,47.04957],[21.93851,47.04993],[21.93855,47.05027],[21.93857,47.05088],[21.93869,47.05141],[21.93903,47.05258],[21.9393,47.05343],[21.93971,47.05403],[21.93998,47.05456],[21.94003,47.05528],[21.94003,47.05639],[21.94013,47.05728],[21.94018,47.05828],[21.94021,47.05875],[21.94032,47.05885],[21.94039,47.05896],[21.94041,47.05906],[21.94033,47.05915],[21.94016,47.05926],[21.94008,47.05935],[21.93923,47.0592],[21.939,47.05912],[21.93884,47.05901],[21.93865,47.05887],[21.93845,47.05872],[21.93824,47.05858],[21.93798,47.05843],[21.9377,47.05825],[21.93739,47.05809],[21.93703,47.05789],[21.93669,47.05769],[21.9365,47.05759],[21.9364,47.05755],[21.9363,47.05755],[21.93614,47.0576],[21.93562,47.05794],[21.93535,47.05817],[21.93515,47.05843],[21.93491,47.05868],[21.93463,47.05901],[21.93382,47.05994],[21.93296,47.06093],[21.93247,47.06147],[21.93224,47.06174],[21.93211,47.06192],[21.93181,47.0622],[21.93147,47.06262],[21.93101,47.06327],[21.93053,47.06393],[21.93012,47.0645],[21.92941,47.06538],[21.92927,47.06557],[21.92944,47.06569],[21.92992,47.06606],[21.93028,47.06639],[21.93062,47.06669],[21.93082,47.06687],[21.93084,47.06695],[21.9302,47.0673],[21.92985,47.06737],[21.92882,47.06776],[21.92784,47.06813],[21.92724,47.06836],[21.9264,47.06871],[21.92612,47.06886],[21.92552,47.06925],[21.92533,47.06937],[21.92497,47.0695],[21.92471,47.06957],[21.92442,47.0696],[21.92415,47.06964],[21.92389,47.0697],[21.92349,47.06983],[21.92264,47.07012],[21.92214,47.07034],[21.92164,47.0705],[21.92083,47.07082],[21.92025,47.07108],[21.9202,47.07118],[21.92008,47.07123],[21.91995,47.07122],[21.91973,47.07131],[21.91872,47.07175],[21.91827,47.07199],[21.91792,47.07212],[21.9156,47.07312],[21.91512,47.0733],[21.91479,47.07347],[21.91473,47.07352],[21.91465,47.07362],[21.91453,47.07366],[21.9144,47.07364],[21.91428,47.0736],[21.9137,47.07362],[21.91304,47.07364],[21.91216,47.07369],[21.91135,47.07373],[21.91078,47.07374],[21.91027,47.07376],[21.90983,47.07378],[21.90938,47.07384],[21.90918,47.07387],[21.90888,47.07394],[21.90858,47.07404],[21.90814,47.07424],[21.90784,47.07438],[21.90761,47.07447],[21.90733,47.07464],[21.90726,47.07461],[21.90704,47.0747],[21.90669,47.07476],[21.90623,47.07494],[21.90517,47.07535],[21.90408,47.07577],[21.9035,47.07602],[21.90304,47.07623],[21.90279,47.07615],[21.90259,47.076],[21.9024,47.07581],[21.90232,47.07577],[21.90232,47.07568],[21.9024,47.07564],[21.90248,47.07565],[21.90254,47.0757],[21.90254,47.07577],[21.90254,47.07583],[21.90264,47.07587]]},"properties":{"line":"17","dir":"0","mode":"bus"}},{"type":"Feature","geometry":{"type":"LineString","coordinates":[[21.90264,47.07587],[21.90272,47.07598],[21.90287,47.07602],[21.90304,47.07601],[21.90339,47.07591],[21.9043,47.07554],[21.90597,47.0749],[21.90687,47.07455],[21.90797,47.07413],[21.90861,47.07389],[21.90892,47.07381],[21.90962,47.07369],[21.9101,47.07364],[21.91089,47.07361],[21.91121,47.0736],[21.9114,47.07354],[21.9117,47.07358],[21.91261,47.07354],[21.91331,47.07351],[21.91375,47.07347],[21.91428,47.07341],[21.91441,47.07334],[21.91451,47.07334],[21.91463,47.07332],[21.91499,47.07321],[21.91548,47.07302],[21.9168,47.07245],[21.91792,47.07196],[21.91819,47.07179],[21.91882,47.07154],[21.91967,47.07118],[21.91983,47.07107],[21.91988,47.071],[21.91999,47.07094],[21.92014,47.07094],[21.92049,47.07079],[21.92114,47.07053],[21.92184,47.07026],[21.92263,47.06998],[21.92328,47.06973],[21.92358,47.06963],[21.9239,47.06948],[21.92423,47.06927],[21.92454,47.06907],[21.925,47.06894],[21.92551,47.06889],[21.92586,47.06881],[21.92612,47.06872],[21.92644,47.06864],[21.9269,47.06846],[21.92764,47.06817],[21.92872,47.06775],[21.92938,47.06742],[21.93026,47.06713],[21.93061,47.06698],[21.93065,47.06692],[21.93065,47.06684],[21.93058,47.06673],[21.93047,47.06664],[21.93013,47.06654],[21.92983,47.06646],[21.92938,47.06638],[21.9288,47.06627],[21.92872,47.06625],[21.92867,47.06623],[21.92864,47.06618],[21.92868,47.06598],[21.92877,47.06555],[21.92881,47.06499],[21.92885,47.06453],[21.92892,47.06407],[21.92898,47.06364],[21.92901,47.06339],[21.92917,47.06304],[21.92961,47.06243],[21.93017,47.06169],[21.93078,47.06101],[21.9318,47.06002],[21.93252,47.05927],[21.9334,47.05836],[21.93381,47.05802],[21.93392,47.05796],[21.93402,47.05796],[21.93415,47.05797],[21.93427,47.058],[21.93438,47.05802],[21.93447,47.05802],[21.93461,47.05793],[21.93477,47.05785],[21.93549,47.05748],[21.93564,47.05745],[21.93576,47.05742],[21.93589,47.05743],[21.93598,47.05747],[21.93605,47.05753],[21.93614,47.05755],[21.93624,47.05754],[21.93638,47.05752],[21.93652,47.05757],[21.93674,47.05772],[21.93754,47.05816],[21.93796,47.0584],[21.93831,47.05861],[21.93892,47.05905],[21.93906,47.05912],[21.9392,47.05916],[21.93952,47.05926],[21.9396,47.05927],[21.93978,47.05932],[21.93993,47.05926],[21.94008,47.05897],[21.9401,47.05834],[21.93999,47.05751],[21.93996,47.057],[21.93987,47.05667],[21.93983,47.05611],[21.9398,47.05541],[21.9398,47.05516],[21.93975,47.05504],[21.93963,47.05496],[21.93929,47.05483],[21.93907,47.05466],[21.93896,47.05432],[21.9389,47.05404],[21.93899,47.05388],[21.93922,47.05376],[21.93938,47.05373],[21.93952,47.05374],[21.94007,47.05387],[21.94044,47.05386],[21.94094,47.05382],[21.94146,47.05369],[21.94166,47.0537],[21.94195,47.05367],[21.94257,47.05362],[21.94348,47.05356],[21.9446,47.05349],[21.94484,47.05347],[21.94509,47.05341],[21.94526,47.05333],[21.94565,47.05312],[21.94599,47.05289],[21.94675,47.05242],[21.94751,47.05195],[21.94765,47.05187],[21.94784,47.0517],[21.94814,47.05156],[21.94896,47.05106],[21.94951,47.05074],[21.94983,47.0506],[21.9502,47.05046],[21.95071,47.05028],[21.95111,47.05023],[21.95146,47.05016],[21.95188,47.05005],[21.95281,47.0497],[21.95346,47.04949],[21.95383,47.04938],[21.95418,47.04929],[21.95503,47.0491],[21.95521,47.04905],[21.95537,47.04899],[21.95557,47.0489],[21.95643,47.04848],[21.95719,47.04812],[21.9569,47.04755],[21.95683,47.0471],[21.95661,47.04642],[21.95637,47.04572],[21.95618,47.04519],[21.95601,47.04472],[21.95587,47.04454],[21.9558,47.04407],[21.95569,47.04369],[21.95607,47.04361],[21.95611,47.04357],[21.95621,47.04355],[21.95632,47.04357],[21.95655,47.04352],[21.95692,47.04347],[21.95774,47.04335],[21.95836,47.04325],[21.95862,47.04317],[21.95887,47.04318],[21.95965,47.04308],[21.95986,47.04308],[21.96006,47.04311],[21.96147,47.04358],[21.96209,47.0438],[21.96182,47.04385]]},"properties":{"line":"17","dir":"1","mode":"bus"}},{"type":"Feature","geometry":{"type":"LineString","coordinates":[[21.9339,47.07234],[21.93366,47.0726],[21.93336,47.07292],[21.93303,47.07323],[21.93238,47.07384],[21.93194,47.07424],[21.93148,47.07466],[21.93107,47.07502],[21.93066,47.07538],[21.93043,47.07555],[21.93009,47.07577],[21.92929,47.07628],[21.92884,47.07656],[21.92844,47.07683],[21.92767,47.07733],[21.92731,47.07762],[21.9272,47.07757],[21.92667,47.07794],[21.92574,47.07854],[21.92409,47.07963],[21.92304,47.08027],[21.92187,47.08104],[21.92113,47.08151],[21.9206,47.08191],[21.92052,47.08206],[21.92033,47.08214],[21.91964,47.08261],[21.91961,47.08272],[21.91954,47.08277],[21.91943,47.08281],[21.9193,47.08284],[21.91911,47.0829],[21.91876,47.08309],[21.91854,47.08323],[21.91829,47.0834],[21.91774,47.08377],[21.91738,47.08402],[21.91723,47.08418],[21.91712,47.08435],[21.91696,47.08468],[21.91684,47.08491],[21.91675,47.08509],[21.91664,47.08519],[21.91647,47.08526],[21.9163,47.08535],[21.91597,47.08551],[21.91578,47.0856],[21.91588,47.08569],[21.91595,47.08576],[21.91611,47.08581],[21.91704,47.08611],[21.91748,47.08625],[21.91768,47.0863],[21.91908,47.08676],[21.92038,47.08716],[21.92134,47.08747],[21.92264,47.08788],[21.92283,47.08796],[21.92374,47.08826],[21.92498,47.08864],[21.92638,47.08907],[21.92646,47.08905],[21.92651,47.08868],[21.92655,47.08858],[21.92656,47.08845],[21.92664,47.08785],[21.92666,47.08743],[21.92665,47.087],[21.92664,47.08657],[21.92668,47.08637],[21.92675,47.08599],[21.9269,47.0855],[21.92692,47.08529],[21.92706,47.08483],[21.92708,47.0844],[21.9271,47.08418],[21.92714,47.08379],[21.92717,47.08347],[21.92725,47.08304],[21.92739,47.08253],[21.92752,47.08218],[21.92775,47.08196],[21.92802,47.08174],[21.9282,47.0816],[21.92831,47.08144],[21.92836,47.08136],[21.92838,47.08127],[21.92837,47.08106],[21.92839,47.08091],[21.92839,47.08075],[21.92843,47.0806],[21.9285,47.08044],[21.92864,47.08023],[21.92883,47.07999],[21.92908,47.07968],[21.92936,47.07938],[21.92978,47.07892],[21.93,47.07876],[21.93032,47.07862],[21.93056,47.0785],[21.93061,47.07843],[21.93062,47.07835],[21.93062,47.07827],[21.93068,47.07822],[21.93083,47.07819],[21.931,47.07817],[21.93121,47.07814],[21.93135,47.07808],[21.93157,47.07788],[21.93175,47.07762],[21.93209,47.07717],[21.93211,47.0771],[21.93219,47.07702],[21.9323,47.07691],[21.93253,47.07689],[21.93266,47.07688],[21.93279,47.0769],[21.9333,47.07691],[21.93356,47.07688],[21.93389,47.07683],[21.93472,47.07665],[21.93535,47.07652],[21.9356,47.07647],[21.93579,47.07648],[21.93606,47.07648],[21.93646,47.07651],[21.93681,47.07656],[21.937,47.0766],[21.9372,47.07666],[21.93772,47.07693],[21.93829,47.07722],[21.9385,47.07732],[21.93871,47.0774],[21.93904,47.07747],[21.93938,47.07752],[21.93985,47.07755],[21.94031,47.07759],[21.94084,47.07762],[21.941,47.07762],[21.94139,47.07771],[21.94187,47.07789],[21.94282,47.0784],[21.9437,47.07903],[21.94455,47.07967],[21.94508,47.08009],[21.94521,47.08024],[21.94531,47.08043],[21.94585,47.08133],[21.94641,47.08229],[21.9467,47.08276],[21.94679,47.08299],[21.94682,47.08324]]},"properties":{"line":"18","dir":"0","mode":"bus"}},{"type":"Feature","geometry":{"type":"LineString","coordinates":[[21.94682,47.08324],[21.94671,47.08318],[21.94671,47.08292],[21.94652,47.08259],[21.94609,47.08185],[21.9457,47.0812],[21.94522,47.08039],[21.94498,47.08006],[21.94431,47.07955],[21.94364,47.07904],[21.94295,47.07855],[21.9424,47.07823],[21.94188,47.07794],[21.94159,47.07783],[21.94137,47.07776],[21.94117,47.07773],[21.94094,47.07767],[21.94006,47.0776],[21.93935,47.07756],[21.93893,47.07749],[21.93862,47.07741],[21.93834,47.07729],[21.93757,47.0769],[21.93716,47.07669],[21.93692,47.07662],[21.93663,47.07657],[21.93605,47.07652],[21.93565,47.07656],[21.93547,47.0766],[21.9352,47.07659],[21.93487,47.07667],[21.93429,47.07678],[21.93372,47.0769],[21.93346,47.07693],[21.93321,47.07695],[21.93295,47.07694],[21.93264,47.07696],[21.93242,47.07702],[21.93227,47.07713],[21.93221,47.07718],[21.93213,47.07719],[21.93197,47.07739],[21.93166,47.07783],[21.93157,47.07794],[21.93145,47.07805],[21.93126,47.07816],[21.93115,47.07826],[21.93097,47.07832],[21.93081,47.07841],[21.93074,47.07845],[21.93059,47.07853],[21.93045,47.07861],[21.93027,47.07869],[21.92992,47.07886],[21.92971,47.07906],[21.92962,47.07927],[21.92929,47.07952],[21.92884,47.08006],[21.92861,47.08035],[21.92852,47.08047],[21.92849,47.0806],[21.92845,47.08076],[21.92843,47.08091],[21.92843,47.08109],[21.92854,47.08119],[21.92834,47.08149],[21.92824,47.08162],[21.92812,47.08173],[21.9278,47.08196],[21.92757,47.08222],[21.92748,47.08247],[21.92731,47.08304],[21.92725,47.08332],[21.9272,47.08385],[21.92715,47.08427],[21.92713,47.0848],[21.9272,47.08485],[21.92704,47.08515],[21.92697,47.08547],[21.92688,47.08577],[21.92678,47.08616],[21.92669,47.08659],[21.9267,47.08718],[21.9267,47.08776],[21.92661,47.08848],[21.92655,47.08883],[21.92653,47.089],[21.92657,47.08909],[21.92658,47.08915],[21.92649,47.08919],[21.92642,47.08918],[21.92635,47.0891],[21.92601,47.089],[21.92567,47.08897],[21.92564,47.08889],[21.92535,47.0888],[21.9249,47.08866],[21.92404,47.08839],[21.92348,47.08821],[21.92294,47.0881],[21.92241,47.08786],[21.92178,47.08765],[21.92053,47.08726],[21.91928,47.08687],[21.91853,47.08662],[21.91773,47.08642],[21.91751,47.08629],[21.91674,47.08605],[21.91601,47.08582],[21.91579,47.08575],[21.91567,47.08573],[21.91552,47.08569],[21.91544,47.08565],[21.91541,47.08558],[21.91542,47.08548],[21.91554,47.08545],[21.91564,47.08542],[21.91579,47.08538],[21.91606,47.0853],[21.9163,47.08521],[21.91654,47.08508],[21.91678,47.08492],[21.91693,47.08465],[21.91704,47.08442],[21.91712,47.08425],[21.91724,47.08409],[21.91753,47.08385],[21.91789,47.08362],[21.91855,47.08316],[21.9188,47.08299],[21.91889,47.08289],[21.91911,47.08269],[21.91916,47.08254],[21.91929,47.08247],[21.91945,47.08246],[21.91963,47.08238],[21.91984,47.08228],[21.92014,47.08212],[21.92034,47.08202],[21.92043,47.08193],[21.92112,47.08148],[21.92218,47.08077],[21.92328,47.08007],[21.92438,47.07938],[21.92544,47.07868],[21.92626,47.07817],[21.92702,47.07764],[21.92722,47.07746],[21.92825,47.07683],[21.92919,47.07623],[21.93009,47.07566],[21.93043,47.07543],[21.93075,47.07518],[21.93161,47.07444],[21.93243,47.07366],[21.93281,47.0733],[21.93306,47.07306],[21.93335,47.07277],[21.93384,47.07218],[21.93395,47.07204],[21.93417,47.07179],[21.9343,47.07162],[21.93446,47.07144],[21.93452,47.0713],[21.93454,47.07116],[21.93455,47.0711],[21.93458,47.07105],[21.93464,47.07102],[21.93472,47.07102],[21.93478,47.07104],[21.93485,47.07108],[21.93485,47.07112],[21.93484,47.07115],[21.93481,47.07121],[21.93467,47.07139],[21.93434,47.07188],[21.93412,47.07212],[21.9339,47.07234]]},"properties":{"line":"18","dir":"1","mode":"bus"}},{"type":"Feature","geometry":{"type":"LineString","coordinates":[[21.90445,47.04143],[21.90452,47.04194],[21.90364,47.04204],[21.90387,47.0429],[21.90311,47.04303],[21.90286,47.04313],[21.90277,47.04313],[21.90271,47.0431],[21.90264,47.04297],[21.90254,47.04268],[21.90248,47.04239],[21.90243,47.04207],[21.9023,47.04196],[21.90214,47.04195],[21.90189,47.0421],[21.90172,47.04209],[21.90154,47.04202],[21.90148,47.04197],[21.90145,47.0419],[21.90123,47.04177],[21.90122,47.04162],[21.90122,47.04148],[21.901,47.04152],[21.90086,47.04154],[21.90095,47.04172],[21.90102,47.0418],[21.90099,47.04189],[21.90088,47.04192],[21.90075,47.04164],[21.90073,47.04158],[21.90067,47.04147],[21.90095,47.04143],[21.90121,47.0414],[21.90124,47.04165],[21.9013,47.04172],[21.90142,47.04177],[21.90155,47.04177],[21.9018,47.04169],[21.90191,47.04172],[21.90201,47.04176],[21.90208,47.04185],[21.90209,47.04194],[21.90199,47.04206],[21.90207,47.04238],[21.90253,47.0436],[21.90297,47.04472],[21.9032,47.04528],[21.90343,47.04583],[21.90362,47.0459],[21.90376,47.04598],[21.90385,47.04607],[21.90384,47.04622],[21.90372,47.04635],[21.90369,47.04659],[21.90397,47.04729],[21.90411,47.04762],[21.90429,47.04796],[21.90476,47.04894],[21.90475,47.04903],[21.90488,47.04947],[21.90498,47.04969],[21.90505,47.04977],[21.90504,47.04985],[21.90511,47.05005],[21.9053,47.05047],[21.90554,47.05084],[21.90588,47.05131],[21.90615,47.05161],[21.90638,47.05183],[21.9067,47.05203],[21.9069,47.05205],[21.90695,47.05217],[21.90716,47.05234],[21.90718,47.0526],[21.9071,47.05275],[21.90697,47.0529],[21.90688,47.05303],[21.90688,47.05317],[21.90693,47.05331],[21.90707,47.05358],[21.90716,47.05377],[21.90725,47.05388],[21.90727,47.05397],[21.90745,47.05431],[21.9079,47.05504],[21.90939,47.05767],[21.90973,47.05835],[21.90985,47.05858],[21.91009,47.05899],[21.91037,47.05949],[21.91064,47.05999],[21.91094,47.06047],[21.91126,47.06091],[21.91133,47.06101],[21.91143,47.06108],[21.91149,47.06113],[21.91151,47.06119],[21.9115,47.06128],[21.91155,47.06143],[21.9117,47.0617],[21.91186,47.06185],[21.91191,47.0621],[21.91141,47.06219],[21.91093,47.06227],[21.91049,47.06234],[21.90899,47.0626],[21.90849,47.0627],[21.9083,47.06275],[21.9083,47.06317],[21.90828,47.06345],[21.90826,47.0638],[21.90822,47.06391],[21.90817,47.06396],[21.90813,47.0641],[21.90825,47.06436],[21.9084,47.06474],[21.90855,47.06516],[21.90865,47.06538],[21.90867,47.06542],[21.9087,47.06547],[21.9087,47.06552],[21.90866,47.06557],[21.9084,47.06564],[21.90796,47.06585],[21.90725,47.06618],[21.90649,47.06654],[21.90611,47.06672],[21.90556,47.06697],[21.90472,47.06735],[21.90422,47.06758],[21.90401,47.06772],[21.9035,47.06793],[21.90232,47.06849],[21.90221,47.06862],[21.90218,47.06878],[21.90223,47.06908],[21.90265,47.06963],[21.90312,47.07017],[21.90348,47.07048],[21.9039,47.07077],[21.90467,47.07128],[21.90554,47.07185],[21.90613,47.07224],[21.90636,47.0724],[21.90658,47.0726],[21.90678,47.07282],[21.90696,47.07313],[21.9071,47.07325],[21.90729,47.07333],[21.90765,47.07343],[21.90809,47.07354],[21.9085,47.07365],[21.90879,47.07369],[21.90943,47.07366],[21.90984,47.07366],[21.9109,47.07361],[21.9114,47.07354]]},"properties":{"line":"19","dir":"0","mode":"bus"}},{"type":"Feature","geometry":{"type":"LineString","coordinates":[[21.9114,47.07355],[21.91171,47.07358],[21.9131,47.07353],[21.91373,47.07347],[21.91413,47.07343],[21.91429,47.0734],[21.91441,47.07335],[21.91454,47.07334],[21.91465,47.07339],[21.91472,47.07345],[21.91472,47.07354],[21.9146,47.07364],[21.91454,47.07384],[21.9145,47.07403],[21.91457,47.0751],[21.91461,47.0755],[21.9147,47.07584],[21.91488,47.07612],[21.91515,47.07641],[21.91543,47.07661],[21.91566,47.07679],[21.91682,47.07634],[21.91701,47.07628],[21.91711,47.07623],[21.91726,47.07624],[21.91812,47.07593],[21.91919,47.07551],[21.92299,47.07392],[21.92342,47.07377],[21.92409,47.07344],[21.92437,47.07329],[21.9246,47.0731],[21.92484,47.07249],[21.92506,47.07188],[21.92517,47.07147],[21.92528,47.07126],[21.9253,47.07113],[21.92505,47.07047],[21.92488,47.06998],[21.92482,47.06986],[21.92477,47.06975],[21.92467,47.06965],[21.92455,47.0696],[21.9244,47.06953],[21.9243,47.06948],[21.92426,47.0694],[21.92425,47.06931],[21.92428,47.06923],[21.92437,47.06901],[21.92448,47.06862],[21.92442,47.06825],[21.92436,47.06804],[21.92429,47.06782],[21.92412,47.06742],[21.92387,47.06693],[21.9237,47.06661],[21.92322,47.06599],[21.92289,47.06557],[21.92274,47.06547],[21.92263,47.06523],[21.92246,47.065],[21.92203,47.06452],[21.91844,47.06036],[21.91797,47.0598],[21.91775,47.05954],[21.91755,47.05928],[21.91747,47.05911],[21.91744,47.05895],[21.91741,47.05826],[21.91739,47.05771],[21.91736,47.05746],[21.91729,47.05721],[21.91717,47.05675],[21.91698,47.05634],[21.91687,47.05613],[21.91676,47.05598],[21.91651,47.05574],[21.91539,47.05534],[21.91499,47.05519],[21.91426,47.05495],[21.91351,47.05472],[21.91189,47.05419],[21.91092,47.05388],[21.90997,47.05358],[21.90881,47.05322],[21.90819,47.05303],[21.90778,47.0529],[21.90763,47.05284],[21.90747,47.05281],[21.90732,47.0528],[21.90716,47.05282],[21.90709,47.05284],[21.90695,47.05288],[21.90676,47.05289],[21.90671,47.05289],[21.90664,47.05287],[21.9066,47.05284],[21.90656,47.05279],[21.90653,47.05272],[21.90649,47.05265],[21.90639,47.05244],[21.90617,47.05205],[21.90587,47.05167],[21.90578,47.0516],[21.90575,47.05157],[21.90552,47.05123],[21.9054,47.05105],[21.90525,47.05082],[21.9051,47.0506],[21.90493,47.0503],[21.90482,47.04995],[21.90476,47.0499],[21.90473,47.04984],[21.90472,47.04975],[21.9047,47.04966],[21.90464,47.04951],[21.90454,47.04928],[21.90448,47.04914],[21.9044,47.04897],[21.90443,47.04873],[21.9042,47.04814],[21.90415,47.04798],[21.90415,47.04782],[21.90375,47.04681],[21.90342,47.04641],[21.90322,47.04632],[21.9031,47.04618],[21.90311,47.04605],[21.90319,47.04596],[21.90324,47.04573],[21.90322,47.04555],[21.90309,47.04519],[21.90288,47.04465],[21.9024,47.04339],[21.90208,47.04259],[21.90182,47.04222],[21.90176,47.04211],[21.90166,47.04208],[21.90157,47.04203],[21.9015,47.04194],[21.90148,47.04186],[21.90129,47.0418],[21.90121,47.04173],[21.90121,47.04148],[21.90089,47.04155],[21.90103,47.04186],[21.90097,47.04192],[21.90086,47.04192],[21.90073,47.04158],[21.9007,47.04149],[21.90083,47.04146],[21.90122,47.0414],[21.90122,47.04167],[21.90137,47.04175],[21.90151,47.04178],[21.90159,47.04171],[21.90173,47.04167],[21.90194,47.04168],[21.90207,47.04175],[21.90242,47.04197],[21.90255,47.04267],[21.90266,47.04284],[21.90282,47.04294],[21.90308,47.043],[21.90386,47.0429],[21.90345,47.04135],[21.90394,47.04128],[21.90422,47.04125],[21.90432,47.04127],[21.90444,47.04142]]},"properties":{"line":"19","dir":"1","mode":"bus"}},{"type":"Feature","geometry":{"type":"LineString","coordinates":[[21.9339,47.07234],[21.9332,47.07306],[21.93246,47.07377],[21.93161,47.07454],[21.93073,47.07531],[21.93037,47.0756],[21.92973,47.07596],[21.92899,47.07562],[21.9285,47.07538],[21.92783,47.07507],[21.92715,47.0747],[21.92642,47.07433],[21.92541,47.07383],[21.92486,47.07358],[21.92441,47.07338],[21.92439,47.07332],[21.92445,47.07324],[21.92456,47.07307],[21.92472,47.07275],[21.92494,47.07211],[21.92517,47.07148],[21.92526,47.0712],[21.92525,47.07107],[21.92522,47.07094],[21.9251,47.07064],[21.92496,47.07022],[21.9249,47.07002],[21.92481,47.06979],[21.92468,47.0697],[21.92456,47.06967],[21.92431,47.06966],[21.92391,47.06972],[21.92361,47.06981],[21.92266,47.07016],[21.92214,47.07034],[21.92164,47.0705],[21.92083,47.07082],[21.92025,47.07108],[21.9202,47.07118],[21.92008,47.07123],[21.91995,47.07122],[21.91973,47.07131],[21.91872,47.07175],[21.91827,47.07199],[21.91664,47.07265],[21.91547,47.07315],[21.91497,47.07341],[21.91473,47.07358],[21.91457,47.07384],[21.9145,47.07408],[21.91458,47.0753],[21.91464,47.07568],[21.91472,47.07586],[21.91484,47.07608],[21.91511,47.07638],[21.91554,47.0767],[21.91608,47.07709],[21.91679,47.07757],[21.91762,47.07816],[21.91804,47.07846],[21.91828,47.07857],[21.91845,47.07876],[21.92055,47.08026],[21.9212,47.08071],[21.9216,47.08099],[21.92176,47.08111],[21.92108,47.08156],[21.92073,47.08181],[21.92052,47.08206],[21.92028,47.08218],[21.91964,47.08262],[21.91962,47.08269],[21.91957,47.08276],[21.91949,47.0828],[21.91934,47.08283],[21.91883,47.08302],[21.91813,47.08351],[21.91758,47.08387],[21.91729,47.0841],[21.91715,47.08432],[21.91704,47.08454],[21.91696,47.08469],[21.91688,47.08485],[21.91675,47.08508],[21.9166,47.08519],[21.91642,47.0853],[21.91587,47.08553],[21.91575,47.08562],[21.91569,47.08567],[21.91553,47.08569],[21.91523,47.08569],[21.91495,47.08575],[21.91471,47.08584],[21.9146,47.08589],[21.91436,47.086],[21.91413,47.08619],[21.91416,47.08625],[21.91388,47.08629],[21.91361,47.08646],[21.91315,47.08676],[21.91227,47.08734],[21.91145,47.0879],[21.91074,47.0884],[21.9099,47.08895],[21.90928,47.08936],[21.90883,47.0897],[21.90854,47.09009],[21.90815,47.09043],[21.90772,47.09084],[21.90736,47.09118],[21.90698,47.09152],[21.90642,47.09201],[21.9056,47.09268],[21.90451,47.09356],[21.90359,47.09434],[21.90322,47.09467],[21.90321,47.09477],[21.90265,47.09507],[21.90226,47.0954],[21.90189,47.09574],[21.9017,47.09596],[21.90158,47.09612],[21.90151,47.09631],[21.90144,47.09669],[21.90141,47.09688],[21.90145,47.09702],[21.90152,47.09712],[21.90168,47.09726],[21.90243,47.09773],[21.90257,47.09784],[21.90268,47.09797],[21.90268,47.09806],[21.90267,47.09816],[21.90262,47.09826],[21.90237,47.09863],[21.902,47.09911],[21.90145,47.09988],[21.9012,47.10036],[21.90111,47.10038],[21.90063,47.10108],[21.90019,47.1017],[21.90003,47.10181],[21.89993,47.10185],[21.89977,47.10189],[21.89957,47.10192],[21.89927,47.10194],[21.89878,47.10202],[21.89802,47.10222],[21.89691,47.10248],[21.89668,47.10255],[21.89634,47.1026],[21.89519,47.10288],[21.89471,47.10309],[21.89448,47.10325],[21.8944,47.10336],[21.89434,47.10347],[21.8943,47.10362],[21.89433,47.10377],[21.89431,47.10403],[21.8946,47.10518],[21.89471,47.1056],[21.89479,47.10604],[21.89488,47.10657],[21.895,47.1071],[21.89525,47.10812],[21.89574,47.11026],[21.89612,47.11186],[21.89625,47.11207],[21.89644,47.11215],[21.89653,47.11222],[21.89658,47.11232],[21.89658,47.11244],[21.8965,47.11255],[21.89636,47.11263],[21.8962,47.11266],[21.89603,47.11266],[21.89588,47.11261],[21.89574,47.11249],[21.8957,47.11242],[21.89548,47.11227],[21.89494,47.11197],[21.8943,47.11241],[21.8942,47.11243],[21.89361,47.11205],[21.8933,47.11178],[21.89306,47.11168]]},"properties":{"line":"22","dir":"0","mode":"bus"}},{"type":"Feature","geometry":{"type":"LineString","coordinates":[[21.89306,47.11168],[21.89236,47.11123],[21.89302,47.11077],[21.89501,47.112],[21.89547,47.11226],[21.89559,47.11228],[21.89575,47.11225],[21.89583,47.11217],[21.89595,47.11208],[21.89602,47.11202],[21.89605,47.11182],[21.89568,47.11032],[21.8953,47.10865],[21.89485,47.10673],[21.89462,47.10552],[21.89431,47.10433],[21.89424,47.10403],[21.89412,47.10378],[21.89395,47.1035],[21.89382,47.10342],[21.89377,47.10333],[21.89377,47.10325],[21.89384,47.10316],[21.89396,47.10311],[21.89435,47.103],[21.89492,47.1029],[21.89586,47.10268],[21.89797,47.10218],[21.8984,47.10206],[21.89854,47.10204],[21.89906,47.10192],[21.89966,47.10187],[21.89981,47.10184],[21.89993,47.1018],[21.90004,47.10175],[21.90014,47.10166],[21.90022,47.10157],[21.90075,47.10081],[21.90137,47.0999],[21.90167,47.09948],[21.9019,47.09909],[21.90184,47.09913],[21.90218,47.09879],[21.90245,47.09843],[21.90257,47.09824],[21.90262,47.09814],[21.90264,47.09805],[21.90261,47.09795],[21.90248,47.09781],[21.90219,47.09763],[21.90191,47.09745],[21.9016,47.09726],[21.90145,47.09713],[21.90139,47.09704],[21.90136,47.09695],[21.90136,47.09682],[21.90136,47.09669],[21.90147,47.09626],[21.90155,47.09607],[21.90169,47.09588],[21.90178,47.09577],[21.90278,47.0949],[21.90335,47.09448],[21.90387,47.09404],[21.90504,47.09307],[21.90592,47.09236],[21.90699,47.09146],[21.9075,47.09098],[21.90792,47.09056],[21.90818,47.09021],[21.90863,47.08984],[21.90884,47.08963],[21.90909,47.08944],[21.9104,47.08856],[21.91172,47.08766],[21.91372,47.08634],[21.91389,47.08618],[21.91402,47.08616],[21.91438,47.08593],[21.91463,47.08574],[21.91498,47.08562],[21.91534,47.08552],[21.91564,47.08542],[21.91608,47.08529],[21.91649,47.08511],[21.91679,47.08492],[21.91714,47.08423],[21.91731,47.08399],[21.91853,47.08319],[21.9189,47.08288],[21.91912,47.08269],[21.91912,47.08259],[21.91921,47.08251],[21.91939,47.08246],[21.91953,47.08242],[21.91998,47.08221],[21.92021,47.08208],[21.92043,47.08193],[21.92112,47.08148],[21.92218,47.08077],[21.92328,47.08007],[21.92438,47.07938],[21.92544,47.07868],[21.92626,47.07817],[21.92702,47.07764],[21.92722,47.07746],[21.92738,47.07737],[21.92817,47.07684],[21.92845,47.07666],[21.92878,47.07646],[21.92938,47.0761],[21.9299,47.07579],[21.93051,47.07536],[21.9309,47.07506],[21.93126,47.07473],[21.93199,47.07404],[21.93272,47.07335],[21.93327,47.07283],[21.93352,47.07258],[21.93369,47.0724],[21.93413,47.07192],[21.93433,47.07165],[21.93432,47.07158],[21.93448,47.07128],[21.93456,47.0711],[21.93461,47.07103],[21.93469,47.071],[21.93477,47.07102],[21.93481,47.07109],[21.93478,47.07116],[21.93465,47.07134],[21.93448,47.0716],[21.93434,47.07173],[21.93422,47.07193],[21.93389,47.0723],[21.9339,47.07234]]},"properties":{"line":"22","dir":"1","mode":"bus"}},{"type":"Feature","geometry":{"type":"LineString","coordinates":[[21.90445,47.04143],[21.90452,47.04194],[21.90364,47.04204],[21.90387,47.0429],[21.90311,47.04303],[21.90286,47.04313],[21.90277,47.04313],[21.90271,47.0431],[21.90264,47.04297],[21.90254,47.04268],[21.90248,47.04239],[21.90243,47.04207],[21.9023,47.04196],[21.90214,47.04195],[21.90189,47.0421],[21.90172,47.04209],[21.90154,47.04202],[21.90148,47.04197],[21.90145,47.0419],[21.90123,47.04177],[21.90122,47.04162],[21.90122,47.04148],[21.901,47.04152],[21.90086,47.04154],[21.90095,47.04172],[21.90102,47.0418],[21.90099,47.04189],[21.90088,47.04192],[21.90075,47.04164],[21.90073,47.04158],[21.90067,47.04147],[21.90095,47.04143],[21.90121,47.0414],[21.90124,47.04165],[21.9013,47.04172],[21.90142,47.04177],[21.90155,47.04177],[21.9018,47.04169],[21.90191,47.04172],[21.90201,47.04176],[21.90208,47.04185],[21.90209,47.04194],[21.90199,47.04206],[21.90207,47.04238],[21.90253,47.0436],[21.90297,47.04472],[21.9032,47.04528],[21.90343,47.04583],[21.90362,47.0459],[21.90376,47.04598],[21.90385,47.04607],[21.90384,47.04622],[21.90372,47.04635],[21.90369,47.04659],[21.90397,47.04729],[21.90411,47.04762],[21.90429,47.04796],[21.90476,47.04894],[21.90479,47.04898],[21.90489,47.04923],[21.90499,47.04957],[21.90505,47.04968],[21.90511,47.04976],[21.90561,47.04986],[21.90611,47.04995],[21.90648,47.05001],[21.90691,47.05006],[21.90721,47.05014],[21.91239,47.05098],[21.91335,47.05113],[21.91487,47.05138],[21.91709,47.05174],[21.91765,47.05183],[21.91794,47.05186],[21.91844,47.05196],[21.91867,47.05199],[21.91904,47.052],[21.91924,47.052],[21.9196,47.05129],[21.9198,47.05092],[21.91989,47.05078],[21.92005,47.05065],[21.92027,47.05056],[21.92098,47.05051],[21.9214,47.05045],[21.92247,47.05035],[21.92362,47.05023],[21.92495,47.05011],[21.92527,47.05007],[21.92558,47.05008],[21.92593,47.0502],[21.92623,47.05026],[21.9264,47.05025],[21.92798,47.04969],[21.92906,47.04932],[21.92938,47.0492],[21.92954,47.04905],[21.92978,47.04884],[21.92992,47.04865],[21.93004,47.04855],[21.93041,47.04814],[21.93203,47.04638],[21.93293,47.04541],[21.93381,47.04446],[21.9339,47.04436],[21.93395,47.04427],[21.93393,47.04425],[21.93388,47.0442],[21.93379,47.04412],[21.93371,47.04404],[21.93358,47.0439],[21.93353,47.04382],[21.93349,47.04371],[21.93347,47.04358],[21.93347,47.04345],[21.93349,47.04338],[21.93351,47.04331],[21.93359,47.04322],[21.93367,47.04314],[21.9338,47.04304],[21.93395,47.04293],[21.93415,47.04286],[21.93437,47.04281],[21.93466,47.04279],[21.93485,47.0428],[21.93505,47.04284],[21.93519,47.04288],[21.93532,47.04293],[21.93546,47.04301],[21.93558,47.04309],[21.9358,47.04297],[21.93657,47.04257],[21.93719,47.04225],[21.93806,47.04181],[21.93867,47.04149],[21.93903,47.0413],[21.93941,47.04111],[21.93958,47.04104],[21.93976,47.04099],[21.93985,47.04103],[21.94083,47.04107],[21.94139,47.04111],[21.94186,47.04111],[21.94213,47.04115],[21.94211,47.04163],[21.94212,47.04172],[21.94249,47.04185],[21.94298,47.04209],[21.94377,47.04253],[21.94506,47.04324],[21.94664,47.04405],[21.94753,47.0445],[21.9485,47.04493],[21.94872,47.04504],[21.94885,47.04509],[21.94897,47.04508],[21.94913,47.0451],[21.94929,47.04511],[21.95036,47.04488],[21.95215,47.04446],[21.95408,47.04404],[21.95574,47.04368],[21.9559,47.0442],[21.95595,47.04451],[21.95604,47.04473],[21.95631,47.04546],[21.95656,47.0462],[21.95689,47.0471],[21.95699,47.04739],[21.95703,47.04755],[21.9571,47.04767],[21.95717,47.0479],[21.95726,47.04812],[21.95774,47.04904],[21.95789,47.04939],[21.95789,47.04953],[21.95783,47.04964],[21.95772,47.04974],[21.95749,47.04985],[21.95725,47.04996],[21.9571,47.05003],[21.95697,47.0501],[21.95687,47.05017],[21.95678,47.05026],[21.95668,47.05038],[21.95661,47.05047],[21.95611,47.05045],[21.95559,47.05045],[21.95518,47.05047],[21.95484,47.05049],[21.95459,47.05052],[21.95435,47.05056],[21.95408,47.05061],[21.9538,47.05067],[21.9534,47.05077],[21.95301,47.05089],[21.95262,47.05104],[21.95225,47.0512],[21.95189,47.0514],[21.95153,47.05159],[21.95105,47.05179],[21.94922,47.05267],[21.94808,47.05322],[21.94694,47.05376],[21.94671,47.05384],[21.9464,47.05394],[21.94615,47.054],[21.94585,47.05406],[21.94456,47.05431],[21.94358,47.05448],[21.94313,47.05456],[21.94263,47.05465],[21.9424,47.05468],[21.94216,47.0547],[21.94167,47.05464],[21.9411,47.05454],[21.9409,47.05452],[21.9407,47.05453],[21.94038,47.05457],[21.94006,47.05468],[21.93969,47.05477],[21.93948,47.05478],[21.93928,47.05473],[21.93912,47.0546],[21.93902,47.05443],[21.93902,47.05424],[21.93905,47.05411],[21.9391,47.05398],[21.93914,47.05381],[21.93921,47.05357],[21.93913,47.05322],[21.93906,47.05305],[21.93896,47.05289],[21.93869,47.05206],[21.93859,47.05192],[21.9385,47.05168],[21.93843,47.05162],[21.9382,47.05158],[21.93787,47.0516],[21.93674,47.05183],[21.93656,47.05178]]},"properties":{"line":"23","dir":"0","mode":"bus"}},{"type":"Feature","geometry":{"type":"LineString","coordinates":[[21.93656,47.05178],[21.93649,47.05189],[21.93464,47.0523],[21.93264,47.05274],[21.93257,47.05286],[21.93261,47.05298],[21.93266,47.0531],[21.93271,47.05327],[21.93294,47.05371],[21.93282,47.05333],[21.93305,47.05384],[21.93317,47.05404],[21.93331,47.0543],[21.93342,47.05432],[21.93349,47.05438],[21.93345,47.05445],[21.93331,47.05449],[21.93253,47.05466],[21.93093,47.05496],[21.92999,47.05514],[21.92609,47.05589],[21.92572,47.05595],[21.92538,47.05602],[21.92511,47.05608],[21.9248,47.05616],[21.92454,47.05634],[21.9243,47.0565],[21.92407,47.05664],[21.92391,47.05674],[21.92376,47.05681],[21.92345,47.05686],[21.92315,47.05687],[21.92267,47.05684],[21.91987,47.05658],[21.91941,47.05651],[21.91777,47.0562],[21.91753,47.05624],[21.91727,47.05638],[21.91708,47.05639],[21.9169,47.05628],[21.91683,47.05613],[21.9174,47.0557],[21.91755,47.0555],[21.91762,47.05536],[21.91786,47.05489],[21.91808,47.05455],[21.91821,47.0543],[21.9185,47.0536],[21.91884,47.05286],[21.91916,47.05216],[21.9186,47.052],[21.91788,47.05193],[21.91706,47.05174],[21.91606,47.05158],[21.91426,47.0513],[21.91246,47.051],[21.9098,47.05057],[21.90846,47.05036],[21.9078,47.05024],[21.90713,47.05017],[21.90677,47.05007],[21.9061,47.04996],[21.90544,47.04987],[21.90517,47.04984],[21.90504,47.0499],[21.90494,47.04991],[21.90485,47.0499],[21.90481,47.04985],[21.90476,47.04979],[21.90479,47.04971],[21.90473,47.04953],[21.90462,47.04923],[21.9044,47.04897],[21.90443,47.04873],[21.9042,47.04814],[21.90415,47.04798],[21.90415,47.04782],[21.90375,47.04681],[21.90342,47.04641],[21.90322,47.04632],[21.9031,47.04618],[21.90311,47.04605],[21.90319,47.04596],[21.90324,47.04573],[21.90322,47.04555],[21.90309,47.04519],[21.90288,47.04465],[21.9024,47.04339],[21.90208,47.04259],[21.90182,47.04222],[21.90176,47.04211],[21.90166,47.04208],[21.90157,47.04203],[21.9015,47.04194],[21.90148,47.04186],[21.90129,47.0418],[21.90121,47.04173],[21.90121,47.04148],[21.90089,47.04155],[21.90103,47.04186],[21.90097,47.04192],[21.90086,47.04192],[21.90073,47.04158],[21.9007,47.04149],[21.90083,47.04146],[21.90122,47.0414],[21.90122,47.04167],[21.90137,47.04175],[21.90151,47.04178],[21.90159,47.04171],[21.90173,47.04167],[21.90194,47.04168],[21.90207,47.04175],[21.90242,47.04197],[21.90255,47.04267],[21.90266,47.04284],[21.90282,47.04294],[21.90308,47.043],[21.90386,47.0429],[21.90345,47.04135],[21.90394,47.04128],[21.90422,47.04125],[21.90432,47.04127],[21.90444,47.04142]]},"properties":{"line":"23","dir":"1","mode":"bus"}},{"type":"Feature","geometry":{"type":"LineString","coordinates":[[21.93282,47.05333],[21.93305,47.05384],[21.93317,47.05404],[21.93331,47.0543],[21.93342,47.05432],[21.93349,47.05438],[21.93345,47.05445],[21.93331,47.05449],[21.93253,47.05466],[21.93093,47.05496],[21.92999,47.05514],[21.92609,47.05589],[21.92572,47.05595],[21.92538,47.05602],[21.92511,47.05608],[21.9248,47.05616],[21.92454,47.05634],[21.9243,47.0565],[21.92407,47.05664],[21.92391,47.05674],[21.92376,47.05681],[21.92345,47.05686],[21.92315,47.05687],[21.92267,47.05684],[21.92092,47.05668],[21.9198,47.05658],[21.91794,47.05624],[21.91758,47.05621],[21.91748,47.05628],[21.91727,47.05637],[21.91708,47.05638],[21.91692,47.05632],[21.91681,47.0561],[21.91659,47.05587],[21.91628,47.05567],[21.91539,47.05534],[21.91499,47.05519],[21.91426,47.05495],[21.91351,47.05472],[21.91189,47.05419],[21.91092,47.05388],[21.90997,47.05358],[21.90881,47.05322],[21.90819,47.05303],[21.90778,47.0529],[21.90763,47.05284],[21.90747,47.05281],[21.90732,47.0528],[21.90716,47.05282],[21.90709,47.05284],[21.90695,47.05288],[21.90676,47.05289],[21.90671,47.05289],[21.90664,47.05287],[21.9066,47.05284],[21.90656,47.05279],[21.90653,47.05272],[21.90649,47.05265],[21.90639,47.05244],[21.90617,47.05205],[21.90587,47.05167],[21.90578,47.0516],[21.90575,47.05157],[21.90552,47.05123],[21.9054,47.05105],[21.90525,47.05082],[21.9051,47.0506],[21.90493,47.0503],[21.90482,47.04995],[21.90476,47.0499],[21.90473,47.04984],[21.90472,47.04975],[21.9047,47.04966],[21.90464,47.04951],[21.90454,47.04928],[21.90448,47.04914],[21.9044,47.04897],[21.90438,47.04879],[21.90414,47.04814],[21.90404,47.04782],[21.90402,47.04753],[21.90398,47.04737],[21.90377,47.04687],[21.90347,47.04644],[21.90329,47.04636],[21.90314,47.04626],[21.9031,47.04609],[21.9032,47.04591],[21.90314,47.04548],[21.90277,47.04451],[21.90201,47.04255],[21.90184,47.04226],[21.90176,47.04214],[21.90165,47.04209],[21.90154,47.04212],[21.90142,47.04219],[21.90144,47.0423],[21.90159,47.04245],[21.90177,47.04263],[21.90192,47.04285],[21.9022,47.04358],[21.90168,47.0437],[21.90099,47.04382],[21.89974,47.044],[21.89959,47.04359],[21.89857,47.04378],[21.89845,47.04338]]},"properties":{"line":"24","dir":"0","mode":"bus"}},{"type":"Feature","geometry":{"type":"LineString","coordinates":[[21.89845,47.04338],[21.90118,47.04291],[21.90155,47.04285],[21.90165,47.04276],[21.90171,47.04267],[21.9017,47.04258],[21.90163,47.0425],[21.90142,47.0423],[21.9014,47.04215],[21.90149,47.04199],[21.90149,47.04185],[21.90157,47.04174],[21.90172,47.04168],[21.90193,47.04168],[21.90207,47.04177],[21.90212,47.0419],[21.90202,47.0421],[21.90202,47.0423],[21.90215,47.04272],[21.90248,47.04359],[21.90319,47.04541],[21.90344,47.04582],[21.90364,47.04591],[21.90375,47.04597],[21.90382,47.04605],[21.90384,47.04616],[21.90377,47.04629],[21.90372,47.04644],[21.90377,47.04672],[21.90386,47.04695],[21.90397,47.04717],[21.9041,47.04749],[21.90408,47.04766],[21.90423,47.04782],[21.9043,47.04799],[21.90457,47.04858],[21.90476,47.04894],[21.90475,47.04903],[21.90488,47.04947],[21.90498,47.04969],[21.90505,47.04977],[21.90504,47.04985],[21.90511,47.05005],[21.9053,47.05047],[21.90554,47.05084],[21.90588,47.05131],[21.90615,47.05161],[21.90638,47.05183],[21.9067,47.05203],[21.9069,47.05205],[21.90695,47.05213],[21.90722,47.0523],[21.90726,47.05241],[21.90731,47.05256],[21.90751,47.0527],[21.90804,47.0529],[21.91052,47.05367],[21.91176,47.05405],[21.91326,47.05454],[21.91511,47.05514],[21.91586,47.05539],[21.9161,47.05544],[21.91645,47.05556],[21.91674,47.05566],[21.91705,47.05575],[21.91738,47.05582],[21.91757,47.05567],[21.91776,47.05548],[21.91789,47.05538],[21.91809,47.05535],[21.91833,47.05535],[21.91853,47.05535],[21.91872,47.05532],[21.91906,47.05528],[21.91935,47.05521],[21.92006,47.05507],[21.92085,47.05492],[21.92126,47.05484],[21.92157,47.05479],[21.92168,47.05478],[21.92229,47.05476],[21.92253,47.05475],[21.92297,47.05474],[21.92326,47.05471],[21.92405,47.05462],[21.92512,47.05438],[21.92594,47.05419],[21.92637,47.0541],[21.92698,47.05396],[21.92733,47.05387],[21.92802,47.05372],[21.92852,47.05361],[21.92884,47.0535],[21.92911,47.05346],[21.9293,47.05343],[21.92975,47.05332],[21.93042,47.05318],[21.93107,47.05304],[21.9318,47.05288],[21.93216,47.0528],[21.93234,47.05276],[21.93242,47.05275],[21.93248,47.05277],[21.93259,47.05292],[21.9327,47.05313],[21.93282,47.05333]]},"properties":{"line":"24","dir":"1","mode":"bus"}},{"type":"Feature","geometry":{"type":"LineString","coordinates":[[21.93333,47.02536],[21.93312,47.02526],[21.93275,47.02506],[21.92732,47.02306],[21.92607,47.02262],[21.92543,47.0224],[21.92507,47.02228],[21.92478,47.02223],[21.92463,47.02213],[21.92425,47.02201],[21.92404,47.02353],[21.92377,47.02566],[21.92399,47.02587],[21.92429,47.0258],[21.9246,47.02586],[21.92474,47.02587],[21.92469,47.02623],[21.92465,47.02652],[21.92496,47.02683],[21.92598,47.02788],[21.92664,47.02852],[21.92688,47.02874],[21.92712,47.02888],[21.92753,47.02921],[21.92793,47.02947],[21.92827,47.02967],[21.92859,47.0298],[21.92912,47.03006],[21.9296,47.03029],[21.92998,47.0305],[21.93026,47.03061],[21.93036,47.0306],[21.93047,47.03064],[21.93052,47.0307],[21.93055,47.03082],[21.93109,47.03119],[21.9315,47.03144],[21.93171,47.03157],[21.93209,47.03194],[21.93224,47.03196],[21.9324,47.03204],[21.93262,47.03207],[21.9328,47.03206],[21.93315,47.03196],[21.9338,47.03179],[21.93438,47.03161],[21.9366,47.03093],[21.93799,47.03046],[21.93849,47.03027],[21.93901,47.03004],[21.9395,47.02976],[21.93992,47.0295],[21.94041,47.02911],[21.94117,47.02844],[21.94208,47.02764],[21.94256,47.02728],[21.94318,47.02686],[21.94427,47.02606],[21.94483,47.02565],[21.94541,47.02527],[21.94598,47.02491],[21.94653,47.02464],[21.94703,47.0245],[21.94753,47.02437],[21.94809,47.0243],[21.94868,47.02427],[21.94935,47.02428],[21.95012,47.02438],[21.95108,47.02456],[21.9535,47.02504],[21.95474,47.02527],[21.95509,47.02529],[21.95592,47.02544],[21.95711,47.02567],[21.95829,47.02587],[21.95853,47.02584],[21.95872,47.02589],[21.95884,47.02599],[21.95885,47.02609],[21.95879,47.02621],[21.95869,47.02629],[21.9585,47.02633],[21.95825,47.02647],[21.95806,47.02662],[21.95737,47.02748],[21.9572,47.02773],[21.95686,47.02811],[21.95646,47.02858],[21.95605,47.02905],[21.95546,47.02879],[21.95523,47.02893],[21.95567,47.02917],[21.95548,47.02936],[21.95505,47.02922],[21.95493,47.02912],[21.95513,47.02898],[21.95548,47.02878],[21.95608,47.02901],[21.95598,47.02917],[21.95557,47.02965]]},"properties":{"line":"25","dir":"0","mode":"bus"}},{"type":"Feature","geometry":{"type":"LineString","coordinates":[[21.93896,47.05289],[21.93857,47.05181],[21.93839,47.05112],[21.93826,47.04975],[21.9383,47.04938],[21.93857,47.04905],[21.93985,47.04841],[21.94073,47.04803],[21.94129,47.04771],[21.9416,47.04736],[21.94167,47.04686],[21.94177,47.04583],[21.94195,47.04313],[21.94203,47.04179],[21.94207,47.0411],[21.94209,47.04046],[21.94223,47.03986],[21.94246,47.03939],[21.94275,47.03887],[21.94301,47.03835],[21.9436,47.03734],[21.94384,47.03694],[21.9441,47.0367],[21.94453,47.03643],[21.94626,47.03542],[21.94782,47.0344],[21.95187,47.03196],[21.95389,47.03069],[21.95488,47.03008],[21.95524,47.02985],[21.95553,47.02959],[21.95586,47.02922],[21.95602,47.02903],[21.95547,47.02878],[21.95521,47.02894],[21.95566,47.02917],[21.95547,47.02935],[21.95505,47.02922],[21.95496,47.02911],[21.95522,47.02892],[21.95546,47.02877],[21.95603,47.02901],[21.9569,47.02798],[21.95732,47.02747],[21.95772,47.02695],[21.95797,47.02664],[21.9581,47.02641],[21.95818,47.0262],[21.95815,47.02613],[21.95803,47.02611],[21.95608,47.02572],[21.95481,47.02547],[21.95427,47.02533],[21.95048,47.02456],[21.9497,47.02443],[21.94917,47.0244],[21.94862,47.02439],[21.94821,47.02441],[21.9477,47.02447],[21.94721,47.02457],[21.94674,47.02471],[21.94615,47.02496],[21.94532,47.02548],[21.9437,47.02663],[21.94278,47.0273],[21.94185,47.02805],[21.94093,47.02882],[21.94051,47.0292],[21.94001,47.02959],[21.93964,47.02985],[21.93896,47.03022],[21.93845,47.03043],[21.93767,47.03072],[21.93503,47.03153],[21.9341,47.0318],[21.93385,47.0319],[21.93357,47.03202],[21.93332,47.03218],[21.93325,47.03226],[21.93315,47.03252],[21.93264,47.03261],[21.93177,47.0328],[21.93121,47.03295],[21.93091,47.03307],[21.93077,47.03319],[21.93066,47.03334],[21.93066,47.03348],[21.93095,47.0341],[21.93152,47.0353],[21.9318,47.03571],[21.93192,47.03576],[21.93196,47.03584],[21.93193,47.03593],[21.93178,47.03599],[21.93166,47.03598],[21.93155,47.03592],[21.9314,47.03593],[21.93125,47.0359],[21.93115,47.03584],[21.93105,47.03574],[21.93022,47.03373],[21.92983,47.03272],[21.92926,47.03132],[21.92926,47.03116],[21.92934,47.03108],[21.92945,47.03096],[21.92961,47.03087],[21.92979,47.03083],[21.93013,47.03071],[21.92989,47.03052],[21.92956,47.03033],[21.92892,47.03001],[21.92815,47.02966],[21.9278,47.02945],[21.92702,47.02898],[21.92688,47.0288],[21.9263,47.02821],[21.92583,47.02775],[21.92548,47.0274],[21.92501,47.02691],[21.92451,47.02642],[21.9243,47.0262],[21.92411,47.0261],[21.92399,47.02594],[21.92375,47.02565],[21.92379,47.02538],[21.92392,47.02445],[21.92399,47.02386],[21.92423,47.02198],[21.92498,47.02219],[21.92523,47.0223],[21.92637,47.0227],[21.92776,47.02321],[21.93054,47.02423],[21.93201,47.02477],[21.93351,47.0253],[21.93347,47.02535],[21.93333,47.02536]]},"properties":{"line":"25","dir":"1","mode":"bus"}},{"type":"Feature","geometry":{"type":"LineString","coordinates":[[21.92214,47.07034],[21.92164,47.0705],[21.92083,47.07082],[21.92025,47.07108],[21.9202,47.07118],[21.92008,47.07123],[21.91995,47.07122],[21.91973,47.07131],[21.91872,47.07175],[21.91827,47.07199],[21.91792,47.07212],[21.9156,47.07312],[21.91512,47.0733],[21.91479,47.07347],[21.91473,47.07352],[21.91465,47.07362],[21.91453,47.07366],[21.9144,47.07364],[21.91428,47.0736],[21.9137,47.07362],[21.91304,47.07364],[21.91216,47.07369],[21.91135,47.07373],[21.91078,47.07374],[21.91027,47.07376],[21.90983,47.07378],[21.90938,47.07384],[21.90918,47.07387],[21.90888,47.07394],[21.90858,47.07404],[21.90814,47.07424],[21.90784,47.07438],[21.90761,47.07447],[21.90733,47.07464],[21.90676,47.07471],[21.90634,47.07489],[21.90554,47.0752],[21.90455,47.07558],[21.9036,47.07597],[21.90265,47.0764],[21.90208,47.07666],[21.89842,47.0783],[21.89805,47.07847],[21.89669,47.07908],[21.89578,47.07948],[21.89372,47.08043],[21.89233,47.08103],[21.89011,47.08202],[21.88974,47.08217],[21.8894,47.0823],[21.88888,47.08251],[21.88868,47.0826],[21.88858,47.08261],[21.88846,47.08256],[21.88839,47.08249],[21.88841,47.0824],[21.88843,47.08235],[21.88838,47.0823],[21.88833,47.08225],[21.88824,47.08224],[21.88812,47.08227],[21.88801,47.08232],[21.88757,47.08252],[21.88711,47.08276],[21.88683,47.08289],[21.88657,47.08301],[21.88616,47.08323],[21.88594,47.08327],[21.88525,47.08358],[21.88422,47.08404],[21.88355,47.08435],[21.8831,47.08461],[21.88172,47.08541],[21.88027,47.08631],[21.88208,47.0852],[21.88088,47.08588],[21.87913,47.08689],[21.87866,47.08716],[21.87857,47.08723],[21.8777,47.08772],[21.87734,47.08792],[21.87675,47.08827],[21.87608,47.08866],[21.87515,47.08919],[21.87427,47.0897],[21.87359,47.09009],[21.87289,47.09047],[21.87235,47.09002],[21.87177,47.08958],[21.87104,47.08893],[21.87025,47.08828],[21.86866,47.08697],[21.86796,47.08637],[21.86715,47.08682],[21.86628,47.08613],[21.8665,47.08598],[21.86656,47.08591],[21.86702,47.08569],[21.86802,47.08512],[21.86786,47.085],[21.86772,47.08501],[21.86618,47.08587],[21.86615,47.08596],[21.86645,47.08623],[21.86717,47.08682],[21.86678,47.08703],[21.86558,47.08773],[21.86481,47.08818],[21.86374,47.0888],[21.86314,47.08916],[21.8628,47.08934],[21.86246,47.08953],[21.86425,47.09104],[21.86548,47.09208],[21.86599,47.0925],[21.86627,47.09267],[21.86645,47.09287],[21.86426,47.09413],[21.86542,47.09511],[21.86764,47.09383],[21.86742,47.09364],[21.86663,47.09302],[21.86634,47.09282]]},"properties":{"line":"26","dir":"0","mode":"bus"}},{"type":"Feature","geometry":{"type":"LineString","coordinates":[[21.86634,47.09282],[21.86605,47.09255],[21.86549,47.09208],[21.86462,47.09135],[21.86358,47.09047],[21.86247,47.08954],[21.86286,47.08922],[21.86328,47.08907],[21.86365,47.08885],[21.86528,47.08791],[21.86718,47.0868],[21.8663,47.0861],[21.86668,47.0859],[21.86699,47.08571],[21.86735,47.08551],[21.86801,47.08511],[21.86787,47.08501],[21.86774,47.085],[21.86616,47.08587],[21.86615,47.08597],[21.86661,47.08636],[21.86716,47.08681],[21.86795,47.08637],[21.86849,47.08682],[21.86896,47.08721],[21.86968,47.08781],[21.87032,47.08834],[21.87078,47.08872],[21.87136,47.08919],[21.87151,47.08929],[21.87171,47.08946],[21.87188,47.08961],[21.87216,47.08985],[21.87254,47.09018],[21.87291,47.09047],[21.87409,47.08978],[21.87468,47.08946],[21.87525,47.08912],[21.87621,47.08857],[21.87752,47.08781],[21.87802,47.08754],[21.87854,47.08722],[21.87863,47.08715],[21.8791,47.08689],[21.87956,47.08661],[21.88053,47.08603],[21.88175,47.08537],[21.88232,47.08504],[21.88353,47.08432],[21.88489,47.0837],[21.88558,47.08342],[21.88661,47.08295],[21.88746,47.08256],[21.8878,47.08238],[21.88804,47.08228],[21.88828,47.08218],[21.88838,47.08214],[21.8885,47.08223],[21.88861,47.08233],[21.88874,47.08233],[21.88918,47.08223],[21.88962,47.08209],[21.88997,47.08194],[21.89081,47.08158],[21.89196,47.08107],[21.89303,47.08059],[21.89339,47.08035],[21.9011,47.07696],[21.90341,47.0759],[21.90442,47.07548],[21.9059,47.07492],[21.90806,47.07409],[21.90877,47.07384],[21.90944,47.07368],[21.91027,47.07361],[21.9111,47.07358],[21.9114,47.07354],[21.9117,47.07358],[21.91261,47.07354],[21.91331,47.07351],[21.91375,47.07347],[21.91428,47.07341],[21.91441,47.07334],[21.91451,47.07334],[21.91463,47.07332],[21.91499,47.07321],[21.91548,47.07302],[21.9168,47.07245],[21.91792,47.07196],[21.91819,47.07179],[21.91882,47.07154],[21.91967,47.07118],[21.91983,47.07107],[21.91988,47.071],[21.91999,47.07094],[21.92014,47.07094],[21.92049,47.07079],[21.92114,47.07053],[21.92184,47.07026],[21.92263,47.06998],[21.92328,47.06973],[21.92343,47.0697],[21.92402,47.06942],[21.92432,47.0692],[21.92449,47.06911],[21.92468,47.06903],[21.92493,47.06896],[21.92518,47.06893],[21.92535,47.06892],[21.92545,47.06899],[21.92552,47.06911],[21.92553,47.06922],[21.92542,47.06934],[21.92524,47.06941],[21.92487,47.06953],[21.9245,47.06959],[21.92404,47.06966],[21.9236,47.0698],[21.92258,47.07015],[21.92216,47.07031],[21.92214,47.07034]]},"properties":{"line":"26","dir":"1","mode":"bus"}},{"type":"Feature","geometry":{"type":"LineString","coordinates":[[21.92214,47.07034],[21.92164,47.0705],[21.92083,47.07082],[21.92025,47.07108],[21.9202,47.07118],[21.92008,47.07123],[21.91995,47.07122],[21.91973,47.07131],[21.91872,47.07175],[21.91827,47.07199],[21.91792,47.07212],[21.9156,47.07312],[21.91512,47.0733],[21.91479,47.07347],[21.91473,47.07352],[21.91465,47.07362],[21.91453,47.07366],[21.9144,47.07364],[21.91428,47.0736],[21.9137,47.07362],[21.91304,47.07364],[21.91216,47.07369],[21.91135,47.07373],[21.91078,47.07374],[21.91027,47.07376],[21.90983,47.07378],[21.90938,47.07384],[21.90918,47.07387],[21.90888,47.07394],[21.90858,47.07404],[21.90814,47.07424],[21.90784,47.07438],[21.90761,47.07447],[21.90733,47.07464],[21.90676,47.07471],[21.90634,47.07489],[21.90554,47.0752],[21.90455,47.07558],[21.9036,47.07597],[21.90265,47.0764],[21.90208,47.07666],[21.89842,47.0783],[21.89805,47.07847],[21.89669,47.07908],[21.89578,47.07948],[21.89372,47.08043],[21.89233,47.08103],[21.89011,47.08202],[21.88974,47.08217],[21.8894,47.0823],[21.88888,47.08251],[21.88868,47.0826],[21.88858,47.08261],[21.88846,47.08256],[21.88839,47.08249],[21.88841,47.0824],[21.88843,47.08235],[21.88838,47.0823],[21.88833,47.08225],[21.88824,47.08224],[21.88812,47.08227],[21.88801,47.08232],[21.88757,47.08252],[21.88711,47.08276],[21.88683,47.08289],[21.88657,47.08301],[21.88616,47.08323],[21.88594,47.08327],[21.88525,47.08358],[21.88422,47.08404],[21.88355,47.08435],[21.8831,47.08461],[21.88172,47.08541],[21.88027,47.08631],[21.87999,47.08643],[21.87942,47.08675],[21.87907,47.08695],[21.8783,47.08739],[21.87798,47.08758],[21.87765,47.08776],[21.87748,47.08785],[21.87741,47.08787],[21.87734,47.08786],[21.8773,47.08784],[21.87716,47.08776],[21.87696,47.08758],[21.87672,47.08739],[21.87635,47.0871],[21.87611,47.08692],[21.87591,47.0868],[21.87582,47.08669],[21.87562,47.08653],[21.87519,47.0862],[21.8748,47.08588],[21.8746,47.08573],[21.87451,47.08565],[21.87446,47.08559],[21.87448,47.08556],[21.87451,47.08553],[21.87459,47.08551],[21.87472,47.08543],[21.87495,47.0853],[21.87542,47.08503],[21.87616,47.08459],[21.87691,47.08414],[21.87773,47.08367],[21.87814,47.08343],[21.87846,47.08319],[21.87883,47.08301],[21.87956,47.08258],[21.8801,47.08227],[21.88038,47.08211],[21.88047,47.08204],[21.8805,47.08197],[21.88048,47.0819],[21.88038,47.0818],[21.87993,47.08143],[21.87932,47.08093],[21.87915,47.08079],[21.87902,47.0807],[21.87892,47.08067],[21.87884,47.08067],[21.8787,47.08068],[21.87858,47.08073],[21.87784,47.08105],[21.87708,47.08137],[21.87654,47.08158],[21.87621,47.08175],[21.87609,47.08183],[21.87593,47.08186],[21.87536,47.08211],[21.87479,47.08243],[21.87357,47.08312],[21.87121,47.08449],[21.87,47.08518],[21.86821,47.08623],[21.86718,47.08682],[21.86629,47.08609],[21.86655,47.08594],[21.86668,47.0859]]},"properties":{"line":"27","dir":"0","mode":"bus"}},{"type":"Feature","geometry":{"type":"LineString","coordinates":[[21.86668,47.0859],[21.8669,47.08576],[21.86735,47.08551],[21.86802,47.08512],[21.86889,47.08582],[21.86979,47.0853],[21.8715,47.08432],[21.87331,47.08326],[21.87442,47.08263],[21.87532,47.08212],[21.87623,47.08173],[21.87663,47.0815],[21.87721,47.08129],[21.87789,47.081],[21.87856,47.08071],[21.87881,47.08065],[21.87897,47.08066],[21.87908,47.0807],[21.8795,47.08104],[21.88064,47.08198],[21.87956,47.08261],[21.87901,47.08293],[21.8785,47.08326],[21.87721,47.084],[21.87563,47.08493],[21.87448,47.08557],[21.8751,47.08609],[21.87579,47.08665],[21.8761,47.0868],[21.8764,47.08712],[21.87684,47.08745],[21.87721,47.08775],[21.87744,47.08785],[21.87789,47.0876],[21.87846,47.08727],[21.87863,47.08715],[21.8791,47.08689],[21.87956,47.08661],[21.88053,47.08603],[21.88175,47.08537],[21.88232,47.08504],[21.88353,47.08432],[21.88489,47.0837],[21.88558,47.08342],[21.88661,47.08295],[21.88746,47.08256],[21.8878,47.08238],[21.88804,47.08228],[21.88828,47.08218],[21.88838,47.08214],[21.8885,47.08223],[21.88861,47.08233],[21.88874,47.08233],[21.88918,47.08223],[21.88962,47.08209],[21.88997,47.08194],[21.89081,47.08158],[21.89196,47.08107],[21.89303,47.08059],[21.89339,47.08035],[21.9011,47.07696],[21.90341,47.0759],[21.90442,47.07548],[21.9059,47.07492],[21.90806,47.07409],[21.90877,47.07384],[21.90944,47.07368],[21.91027,47.07361],[21.9111,47.07358],[21.9114,47.07354],[21.9117,47.07358],[21.91261,47.07354],[21.91331,47.07351],[21.91375,47.07347],[21.91428,47.07341],[21.91441,47.07334],[21.91451,47.07334],[21.91463,47.07332],[21.91499,47.07321],[21.91548,47.07302],[21.9168,47.07245],[21.91792,47.07196],[21.91819,47.07179],[21.91882,47.07154],[21.91967,47.07118],[21.91983,47.07107],[21.91988,47.071],[21.91999,47.07094],[21.92014,47.07094],[21.92049,47.07079],[21.92114,47.07053],[21.92184,47.07026],[21.92263,47.06998],[21.92328,47.06973],[21.92343,47.0697],[21.92402,47.06942],[21.92432,47.0692],[21.92449,47.06911],[21.92468,47.06903],[21.92493,47.06896],[21.92518,47.06893],[21.92535,47.06892],[21.92545,47.06899],[21.92552,47.06911],[21.92553,47.06922],[21.92542,47.06934],[21.92524,47.06941],[21.92487,47.06953],[21.9245,47.06959],[21.92404,47.06966],[21.9236,47.0698],[21.92258,47.07015],[21.92216,47.07031],[21.92214,47.07034]]},"properties":{"line":"27","dir":"1","mode":"bus"}},{"type":"Feature","geometry":{"type":"LineString","coordinates":[[21.92214,47.07034],[21.92164,47.0705],[21.92083,47.07082],[21.92025,47.07108],[21.9202,47.07118],[21.92008,47.07123],[21.91995,47.07122],[21.91973,47.07131],[21.91872,47.07175],[21.91827,47.07199],[21.91792,47.07212],[21.9156,47.07312],[21.91512,47.0733],[21.91479,47.07347],[21.91473,47.07352],[21.91465,47.07362],[21.91453,47.07366],[21.9144,47.07364],[21.91428,47.0736],[21.9137,47.07362],[21.91304,47.07364],[21.91216,47.07369],[21.91135,47.07373],[21.91078,47.07374],[21.91027,47.07376],[21.90983,47.07378],[21.90938,47.07384],[21.90918,47.07387],[21.90888,47.07394],[21.90858,47.07404],[21.90814,47.07424],[21.90784,47.07438],[21.90761,47.07447],[21.90733,47.07464],[21.90676,47.07471],[21.90634,47.07489],[21.90554,47.0752],[21.90455,47.07558],[21.9036,47.07597],[21.90265,47.0764],[21.90208,47.07666],[21.89842,47.0783],[21.89805,47.07847],[21.89669,47.07908],[21.89578,47.07948],[21.89372,47.08043],[21.89233,47.08103],[21.89011,47.08202],[21.88974,47.08217],[21.8894,47.0823],[21.88888,47.08251],[21.88868,47.0826],[21.88858,47.08261],[21.88846,47.08256],[21.88839,47.08249],[21.88841,47.0824],[21.88843,47.08235],[21.88838,47.0823],[21.88833,47.08225],[21.88824,47.08224],[21.88812,47.08227],[21.88801,47.08232],[21.88757,47.08252],[21.88711,47.08276],[21.88683,47.08289],[21.88657,47.08301],[21.88616,47.08323],[21.88594,47.08327],[21.88525,47.08358],[21.88422,47.08404],[21.88355,47.08435],[21.8831,47.08461],[21.88172,47.08541],[21.88027,47.08631],[21.87999,47.08643],[21.87942,47.08675],[21.87907,47.08695],[21.8783,47.08739],[21.87798,47.08758],[21.87765,47.08776],[21.87748,47.08785],[21.87741,47.08787],[21.87734,47.08786],[21.8773,47.08784],[21.87716,47.08776],[21.87696,47.08758],[21.87672,47.08739],[21.87635,47.0871],[21.87611,47.08692],[21.87591,47.0868],[21.87582,47.08669],[21.87562,47.08653],[21.87519,47.0862],[21.8748,47.08588],[21.8746,47.08573],[21.87451,47.08565],[21.87446,47.08559],[21.87448,47.08556],[21.87451,47.08553],[21.87459,47.08551],[21.87472,47.08543],[21.87495,47.0853],[21.87542,47.08503],[21.87616,47.08459],[21.87691,47.08414],[21.87773,47.08367],[21.87814,47.08343],[21.87846,47.08319],[21.87883,47.08301],[21.87956,47.08258],[21.8801,47.08227],[21.88038,47.08211],[21.88047,47.08204],[21.8805,47.08197],[21.88048,47.0819],[21.88038,47.0818],[21.87993,47.08143],[21.87932,47.08093],[21.87915,47.08079],[21.87902,47.0807],[21.87892,47.08067],[21.87884,47.08067],[21.8787,47.08068],[21.87858,47.08073],[21.87784,47.08105],[21.87708,47.08137],[21.87654,47.08158],[21.87621,47.08175],[21.87609,47.08183],[21.87575,47.08194],[21.87539,47.08211],[21.87481,47.08241],[21.87392,47.08293],[21.87302,47.08345],[21.87155,47.0843],[21.87144,47.08431],[21.87065,47.08478],[21.87006,47.08512],[21.86886,47.08582],[21.86804,47.08628],[21.86757,47.08657],[21.86713,47.08682],[21.8668,47.08655],[21.86654,47.08633],[21.86626,47.0861],[21.86656,47.08591],[21.86702,47.08569],[21.86802,47.08512],[21.86786,47.085],[21.86772,47.08501],[21.86618,47.08587],[21.86615,47.08596],[21.86645,47.08623],[21.86717,47.08682],[21.86678,47.08703],[21.86558,47.08773],[21.86481,47.08818],[21.86374,47.0888],[21.86314,47.08917],[21.86246,47.08954],[21.86111,47.0884],[21.86008,47.08756],[21.86324,47.08573],[21.86485,47.08478],[21.86535,47.08449],[21.86624,47.08399],[21.86575,47.08429],[21.86481,47.08486],[21.86464,47.08493]]},"properties":{"line":"27P","dir":"0","mode":"bus"}},{"type":"Feature","geometry":{"type":"LineString","coordinates":[[21.86464,47.08493],[21.86438,47.08507],[21.86307,47.08582],[21.86204,47.08642],[21.86007,47.08755],[21.86125,47.08852],[21.86246,47.08954],[21.86284,47.08932],[21.86286,47.08922],[21.86328,47.08907],[21.86365,47.08885],[21.86528,47.08791],[21.86718,47.0868],[21.8663,47.0861],[21.86668,47.0859],[21.86687,47.08578],[21.86802,47.08512],[21.86889,47.08582],[21.8713,47.08444],[21.87171,47.08415],[21.87232,47.08385],[21.8729,47.0835],[21.87352,47.08315],[21.87402,47.08286],[21.87461,47.08253],[21.87539,47.08209],[21.87663,47.0815],[21.87721,47.08129],[21.87789,47.081],[21.87856,47.08071],[21.87881,47.08065],[21.87897,47.08066],[21.87908,47.0807],[21.8795,47.08104],[21.88064,47.08198],[21.87956,47.08261],[21.87901,47.08293],[21.8785,47.08326],[21.87721,47.084],[21.87563,47.08493],[21.87448,47.08557],[21.8751,47.08609],[21.87579,47.08665],[21.8761,47.0868],[21.8764,47.08712],[21.87684,47.08745],[21.87721,47.08775],[21.87744,47.08785],[21.87789,47.0876],[21.87846,47.08727],[21.87863,47.08715],[21.8791,47.08689],[21.87956,47.08661],[21.88053,47.08603],[21.88175,47.08537],[21.88232,47.08504],[21.88353,47.08432],[21.88489,47.0837],[21.88558,47.08342],[21.88661,47.08295],[21.88746,47.08256],[21.8878,47.08238],[21.88804,47.08228],[21.88828,47.08218],[21.88838,47.08214],[21.8885,47.08223],[21.88861,47.08233],[21.88874,47.08233],[21.88918,47.08223],[21.88962,47.08209],[21.88997,47.08194],[21.89081,47.08158],[21.89196,47.08107],[21.89303,47.08059],[21.89339,47.08035],[21.89355,47.08036],[21.89388,47.0802],[21.89457,47.07989],[21.89523,47.07958],[21.89563,47.0794],[21.89621,47.07913],[21.89693,47.0788],[21.89748,47.07857],[21.8978,47.07843],[21.89818,47.07827],[21.89873,47.07803],[21.89943,47.07771],[21.89994,47.07749],[21.90093,47.07704],[21.90125,47.0769],[21.90175,47.07667],[21.90202,47.07655],[21.90246,47.07634],[21.90329,47.07597],[21.90357,47.07585],[21.90422,47.07558],[21.90467,47.07541],[21.90554,47.07508],[21.90599,47.07489],[21.90649,47.07471],[21.90744,47.07433],[21.90795,47.07414],[21.90853,47.07393],[21.90871,47.07387],[21.9089,47.07382],[21.90932,47.07372],[21.90966,47.07367],[21.91005,47.07363],[21.91071,47.0736],[21.91111,47.07354],[21.9117,47.07356],[21.91272,47.07352],[21.91322,47.07349],[21.91355,47.07346],[21.91405,47.07341],[21.91429,47.07336],[21.91438,47.07333],[21.91453,47.07331],[21.91476,47.07326],[21.91504,47.07316],[21.91551,47.07296],[21.91589,47.0728],[21.91628,47.07264],[21.91667,47.07248],[21.91799,47.0719],[21.91819,47.07179],[21.91882,47.07154],[21.91967,47.07118],[21.91983,47.07107],[21.91988,47.071],[21.91999,47.07094],[21.92014,47.07094],[21.92049,47.07079],[21.92114,47.07053],[21.92184,47.07026],[21.92263,47.06998],[21.92328,47.06973],[21.92343,47.0697],[21.92402,47.06942],[21.92432,47.0692],[21.92449,47.06911],[21.92468,47.06903],[21.92493,47.06896],[21.92518,47.06893],[21.92535,47.06892],[21.92545,47.06899],[21.92552,47.06911],[21.92553,47.06922],[21.92542,47.06934],[21.92524,47.06941],[21.92487,47.06953],[21.9245,47.06959],[21.92404,47.06966],[21.9236,47.0698],[21.92258,47.07015],[21.92216,47.07031],[21.92214,47.07034]]},"properties":{"line":"27P","dir":"1","mode":"bus"}},{"type":"Feature","geometry":{"type":"LineString","coordinates":[[21.94916,47.05472],[21.9488,47.05462],[21.94863,47.05459],[21.94844,47.05458],[21.94832,47.05459],[21.94822,47.05461],[21.94769,47.05471],[21.94685,47.05488],[21.94602,47.05505],[21.94527,47.0552],[21.94447,47.05535],[21.9432,47.05562],[21.94303,47.0557],[21.94288,47.05569],[21.94281,47.0557],[21.94274,47.05572],[21.94265,47.05578],[21.94257,47.05582],[21.94243,47.05582],[21.94231,47.05582],[21.94214,47.05585],[21.94191,47.05589],[21.9417,47.05593],[21.94138,47.05598],[21.94089,47.05608],[21.9405,47.05616],[21.94036,47.0562],[21.94024,47.05624],[21.94018,47.05628],[21.94015,47.05634],[21.94015,47.05641],[21.94012,47.05654],[21.94012,47.05674],[21.94011,47.057],[21.94014,47.05766],[21.94018,47.05829],[21.94018,47.0585],[21.94019,47.05874],[21.94024,47.05884],[21.94037,47.05893],[21.94039,47.05902],[21.94037,47.05909],[21.94031,47.05915],[21.94023,47.05919],[21.94013,47.0592],[21.94007,47.05917],[21.94002,47.05911],[21.94004,47.05901],[21.94005,47.05886],[21.94007,47.05855],[21.94005,47.05832],[21.94002,47.05785],[21.94001,47.05758],[21.93999,47.05728],[21.93994,47.05699],[21.93983,47.05655],[21.93981,47.0562],[21.9398,47.05585],[21.93974,47.0555],[21.93972,47.05532],[21.93972,47.05522],[21.9397,47.05509],[21.93967,47.05498],[21.93951,47.0549],[21.93931,47.05483],[21.93915,47.05475],[21.93898,47.05459],[21.93891,47.05446],[21.93882,47.05408],[21.93876,47.05392],[21.93865,47.05382],[21.93855,47.05379],[21.93844,47.05379],[21.93811,47.05385],[21.93732,47.05393],[21.93656,47.05403],[21.9361,47.05409],[21.93582,47.05412],[21.93458,47.05427],[21.9338,47.05437],[21.93336,47.05446],[21.93299,47.05458],[21.93183,47.05482],[21.93064,47.05504],[21.93015,47.05514],[21.92969,47.05529],[21.92943,47.05541],[21.92929,47.05548],[21.92911,47.05555],[21.92897,47.05562],[21.92874,47.05574],[21.92864,47.05579],[21.92858,47.05582],[21.92851,47.05582],[21.92841,47.05581],[21.92833,47.05577],[21.92821,47.05564],[21.92813,47.05555],[21.9281,47.05552],[21.92803,47.0555],[21.92774,47.05555],[21.92725,47.05563],[21.92692,47.05569],[21.92623,47.05583],[21.92552,47.05596],[21.92517,47.05603],[21.92489,47.05611],[21.9247,47.05619],[21.92451,47.05632],[21.92423,47.0565],[21.924,47.05667],[21.92378,47.05678],[21.9237,47.05682],[21.9236,47.05684],[21.92341,47.05687],[21.92318,47.05687],[21.92168,47.05674],[21.92087,47.05669],[21.92044,47.05667],[21.92014,47.05665],[21.91983,47.05661],[21.91948,47.05656],[21.91917,47.0565],[21.91889,47.05644],[21.91799,47.05628],[21.91766,47.05622],[21.91747,47.05629],[21.91733,47.05636],[21.91719,47.05639],[21.91703,47.05636],[21.91695,47.05634],[21.91692,47.05627],[21.91685,47.05615],[21.9168,47.05607],[21.91668,47.05591],[21.9165,47.05577],[21.9163,47.05565],[21.91587,47.05547],[21.91539,47.05534],[21.91499,47.05519],[21.91426,47.05495],[21.91351,47.05472],[21.91189,47.05419],[21.91092,47.05388],[21.90997,47.05358],[21.90881,47.05322],[21.90819,47.05303],[21.90778,47.0529],[21.90763,47.05284],[21.90747,47.05281],[21.90732,47.0528],[21.90716,47.05282],[21.90709,47.05284],[21.90695,47.05288],[21.90676,47.05289],[21.90671,47.05289],[21.90664,47.05287],[21.9066,47.05284],[21.90656,47.05279],[21.90653,47.05272],[21.90649,47.05265],[21.90639,47.05244],[21.90617,47.05205],[21.90587,47.05167],[21.90578,47.0516],[21.90575,47.05157],[21.90552,47.05123],[21.9054,47.05105],[21.90525,47.05082],[21.9051,47.0506],[21.90493,47.0503],[21.90482,47.04995],[21.90476,47.0499],[21.90473,47.04984],[21.90472,47.04975],[21.9047,47.04966],[21.90464,47.04951],[21.90454,47.04928],[21.90448,47.04914],[21.9044,47.04897],[21.90428,47.04852],[21.9041,47.04808],[21.904,47.04774],[21.9038,47.04726],[21.90354,47.04664],[21.90338,47.04639],[21.90322,47.04632],[21.90313,47.04624],[21.90308,47.04612],[21.90314,47.04604],[21.9032,47.04585],[21.90313,47.04557],[21.90223,47.04321],[21.90187,47.04232],[21.90172,47.04208],[21.90158,47.04205],[21.90149,47.04195],[21.90149,47.04185],[21.90156,47.04177],[21.90161,47.04167],[21.90157,47.04144],[21.90112,47.04033],[21.89998,47.03746],[21.89942,47.03595],[21.89899,47.03458],[21.8985,47.03314],[21.89797,47.03172],[21.89768,47.03097],[21.89744,47.03024],[21.89704,47.02887],[21.89683,47.028],[21.89667,47.02725],[21.89651,47.02615],[21.8967,47.02603],[21.89688,47.02598],[21.89694,47.02591],[21.89705,47.0259],[21.89715,47.02598]]},"properties":{"line":"28","dir":"0","mode":"bus"}},{"type":"Feature","geometry":{"type":"LineString","coordinates":[[21.89719,47.02599],[21.8972,47.02606],[21.89702,47.02614],[21.89698,47.02626],[21.89686,47.02642],[21.89684,47.02655],[21.89697,47.02714],[21.89703,47.02732],[21.8971,47.02761],[21.89717,47.02796],[21.89719,47.02829],[21.89718,47.02842],[21.89721,47.02858],[21.89708,47.02861],[21.89714,47.02888],[21.89746,47.02993],[21.89762,47.03036],[21.89833,47.03222],[21.89869,47.03321],[21.89903,47.0342],[21.89967,47.03619],[21.90067,47.03879],[21.90095,47.03951],[21.90126,47.04026],[21.90157,47.04101],[21.90175,47.04145],[21.90192,47.04167],[21.90201,47.04172],[21.90207,47.04177],[21.90211,47.04184],[21.90212,47.0419],[21.90211,47.04195],[21.90207,47.04201],[21.90206,47.04209],[21.90205,47.0422],[21.90213,47.04257],[21.9027,47.04397],[21.90327,47.04553],[21.90353,47.04587],[21.90362,47.04589],[21.90369,47.04592],[21.90378,47.04598],[21.90383,47.04605],[21.90385,47.04613],[21.90384,47.04618],[21.90382,47.04625],[21.90375,47.04632],[21.90372,47.04644],[21.90371,47.04654],[21.9038,47.04678],[21.90387,47.04696],[21.90422,47.04784],[21.90431,47.0479],[21.90437,47.04798],[21.90448,47.0482],[21.90457,47.04842],[21.90468,47.0487],[21.90476,47.04894],[21.90475,47.04903],[21.90488,47.04947],[21.90498,47.04969],[21.90505,47.04977],[21.90504,47.04985],[21.90511,47.05005],[21.9053,47.05047],[21.90554,47.05084],[21.90588,47.05131],[21.90615,47.05161],[21.90638,47.05183],[21.9067,47.05203],[21.9069,47.05205],[21.90695,47.05213],[21.90722,47.0523],[21.90726,47.05241],[21.90731,47.05256],[21.90751,47.0527],[21.90804,47.0529],[21.91052,47.05367],[21.91176,47.05405],[21.91326,47.05454],[21.91511,47.05514],[21.91586,47.05539],[21.9161,47.05544],[21.91645,47.05556],[21.91674,47.05566],[21.91705,47.05575],[21.91738,47.05582],[21.91757,47.05567],[21.91776,47.05548],[21.91789,47.05538],[21.91809,47.05535],[21.91833,47.05535],[21.91853,47.05535],[21.91872,47.05532],[21.91906,47.05528],[21.91935,47.05521],[21.92006,47.05507],[21.92085,47.05492],[21.92126,47.05484],[21.92157,47.05479],[21.92168,47.05478],[21.92229,47.05476],[21.92253,47.05475],[21.92297,47.05474],[21.92326,47.05471],[21.92405,47.05462],[21.92512,47.05438],[21.92594,47.05419],[21.92637,47.0541],[21.92698,47.05396],[21.92733,47.05387],[21.92802,47.05372],[21.92852,47.05361],[21.92884,47.0535],[21.92911,47.05346],[21.9293,47.05343],[21.92975,47.05332],[21.93042,47.05318],[21.93107,47.05304],[21.9318,47.05288],[21.93216,47.0528],[21.93234,47.05276],[21.93242,47.05275],[21.93248,47.05277],[21.93259,47.05292],[21.9327,47.05313],[21.93282,47.05334],[21.93305,47.0538],[21.9332,47.05408],[21.93335,47.05433],[21.93342,47.05439],[21.93371,47.05435],[21.93458,47.05423],[21.93545,47.05413],[21.93649,47.05396],[21.93836,47.05374],[21.93885,47.05379],[21.93928,47.05376],[21.93958,47.05379],[21.93972,47.05391],[21.93982,47.05404],[21.93995,47.05461],[21.94005,47.05563],[21.94007,47.05585],[21.94009,47.05597],[21.94012,47.05601],[21.94015,47.05603],[21.9402,47.05605],[21.94026,47.05606],[21.94034,47.05606],[21.94041,47.05605],[21.9405,47.05604],[21.94187,47.05579],[21.94221,47.05574],[21.94235,47.05572],[21.94246,47.05571],[21.94253,47.0557],[21.9426,47.05569],[21.94324,47.05557],[21.94362,47.0555],[21.94472,47.05528],[21.94628,47.05496],[21.94773,47.05467],[21.94829,47.05456],[21.94841,47.05455],[21.94852,47.05455],[21.94862,47.05455],[21.94871,47.05457],[21.94894,47.05461],[21.94923,47.05465]]},"properties":{"line":"28","dir":"1","mode":"bus"}},{"type":"Feature","geometry":{"type":"LineString","coordinates":[[21.91336,47.02697],[21.91369,47.02792],[21.91383,47.02832],[21.91513,47.02807],[21.91651,47.0278],[21.91782,47.02754],[21.91941,47.02724],[21.91975,47.02717],[21.91989,47.02714],[21.92,47.02714],[21.92009,47.02714],[21.9202,47.02717],[21.92029,47.02719],[21.92052,47.02731],[21.92064,47.02738],[21.92073,47.02745],[21.92089,47.02762],[21.92123,47.02798],[21.92127,47.02805],[21.92127,47.0281],[21.92154,47.02847],[21.9219,47.02894],[21.92226,47.02942],[21.92263,47.02991],[21.92298,47.03044],[21.92313,47.03071],[21.92329,47.031],[21.92355,47.03156],[21.92365,47.03181],[21.92376,47.03206],[21.92392,47.03261],[21.9241,47.03314],[21.92428,47.03369],[21.92438,47.03399],[21.92444,47.03411],[21.92448,47.03428],[21.92452,47.03439],[21.92456,47.03446],[21.92464,47.03452],[21.92468,47.03456],[21.92471,47.03461],[21.9247,47.03467],[21.92469,47.03471],[21.92463,47.03474],[21.92455,47.03475],[21.92446,47.03474],[21.92442,47.03474],[21.92438,47.03475],[21.92409,47.03482],[21.92124,47.0354],[21.91981,47.03569],[21.91887,47.03589],[21.91801,47.03608],[21.91645,47.03639],[21.91537,47.0366],[21.9146,47.03681],[21.91325,47.03751],[21.9128,47.03776],[21.91259,47.03789],[21.91239,47.03803],[21.91234,47.03814],[21.91234,47.03823],[21.91239,47.03834],[21.91251,47.03841],[21.91268,47.03841],[21.91278,47.03841],[21.91292,47.03846],[21.91302,47.03853],[21.91309,47.0386],[21.91308,47.03868],[21.91305,47.03874],[21.91286,47.03885],[21.91278,47.03891],[21.91273,47.03899],[21.91268,47.03913],[21.91258,47.03942],[21.91221,47.04078],[21.91199,47.04159],[21.91181,47.04206],[21.91173,47.04228],[21.91165,47.04257],[21.91144,47.0433],[21.91133,47.04367],[21.91113,47.04403],[21.91088,47.04434],[21.91065,47.04457],[21.91026,47.04486],[21.90974,47.04513],[21.90952,47.04521],[21.90928,47.04529],[21.90875,47.04544],[21.90826,47.04561],[21.90802,47.04568],[21.90775,47.04574],[21.90742,47.04578],[21.90696,47.04585],[21.90653,47.04591],[21.90494,47.04611],[21.90433,47.04618],[21.90402,47.04624],[21.90377,47.04633],[21.90371,47.04639],[21.90369,47.04647],[21.90371,47.04664],[21.90378,47.04681],[21.90392,47.04713],[21.90423,47.04783],[21.90476,47.04894],[21.90475,47.04903],[21.90488,47.04947],[21.90498,47.04969],[21.90505,47.04977],[21.90504,47.04985],[21.90511,47.05005],[21.9053,47.05047],[21.90554,47.05084],[21.90588,47.05131],[21.90615,47.05161],[21.90638,47.05183],[21.9067,47.05203],[21.9069,47.05205],[21.90695,47.05213],[21.90722,47.0523],[21.90726,47.05241],[21.90731,47.05256],[21.90751,47.0527],[21.90804,47.0529],[21.91052,47.05367],[21.91176,47.05405],[21.91326,47.05454],[21.91511,47.05514],[21.91586,47.05539],[21.9161,47.05544],[21.91645,47.05556],[21.91674,47.05566],[21.91705,47.05575],[21.91738,47.05582],[21.91757,47.05567],[21.91776,47.05548],[21.91789,47.05538],[21.91809,47.05535],[21.91833,47.05535],[21.91853,47.05535],[21.91872,47.05532],[21.91906,47.05528],[21.91935,47.05521],[21.92006,47.05507],[21.92085,47.05492],[21.92126,47.05484],[21.92157,47.05479],[21.92168,47.05478],[21.92229,47.05476],[21.92253,47.05475],[21.92297,47.05474],[21.92326,47.05471],[21.92405,47.05462],[21.92512,47.05438],[21.92594,47.05419],[21.92637,47.0541],[21.92698,47.05396],[21.92733,47.05387],[21.92802,47.05372],[21.92852,47.05361],[21.92884,47.0535],[21.92911,47.05346],[21.9293,47.05343],[21.92975,47.05332],[21.93042,47.05318],[21.93107,47.05304],[21.9318,47.05288],[21.93216,47.0528],[21.93234,47.05276],[21.93242,47.05275],[21.93248,47.05277],[21.93259,47.05292],[21.9327,47.05313],[21.93282,47.05334],[21.93305,47.0538],[21.9332,47.05408],[21.93335,47.05433],[21.93342,47.05439],[21.93371,47.05435],[21.93458,47.05423],[21.93545,47.05413],[21.93649,47.05396],[21.93725,47.05388],[21.93794,47.05381],[21.93847,47.05377],[21.93863,47.05378],[21.9388,47.05383],[21.93898,47.05383],[21.93915,47.0538],[21.93929,47.05374],[21.93944,47.05374],[21.93965,47.05376],[21.93983,47.05398],[21.94002,47.05437],[21.94009,47.05462],[21.94003,47.055],[21.94,47.05542],[21.94009,47.05627],[21.94011,47.0565],[21.94012,47.05674],[21.94012,47.05699],[21.94012,47.05723],[21.94015,47.05784],[21.94018,47.05857],[21.94022,47.05879],[21.94033,47.05891],[21.94038,47.05896],[21.94041,47.05902],[21.94038,47.05909],[21.94032,47.05915],[21.94017,47.05929],[21.94008,47.05935],[21.93923,47.0592],[21.939,47.05912],[21.93884,47.05901],[21.93865,47.05887],[21.93845,47.05872],[21.93824,47.05858],[21.93798,47.05843],[21.9377,47.05825],[21.93739,47.05809],[21.93703,47.05789],[21.93669,47.05769],[21.9365,47.05759],[21.9364,47.05755],[21.9363,47.05755],[21.93614,47.0576],[21.93562,47.05794],[21.93535,47.05817],[21.93515,47.05843],[21.93491,47.05868],[21.93463,47.05901],[21.93382,47.05994],[21.93296,47.06093],[21.93247,47.06147],[21.93224,47.06174],[21.93211,47.06192],[21.93181,47.0622],[21.93147,47.06262],[21.93101,47.06327],[21.93053,47.06393],[21.93012,47.0645],[21.92941,47.06538],[21.92927,47.06557],[21.92944,47.06569],[21.92992,47.06606],[21.93028,47.06639],[21.93062,47.06669],[21.93082,47.06687],[21.93084,47.06695],[21.9302,47.0673],[21.92926,47.06762],[21.92859,47.06787],[21.92766,47.06823],[21.92617,47.06881],[21.92572,47.06908],[21.92542,47.06928],[21.92505,47.0696],[21.92496,47.06972],[21.92491,47.06982],[21.92492,47.0699],[21.92494,47.06998],[21.92504,47.0703],[21.92516,47.07065],[21.92525,47.07088],[21.92531,47.0711],[21.92536,47.07127],[21.92541,47.07145],[21.92547,47.07153],[21.92549,47.07159],[21.92544,47.07162],[21.92532,47.0717],[21.92513,47.07183],[21.92507,47.07195],[21.92489,47.07243],[21.92468,47.07297],[21.9246,47.07314],[21.92462,47.07321],[21.92469,47.07326],[21.92533,47.07353],[21.92569,47.07367],[21.9263,47.07398],[21.92706,47.07436],[21.92888,47.07524],[21.92943,47.07551],[21.92965,47.07561],[21.9299,47.07573],[21.92999,47.07579],[21.92997,47.07582],[21.92994,47.07586],[21.9286,47.07673],[21.92748,47.07746],[21.92731,47.07762],[21.9272,47.07757],[21.92667,47.07794],[21.92574,47.07854],[21.92409,47.07963],[21.92304,47.08027],[21.92187,47.08104],[21.92113,47.08151],[21.9206,47.08191],[21.92051,47.08205],[21.91964,47.08261],[21.91958,47.08273],[21.9195,47.0828],[21.91935,47.08281],[21.9192,47.08277],[21.91913,47.0827],[21.91915,47.08258],[21.91925,47.08249],[21.91948,47.08245],[21.92027,47.08205],[21.92043,47.08193],[21.92072,47.08177],[21.92097,47.08157],[21.92112,47.08146],[21.9212,47.08134],[21.92126,47.08123],[21.9213,47.08106],[21.92127,47.08089],[21.9212,47.08077],[21.92057,47.08031],[21.91913,47.07929],[21.91839,47.07877],[21.918,47.07849],[21.9176,47.07825],[21.91686,47.07773],[21.91649,47.07745],[21.91612,47.07722],[21.91561,47.07687],[21.91525,47.07659],[21.91496,47.07629],[21.91483,47.07615],[21.91472,47.07601],[21.91464,47.07584],[21.91458,47.07564],[21.91453,47.07487],[21.91444,47.07414],[21.9144,47.07393],[21.91436,47.07383],[21.91428,47.07376],[21.91419,47.07371],[21.91407,47.07366],[21.91395,47.07363],[21.91379,47.07362],[21.91263,47.07368],[21.91176,47.0737],[21.91138,47.07374]]},"properties":{"line":"29","dir":"0","mode":"bus"}},{"type":"Feature","geometry":{"type":"LineString","coordinates":[[21.91138,47.07374],[21.91101,47.07374],[21.91016,47.07377],[21.90986,47.07379],[21.90958,47.07383],[21.90904,47.07391],[21.90861,47.07403],[21.9082,47.07419],[21.90782,47.07435],[21.90765,47.07444],[21.90739,47.07455],[21.90716,47.07463],[21.90691,47.07473],[21.90682,47.0748],[21.90674,47.0749],[21.90674,47.07502],[21.90682,47.07513],[21.90706,47.07538],[21.90718,47.07548],[21.90725,47.07551],[21.90736,47.07552],[21.90743,47.07551],[21.90755,47.07547],[21.90759,47.07542],[21.90757,47.07515],[21.90758,47.0749],[21.90751,47.07464],[21.90739,47.07439],[21.9073,47.07417],[21.90713,47.07381],[21.90698,47.07348],[21.9069,47.0733],[21.90679,47.07313],[21.90653,47.07281],[21.90625,47.07256],[21.90594,47.07232],[21.90474,47.07153],[21.90368,47.07081],[21.90329,47.07053],[21.90299,47.07029],[21.90268,47.06999],[21.90246,47.06972],[21.90221,47.06939],[21.90204,47.06918],[21.90191,47.069],[21.90181,47.06895],[21.90164,47.0689],[21.90158,47.06887],[21.90154,47.06882],[21.90153,47.06874],[21.90155,47.06866],[21.9016,47.06862],[21.90166,47.06858],[21.90174,47.06857],[21.90181,47.06857],[21.90189,47.06859],[21.90195,47.06859],[21.902,47.06858],[21.90213,47.06852],[21.90233,47.06842],[21.90254,47.06832],[21.90287,47.06812],[21.90338,47.06792],[21.90387,47.06771],[21.90472,47.06732],[21.90557,47.06692],[21.90608,47.0667],[21.9065,47.0665],[21.90715,47.06619],[21.90765,47.06596],[21.90836,47.06563],[21.90871,47.06545],[21.9089,47.06533],[21.90988,47.06489],[21.91113,47.06429],[21.91221,47.06375],[21.91236,47.06368],[21.91245,47.06359],[21.91249,47.06345],[21.91251,47.06312],[21.91247,47.06304],[21.91246,47.06298],[21.9125,47.06289],[21.91261,47.06284],[21.91304,47.06268],[21.91401,47.06237],[21.9159,47.06176],[21.91685,47.06145],[21.9174,47.06128],[21.91774,47.0611],[21.91799,47.06103],[21.91818,47.06095],[21.91846,47.06085],[21.91865,47.06078],[21.91865,47.06069],[21.91802,47.05992],[21.91777,47.05963],[21.9176,47.05942],[21.91748,47.05925],[21.91741,47.0591],[21.91738,47.05885],[21.91735,47.05767],[21.9172,47.05701],[21.9171,47.05669],[21.91696,47.05638],[21.91687,47.05619],[21.9167,47.05596],[21.91659,47.05585],[21.91647,47.05576],[21.91539,47.05534],[21.91499,47.05519],[21.91426,47.05495],[21.91351,47.05472],[21.91189,47.05419],[21.91092,47.05388],[21.90997,47.05358],[21.90881,47.05322],[21.90819,47.05303],[21.90778,47.0529],[21.90763,47.05284],[21.90747,47.05281],[21.90732,47.0528],[21.90716,47.05282],[21.90709,47.05284],[21.90695,47.05288],[21.90676,47.05289],[21.90671,47.05289],[21.90664,47.05287],[21.9066,47.05284],[21.90656,47.05279],[21.90653,47.05272],[21.90649,47.05265],[21.90639,47.05244],[21.90617,47.05205],[21.90587,47.05167],[21.90578,47.0516],[21.90575,47.05157],[21.90552,47.05123],[21.9054,47.05105],[21.90525,47.05082],[21.9051,47.0506],[21.90493,47.0503],[21.90482,47.04995],[21.90476,47.0499],[21.90473,47.04984],[21.90472,47.04975],[21.9047,47.04966],[21.90464,47.04951],[21.90454,47.04928],[21.90448,47.04914],[21.9044,47.04897],[21.90434,47.04868],[21.90424,47.04833],[21.90407,47.04791],[21.90388,47.04739],[21.90376,47.04708],[21.90357,47.04665],[21.90352,47.04653],[21.90337,47.04642],[21.90319,47.04632],[21.90309,47.0462],[21.90306,47.0461],[21.90314,47.046],[21.90323,47.04594],[21.9034,47.0459],[21.90354,47.0459],[21.90376,47.04593],[21.90388,47.04593],[21.90399,47.04591],[21.9047,47.04583],[21.90579,47.04569],[21.90655,47.04559],[21.90731,47.04551],[21.90793,47.04549],[21.90844,47.0454],[21.90901,47.04527],[21.9095,47.04513],[21.91004,47.04485],[21.91031,47.04467],[21.91061,47.04444],[21.91086,47.04416],[21.91104,47.04391],[21.91119,47.04364],[21.91129,47.0433],[21.91142,47.04289],[21.91152,47.04245],[21.91163,47.04194],[21.91168,47.04158],[21.91179,47.04116],[21.91225,47.03937],[21.91248,47.03884],[21.91245,47.03864],[21.91245,47.03854],[21.91241,47.03844],[21.91232,47.03834],[21.91227,47.03826],[21.91228,47.03815],[21.91231,47.03805],[21.91236,47.03796],[21.91263,47.03781],[21.91386,47.03715],[21.91422,47.03696],[21.91481,47.03672],[21.91514,47.03664],[21.91545,47.03657],[21.91692,47.03627],[21.91766,47.03611],[21.91809,47.03602],[21.91838,47.03593],[21.91865,47.0359],[21.9189,47.03585],[21.91937,47.03575],[21.92036,47.03556],[21.92152,47.03532],[21.92264,47.03509],[21.92327,47.03497],[21.92382,47.03485],[21.92406,47.03479],[21.9242,47.03474],[21.9243,47.03467],[21.9244,47.03457],[21.92445,47.03446],[21.92445,47.03438],[21.92443,47.03433],[21.92434,47.03421],[21.92433,47.03403],[21.92423,47.03368],[21.92405,47.03312],[21.92384,47.03251],[21.92371,47.03209],[21.9236,47.03183],[21.9235,47.0317],[21.92349,47.03152],[21.92336,47.03127],[21.92317,47.03086],[21.92295,47.03048],[21.92283,47.03028],[21.92266,47.03003],[21.92232,47.02957],[21.92162,47.02865],[21.92119,47.02811],[21.92071,47.0275],[21.92066,47.02745],[21.9206,47.02742],[21.92051,47.02741],[21.92043,47.02737],[21.92039,47.02731],[21.92031,47.02724],[21.92012,47.02718],[21.92005,47.02717],[21.91999,47.02717],[21.91988,47.02718],[21.91943,47.02727],[21.91812,47.02752],[21.91694,47.02776],[21.9164,47.02787],[21.91636,47.02789],[21.91635,47.02792],[21.91633,47.02795],[21.9163,47.02797],[21.91626,47.02798],[21.91621,47.02797],[21.91617,47.02795],[21.91611,47.02792],[21.91576,47.02798],[21.91487,47.02815],[21.91412,47.0283],[21.91379,47.02834],[21.91356,47.02768],[21.91337,47.02697]]},"properties":{"line":"29","dir":"1","mode":"bus"}},{"type":"Feature","geometry":{"type":"LineString","coordinates":[[21.90941,47.04296],[21.90949,47.0429],[21.9094,47.04261],[21.90975,47.04256],[21.91022,47.04426],[21.91012,47.04433],[21.91001,47.04441],[21.90999,47.04452],[21.91001,47.04458],[21.91006,47.04462],[21.91012,47.04464],[21.9103,47.0446],[21.91047,47.0445],[21.9107,47.04435],[21.91103,47.04394],[21.91118,47.04363],[21.9113,47.04332],[21.91145,47.04272],[21.91155,47.04219],[21.91165,47.04181],[21.91168,47.04154],[21.91174,47.04133],[21.91181,47.04104],[21.91203,47.04025],[21.9122,47.0396],[21.91233,47.03914],[21.91245,47.03889],[21.91248,47.0388],[21.91247,47.03873],[21.91244,47.03865],[21.91245,47.0386],[21.91248,47.03853],[21.91253,47.03849],[21.91263,47.03844],[21.91273,47.03843],[21.91286,47.03845],[21.91304,47.03855],[21.91314,47.03871],[21.91348,47.03891],[21.91372,47.03907],[21.91396,47.03925],[21.91429,47.03957],[21.91467,47.03998],[21.91597,47.04143],[21.91635,47.0419],[21.91649,47.04205],[21.91659,47.04212],[21.91684,47.04215],[21.91723,47.04215],[21.91776,47.04214],[21.91878,47.04209],[21.91903,47.04211],[21.91925,47.04212],[21.91944,47.04214],[21.91954,47.04217],[21.91962,47.04221],[21.91966,47.04227],[21.9196,47.04234],[21.91951,47.04244],[21.91954,47.04255],[21.91992,47.043],[21.92058,47.04374],[21.92092,47.04412],[21.92108,47.0443],[21.92125,47.04443],[21.92142,47.04469],[21.92165,47.04494],[21.92208,47.04544],[21.92241,47.04585],[21.92278,47.04625],[21.92308,47.0466],[21.92336,47.04691],[21.92368,47.04726],[21.92396,47.04756],[21.92408,47.04769],[21.9242,47.04777],[21.92441,47.04823],[21.92455,47.04844],[21.92467,47.04866],[21.92486,47.04901],[21.92503,47.04928],[21.92516,47.04952],[21.92531,47.04965],[21.92532,47.04979],[21.92547,47.05],[21.92555,47.05005],[21.92568,47.05012],[21.92585,47.05018],[21.92598,47.05022],[21.92615,47.05031],[21.92621,47.05034],[21.92627,47.05038],[21.92631,47.05044],[21.92699,47.05147],[21.92722,47.0518],[21.92734,47.05196],[21.92746,47.05213],[21.92772,47.05266],[21.92794,47.0531],[21.92809,47.05339],[21.92817,47.05354],[21.92819,47.05359],[21.92824,47.05364],[21.9283,47.05365],[21.92858,47.05359],[21.92884,47.0535],[21.92911,47.05346],[21.9293,47.05343],[21.92975,47.05332],[21.93042,47.05318],[21.93107,47.05304],[21.9318,47.05288],[21.93216,47.0528],[21.93234,47.05276],[21.93242,47.05275],[21.93248,47.05277],[21.93259,47.05292],[21.9327,47.05313],[21.93282,47.05334],[21.93305,47.0538],[21.9332,47.05408],[21.93335,47.05433],[21.93342,47.05439],[21.93371,47.05435],[21.93458,47.05423],[21.93545,47.05413],[21.93649,47.05396],[21.93725,47.05388],[21.93794,47.05381],[21.93847,47.05377],[21.93863,47.05378],[21.9388,47.05383],[21.93898,47.05383],[21.93915,47.0538],[21.93929,47.05374],[21.93944,47.05374],[21.93965,47.05376],[21.93983,47.05398],[21.94002,47.05437],[21.94009,47.05462],[21.94003,47.055],[21.94,47.05542],[21.94009,47.05627],[21.94011,47.0565],[21.94012,47.05674],[21.94012,47.05699],[21.94012,47.05723],[21.94015,47.05784],[21.94018,47.05857],[21.94022,47.05879],[21.94033,47.05891],[21.94038,47.05896],[21.94041,47.05902],[21.94038,47.05909],[21.94032,47.05915],[21.94017,47.05929],[21.94008,47.05935],[21.93923,47.0592],[21.939,47.05912],[21.93884,47.05901],[21.93865,47.05887],[21.93845,47.05872],[21.93824,47.05858],[21.93798,47.05843],[21.9377,47.05825],[21.93739,47.05809],[21.93703,47.05789],[21.93669,47.05769],[21.9365,47.05759],[21.9364,47.05755],[21.9363,47.05755],[21.93614,47.0576],[21.93562,47.05794],[21.93535,47.05817],[21.93515,47.05843],[21.93491,47.05868],[21.93463,47.05901],[21.93382,47.05994],[21.93296,47.06093],[21.93247,47.06147],[21.93224,47.06174],[21.93211,47.06192],[21.93181,47.0622],[21.93147,47.06262],[21.93101,47.06327],[21.93053,47.06393],[21.93012,47.0645],[21.92941,47.06538],[21.92927,47.06557],[21.92944,47.06569],[21.92992,47.06606],[21.93028,47.06639],[21.93062,47.06669],[21.93082,47.06687],[21.93084,47.06695],[21.9302,47.0673],[21.92968,47.06746],[21.92855,47.06788],[21.92781,47.06816],[21.92712,47.06842],[21.92646,47.06869],[21.92609,47.06884],[21.92556,47.06916],[21.92514,47.06951],[21.92498,47.06971],[21.92494,47.06977],[21.92491,47.06983],[21.92492,47.06992],[21.92495,47.07001],[21.92505,47.07035],[21.92526,47.0709],[21.92534,47.07129],[21.92539,47.07145],[21.92544,47.07149],[21.92549,47.07152],[21.92563,47.07156],[21.92585,47.0716],[21.92555,47.07166],[21.92534,47.07174],[21.9252,47.07182],[21.92508,47.07191],[21.92482,47.0726],[21.9246,47.07319],[21.92513,47.07342],[21.92572,47.07369],[21.92719,47.07444],[21.92915,47.07538],[21.93005,47.07579],[21.92938,47.07622],[21.92866,47.07668],[21.92794,47.07713],[21.92732,47.07762],[21.92702,47.07776],[21.92666,47.07801],[21.92626,47.07828],[21.92543,47.07882],[21.92494,47.07915],[21.9242,47.07963],[21.92331,47.08019],[21.92241,47.08069],[21.92207,47.08091],[21.9219,47.08103],[21.92181,47.08108],[21.92171,47.08112],[21.92167,47.0811],[21.92163,47.08107],[21.92153,47.081],[21.92133,47.08086],[21.92094,47.08058],[21.91948,47.07954],[21.91799,47.07848],[21.9176,47.07825],[21.91686,47.07773],[21.91649,47.07745],[21.91612,47.07722],[21.91561,47.07687],[21.91525,47.07659],[21.91496,47.07629],[21.91483,47.07615],[21.91472,47.07601],[21.91464,47.07584],[21.91458,47.07564],[21.91453,47.07487],[21.91444,47.07414],[21.9144,47.07393],[21.91436,47.07383],[21.91428,47.07376],[21.91419,47.07371],[21.91407,47.07366],[21.91395,47.07363],[21.91379,47.07362],[21.91263,47.07368],[21.91176,47.0737],[21.91138,47.07374]]},"properties":{"line":"30","dir":"0","mode":"bus"}},{"type":"Feature","geometry":{"type":"LineString","coordinates":[[21.91138,47.07374],[21.91101,47.07374],[21.91016,47.07377],[21.90986,47.07379],[21.90958,47.07383],[21.90904,47.07391],[21.90861,47.07403],[21.9082,47.07419],[21.90782,47.07435],[21.90765,47.07444],[21.90739,47.07455],[21.90716,47.07463],[21.90691,47.07473],[21.90682,47.0748],[21.90674,47.0749],[21.90674,47.07502],[21.90682,47.07513],[21.90706,47.07538],[21.90718,47.07548],[21.90725,47.07551],[21.90736,47.07552],[21.90743,47.07551],[21.90755,47.07547],[21.90759,47.07542],[21.90757,47.07515],[21.90758,47.0749],[21.90751,47.07464],[21.90739,47.07439],[21.9073,47.07417],[21.90713,47.07381],[21.90698,47.07348],[21.9069,47.0733],[21.90679,47.07313],[21.90653,47.07281],[21.90625,47.07256],[21.90594,47.07232],[21.90474,47.07153],[21.90368,47.07081],[21.90329,47.07053],[21.90299,47.07029],[21.90268,47.06999],[21.90246,47.06972],[21.90221,47.06939],[21.90204,47.06918],[21.90191,47.069],[21.90181,47.06895],[21.90164,47.0689],[21.90158,47.06887],[21.90154,47.06882],[21.90153,47.06874],[21.90155,47.06866],[21.9016,47.06862],[21.90166,47.06858],[21.90174,47.06857],[21.90181,47.06857],[21.90189,47.06859],[21.90195,47.06859],[21.902,47.06858],[21.90213,47.06852],[21.90233,47.06842],[21.90254,47.06832],[21.90287,47.06812],[21.90338,47.06792],[21.90387,47.06771],[21.90472,47.06732],[21.90557,47.06692],[21.90608,47.0667],[21.9065,47.0665],[21.90715,47.06619],[21.90765,47.06596],[21.90836,47.06563],[21.90871,47.06545],[21.9089,47.06533],[21.90988,47.06489],[21.91113,47.06429],[21.91221,47.06375],[21.91236,47.06368],[21.91245,47.06359],[21.91249,47.06345],[21.91251,47.06312],[21.91247,47.06304],[21.91246,47.06298],[21.9125,47.06289],[21.91261,47.06284],[21.91304,47.06268],[21.91401,47.06237],[21.9159,47.06176],[21.91685,47.06145],[21.9174,47.06128],[21.91774,47.0611],[21.91799,47.06103],[21.91818,47.06095],[21.91846,47.06085],[21.91865,47.06078],[21.91865,47.06069],[21.91802,47.05992],[21.91777,47.05963],[21.9176,47.05942],[21.91748,47.05925],[21.91741,47.0591],[21.91738,47.05885],[21.91735,47.05767],[21.9172,47.05701],[21.9171,47.05669],[21.91696,47.05638],[21.91687,47.05619],[21.9167,47.05596],[21.91659,47.05585],[21.91647,47.05576],[21.91539,47.05534],[21.91499,47.05519],[21.91426,47.05495],[21.91351,47.05472],[21.91189,47.05419],[21.91092,47.05388],[21.90997,47.05358],[21.90881,47.05322],[21.90819,47.05303],[21.90778,47.0529],[21.90763,47.05284],[21.90747,47.05281],[21.90732,47.0528],[21.90716,47.05282],[21.90709,47.05284],[21.90695,47.05288],[21.90676,47.05289],[21.90671,47.05289],[21.90664,47.05287],[21.9066,47.05284],[21.90656,47.05279],[21.90653,47.05272],[21.90649,47.05265],[21.90639,47.05244],[21.90617,47.05205],[21.90587,47.05167],[21.90578,47.0516],[21.90575,47.05157],[21.90552,47.05123],[21.9054,47.05105],[21.90525,47.05082],[21.9051,47.0506],[21.90493,47.0503],[21.90482,47.04995],[21.90476,47.0499],[21.90473,47.04984],[21.90472,47.04975],[21.9047,47.04966],[21.90464,47.04951],[21.90454,47.04928],[21.90448,47.04914],[21.9044,47.04897],[21.90436,47.04877],[21.90414,47.04804],[21.90402,47.04776],[21.90386,47.04736],[21.90371,47.04698],[21.90364,47.0468],[21.90357,47.04666],[21.90349,47.04651],[21.90338,47.04639],[21.90323,47.04635],[21.90314,47.04627],[21.9031,47.04619],[21.9031,47.04607],[21.90318,47.04597],[21.90329,47.04591],[21.90342,47.04587],[21.90362,47.04588],[21.90372,47.04592],[21.90387,47.04593],[21.90408,47.0459],[21.90516,47.04577],[21.90637,47.04563],[21.90692,47.04558],[21.90733,47.04556],[21.90761,47.04555],[21.90778,47.04553],[21.90832,47.04543],[21.90892,47.04529],[21.90932,47.04518],[21.90949,47.04508],[21.90967,47.04498],[21.90983,47.0449],[21.90994,47.04482],[21.90997,47.04477],[21.90999,47.04472],[21.90996,47.04463],[21.90986,47.04424],[21.90975,47.04388],[21.90953,47.04311],[21.90948,47.04303],[21.90942,47.04296]]},"properties":{"line":"30","dir":"1","mode":"bus"}},{"type":"Feature","geometry":{"type":"LineString","coordinates":[[21.9566,47.03547],[21.95643,47.03544],[21.95626,47.03552],[21.95615,47.0355],[21.95612,47.03544],[21.95618,47.03536],[21.95636,47.03534],[21.95681,47.03517],[21.957,47.03494],[21.95743,47.03442],[21.9577,47.03399],[21.95788,47.03365],[21.95789,47.0335],[21.95806,47.03315],[21.95819,47.03288],[21.95825,47.03263],[21.95836,47.03208],[21.95845,47.03146],[21.95846,47.03083],[21.95842,47.03024],[21.95838,47.03005],[21.95831,47.02996],[21.95827,47.02991],[21.9582,47.02984],[21.95807,47.02975],[21.95791,47.02969],[21.95768,47.02962],[21.95717,47.02951],[21.95674,47.02936],[21.95631,47.02925],[21.95617,47.02922],[21.95606,47.02923],[21.95598,47.02927],[21.95579,47.02946],[21.95562,47.02965],[21.95543,47.02982],[21.95515,47.03002],[21.95487,47.0302],[21.9537,47.03094],[21.95243,47.03172],[21.95114,47.0325],[21.95018,47.03308],[21.94974,47.03337],[21.94926,47.03365],[21.94829,47.03422],[21.94782,47.03451],[21.94759,47.03466],[21.94741,47.03482],[21.94709,47.03498],[21.94638,47.03542],[21.94568,47.03584],[21.94498,47.03626],[21.94449,47.03653],[21.9443,47.03664],[21.9441,47.0368],[21.94383,47.03713],[21.94367,47.03742],[21.94352,47.03769],[21.94346,47.0379],[21.94338,47.03804],[21.94328,47.03821],[21.94316,47.03841],[21.94279,47.03899],[21.94263,47.03927],[21.94248,47.03955],[21.94235,47.03983],[21.94229,47.04007],[21.94225,47.04031],[21.94227,47.04043],[21.94228,47.04054],[21.94223,47.04067],[21.9422,47.0411],[21.94215,47.04168],[21.94219,47.04171],[21.94223,47.04173],[21.94246,47.04184],[21.94286,47.04204],[21.94313,47.0422],[21.94316,47.04225],[21.94318,47.04232],[21.94318,47.04236],[21.94316,47.04239],[21.94308,47.04243],[21.94196,47.04238],[21.94071,47.04233],[21.93952,47.04229],[21.93891,47.04226],[21.93832,47.04223],[21.93793,47.04215],[21.93773,47.04211],[21.93764,47.04209],[21.93751,47.04212],[21.93654,47.04261],[21.93604,47.04287],[21.93572,47.04304],[21.93565,47.04308],[21.93564,47.04311],[21.93567,47.04315],[21.93576,47.04325],[21.93583,47.04336],[21.93586,47.0436],[21.93582,47.04373],[21.93577,47.04388],[21.93567,47.04402],[21.9355,47.04416],[21.93528,47.04427],[21.93491,47.04434],[21.93457,47.04437],[21.93423,47.04432],[21.93406,47.04428],[21.93387,47.04418],[21.93371,47.04406],[21.93359,47.04392],[21.93354,47.04386],[21.93351,47.04379],[21.93349,47.04371],[21.93348,47.04361],[21.93346,47.04347],[21.93348,47.04339],[21.93351,47.04331],[21.93357,47.04321],[21.9337,47.04308],[21.93389,47.04296],[21.93411,47.04287],[21.93439,47.04281],[21.9346,47.04279],[21.93479,47.04279],[21.93504,47.04283],[21.93518,47.04286],[21.93529,47.04291],[21.93547,47.04301],[21.93563,47.04316],[21.93574,47.0433],[21.93578,47.04343],[21.9358,47.04357],[21.93577,47.04373],[21.93572,47.04386],[21.93563,47.04397],[21.9355,47.0441],[21.93534,47.04421],[21.93516,47.04426],[21.93489,47.04431],[21.9347,47.04438],[21.93451,47.04438],[21.93431,47.04434],[21.93413,47.04432],[21.93406,47.04431],[21.93403,47.04432],[21.93347,47.04491],[21.93293,47.0455],[21.93235,47.04613],[21.93177,47.04675],[21.93064,47.04798],[21.93005,47.0486],[21.92977,47.04891],[21.92938,47.04926],[21.92936,47.04931],[21.92935,47.04939],[21.9294,47.04953],[21.92941,47.04958],[21.92935,47.04964],[21.92928,47.04967],[21.92919,47.04968],[21.92865,47.04967],[21.92844,47.04967],[21.92816,47.04971],[21.92786,47.04978],[21.92686,47.05013],[21.92597,47.05043],[21.92528,47.05062],[21.92454,47.05081],[21.92368,47.05098],[21.92327,47.05106],[21.92308,47.0511],[21.92288,47.05115],[21.92232,47.05113],[21.92176,47.05111],[21.92091,47.05108],[21.92048,47.05106],[21.92006,47.05105],[21.91994,47.05105],[21.91988,47.05106],[21.91979,47.05109],[21.9196,47.05145],[21.9194,47.05188],[21.91899,47.05274],[21.91871,47.05335],[21.91842,47.05394],[21.91824,47.05436],[21.91807,47.05478],[21.91798,47.05503],[21.91786,47.05535],[21.91765,47.0559],[21.91757,47.0561],[21.91747,47.05628],[21.91736,47.05634],[21.91724,47.05637],[21.9171,47.05634],[21.91701,47.0563],[21.91691,47.05619],[21.91674,47.05598],[21.91647,47.05575],[21.91624,47.05563],[21.916,47.05552],[21.91539,47.05534],[21.91515,47.05525],[21.91106,47.05388],[21.90907,47.05327],[21.90767,47.05283],[21.90746,47.05279],[21.90721,47.05281],[21.90705,47.05286],[21.90691,47.0529],[21.90675,47.05288],[21.90665,47.05283],[21.90658,47.05271],[21.90637,47.0523],[21.90625,47.05206],[21.90636,47.05196],[21.90658,47.05194],[21.9069,47.05205],[21.90695,47.05217],[21.90716,47.05234],[21.90718,47.0526],[21.9071,47.05275],[21.90697,47.0529],[21.90688,47.05303],[21.90688,47.05317],[21.90693,47.05331],[21.90707,47.05358],[21.90716,47.05377],[21.90725,47.05388],[21.90727,47.05397],[21.90745,47.05431],[21.9079,47.05504],[21.90939,47.05767],[21.90973,47.05835],[21.90985,47.05858],[21.91009,47.05899],[21.91037,47.05949],[21.91064,47.05999],[21.91094,47.06047],[21.91126,47.06091],[21.91133,47.06101],[21.91143,47.06108],[21.91149,47.06113],[21.91151,47.06119],[21.9115,47.06128],[21.91155,47.06143],[21.9117,47.0617],[21.91186,47.06186],[21.91191,47.06202],[21.9121,47.06231],[21.91231,47.06259],[21.91246,47.06275],[21.91253,47.06281],[21.91259,47.06283],[21.91267,47.06286],[21.91271,47.06291],[21.9127,47.06297],[21.91267,47.06302],[21.91265,47.06309],[21.91258,47.06338],[21.91254,47.06358],[21.91256,47.06366],[21.91259,47.06371],[21.91259,47.06374],[21.91255,47.06378],[21.9125,47.06379],[21.91238,47.06375],[21.91225,47.06379],[21.91212,47.06385],[21.91125,47.06427],[21.91037,47.0647],[21.90958,47.06507],[21.9088,47.06548],[21.90866,47.06557],[21.9084,47.06564],[21.90796,47.06585],[21.90725,47.06618],[21.90649,47.06654],[21.90611,47.06672],[21.90556,47.06697],[21.90472,47.06735],[21.90422,47.06758],[21.90401,47.06772],[21.90366,47.06785],[21.9025,47.06838],[21.90222,47.06854],[21.90211,47.06864],[21.90205,47.06871],[21.90205,47.06878],[21.90205,47.06884],[21.9021,47.06895],[21.90223,47.06914],[21.90235,47.06933],[21.9025,47.06954],[21.90283,47.06995],[21.90315,47.07027],[21.90342,47.07049],[21.90396,47.07084],[21.90484,47.07141],[21.9058,47.07205],[21.90607,47.07224],[21.90624,47.07235],[21.90639,47.07248],[21.90654,47.07262],[21.90671,47.0728],[21.907,47.07318],[21.90712,47.07326],[21.90738,47.07334],[21.90816,47.07356],[21.90849,47.07365],[21.90877,47.07368],[21.90939,47.07366],[21.90955,47.07365],[21.90977,47.07367],[21.91102,47.07361],[21.91287,47.07353],[21.91378,47.07348],[21.91404,47.07346],[21.91426,47.07342],[21.91442,47.07335],[21.91454,47.07335],[21.91467,47.07339],[21.91473,47.07346],[21.91472,47.07355],[21.91467,47.07361],[21.91458,47.07364],[21.91448,47.07365],[21.9144,47.07364],[21.91431,47.0736],[21.91408,47.0736],[21.91359,47.07363],[21.91312,47.07364],[21.91266,47.07367],[21.91219,47.07369],[21.91172,47.0737],[21.91088,47.07374],[21.91028,47.07376],[21.90995,47.07378],[21.90964,47.07381],[21.90908,47.07391],[21.90867,47.07399],[21.90809,47.07418],[21.90718,47.07454],[21.90542,47.07522],[21.90413,47.07575],[21.90291,47.07627],[21.90164,47.07683],[21.90038,47.0774],[21.89793,47.0785],[21.89671,47.07906],[21.89545,47.07961],[21.89405,47.08023],[21.89267,47.08086],[21.88986,47.08211],[21.88908,47.08241],[21.88872,47.08258],[21.88865,47.0826],[21.88856,47.0826],[21.88849,47.0826],[21.88847,47.08256],[21.88843,47.08252],[21.88842,47.08249],[21.88843,47.08242],[21.88841,47.08232],[21.88837,47.08227],[21.88833,47.08224],[21.88828,47.08224],[21.8882,47.08224],[21.88786,47.08238],[21.88705,47.08278],[21.88622,47.08317],[21.88616,47.08323],[21.88585,47.08333],[21.88526,47.08361],[21.88432,47.08403],[21.88355,47.08439],[21.88305,47.08467],[21.88263,47.08495],[21.88228,47.08511],[21.88141,47.0856],[21.88061,47.08606],[21.88027,47.08631],[21.87999,47.08643],[21.87942,47.08675],[21.87907,47.08695],[21.8783,47.08739],[21.87798,47.08758],[21.87765,47.08776],[21.87748,47.08785],[21.87741,47.08787],[21.87734,47.08786],[21.8773,47.08784],[21.87716,47.08776],[21.87696,47.08758],[21.87672,47.08739],[21.87635,47.0871],[21.87611,47.08692],[21.87591,47.0868],[21.87582,47.08669],[21.87562,47.08653],[21.87519,47.0862],[21.8748,47.08588],[21.8746,47.08573],[21.87451,47.08565],[21.87446,47.08559],[21.87448,47.08556],[21.87451,47.08553],[21.87459,47.08551],[21.87472,47.08543],[21.87495,47.0853],[21.87542,47.08503],[21.87616,47.08459],[21.87691,47.08414],[21.87773,47.08367],[21.87814,47.08343],[21.87846,47.08319],[21.87883,47.08301],[21.87956,47.08258],[21.8801,47.08227],[21.88038,47.08211],[21.88047,47.08204],[21.8805,47.08197],[21.88048,47.0819],[21.88038,47.0818],[21.87993,47.08143],[21.87932,47.08093],[21.87915,47.08079],[21.87902,47.0807],[21.87892,47.08067],[21.87884,47.08067],[21.8787,47.08068],[21.87858,47.08073],[21.87784,47.08105],[21.87708,47.08137],[21.87654,47.08158],[21.87621,47.08175],[21.87609,47.08183],[21.87575,47.08194],[21.87539,47.08211],[21.87481,47.08241],[21.87392,47.08293],[21.87302,47.08345],[21.87155,47.0843],[21.86951,47.08548],[21.8685,47.08606],[21.86761,47.08657],[21.8675,47.08667],[21.86728,47.08676],[21.86688,47.087],[21.86635,47.08731],[21.86531,47.08792],[21.86315,47.08917],[21.8628,47.08936],[21.86256,47.0895],[21.8625,47.08953],[21.86246,47.08954],[21.86242,47.08952],[21.86185,47.08906],[21.86127,47.08856],[21.86066,47.08806],[21.86036,47.0878],[21.86012,47.08762],[21.86008,47.08758],[21.86007,47.08755],[21.86008,47.08752],[21.86011,47.08749],[21.86017,47.08746],[21.86067,47.08718],[21.86129,47.08683],[21.8625,47.08613],[21.86436,47.08505],[21.86462,47.08491],[21.86464,47.08493]]},"properties":{"line":"31","dir":"0","mode":"bus"}},{"type":"Feature","geometry":{"type":"LineString","coordinates":[[21.86464,47.08493],[21.86438,47.08507],[21.86307,47.08582],[21.86204,47.08642],[21.86007,47.08755],[21.86125,47.08852],[21.86246,47.08954],[21.86284,47.08932],[21.86286,47.08922],[21.86328,47.08907],[21.86365,47.08885],[21.86528,47.08791],[21.86718,47.0868],[21.8663,47.0861],[21.86668,47.0859],[21.86687,47.08578],[21.86802,47.08512],[21.86889,47.08582],[21.8713,47.08444],[21.87171,47.08415],[21.87232,47.08385],[21.8729,47.0835],[21.87352,47.08315],[21.87402,47.08286],[21.87461,47.08253],[21.87539,47.08209],[21.87663,47.0815],[21.87721,47.08129],[21.87789,47.081],[21.87856,47.08071],[21.87881,47.08065],[21.87897,47.08066],[21.87908,47.0807],[21.8795,47.08104],[21.88064,47.08198],[21.87956,47.08261],[21.87901,47.08293],[21.8785,47.08326],[21.87721,47.084],[21.87563,47.08493],[21.87448,47.08557],[21.8751,47.08609],[21.87579,47.08665],[21.8761,47.0868],[21.8764,47.08712],[21.87684,47.08745],[21.87721,47.08775],[21.87744,47.08785],[21.87789,47.0876],[21.87846,47.08727],[21.87862,47.08715],[21.88256,47.08488],[21.88356,47.08433],[21.88489,47.0837],[21.88632,47.08305],[21.88691,47.08279],[21.8876,47.08245],[21.88787,47.0823],[21.88841,47.08211],[21.88859,47.08232],[21.88877,47.0823],[21.8889,47.08229],[21.88931,47.08217],[21.8897,47.08205],[21.89055,47.08169],[21.89114,47.08144],[21.89179,47.08114],[21.89303,47.08058],[21.89437,47.07997],[21.89625,47.07911],[21.89713,47.07871],[21.89819,47.07826],[21.90068,47.07715],[21.90324,47.07599],[21.90402,47.07565],[21.90596,47.07491],[21.9064,47.07471],[21.90647,47.07464],[21.90648,47.07452],[21.90645,47.07438],[21.90639,47.07427],[21.90639,47.07417],[21.90642,47.07401],[21.9065,47.07388],[21.90669,47.07364],[21.90679,47.07347],[21.90685,47.07323],[21.90662,47.07294],[21.90637,47.07267],[21.90595,47.07233],[21.90542,47.07198],[21.90402,47.07104],[21.90358,47.07075],[21.90322,47.07048],[21.90301,47.07029],[21.90285,47.07013],[21.90262,47.06987],[21.90211,47.06924],[21.90191,47.069],[21.90181,47.06893],[21.90163,47.06892],[21.90151,47.06885],[21.90147,47.06874],[21.90154,47.06863],[21.90167,47.06857],[21.90184,47.06858],[21.90212,47.06851],[21.90229,47.06845],[21.90287,47.06812],[21.90338,47.06792],[21.90387,47.06771],[21.90472,47.06732],[21.90557,47.06692],[21.90608,47.0667],[21.9065,47.0665],[21.90715,47.06619],[21.90765,47.06596],[21.90836,47.06563],[21.90871,47.06545],[21.9089,47.06533],[21.90905,47.06531],[21.9123,47.06373],[21.91236,47.06365],[21.91243,47.06359],[21.9125,47.06304],[21.91245,47.06296],[21.91245,47.06287],[21.91203,47.06228],[21.91175,47.06186],[21.91146,47.06142],[21.91132,47.06132],[21.91123,47.06122],[21.91121,47.06112],[21.91121,47.06102],[21.91097,47.06057],[21.91082,47.06036],[21.9107,47.06014],[21.90969,47.05836],[21.90869,47.0566],[21.90737,47.05421],[21.90692,47.05339],[21.90675,47.05305],[21.90646,47.05246],[21.90632,47.05219],[21.90629,47.05208],[21.90631,47.05199],[21.90638,47.05195],[21.90646,47.05193],[21.90665,47.05197],[21.9069,47.05205],[21.907,47.05216],[21.90716,47.05226],[21.90723,47.05235],[21.90727,47.05248],[21.90734,47.05258],[21.90746,47.05266],[21.90755,47.05272],[21.90813,47.05293],[21.90969,47.05341],[21.91112,47.05385],[21.91256,47.05432],[21.91547,47.05526],[21.91593,47.05541],[21.9161,47.05543],[21.91658,47.05562],[21.91697,47.05574],[21.91727,47.05581],[21.91744,47.05571],[21.91761,47.05554],[21.9178,47.05519],[21.9179,47.05495],[21.91802,47.0548],[21.91808,47.05463],[21.91808,47.05455],[21.91813,47.05449],[21.91855,47.05347],[21.919,47.05255],[21.9193,47.05191],[21.91961,47.05127],[21.91987,47.05082],[21.92,47.05069],[21.92012,47.05063],[21.92034,47.05055],[21.92084,47.05052],[21.92187,47.05042],[21.92296,47.05029],[21.9241,47.05018],[21.92482,47.05011],[21.92524,47.05007],[21.92554,47.05007],[21.9257,47.0501],[21.92586,47.05017],[21.92608,47.05024],[21.92629,47.05027],[21.92712,47.04999],[21.92793,47.0497],[21.92942,47.04918],[21.93004,47.04858],[21.93067,47.0479],[21.93189,47.0466],[21.93402,47.04429],[21.9338,47.04419],[21.93369,47.04408],[21.93357,47.04396],[21.93351,47.04331],[21.93358,47.04317],[21.93369,47.04306],[21.93381,47.04295],[21.93404,47.04286],[21.93435,47.04278],[21.93465,47.04276],[21.93494,47.04279],[21.93517,47.04284],[21.93536,47.04293],[21.93548,47.04304],[21.93558,47.04304],[21.93581,47.04292],[21.93882,47.04139],[21.93944,47.04108],[21.93959,47.04101],[21.9398,47.04101],[21.94025,47.04103],[21.94167,47.04111],[21.94182,47.04108],[21.94192,47.04104],[21.94199,47.04093],[21.94208,47.04081],[21.94209,47.04066],[21.94209,47.04046],[21.94215,47.04025],[21.94222,47.0399],[21.94233,47.03961],[21.94268,47.03899],[21.94311,47.03818],[21.94354,47.0374],[21.94382,47.03699],[21.944,47.03679],[21.94418,47.03665],[21.94459,47.0364],[21.94599,47.03556],[21.94677,47.03509],[21.94748,47.03462],[21.949,47.03369],[21.95097,47.03251],[21.95291,47.03131],[21.95463,47.03024],[21.95515,47.02992],[21.95548,47.02965],[21.95605,47.02901],[21.95636,47.02908],[21.95661,47.02918],[21.95676,47.02931],[21.95734,47.02947],[21.95753,47.02946],[21.95773,47.02956],[21.95807,47.02971],[21.9582,47.02978],[21.95831,47.02989],[21.95842,47.03003],[21.95846,47.0302],[21.95851,47.0306],[21.95852,47.03102],[21.9585,47.0314],[21.95845,47.0319],[21.95832,47.03282],[21.95825,47.0329],[21.95811,47.03331],[21.95792,47.03374],[21.95766,47.03419],[21.95739,47.03461],[21.95708,47.03492],[21.95693,47.03517],[21.95672,47.03538],[21.9566,47.03547]]},"properties":{"line":"31","dir":"1","mode":"bus"}},{"type":"Feature","geometry":{"type":"LineString","coordinates":[[21.96182,47.04385],[21.96182,47.04374],[21.96162,47.04365],[21.96144,47.04361],[21.96028,47.04323],[21.95991,47.04313],[21.95965,47.04312],[21.95924,47.04317],[21.9585,47.04327],[21.95806,47.04333],[21.95789,47.04342],[21.95738,47.04344],[21.9564,47.0436],[21.9562,47.04369],[21.95599,47.04375],[21.95586,47.04396],[21.9559,47.0442],[21.95595,47.04451],[21.95604,47.04473],[21.95631,47.04546],[21.95656,47.0462],[21.95689,47.0471],[21.95699,47.04739],[21.95703,47.04755],[21.9571,47.04767],[21.95717,47.0479],[21.95726,47.04812],[21.95774,47.04904],[21.95789,47.04939],[21.95789,47.04953],[21.95783,47.04964],[21.95772,47.04974],[21.95749,47.04985],[21.95725,47.04996],[21.9571,47.05003],[21.95697,47.0501],[21.95687,47.05017],[21.95678,47.05026],[21.95668,47.05038],[21.95661,47.05047],[21.95611,47.05045],[21.95559,47.05045],[21.95518,47.05047],[21.95484,47.05049],[21.95459,47.05052],[21.95435,47.05056],[21.95408,47.05061],[21.9538,47.05067],[21.9534,47.05077],[21.95301,47.05089],[21.95262,47.05104],[21.95225,47.0512],[21.95189,47.0514],[21.95153,47.05159],[21.95105,47.05179],[21.94922,47.05267],[21.94808,47.05322],[21.94694,47.05376],[21.94671,47.05384],[21.9464,47.05394],[21.94615,47.054],[21.94585,47.05406],[21.94456,47.05431],[21.94358,47.05448],[21.94313,47.05456],[21.94263,47.05465],[21.9424,47.05468],[21.94216,47.0547],[21.94191,47.05467],[21.94112,47.05458],[21.94099,47.05456],[21.94044,47.05469],[21.94031,47.05472],[21.94017,47.05479],[21.93997,47.05493],[21.93996,47.05521],[21.94,47.05595],[21.94005,47.05626],[21.94007,47.05649],[21.94008,47.05661],[21.94009,47.0572],[21.94016,47.05792],[21.94011,47.05803],[21.94013,47.05835],[21.94013,47.05872],[21.94038,47.05894],[21.94043,47.05904],[21.94039,47.05915],[21.94021,47.05928],[21.94008,47.05935],[21.93923,47.0592],[21.939,47.05912],[21.93884,47.05901],[21.93865,47.05887],[21.93845,47.05872],[21.93824,47.05858],[21.93798,47.05843],[21.9377,47.05825],[21.93739,47.05809],[21.93703,47.05789],[21.93669,47.05769],[21.9365,47.05759],[21.9364,47.05755],[21.9363,47.05755],[21.93614,47.0576],[21.93562,47.05794],[21.93535,47.05817],[21.93515,47.05843],[21.93491,47.05868],[21.93463,47.05901],[21.93382,47.05994],[21.93296,47.06093],[21.93247,47.06147],[21.93224,47.06174],[21.93211,47.06192],[21.93181,47.0622],[21.93147,47.06262],[21.93101,47.06327],[21.93053,47.06393],[21.93012,47.0645],[21.92941,47.06538],[21.92927,47.06557],[21.92944,47.06569],[21.92992,47.06606],[21.93028,47.06639],[21.93062,47.06669],[21.93082,47.06687],[21.93084,47.06695],[21.9302,47.0673],[21.92968,47.06746],[21.92855,47.06788],[21.92781,47.06816],[21.92712,47.06842],[21.92646,47.06869],[21.92609,47.06884],[21.92556,47.06916],[21.92514,47.06951],[21.92498,47.06971],[21.92494,47.06977],[21.92491,47.06983],[21.92492,47.06992],[21.92495,47.07001],[21.92505,47.07035],[21.92526,47.0709],[21.92534,47.07129],[21.92539,47.07145],[21.92544,47.07149],[21.92549,47.07152],[21.92563,47.07156],[21.92585,47.0716],[21.92555,47.07166],[21.92534,47.07174],[21.9252,47.07182],[21.92508,47.07191],[21.92482,47.0726],[21.9246,47.07319],[21.92513,47.07342],[21.92572,47.07369],[21.92719,47.07444],[21.92915,47.07538],[21.93005,47.07579],[21.92938,47.07622],[21.92866,47.07668],[21.92794,47.07713],[21.92732,47.07762],[21.92702,47.07776],[21.92666,47.07801],[21.92626,47.07828],[21.92543,47.07882],[21.92494,47.07915],[21.9242,47.07963],[21.92331,47.08019],[21.92241,47.08069],[21.92207,47.08091],[21.9219,47.08103],[21.92181,47.08108],[21.92171,47.08112],[21.92167,47.0811],[21.92163,47.08107],[21.92153,47.081],[21.92133,47.08086],[21.92094,47.08058],[21.91948,47.07954],[21.91799,47.07848],[21.9176,47.07825],[21.91705,47.07782],[21.9161,47.07714],[21.91586,47.07698],[21.91558,47.07679],[21.91532,47.07659],[21.91514,47.07646],[21.915,47.07633],[21.91488,47.07621],[21.91479,47.07609],[21.91469,47.07594],[21.91459,47.0757],[21.91454,47.0754],[21.91451,47.0751],[21.91446,47.07443],[21.91445,47.07415],[21.91443,47.07404],[21.91438,47.0739],[21.91425,47.07376],[21.91405,47.07365],[21.91385,47.07359],[21.91172,47.07369],[21.91017,47.07376],[21.90988,47.07378],[21.90937,47.07384],[21.90887,47.07394],[21.90834,47.07411],[21.90784,47.0743],[21.90563,47.07517],[21.90434,47.07567],[21.90369,47.07593],[21.90309,47.07621],[21.90173,47.07682],[21.89905,47.07802],[21.89741,47.07876],[21.89573,47.07949],[21.89481,47.07993],[21.89386,47.08035],[21.89292,47.08078],[21.89195,47.08119],[21.89017,47.08199],[21.88965,47.0822],[21.88885,47.08252],[21.88873,47.08259],[21.88855,47.08261],[21.88843,47.08255],[21.88837,47.08245],[21.88844,47.08238],[21.88836,47.08227],[21.88823,47.08219],[21.88783,47.08237],[21.88697,47.0828],[21.88637,47.08307],[21.88616,47.08323],[21.88585,47.08333],[21.88526,47.08361],[21.88432,47.08403],[21.88355,47.08439],[21.88305,47.08467],[21.88263,47.08495],[21.88228,47.08511],[21.88141,47.0856],[21.88061,47.08606],[21.88027,47.08631],[21.87999,47.08643],[21.87942,47.08675],[21.87907,47.08695],[21.8783,47.08739],[21.87798,47.08758],[21.87765,47.08776],[21.87748,47.08785],[21.87741,47.08787],[21.87734,47.08786],[21.8773,47.08784],[21.87716,47.08776],[21.87696,47.08758],[21.87672,47.08739],[21.87635,47.0871],[21.87611,47.08692],[21.87591,47.0868],[21.87582,47.08669],[21.87562,47.08653],[21.87519,47.0862],[21.8748,47.08588],[21.8746,47.08573],[21.87451,47.08565],[21.87446,47.08559],[21.87448,47.08556],[21.87451,47.08553],[21.87459,47.08551],[21.87472,47.08543],[21.87495,47.0853],[21.87542,47.08503],[21.87616,47.08459],[21.87691,47.08414],[21.87773,47.08367],[21.87814,47.08343],[21.87846,47.08319],[21.87883,47.08301],[21.87956,47.08258],[21.8801,47.08227],[21.88038,47.08211],[21.88047,47.08204],[21.8805,47.08197],[21.88048,47.0819],[21.88038,47.0818],[21.87993,47.08143],[21.87932,47.08093],[21.87915,47.08079],[21.87902,47.0807],[21.87892,47.08067],[21.87884,47.08067],[21.8787,47.08068],[21.87858,47.08073],[21.87784,47.08105],[21.87708,47.08137],[21.87654,47.08158],[21.87621,47.08175],[21.87609,47.08183],[21.87575,47.08194],[21.87539,47.08211],[21.87481,47.08241],[21.87392,47.08293],[21.87302,47.08345],[21.87155,47.0843],[21.86951,47.08548],[21.8685,47.08606],[21.86761,47.08657],[21.8675,47.08667],[21.86728,47.08676],[21.86688,47.087],[21.86635,47.08731],[21.86531,47.08792],[21.86315,47.08917],[21.8628,47.08936],[21.86256,47.0895],[21.8625,47.08953],[21.86246,47.08954],[21.86242,47.08952],[21.86185,47.08906],[21.86127,47.08856],[21.86066,47.08806],[21.86036,47.0878],[21.86012,47.08762],[21.86008,47.08758],[21.86007,47.08755],[21.86008,47.08752],[21.86011,47.08749],[21.86017,47.08746],[21.86067,47.08718],[21.86129,47.08683],[21.8625,47.08613],[21.86436,47.08505],[21.86462,47.08491],[21.86464,47.08493]]},"properties":{"line":"32","dir":"0","mode":"bus"}},{"type":"Feature","geometry":{"type":"LineString","coordinates":[[21.86464,47.08493],[21.86438,47.08507],[21.86307,47.08582],[21.86204,47.08642],[21.86007,47.08755],[21.86125,47.08852],[21.86246,47.08954],[21.86284,47.08932],[21.86286,47.08922],[21.86328,47.08907],[21.86365,47.08885],[21.86528,47.08791],[21.86718,47.0868],[21.8663,47.0861],[21.86668,47.0859],[21.86687,47.08578],[21.86802,47.08512],[21.86889,47.08582],[21.8713,47.08444],[21.87171,47.08415],[21.87232,47.08385],[21.8729,47.0835],[21.87352,47.08315],[21.87402,47.08286],[21.87461,47.08253],[21.87539,47.08209],[21.87663,47.0815],[21.87721,47.08129],[21.87789,47.081],[21.87856,47.08071],[21.87881,47.08065],[21.87897,47.08066],[21.87908,47.0807],[21.8795,47.08104],[21.88064,47.08198],[21.87956,47.08261],[21.87901,47.08293],[21.8785,47.08326],[21.87721,47.084],[21.87563,47.08493],[21.87448,47.08557],[21.8751,47.08609],[21.87579,47.08665],[21.8761,47.0868],[21.8764,47.08712],[21.87684,47.08745],[21.87721,47.08775],[21.87744,47.08785],[21.87789,47.0876],[21.87846,47.08727],[21.87862,47.08715],[21.88256,47.08488],[21.88356,47.08433],[21.88489,47.0837],[21.88539,47.08348],[21.88601,47.0832],[21.88697,47.08276],[21.88749,47.0825],[21.88781,47.08233],[21.88802,47.08224],[21.8882,47.08218],[21.88842,47.08212],[21.88859,47.08232],[21.88887,47.08229],[21.88919,47.08222],[21.88962,47.08208],[21.88994,47.08195],[21.89075,47.08161],[21.89158,47.08124],[21.8921,47.08101],[21.89271,47.08073],[21.89317,47.08053],[21.8952,47.07961],[21.89568,47.07939],[21.89586,47.07929],[21.89669,47.07891],[21.89723,47.07868],[21.89811,47.0783],[21.89913,47.07785],[21.90154,47.07677],[21.90202,47.07655],[21.90238,47.07639],[21.9033,47.07597],[21.90381,47.07574],[21.90435,47.07553],[21.90493,47.07531],[21.90561,47.07504],[21.90648,47.07472],[21.90745,47.07433],[21.90825,47.07403],[21.90878,47.07385],[21.90936,47.07371],[21.9098,47.07365],[21.91037,47.07362],[21.91096,47.07359],[21.91212,47.07354],[21.91299,47.0735],[21.91338,47.07347],[21.91375,47.07345],[21.91407,47.07341],[21.91431,47.07336],[21.91437,47.07332],[21.91447,47.07331],[21.91457,47.07333],[21.91465,47.07335],[21.9147,47.07342],[21.91471,47.07349],[21.91467,47.07355],[21.9146,47.07362],[21.91457,47.07371],[21.91449,47.07407],[21.91456,47.07491],[21.91459,47.07537],[21.91461,47.0756],[21.91468,47.07581],[21.91485,47.0761],[21.91516,47.07641],[21.91555,47.07671],[21.91604,47.07705],[21.91682,47.07759],[21.9176,47.07815],[21.91797,47.07841],[21.91828,47.07857],[21.91851,47.0788],[21.91882,47.07902],[21.91962,47.07959],[21.92125,47.08075],[21.92146,47.08079],[21.92169,47.08082],[21.92191,47.08081],[21.92215,47.08078],[21.92279,47.08037],[21.92372,47.0798],[21.92461,47.07923],[21.92503,47.07895],[21.92543,47.07868],[21.92586,47.07842],[21.92654,47.07797],[21.92686,47.07775],[21.92706,47.0776],[21.92722,47.07746],[21.92845,47.07669],[21.92941,47.07607],[21.92945,47.076],[21.92944,47.07594],[21.92933,47.07581],[21.92915,47.07571],[21.9279,47.07511],[21.92701,47.07462],[21.92625,47.07425],[21.92536,47.07383],[21.92459,47.07345],[21.92454,47.07338],[21.92451,47.0733],[21.92455,47.07322],[21.92459,47.07311],[21.92466,47.07292],[21.92476,47.07268],[21.92485,47.07243],[21.92517,47.07148],[21.92526,47.07112],[21.92507,47.07049],[21.92491,47.06998],[21.92484,47.06985],[21.92471,47.06974],[21.92444,47.06961],[21.92436,47.06954],[21.92429,47.06947],[21.92424,47.06936],[21.92426,47.06927],[21.92433,47.0692],[21.92444,47.06916],[21.92474,47.06903],[21.92507,47.06895],[21.92541,47.06893],[21.92574,47.06885],[21.9266,47.06858],[21.92761,47.06819],[21.92867,47.06777],[21.92938,47.06742],[21.93026,47.06713],[21.93061,47.06698],[21.93065,47.06692],[21.93065,47.06684],[21.93058,47.06673],[21.93047,47.06664],[21.93013,47.06654],[21.92983,47.06646],[21.92938,47.06638],[21.9288,47.06627],[21.92872,47.06625],[21.92867,47.06623],[21.92864,47.06618],[21.92868,47.06598],[21.92877,47.06555],[21.92881,47.06499],[21.92885,47.06453],[21.92892,47.06407],[21.92898,47.06364],[21.92901,47.06339],[21.92917,47.06304],[21.92961,47.06243],[21.93017,47.06169],[21.93078,47.06101],[21.93223,47.05956],[21.93309,47.0587],[21.93355,47.05825],[21.93375,47.05808],[21.93387,47.05799],[21.93396,47.05796],[21.93407,47.05795],[21.93421,47.05798],[21.93438,47.05802],[21.93443,47.05803],[21.93447,47.05801],[21.93514,47.05765],[21.9354,47.05752],[21.93555,47.05744],[21.93562,47.05741],[21.93578,47.05743],[21.93593,47.05745],[21.93611,47.0575],[21.93626,47.05749],[21.93638,47.05752],[21.93664,47.05765],[21.93691,47.05781],[21.93825,47.05855],[21.93887,47.05902],[21.93906,47.05912],[21.93925,47.05919],[21.9396,47.05927],[21.93978,47.05932],[21.93993,47.05926],[21.94008,47.05897],[21.9401,47.05834],[21.93999,47.05751],[21.93996,47.057],[21.93987,47.05667],[21.93983,47.05611],[21.9398,47.05541],[21.9398,47.05516],[21.93975,47.05504],[21.93963,47.05496],[21.93929,47.05483],[21.93907,47.05466],[21.93896,47.05432],[21.9389,47.05404],[21.93899,47.05388],[21.93922,47.05376],[21.93938,47.05373],[21.93952,47.05374],[21.94007,47.05387],[21.94044,47.05386],[21.94094,47.05382],[21.94146,47.05369],[21.94298,47.05358],[21.94457,47.05348],[21.94489,47.05346],[21.94509,47.05341],[21.94554,47.05317],[21.9463,47.05268],[21.94761,47.05188],[21.94888,47.05109],[21.94952,47.05073],[21.95003,47.05051],[21.95054,47.05033],[21.95132,47.05018],[21.95178,47.05007],[21.95233,47.04987],[21.95303,47.04962],[21.95402,47.04932],[21.95485,47.04914],[21.95513,47.04907],[21.9555,47.04893],[21.95596,47.0487],[21.95715,47.04812],[21.95704,47.04785],[21.95697,47.04759],[21.9569,47.04755],[21.95683,47.0471],[21.95661,47.04642],[21.95637,47.04572],[21.95618,47.04519],[21.95601,47.04472],[21.95587,47.04454],[21.9558,47.04407],[21.95569,47.04369],[21.95607,47.04361],[21.95611,47.04357],[21.95621,47.04355],[21.95632,47.04357],[21.95655,47.04352],[21.95692,47.04347],[21.95774,47.04335],[21.95836,47.04325],[21.95862,47.04317],[21.95887,47.04318],[21.95965,47.04308],[21.95986,47.04308],[21.96006,47.04311],[21.96147,47.04358],[21.96209,47.0438],[21.96182,47.04385]]},"properties":{"line":"32","dir":"1","mode":"bus"}},{"type":"Feature","geometry":{"type":"LineString","coordinates":[[21.95789,47.0335],[21.95806,47.03315],[21.95819,47.03288],[21.95825,47.03263],[21.95836,47.03208],[21.95845,47.03146],[21.95846,47.03083],[21.95842,47.03024],[21.95838,47.03005],[21.95831,47.02996],[21.95827,47.02991],[21.9582,47.02984],[21.95807,47.02975],[21.95791,47.02969],[21.95768,47.02962],[21.95717,47.02951],[21.95674,47.02936],[21.95631,47.02925],[21.95617,47.02922],[21.95606,47.02923],[21.95598,47.02927],[21.95579,47.02946],[21.95562,47.02965],[21.95543,47.02982],[21.95515,47.03002],[21.95487,47.0302],[21.9537,47.03094],[21.95243,47.03172],[21.95114,47.0325],[21.95018,47.03308],[21.94974,47.03337],[21.94926,47.03365],[21.94829,47.03422],[21.94782,47.03451],[21.94759,47.03466],[21.94741,47.03482],[21.94709,47.03498],[21.94638,47.03542],[21.94568,47.03584],[21.94498,47.03626],[21.94449,47.03653],[21.9443,47.03664],[21.9441,47.0368],[21.94383,47.03713],[21.94367,47.03742],[21.94352,47.03769],[21.94346,47.0379],[21.94338,47.03804],[21.94328,47.03821],[21.94316,47.03841],[21.94279,47.03899],[21.94263,47.03927],[21.94248,47.03955],[21.94235,47.03983],[21.94229,47.04007],[21.94225,47.04031],[21.94227,47.04043],[21.94228,47.04054],[21.94223,47.04067],[21.9422,47.0411],[21.94215,47.04168],[21.94219,47.04171],[21.94223,47.04173],[21.94246,47.04184],[21.94286,47.04204],[21.94313,47.0422],[21.94316,47.04225],[21.94318,47.04232],[21.94318,47.04236],[21.94316,47.04239],[21.94308,47.04243],[21.94196,47.04238],[21.94071,47.04233],[21.93952,47.04229],[21.93891,47.04226],[21.93832,47.04223],[21.93793,47.04215],[21.93773,47.04211],[21.93764,47.04209],[21.93751,47.04212],[21.93654,47.04261],[21.93604,47.04287],[21.93572,47.04304],[21.93565,47.04308],[21.93564,47.04311],[21.93567,47.04315],[21.93576,47.04325],[21.93583,47.04336],[21.93586,47.0436],[21.93582,47.04373],[21.93577,47.04388],[21.93567,47.04402],[21.9355,47.04416],[21.93528,47.04427],[21.93491,47.04434],[21.93457,47.04437],[21.93423,47.04432],[21.93406,47.04428],[21.93387,47.04418],[21.93371,47.04406],[21.93359,47.04392],[21.93354,47.04386],[21.93351,47.04379],[21.93349,47.04371],[21.93348,47.04361],[21.93346,47.04347],[21.93348,47.04339],[21.93351,47.04331],[21.93348,47.04341],[21.9336,47.0432],[21.93379,47.04304],[21.93395,47.04294],[21.9334,47.04243],[21.93276,47.04184],[21.93182,47.04098],[21.93163,47.0408],[21.93155,47.04072],[21.93147,47.04057],[21.93141,47.04042],[21.93139,47.04029],[21.93139,47.0401],[21.93132,47.03991],[21.93103,47.03997],[21.93055,47.04006],[21.92951,47.04031],[21.92762,47.04078],[21.92377,47.04175],[21.92322,47.04189],[21.9226,47.04207],[21.92247,47.04211],[21.92233,47.04213],[21.92213,47.04215],[21.91989,47.04218],[21.91965,47.04232],[21.91959,47.04239],[21.91953,47.04254],[21.92109,47.0443],[21.92125,47.04443],[21.92141,47.04464],[21.9221,47.04551],[21.9227,47.04617],[21.92334,47.04684],[21.92395,47.04752],[21.92461,47.04858],[21.92498,47.04918],[21.92517,47.04949],[21.9253,47.04964],[21.92536,47.04985],[21.9255,47.05002],[21.92582,47.0502],[21.926,47.05028],[21.92608,47.05035],[21.926,47.05041],[21.92573,47.0505],[21.92462,47.05079],[21.92353,47.05102],[21.92309,47.0511],[21.92265,47.05115],[21.92112,47.05108],[21.91991,47.05106],[21.9198,47.05109],[21.91971,47.05116],[21.91951,47.05167],[21.91918,47.05234],[21.91902,47.05271],[21.91876,47.05322],[21.91834,47.05414],[21.91811,47.0547],[21.91787,47.0553],[21.91774,47.05567],[21.91763,47.05597],[21.91756,47.05617],[21.91751,47.05637],[21.91749,47.0569],[21.91748,47.05755],[21.91752,47.05886],[21.91764,47.05927],[21.9178,47.05947],[21.91797,47.05968],[21.91828,47.06004],[21.91861,47.06045],[21.91915,47.06109],[21.91962,47.06165],[21.92022,47.0623],[21.92099,47.06314],[21.92171,47.06395],[21.9225,47.06488],[21.92312,47.0655],[21.92347,47.06587],[21.92372,47.06627],[21.92382,47.0665],[21.92397,47.06683],[21.92417,47.06725],[21.92432,47.06763],[21.92467,47.06843],[21.92479,47.06862],[21.92488,47.06873],[21.92499,47.0688],[21.92516,47.06888],[21.9253,47.06899],[21.92542,47.0691],[21.92546,47.06921],[21.92532,47.06931],[21.92499,47.06946],[21.9246,47.06957],[21.92436,47.06959],[21.92405,47.06965],[21.92373,47.06974],[21.9234,47.06986],[21.92175,47.07045],[21.92098,47.07078],[21.92032,47.07107],[21.91762,47.07222],[21.91628,47.07281],[21.91554,47.07315],[21.9151,47.07333],[21.91484,47.07343],[21.91474,47.0735],[21.91469,47.07356],[21.91458,47.07363],[21.91441,47.07362],[21.91431,47.07359],[21.91418,47.07359],[21.9139,47.07361],[21.91333,47.07365],[21.91194,47.07369],[21.91053,47.07375],[21.90981,47.07379],[21.90914,47.07389],[21.90874,47.07399],[21.90835,47.0741],[21.90796,47.07424],[21.9076,47.07438],[21.90717,47.07454],[21.90681,47.07469],[21.90636,47.07486],[21.9059,47.07504],[21.90475,47.07548],[21.90372,47.07591],[21.90227,47.07656],[21.89992,47.07759],[21.89765,47.07863],[21.89624,47.07925],[21.89485,47.07987],[21.89338,47.08054],[21.89225,47.08104],[21.89078,47.0817],[21.88994,47.08207],[21.88941,47.08228],[21.88905,47.08242],[21.88879,47.08257],[21.88866,47.08262],[21.88855,47.08261],[21.88847,47.08257],[21.88842,47.08251],[21.88841,47.08234],[21.88834,47.08226],[21.88827,47.08222],[21.88799,47.08231],[21.88772,47.08243],[21.8872,47.08271],[21.88662,47.08299],[21.88633,47.08312],[21.88616,47.08323],[21.88603,47.08326],[21.88587,47.08334],[21.88556,47.08348],[21.88496,47.08375],[21.8838,47.08429],[21.88318,47.08459],[21.88264,47.0849],[21.88189,47.08533],[21.88108,47.0858],[21.8798,47.08653],[21.87899,47.08699],[21.87812,47.0875],[21.87787,47.08764],[21.87762,47.08778],[21.87748,47.08786],[21.87736,47.08789],[21.87731,47.08786],[21.87726,47.08782],[21.87714,47.08774],[21.87692,47.08758],[21.87651,47.08724],[21.87621,47.08701],[21.87591,47.0868],[21.87576,47.08664],[21.87233,47.08385],[21.86794,47.08638],[21.87151,47.08929]]},"properties":{"line":"33","dir":"0","mode":"bus"}},{"type":"Feature","geometry":{"type":"LineString","coordinates":[[21.87151,47.08929],[21.87248,47.0901],[21.87269,47.09027],[21.87279,47.09033],[21.87286,47.09034],[21.87294,47.09035],[21.87302,47.09034],[21.87308,47.09032],[21.87332,47.09019],[21.87435,47.08962],[21.87585,47.08874],[21.87681,47.0882],[21.87702,47.08808],[21.87712,47.08802],[21.87716,47.08798],[21.87719,47.08795],[21.8772,47.0879],[21.8772,47.08783],[21.87717,47.08778],[21.87711,47.08771],[21.87693,47.08758],[21.87661,47.08733],[21.87627,47.08705],[21.87591,47.0868],[21.8752,47.0862],[21.8747,47.0858],[21.87465,47.08575],[21.87456,47.08568],[21.87453,47.08564],[21.87451,47.08561],[21.87451,47.08558],[21.87453,47.08555],[21.87456,47.08553],[21.8746,47.0855],[21.87529,47.0851],[21.87598,47.08469],[21.87723,47.08396],[21.87852,47.0832],[21.8804,47.08208],[21.88051,47.08202],[21.88062,47.08199],[21.8807,47.08199],[21.88075,47.08204],[21.88088,47.08213],[21.88104,47.08227],[21.88135,47.08251],[21.88213,47.08315],[21.88292,47.08379],[21.88329,47.08408],[21.88348,47.08423],[21.88361,47.08431],[21.88368,47.08428],[21.88429,47.08399],[21.88462,47.08384],[21.88483,47.08375],[21.88489,47.0837],[21.88657,47.08297],[21.8876,47.08245],[21.88816,47.08221],[21.88831,47.08217],[21.88844,47.08221],[21.88855,47.08228],[21.88866,47.08234],[21.88879,47.08233],[21.88937,47.08218],[21.88989,47.082],[21.89108,47.08147],[21.89245,47.08084],[21.89387,47.0802],[21.89623,47.07913],[21.89694,47.0788],[21.89762,47.0785],[21.8983,47.07822],[21.89866,47.07806],[21.89908,47.07787],[21.90154,47.07677],[21.90277,47.07619],[21.90427,47.07558],[21.90506,47.07525],[21.90581,47.07497],[21.90678,47.07459],[21.90726,47.07439],[21.90781,47.07419],[21.90814,47.07404],[21.9085,47.07393],[21.90893,47.07381],[21.90919,47.07375],[21.90945,47.07371],[21.90976,47.07366],[21.9101,47.07364],[21.91053,47.07362],[21.91135,47.07359],[21.91298,47.07353],[21.91359,47.07349],[21.91407,47.07345],[21.91426,47.07342],[21.9144,47.07337],[21.91447,47.07334],[21.91457,47.07335],[21.91469,47.07332],[21.91499,47.07323],[21.91567,47.07295],[21.9187,47.07164],[21.91972,47.07119],[21.91995,47.07104],[21.92007,47.07099],[21.92072,47.07075],[21.92131,47.07052],[21.92206,47.07022],[21.92308,47.06984],[21.92348,47.06969],[21.92369,47.06958],[21.92403,47.06942],[21.92424,47.06924],[21.92437,47.06895],[21.92444,47.06861],[21.9244,47.06829],[21.9243,47.06798],[21.92418,47.06762],[21.92408,47.06738],[21.92378,47.06679],[21.92338,47.0662],[21.9229,47.0656],[21.92246,47.06504],[21.92223,47.06474],[21.92195,47.06446],[21.92159,47.06406],[21.92097,47.06336],[21.92068,47.06306],[21.9204,47.06273],[21.92016,47.06241],[21.91946,47.06159],[21.91905,47.06116],[21.9179,47.05976],[21.91771,47.05956],[21.91761,47.05944],[21.91752,47.05931],[21.91746,47.05919],[21.91742,47.05908],[21.9174,47.05894],[21.91738,47.05856],[21.91737,47.05819],[21.91736,47.05787],[21.91734,47.05757],[21.91727,47.05726],[21.91717,47.05696],[21.9171,47.05667],[21.917,47.05645],[21.91689,47.05623],[21.91693,47.05607],[21.91708,47.05595],[21.91727,47.05581],[21.91746,47.05567],[21.91761,47.05547],[21.91774,47.05525],[21.91785,47.05502],[21.91795,47.05477],[21.91814,47.05432],[21.91825,47.05409],[21.91836,47.05386],[21.91957,47.05125],[21.91969,47.05099],[21.91983,47.05083],[21.91993,47.05072],[21.92004,47.05065],[21.92023,47.05059],[21.92054,47.05056],[21.92089,47.05053],[21.92167,47.05045],[21.9225,47.05036],[21.92329,47.05028],[21.92391,47.05021],[21.9245,47.05015],[21.92469,47.05014],[21.92479,47.05013],[21.92486,47.05013],[21.92493,47.05011],[21.92498,47.05007],[21.92506,47.05002],[21.92512,47.04994],[21.9252,47.04981],[21.92519,47.04966],[21.92502,47.0494],[21.92484,47.04901],[21.9245,47.04842],[21.92416,47.04791],[21.92401,47.04767],[21.92385,47.04748],[21.92314,47.0467],[21.92226,47.04573],[21.92161,47.04495],[21.92143,47.04475],[21.91932,47.04233],[21.91932,47.04223],[21.91943,47.04218],[21.91985,47.04215],[21.92185,47.04213],[21.92226,47.04214],[21.92427,47.0416],[21.92668,47.04097],[21.93071,47.03999],[21.93124,47.03983],[21.93136,47.03976],[21.93149,47.03977],[21.93156,47.03984],[21.9315,47.03993],[21.93137,47.04011],[21.93136,47.04039],[21.93145,47.04063],[21.93159,47.04079],[21.93246,47.04158],[21.93399,47.04293],[21.93424,47.04283],[21.93455,47.04279],[21.93491,47.0428],[21.93519,47.04287],[21.93541,47.04297],[21.93564,47.04314],[21.9358,47.04335],[21.93585,47.04355],[21.93583,47.04376],[21.93575,47.04395],[21.93558,47.04412],[21.93531,47.0443],[21.93496,47.0444],[21.93459,47.04442],[21.93423,47.04438],[21.93385,47.04422],[21.93358,47.04399],[21.93346,47.04367],[21.93351,47.04331],[21.93358,47.04317],[21.93369,47.04306],[21.93381,47.04295],[21.93404,47.04286],[21.93435,47.04278],[21.93465,47.04276],[21.93494,47.04279],[21.93517,47.04284],[21.93536,47.04293],[21.93548,47.04304],[21.93558,47.04304],[21.93581,47.04292],[21.93882,47.04139],[21.93944,47.04108],[21.93959,47.04101],[21.9398,47.04101],[21.94025,47.04103],[21.94167,47.04111],[21.94182,47.04108],[21.94192,47.04104],[21.94199,47.04093],[21.94208,47.04081],[21.94209,47.04066],[21.94209,47.04046],[21.94215,47.04025],[21.94222,47.0399],[21.94233,47.03961],[21.94268,47.03899],[21.94311,47.03818],[21.94354,47.0374],[21.94382,47.03699],[21.944,47.03679],[21.94418,47.03665],[21.94459,47.0364],[21.94599,47.03556],[21.94677,47.03509],[21.94748,47.03462],[21.949,47.03369],[21.95097,47.03251],[21.95291,47.03131],[21.95463,47.03024],[21.95515,47.02992],[21.95548,47.02965],[21.95605,47.02901],[21.95636,47.02908],[21.95661,47.02918],[21.95676,47.02931],[21.95734,47.02947],[21.95753,47.02946],[21.95773,47.02956],[21.95807,47.02971],[21.9582,47.02978],[21.95831,47.02989],[21.95842,47.03003],[21.95846,47.0302],[21.95851,47.0306],[21.95852,47.03102],[21.9585,47.0314],[21.95845,47.0319],[21.95832,47.03282],[21.95819,47.03324],[21.958,47.03371],[21.95781,47.03405],[21.95757,47.0344],[21.95731,47.03474],[21.95696,47.03513],[21.95664,47.03536],[21.95654,47.03542],[21.95643,47.03545],[21.9563,47.03553],[21.9562,47.03552],[21.95613,47.03548],[21.95611,47.03542],[21.95616,47.03537],[21.95622,47.03534],[21.95639,47.03533],[21.95667,47.03523],[21.95685,47.03515],[21.95719,47.03479],[21.95744,47.03447],[21.95765,47.03416],[21.95786,47.03383],[21.95796,47.03364],[21.95789,47.03349]]},"properties":{"line":"33","dir":"1","mode":"bus"}},{"type":"Feature","geometry":{"type":"LineString","coordinates":[[21.95789,47.0335],[21.95806,47.03315],[21.95819,47.03288],[21.95825,47.03263],[21.95836,47.03208],[21.95845,47.03146],[21.95846,47.03083],[21.95842,47.03024],[21.95838,47.03005],[21.95831,47.02996],[21.95827,47.02991],[21.9582,47.02984],[21.95807,47.02975],[21.95791,47.02969],[21.95768,47.02962],[21.95717,47.02951],[21.95674,47.02936],[21.95631,47.02925],[21.95617,47.02922],[21.95606,47.02923],[21.95598,47.02927],[21.95579,47.02946],[21.95562,47.02965],[21.95543,47.02982],[21.95515,47.03002],[21.95487,47.0302],[21.9537,47.03094],[21.95243,47.03172],[21.95114,47.0325],[21.95018,47.03308],[21.94974,47.03337],[21.94926,47.03365],[21.94829,47.03422],[21.94782,47.03451],[21.94759,47.03466],[21.94741,47.03482],[21.94709,47.03498],[21.94638,47.03542],[21.94568,47.03584],[21.94498,47.03626],[21.94449,47.03653],[21.9443,47.03664],[21.9441,47.0368],[21.94383,47.03713],[21.94367,47.03742],[21.94352,47.03769],[21.94346,47.0379],[21.94338,47.03804],[21.94328,47.03821],[21.94316,47.03841],[21.94279,47.03899],[21.94263,47.03927],[21.94248,47.03955],[21.94235,47.03983],[21.94229,47.04007],[21.94225,47.04031],[21.94227,47.04043],[21.94228,47.04054],[21.94223,47.04067],[21.9422,47.0411],[21.94215,47.04168],[21.94219,47.04171],[21.94223,47.04173],[21.94246,47.04184],[21.94286,47.04204],[21.94313,47.0422],[21.94316,47.04225],[21.94318,47.04232],[21.94318,47.04236],[21.94316,47.04239],[21.94308,47.04243],[21.94196,47.04238],[21.94071,47.04233],[21.93952,47.04229],[21.93891,47.04226],[21.93832,47.04223],[21.93793,47.04215],[21.93773,47.04211],[21.93764,47.04209],[21.93751,47.04212],[21.93654,47.04261],[21.93604,47.04287],[21.93572,47.04304],[21.93565,47.04308],[21.93564,47.04311],[21.93567,47.04315],[21.93576,47.04325],[21.93583,47.04336],[21.93586,47.0436],[21.93582,47.04373],[21.93577,47.04388],[21.93567,47.04402],[21.9355,47.04416],[21.93528,47.04427],[21.93491,47.04434],[21.93457,47.04437],[21.93423,47.04432],[21.93406,47.04428],[21.93387,47.04418],[21.93371,47.04406],[21.93359,47.04392],[21.93354,47.04386],[21.93351,47.04379],[21.93349,47.04371],[21.93348,47.04361],[21.93346,47.04347],[21.93348,47.04339],[21.93351,47.04331],[21.93348,47.04341],[21.9336,47.0432],[21.93379,47.04304],[21.93395,47.04294],[21.9334,47.04243],[21.93276,47.04184],[21.93182,47.04098],[21.93163,47.0408],[21.93155,47.04072],[21.93147,47.04057],[21.93141,47.04042],[21.93139,47.04029],[21.93139,47.0401],[21.93132,47.03991],[21.93103,47.03997],[21.93055,47.04006],[21.92951,47.04031],[21.92762,47.04078],[21.92377,47.04175],[21.92322,47.04189],[21.9226,47.04207],[21.92247,47.04211],[21.92233,47.04213],[21.92213,47.04215],[21.91989,47.04218],[21.91965,47.04232],[21.91959,47.04239],[21.91953,47.04254],[21.92109,47.0443],[21.92125,47.04443],[21.92141,47.04464],[21.9221,47.04551],[21.9227,47.04617],[21.92334,47.04684],[21.92395,47.04752],[21.92461,47.04858],[21.92498,47.04918],[21.92517,47.04949],[21.9253,47.04964],[21.92535,47.04983],[21.92552,47.05005],[21.92592,47.05022],[21.92618,47.05036],[21.92462,47.05085],[21.92287,47.05118],[21.92101,47.05111],[21.92008,47.05107],[21.91981,47.05103],[21.91956,47.05157],[21.91917,47.05233],[21.91881,47.05309],[21.91851,47.05369],[21.91826,47.05431],[21.91809,47.05478],[21.91805,47.05503],[21.91795,47.05529],[21.91773,47.05583],[21.9176,47.05621],[21.91748,47.05632],[21.91731,47.05638],[21.91717,47.05637],[21.91704,47.05634],[21.91696,47.05628],[21.91686,47.05613],[21.91665,47.05586],[21.91646,47.05571],[21.91539,47.05534],[21.91503,47.0552],[21.91367,47.05476],[21.91193,47.05421],[21.91107,47.05391],[21.91018,47.05365],[21.90928,47.05336],[21.90874,47.0532],[21.90844,47.05315],[21.90819,47.05303],[21.90777,47.05289],[21.90753,47.05281],[21.90731,47.0528],[21.90713,47.05282],[21.90703,47.05287],[21.90691,47.05298],[21.90688,47.05307],[21.90688,47.05313],[21.90709,47.05359],[21.9073,47.05404],[21.90756,47.05448],[21.9078,47.05494],[21.90882,47.05675],[21.90939,47.05767],[21.90973,47.05835],[21.90985,47.05858],[21.91009,47.05899],[21.91037,47.05949],[21.91064,47.05999],[21.91094,47.06047],[21.91126,47.06091],[21.91133,47.06101],[21.91143,47.06108],[21.91149,47.06113],[21.91151,47.06119],[21.9115,47.06128],[21.91155,47.06143],[21.9117,47.0617],[21.91186,47.06186],[21.91191,47.06202],[21.9121,47.06231],[21.91231,47.06259],[21.91246,47.06275],[21.91253,47.06281],[21.91259,47.06283],[21.91267,47.06286],[21.91271,47.06291],[21.9127,47.06297],[21.91267,47.06302],[21.91265,47.06309],[21.91258,47.06338],[21.91254,47.06358],[21.91256,47.06366],[21.91259,47.06371],[21.91259,47.06374],[21.91255,47.06378],[21.9125,47.06379],[21.91238,47.06375],[21.91225,47.06379],[21.91212,47.06385],[21.91125,47.06427],[21.91037,47.0647],[21.90958,47.06507],[21.9088,47.06548],[21.90866,47.06557],[21.9084,47.06564],[21.90796,47.06585],[21.90725,47.06618],[21.90649,47.06654],[21.90611,47.06672],[21.90556,47.06697],[21.90472,47.06735],[21.90422,47.06758],[21.90401,47.06772],[21.90366,47.06785],[21.9025,47.06838],[21.90222,47.06854],[21.90211,47.06864],[21.90205,47.06871],[21.90205,47.06878],[21.90205,47.06884],[21.9021,47.06895],[21.90223,47.06914],[21.90235,47.06933],[21.9025,47.06954],[21.90283,47.06995],[21.90315,47.07027],[21.90342,47.07049],[21.90396,47.07084],[21.90484,47.07141],[21.9058,47.07205],[21.90607,47.07224],[21.90624,47.07235],[21.90639,47.07248],[21.90654,47.07262],[21.90671,47.0728],[21.907,47.07318],[21.90712,47.07326],[21.90738,47.07334],[21.90816,47.07356],[21.90849,47.07365],[21.90877,47.07368],[21.90939,47.07366],[21.90955,47.07365],[21.90977,47.07367],[21.91102,47.07361],[21.91287,47.07353],[21.91378,47.07348],[21.91404,47.07346],[21.91426,47.07342],[21.91442,47.07335],[21.91454,47.07335],[21.91467,47.07339],[21.91473,47.07346],[21.91472,47.07355],[21.91467,47.07361],[21.91458,47.07364],[21.91448,47.07365],[21.9144,47.07364],[21.91431,47.0736],[21.91408,47.0736],[21.91359,47.07363],[21.91312,47.07364],[21.91266,47.07367],[21.91219,47.07369],[21.91172,47.0737],[21.91088,47.07374],[21.91028,47.07376],[21.90995,47.07378],[21.90964,47.07381],[21.90908,47.07391],[21.90867,47.07399],[21.90809,47.07418],[21.90718,47.07454],[21.90542,47.07522],[21.90413,47.07575],[21.90291,47.07627],[21.90164,47.07683],[21.90038,47.0774],[21.89793,47.0785],[21.89671,47.07906],[21.89545,47.07961],[21.89405,47.08023],[21.89267,47.08086],[21.88986,47.08211],[21.88908,47.08241],[21.88872,47.08258],[21.88865,47.0826],[21.88856,47.0826],[21.88849,47.0826],[21.88847,47.08256],[21.88843,47.08252],[21.88842,47.08249],[21.88843,47.08242],[21.88841,47.08232],[21.88837,47.08227],[21.88833,47.08224],[21.88828,47.08224],[21.8882,47.08224],[21.88786,47.08238],[21.88705,47.08278],[21.88622,47.08317],[21.88616,47.08323],[21.88603,47.08326],[21.88587,47.08334],[21.88556,47.08348],[21.88496,47.08375],[21.8838,47.08429],[21.88318,47.08459],[21.88264,47.0849],[21.88189,47.08533],[21.88108,47.0858],[21.8798,47.08653],[21.87899,47.08699],[21.87812,47.0875],[21.87787,47.08764],[21.87762,47.08778],[21.87748,47.08786],[21.87736,47.08789],[21.87731,47.08786],[21.87726,47.08782],[21.87714,47.08774],[21.87692,47.08758],[21.87651,47.08724],[21.87621,47.08701],[21.87591,47.0868],[21.87576,47.08664],[21.87233,47.08385],[21.86794,47.08638],[21.87151,47.08929]]},"properties":{"line":"33E","dir":"0","mode":"bus"}},{"type":"Feature","geometry":{"type":"LineString","coordinates":[[21.87151,47.08929],[21.87248,47.0901],[21.87269,47.09027],[21.87279,47.09033],[21.87286,47.09034],[21.87294,47.09035],[21.87302,47.09034],[21.87308,47.09032],[21.87332,47.09019],[21.87435,47.08962],[21.87585,47.08874],[21.87681,47.0882],[21.87702,47.08808],[21.87712,47.08802],[21.87716,47.08798],[21.87719,47.08795],[21.8772,47.0879],[21.8772,47.08783],[21.87717,47.08778],[21.87711,47.08771],[21.87693,47.08758],[21.87661,47.08733],[21.87627,47.08705],[21.87591,47.0868],[21.8752,47.0862],[21.8747,47.0858],[21.87465,47.08575],[21.87456,47.08568],[21.87453,47.08564],[21.87451,47.08561],[21.87451,47.08558],[21.87453,47.08555],[21.87456,47.08553],[21.8746,47.0855],[21.87529,47.0851],[21.87598,47.08469],[21.87723,47.08396],[21.87852,47.0832],[21.8804,47.08208],[21.88051,47.08202],[21.88062,47.08199],[21.8807,47.08199],[21.88075,47.08204],[21.88088,47.08213],[21.88104,47.08227],[21.88135,47.08251],[21.88213,47.08315],[21.88292,47.08379],[21.88329,47.08408],[21.88348,47.08423],[21.88361,47.08431],[21.88368,47.08428],[21.88429,47.08399],[21.88462,47.08384],[21.88483,47.08375],[21.88489,47.0837],[21.88632,47.08305],[21.88691,47.08279],[21.8876,47.08245],[21.88787,47.0823],[21.88841,47.08211],[21.88859,47.08232],[21.88877,47.0823],[21.8889,47.08229],[21.88931,47.08217],[21.8897,47.08205],[21.89055,47.08169],[21.89114,47.08144],[21.89179,47.08114],[21.89303,47.08058],[21.89437,47.07997],[21.89625,47.07911],[21.89713,47.07871],[21.89819,47.07826],[21.90068,47.07715],[21.90324,47.07599],[21.90402,47.07565],[21.90596,47.07491],[21.9064,47.07471],[21.90647,47.07464],[21.90648,47.07452],[21.90645,47.07438],[21.90639,47.07427],[21.90639,47.07417],[21.90642,47.07401],[21.9065,47.07388],[21.90669,47.07364],[21.90679,47.07347],[21.90685,47.07323],[21.90662,47.07294],[21.90637,47.07267],[21.90595,47.07233],[21.90542,47.07198],[21.90402,47.07104],[21.90358,47.07075],[21.90322,47.07048],[21.90301,47.07029],[21.90285,47.07013],[21.90262,47.06987],[21.90211,47.06924],[21.90191,47.069],[21.90181,47.06893],[21.90163,47.06892],[21.90151,47.06885],[21.90147,47.06874],[21.90154,47.06863],[21.90167,47.06857],[21.90184,47.06858],[21.90212,47.06851],[21.90229,47.06845],[21.90287,47.06812],[21.90338,47.06792],[21.90387,47.06771],[21.90472,47.06732],[21.90557,47.06692],[21.90608,47.0667],[21.9065,47.0665],[21.90715,47.06619],[21.90765,47.06596],[21.90836,47.06563],[21.90871,47.06545],[21.9089,47.06533],[21.90925,47.06522],[21.91029,47.06471],[21.91163,47.06406],[21.91233,47.06372],[21.91235,47.06365],[21.91243,47.06361],[21.91251,47.06302],[21.91243,47.06285],[21.91194,47.06215],[21.91156,47.06156],[21.91127,47.06123],[21.91123,47.06114],[21.91111,47.0608],[21.91084,47.06036],[21.91071,47.06027],[21.91071,47.06016],[21.9101,47.05906],[21.9094,47.05784],[21.90804,47.05541],[21.90702,47.05359],[21.90665,47.05284],[21.90624,47.05207],[21.90629,47.05199],[21.90643,47.05194],[21.90666,47.05197],[21.9069,47.05205],[21.907,47.05216],[21.90716,47.05226],[21.90723,47.05235],[21.90727,47.05248],[21.90734,47.05258],[21.90746,47.05266],[21.90755,47.05272],[21.90813,47.05293],[21.90969,47.05341],[21.91112,47.05385],[21.91256,47.05432],[21.91547,47.05526],[21.91593,47.05541],[21.9161,47.05543],[21.91658,47.05562],[21.91697,47.05574],[21.91727,47.05581],[21.91744,47.05571],[21.91761,47.05554],[21.9178,47.05519],[21.9179,47.05495],[21.91802,47.0548],[21.91808,47.05463],[21.91808,47.05455],[21.91816,47.05442],[21.91837,47.05389],[21.91851,47.05355],[21.91868,47.0532],[21.91931,47.05187],[21.91958,47.05134],[21.91988,47.05081],[21.92004,47.05066],[21.92034,47.05055],[21.92094,47.05051],[21.92208,47.05039],[21.9229,47.05029],[21.92355,47.05024],[21.92422,47.05017],[21.92475,47.05012],[21.92491,47.05011],[21.92507,47.05],[21.92518,47.04988],[21.92521,47.04978],[21.9252,47.0497],[21.92514,47.04954],[21.92502,47.0494],[21.92484,47.04901],[21.9245,47.04842],[21.92416,47.04791],[21.92401,47.04767],[21.92385,47.04748],[21.92314,47.0467],[21.92226,47.04573],[21.92161,47.04495],[21.92143,47.04475],[21.91932,47.04233],[21.91932,47.04223],[21.91943,47.04218],[21.91985,47.04215],[21.92185,47.04213],[21.92226,47.04214],[21.92427,47.0416],[21.92668,47.04097],[21.93071,47.03999],[21.93124,47.03983],[21.93136,47.03976],[21.93149,47.03977],[21.93156,47.03984],[21.9315,47.03993],[21.93137,47.04011],[21.93136,47.04039],[21.93145,47.04063],[21.93159,47.04079],[21.93246,47.04158],[21.93399,47.04293],[21.93424,47.04283],[21.93455,47.04279],[21.93491,47.0428],[21.93519,47.04287],[21.93541,47.04297],[21.93564,47.04314],[21.9358,47.04335],[21.93585,47.04355],[21.93583,47.04376],[21.93575,47.04395],[21.93558,47.04412],[21.93531,47.0443],[21.93496,47.0444],[21.93459,47.04442],[21.93423,47.04438],[21.93385,47.04422],[21.93358,47.04399],[21.93346,47.04367],[21.93351,47.04331],[21.93358,47.04317],[21.93369,47.04306],[21.93381,47.04295],[21.93404,47.04286],[21.93435,47.04278],[21.93465,47.04276],[21.93494,47.04279],[21.93517,47.04284],[21.93536,47.04293],[21.93548,47.04304],[21.93558,47.04304],[21.93581,47.04292],[21.93882,47.04139],[21.93944,47.04108],[21.93959,47.04101],[21.9398,47.04101],[21.94025,47.04103],[21.94167,47.04111],[21.94182,47.04108],[21.94192,47.04104],[21.94199,47.04093],[21.94208,47.04081],[21.94209,47.04066],[21.94209,47.04046],[21.94215,47.04025],[21.94222,47.0399],[21.94233,47.03961],[21.94268,47.03899],[21.94311,47.03818],[21.94354,47.0374],[21.94382,47.03699],[21.944,47.03679],[21.94418,47.03665],[21.94459,47.0364],[21.94599,47.03556],[21.94677,47.03509],[21.94748,47.03462],[21.949,47.03369],[21.95097,47.03251],[21.95291,47.03131],[21.95463,47.03024],[21.95515,47.02992],[21.95548,47.02965],[21.95605,47.02901],[21.95636,47.02908],[21.95661,47.02918],[21.95676,47.02931],[21.95734,47.02947],[21.95753,47.02946],[21.95773,47.02956],[21.95807,47.02971],[21.9582,47.02978],[21.95831,47.02989],[21.95842,47.03003],[21.95846,47.0302],[21.95851,47.0306],[21.95852,47.03102],[21.9585,47.0314],[21.95845,47.0319],[21.95832,47.03282],[21.95819,47.03324],[21.958,47.03371],[21.95781,47.03405],[21.95757,47.0344],[21.95731,47.03474],[21.95696,47.03513],[21.95664,47.03536],[21.95654,47.03542],[21.95643,47.03545],[21.9563,47.03553],[21.9562,47.03552],[21.95613,47.03548],[21.95611,47.03542],[21.95616,47.03537],[21.95622,47.03534],[21.95639,47.03533],[21.95667,47.03523],[21.95685,47.03515],[21.95719,47.03479],[21.95744,47.03447],[21.95765,47.03416],[21.95786,47.03383],[21.95796,47.03364],[21.95789,47.03349]]},"properties":{"line":"33E","dir":"1","mode":"bus"}},{"type":"Feature","geometry":{"type":"LineString","coordinates":[[21.91539,47.05534],[21.91515,47.05525],[21.91106,47.05388],[21.90907,47.05327],[21.90767,47.05283],[21.90746,47.05279],[21.90721,47.05281],[21.90705,47.05286],[21.90691,47.0529],[21.90675,47.05288],[21.90665,47.05283],[21.90658,47.05271],[21.90637,47.0523],[21.90625,47.05206],[21.90636,47.05196],[21.90658,47.05194],[21.9069,47.05205],[21.90722,47.05231],[21.90726,47.05246],[21.90725,47.05266],[21.90713,47.05284],[21.90697,47.05304],[21.90693,47.05326],[21.90749,47.0543],[21.90899,47.05696],[21.91186,47.06186],[21.91191,47.06202],[21.9121,47.06231],[21.91231,47.06259],[21.91246,47.06275],[21.91253,47.06281],[21.91259,47.06283],[21.91267,47.06286],[21.91271,47.06291],[21.9127,47.06297],[21.91267,47.06302],[21.91265,47.06309],[21.91258,47.06338],[21.91254,47.06358],[21.91256,47.06366],[21.91259,47.06371],[21.91259,47.06374],[21.91255,47.06378],[21.9125,47.06379],[21.91238,47.06375],[21.91225,47.06379],[21.91212,47.06385],[21.91125,47.06427],[21.91037,47.0647],[21.90958,47.06507],[21.9088,47.06548],[21.90866,47.06557],[21.9084,47.06564],[21.90796,47.06585],[21.90725,47.06618],[21.90649,47.06654],[21.90611,47.06672],[21.90556,47.06697],[21.90472,47.06735],[21.90422,47.06758],[21.90401,47.06772],[21.90366,47.06785],[21.9025,47.06838],[21.90222,47.06854],[21.90211,47.06864],[21.90205,47.06871],[21.90205,47.06878],[21.90205,47.06884],[21.9021,47.06895],[21.90223,47.06914],[21.90235,47.06933],[21.9025,47.06954],[21.90283,47.06995],[21.90315,47.07027],[21.90342,47.07049],[21.90396,47.07084],[21.90484,47.07141],[21.9058,47.07205],[21.90607,47.07224],[21.90624,47.07235],[21.90639,47.07248],[21.90654,47.07262],[21.90671,47.0728],[21.907,47.07318],[21.90712,47.07326],[21.90738,47.07334],[21.90816,47.07356],[21.90849,47.07365],[21.90877,47.07368],[21.90939,47.07366],[21.90955,47.07365],[21.90977,47.07367],[21.91102,47.07361],[21.91287,47.07353],[21.91378,47.07348],[21.91404,47.07346],[21.91426,47.07342],[21.91442,47.07335],[21.91454,47.07335],[21.91467,47.07339],[21.91473,47.07346],[21.91472,47.07355],[21.91467,47.07361],[21.91458,47.07364],[21.91448,47.07365],[21.9144,47.07364],[21.91431,47.0736],[21.91408,47.0736],[21.91359,47.07363],[21.91312,47.07364],[21.91266,47.07367],[21.91219,47.07369],[21.91172,47.0737],[21.91088,47.07374],[21.91028,47.07376],[21.90995,47.07378],[21.90964,47.07381],[21.90908,47.07391],[21.90867,47.07399],[21.90809,47.07418],[21.90718,47.07454],[21.90542,47.07522],[21.90413,47.07575],[21.90291,47.07627],[21.90164,47.07683],[21.90038,47.0774],[21.89793,47.0785],[21.89671,47.07906],[21.89545,47.07961],[21.89405,47.08023],[21.89267,47.08086],[21.88986,47.08211],[21.88908,47.08241],[21.88872,47.08258],[21.88865,47.0826],[21.88856,47.0826],[21.88849,47.0826],[21.88847,47.08256],[21.88843,47.08252],[21.88842,47.08249],[21.88843,47.08242],[21.88841,47.08232],[21.88837,47.08227],[21.88833,47.08224],[21.88828,47.08224],[21.8882,47.08224],[21.88786,47.08238],[21.88705,47.08278],[21.88622,47.08317],[21.88616,47.08323],[21.88603,47.08326],[21.88587,47.08334],[21.88556,47.08348],[21.88496,47.08375],[21.8838,47.08429],[21.88318,47.08459],[21.88264,47.0849],[21.88189,47.08533],[21.88108,47.0858],[21.8798,47.08653],[21.87899,47.08699],[21.87812,47.0875],[21.87787,47.08764],[21.87762,47.08778],[21.87748,47.08786],[21.87736,47.08789],[21.87731,47.08786],[21.87726,47.08782],[21.87714,47.08774],[21.87692,47.08758],[21.87651,47.08724],[21.87621,47.08701],[21.87591,47.0868],[21.87576,47.08664],[21.87233,47.08385],[21.86794,47.08638],[21.87151,47.08929]]},"properties":{"line":"33P","dir":"0","mode":"bus"}},{"type":"Feature","geometry":{"type":"LineString","coordinates":[[21.87151,47.08929],[21.87248,47.0901],[21.87269,47.09027],[21.87279,47.09033],[21.87286,47.09034],[21.87294,47.09035],[21.87302,47.09034],[21.87308,47.09032],[21.87332,47.09019],[21.87435,47.08962],[21.87585,47.08874],[21.87681,47.0882],[21.87702,47.08808],[21.87712,47.08802],[21.87716,47.08798],[21.87719,47.08795],[21.8772,47.0879],[21.8772,47.08783],[21.87717,47.08778],[21.87711,47.08771],[21.87693,47.08758],[21.87661,47.08733],[21.87627,47.08705],[21.87591,47.0868],[21.8752,47.0862],[21.8747,47.0858],[21.87465,47.08575],[21.87456,47.08568],[21.87453,47.08564],[21.87451,47.08561],[21.87451,47.08558],[21.87453,47.08555],[21.87456,47.08553],[21.8746,47.0855],[21.87529,47.0851],[21.87598,47.08469],[21.87723,47.08396],[21.87852,47.0832],[21.8804,47.08208],[21.88051,47.08202],[21.88062,47.08199],[21.8807,47.08199],[21.88075,47.08204],[21.88088,47.08213],[21.88104,47.08227],[21.88135,47.08251],[21.88213,47.08315],[21.88292,47.08379],[21.88329,47.08408],[21.88348,47.08423],[21.88361,47.08431],[21.88368,47.08428],[21.88429,47.08399],[21.88462,47.08384],[21.88483,47.08375],[21.88489,47.0837],[21.88632,47.08305],[21.88691,47.08279],[21.8876,47.08245],[21.88787,47.0823],[21.88841,47.08211],[21.88859,47.08232],[21.88877,47.0823],[21.8889,47.08229],[21.88931,47.08217],[21.8897,47.08205],[21.89055,47.08169],[21.89114,47.08144],[21.89179,47.08114],[21.89303,47.08058],[21.89437,47.07997],[21.89625,47.07911],[21.89713,47.07871],[21.89819,47.07826],[21.90068,47.07715],[21.90324,47.07599],[21.90402,47.07565],[21.90596,47.07491],[21.9064,47.07471],[21.90647,47.07464],[21.90648,47.07452],[21.90645,47.07438],[21.90639,47.07427],[21.90639,47.07417],[21.90642,47.07401],[21.9065,47.07388],[21.90669,47.07364],[21.90679,47.07347],[21.90685,47.07323],[21.90662,47.07294],[21.90637,47.07267],[21.90595,47.07233],[21.90542,47.07198],[21.90402,47.07104],[21.90358,47.07075],[21.90322,47.07048],[21.90301,47.07029],[21.90285,47.07013],[21.90262,47.06987],[21.90211,47.06924],[21.90191,47.069],[21.90181,47.06893],[21.90163,47.06892],[21.90151,47.06885],[21.90147,47.06874],[21.90154,47.06863],[21.90167,47.06857],[21.90184,47.06858],[21.90212,47.06851],[21.90229,47.06845],[21.90287,47.06812],[21.90338,47.06792],[21.90387,47.06771],[21.90472,47.06732],[21.90557,47.06692],[21.90608,47.0667],[21.9065,47.0665],[21.90715,47.06619],[21.90765,47.06596],[21.90836,47.06563],[21.90871,47.06545],[21.9089,47.06533],[21.90925,47.06522],[21.91029,47.06471],[21.91163,47.06406],[21.91233,47.06372],[21.91235,47.06365],[21.91243,47.06361],[21.91251,47.06302],[21.91243,47.06285],[21.91194,47.06215],[21.91156,47.06156],[21.91127,47.06123],[21.91123,47.06114],[21.91111,47.0608],[21.91084,47.06036],[21.91071,47.06027],[21.91071,47.06016],[21.9101,47.05906],[21.9094,47.05784],[21.90804,47.05541],[21.90702,47.05359],[21.90665,47.05284],[21.90624,47.05207],[21.90629,47.05199],[21.90643,47.05194],[21.90666,47.05197],[21.9069,47.05205],[21.907,47.05216],[21.90716,47.05226],[21.90723,47.05235],[21.90727,47.05248],[21.90734,47.05258],[21.90746,47.05266],[21.90755,47.05272],[21.90813,47.05293],[21.90969,47.05341],[21.91112,47.05385],[21.91256,47.05432],[21.91547,47.05526],[21.91593,47.05541],[21.9161,47.05543],[21.91658,47.05562],[21.91697,47.05574],[21.91727,47.05581],[21.91744,47.05571],[21.91761,47.05554],[21.9178,47.05519],[21.9179,47.05495],[21.91802,47.0548],[21.91808,47.05463],[21.91809,47.05455],[21.91816,47.05457],[21.918,47.05497],[21.91792,47.05517],[21.91771,47.05563],[21.9176,47.05593],[21.91752,47.0562],[21.91747,47.05626],[21.9174,47.05631],[21.91734,47.05634],[21.91726,47.05636],[21.91717,47.05636],[21.91708,47.05634],[21.91698,47.05631],[21.91692,47.05625],[21.91678,47.0561],[21.91668,47.05594],[21.91642,47.05572],[21.91539,47.05534]]},"properties":{"line":"33P","dir":"1","mode":"bus"}},{"type":"Feature","geometry":{"type":"LineString","coordinates":[[21.98022,47.03898],[21.97372,47.0423],[21.9706,47.04387],[21.96904,47.04465],[21.96784,47.04504],[21.96691,47.04536],[21.96675,47.04548],[21.96654,47.0455],[21.96638,47.04557],[21.96622,47.04562],[21.96608,47.04576],[21.9643,47.04689],[21.96318,47.04759],[21.96272,47.04798],[21.96232,47.0484],[21.96205,47.04881],[21.96198,47.04893],[21.96133,47.04983],[21.96094,47.05035],[21.96095,47.05041],[21.96093,47.05049],[21.96083,47.05054],[21.96074,47.05056],[21.96066,47.05057],[21.96051,47.05065],[21.9603,47.05075],[21.96006,47.05086],[21.95978,47.05093],[21.95944,47.05099],[21.9591,47.051],[21.95857,47.05098],[21.95814,47.0509],[21.95778,47.05079],[21.95727,47.05063],[21.9569,47.05052],[21.9567,47.05048],[21.95654,47.05037],[21.95637,47.05023],[21.95622,47.04993],[21.95595,47.04939],[21.95588,47.04925],[21.95579,47.04911],[21.95558,47.04889],[21.9572,47.04811],[21.95705,47.04778],[21.9569,47.04755],[21.95691,47.04739],[21.95665,47.04657],[21.95633,47.04559],[21.95599,47.04469],[21.95588,47.04439],[21.95577,47.04402],[21.95567,47.04395],[21.9555,47.04386],[21.95531,47.04382],[21.95419,47.04406],[21.95399,47.04409],[21.95322,47.04425],[21.95292,47.04431],[21.95212,47.0445],[21.95086,47.04479],[21.94994,47.04501],[21.94919,47.04518],[21.94898,47.04522],[21.94884,47.04524],[21.94871,47.04526],[21.94838,47.04532],[21.94743,47.04548],[21.94635,47.04566],[21.94523,47.04586],[21.94466,47.04596],[21.94436,47.04602],[21.94422,47.04607],[21.94183,47.04591],[21.94175,47.04687],[21.94173,47.04715],[21.94165,47.04737],[21.94156,47.04751],[21.9414,47.0477],[21.94116,47.04788],[21.93999,47.04847],[21.93885,47.04918],[21.93865,47.0494],[21.93863,47.04949],[21.93855,47.04957],[21.93851,47.04993],[21.93855,47.05027],[21.93857,47.05088],[21.93869,47.05141],[21.93903,47.05258],[21.9393,47.05343],[21.93971,47.05403],[21.93998,47.05456],[21.94003,47.05528],[21.94003,47.05639],[21.94013,47.05728],[21.94018,47.05828],[21.94021,47.05875],[21.94032,47.05885],[21.94039,47.05896],[21.94041,47.05906],[21.94033,47.05915],[21.94016,47.05926],[21.94008,47.05935],[21.93923,47.0592],[21.939,47.05912],[21.93884,47.05901],[21.93865,47.05887],[21.93845,47.05872],[21.93824,47.05858],[21.93798,47.05843],[21.9377,47.05825],[21.93739,47.05809],[21.93703,47.05789],[21.93669,47.05769],[21.9365,47.05759],[21.9364,47.05755],[21.9363,47.05755],[21.93614,47.0576],[21.93562,47.05794],[21.93535,47.05817],[21.93515,47.05843],[21.93491,47.05868],[21.93463,47.05901],[21.93382,47.05994],[21.93296,47.06093],[21.93247,47.06147],[21.93224,47.06174],[21.93211,47.06192],[21.93181,47.0622],[21.93147,47.06262],[21.93101,47.06327],[21.93053,47.06393],[21.93012,47.0645],[21.92941,47.06538],[21.92927,47.06557],[21.92944,47.06569],[21.92992,47.06606],[21.93028,47.06639],[21.93062,47.06669],[21.93082,47.06687],[21.93084,47.06695],[21.9302,47.0673],[21.92985,47.06737],[21.92882,47.06776],[21.92784,47.06813],[21.92724,47.06836],[21.9264,47.06871],[21.92612,47.06886],[21.92552,47.06925],[21.92533,47.06937],[21.92497,47.0695],[21.92471,47.06957],[21.92442,47.0696],[21.92415,47.06964],[21.92389,47.0697],[21.92349,47.06983],[21.92264,47.07012],[21.92214,47.07034],[21.92164,47.0705],[21.92083,47.07082],[21.92025,47.07108],[21.9202,47.07118],[21.92008,47.07123],[21.91995,47.07122],[21.91973,47.07131],[21.91872,47.07175],[21.91827,47.07199],[21.91792,47.07212],[21.9156,47.07312],[21.91512,47.0733],[21.91479,47.07347],[21.91473,47.07352],[21.91465,47.07362],[21.91453,47.07366],[21.9144,47.07364],[21.91428,47.0736],[21.9137,47.07362],[21.91304,47.07364],[21.91216,47.07369],[21.91138,47.07374],[21.91097,47.07372],[21.9105,47.07374],[21.91015,47.07377],[21.90983,47.07379],[21.90934,47.07385],[21.90887,47.07394],[21.90865,47.07402],[21.90832,47.07411],[21.90796,47.07425],[21.90726,47.07452],[21.90586,47.07508],[21.90441,47.07564],[21.90351,47.07602],[21.90264,47.07641],[21.90199,47.07671],[21.90075,47.07726],[21.89853,47.07825],[21.89731,47.07881],[21.89615,47.07931],[21.89499,47.07985],[21.89372,47.08043],[21.89233,47.08103],[21.89011,47.08202],[21.88974,47.08217],[21.8894,47.0823],[21.88888,47.08251],[21.88868,47.0826],[21.88858,47.08261],[21.88846,47.08256],[21.88839,47.08249],[21.88841,47.0824],[21.88843,47.08235],[21.88838,47.0823],[21.88833,47.08225],[21.88824,47.08224],[21.88812,47.08227],[21.88801,47.08232],[21.88757,47.08252],[21.88711,47.08276],[21.88683,47.08289],[21.88657,47.08301],[21.88616,47.08323],[21.88603,47.08326],[21.88587,47.08334],[21.88556,47.08348],[21.88496,47.08375],[21.8838,47.08429],[21.88318,47.08459],[21.88264,47.0849],[21.88189,47.08533],[21.88108,47.0858],[21.8798,47.08653],[21.87899,47.08699],[21.87812,47.0875],[21.87787,47.08764],[21.87762,47.08778],[21.87748,47.08786],[21.87736,47.08789],[21.87731,47.08786],[21.87726,47.08782],[21.87714,47.08774],[21.87692,47.08758],[21.87651,47.08724],[21.87621,47.08701],[21.87591,47.0868],[21.87576,47.08664],[21.87233,47.08385],[21.86794,47.08638],[21.87151,47.08929]]},"properties":{"line":"34","dir":"0","mode":"bus"}},{"type":"Feature","geometry":{"type":"LineString","coordinates":[[21.87151,47.08929],[21.87248,47.0901],[21.87269,47.09027],[21.87279,47.09033],[21.87286,47.09034],[21.87294,47.09035],[21.87302,47.09034],[21.87308,47.09032],[21.87332,47.09019],[21.87435,47.08962],[21.87585,47.08874],[21.87681,47.0882],[21.87702,47.08808],[21.87712,47.08802],[21.87716,47.08798],[21.87719,47.08795],[21.8772,47.0879],[21.8772,47.08783],[21.87717,47.08778],[21.87711,47.08771],[21.87693,47.08758],[21.87661,47.08733],[21.87627,47.08705],[21.87591,47.0868],[21.8752,47.0862],[21.8747,47.0858],[21.87465,47.08575],[21.87456,47.08568],[21.87453,47.08564],[21.87451,47.08561],[21.87451,47.08558],[21.87453,47.08555],[21.87456,47.08553],[21.8746,47.0855],[21.87529,47.0851],[21.87598,47.08469],[21.87723,47.08396],[21.87852,47.0832],[21.8804,47.08208],[21.88051,47.08202],[21.88062,47.08199],[21.8807,47.08199],[21.88075,47.08204],[21.88088,47.08213],[21.88104,47.08227],[21.88135,47.08251],[21.88213,47.08315],[21.88292,47.08379],[21.88329,47.08408],[21.88348,47.08423],[21.88361,47.08431],[21.88368,47.08428],[21.88429,47.08399],[21.88462,47.08384],[21.88483,47.08375],[21.88489,47.0837],[21.88671,47.08288],[21.88751,47.08248],[21.88783,47.08231],[21.88816,47.08219],[21.8884,47.08211],[21.88853,47.08222],[21.8886,47.08231],[21.889,47.08227],[21.88966,47.08207],[21.89087,47.08156],[21.89256,47.0808],[21.89353,47.08036],[21.89611,47.07918],[21.89671,47.0789],[21.89875,47.07801],[21.90396,47.07566],[21.90502,47.07528],[21.90596,47.0749],[21.90634,47.07477],[21.90796,47.07414],[21.90874,47.07386],[21.90939,47.0737],[21.91,47.07364],[21.9114,47.07354],[21.9117,47.07358],[21.91261,47.07354],[21.91331,47.07351],[21.91375,47.07347],[21.91428,47.07341],[21.91441,47.07334],[21.91451,47.07334],[21.91463,47.07332],[21.91499,47.07321],[21.91548,47.07302],[21.9168,47.07245],[21.91792,47.07196],[21.91819,47.07179],[21.91882,47.07154],[21.91967,47.07118],[21.91983,47.07107],[21.91988,47.071],[21.91999,47.07094],[21.92014,47.07094],[21.92049,47.07079],[21.92114,47.07053],[21.92184,47.07026],[21.92263,47.06998],[21.92328,47.06973],[21.92358,47.06963],[21.9239,47.06948],[21.92423,47.06927],[21.92454,47.06907],[21.925,47.06894],[21.92551,47.06889],[21.92586,47.06881],[21.92612,47.06872],[21.92644,47.06864],[21.9269,47.06846],[21.92764,47.06817],[21.92872,47.06775],[21.92938,47.06742],[21.93026,47.06713],[21.93061,47.06698],[21.93065,47.06692],[21.93065,47.06684],[21.93058,47.06673],[21.93047,47.06664],[21.93013,47.06654],[21.92983,47.06646],[21.92938,47.06638],[21.9288,47.06627],[21.92872,47.06625],[21.92867,47.06623],[21.92864,47.06618],[21.92868,47.06598],[21.92877,47.06555],[21.92881,47.06499],[21.92885,47.06453],[21.92892,47.06407],[21.92898,47.06364],[21.92901,47.06339],[21.92917,47.06304],[21.92961,47.06243],[21.93017,47.06169],[21.93078,47.06101],[21.93136,47.06045],[21.93189,47.05993],[21.93265,47.05915],[21.93332,47.05847],[21.93371,47.05812],[21.93384,47.05802],[21.93396,47.05795],[21.93412,47.05797],[21.93425,47.058],[21.93433,47.05803],[21.93439,47.05804],[21.93444,47.05802],[21.9345,47.05799],[21.93472,47.05787],[21.93531,47.05756],[21.93586,47.05736],[21.9372,47.0569],[21.938,47.05668],[21.93852,47.05653],[21.93895,47.05641],[21.93946,47.05628],[21.93973,47.05618],[21.93984,47.05606],[21.93984,47.0557],[21.93981,47.05522],[21.93978,47.05503],[21.93972,47.05487],[21.93946,47.05442],[21.93933,47.05423],[21.9393,47.05404],[21.93928,47.05385],[21.93924,47.05348],[21.93913,47.05317],[21.93896,47.05289],[21.93873,47.05216],[21.93846,47.05143],[21.9384,47.05109],[21.93836,47.05069],[21.93831,47.05008],[21.9383,47.04973],[21.93833,47.04952],[21.93849,47.04927],[21.93872,47.04904],[21.93946,47.04867],[21.94048,47.04816],[21.94099,47.0479],[21.94129,47.04772],[21.94151,47.04749],[21.94165,47.0472],[21.94173,47.04628],[21.94177,47.04585],[21.94256,47.0459],[21.9427,47.04589],[21.94303,47.04595],[21.94361,47.04601],[21.94391,47.04602],[21.94406,47.04603],[21.94415,47.04602],[21.94422,47.04601],[21.94461,47.04594],[21.94706,47.04552],[21.94849,47.04527],[21.94871,47.04519],[21.94878,47.04515],[21.94887,47.0451],[21.94893,47.04509],[21.94902,47.04509],[21.94908,47.0451],[21.94916,47.04511],[21.94927,47.04511],[21.94997,47.04496],[21.95067,47.04479],[21.95159,47.04458],[21.95252,47.04436],[21.95416,47.04401],[21.95503,47.04382],[21.95538,47.04375],[21.95556,47.04372],[21.95562,47.04371],[21.95568,47.04372],[21.95572,47.04375],[21.95574,47.0438],[21.95575,47.04384],[21.95577,47.04391],[21.95583,47.04406],[21.9559,47.0442],[21.95595,47.04451],[21.95604,47.04473],[21.95631,47.04546],[21.95656,47.0462],[21.95689,47.0471],[21.95699,47.04739],[21.95703,47.04755],[21.9571,47.04767],[21.95726,47.04811],[21.95768,47.04894],[21.95792,47.04939],[21.95795,47.04953],[21.95794,47.0497],[21.95786,47.04986],[21.95768,47.05017],[21.95765,47.05035],[21.95777,47.05055],[21.95796,47.05067],[21.95821,47.05076],[21.95844,47.05081],[21.95862,47.05085],[21.95896,47.05086],[21.95933,47.05084],[21.95973,47.05078],[21.96011,47.05067],[21.96052,47.05047],[21.96052,47.0504],[21.96056,47.05033],[21.96062,47.05029],[21.96079,47.05026],[21.96114,47.04979],[21.9616,47.04914],[21.96182,47.04882],[21.96197,47.04858],[21.96195,47.04852],[21.96229,47.04817],[21.96251,47.04794],[21.9627,47.04776],[21.96311,47.04745],[21.96443,47.04662],[21.96546,47.04598],[21.96579,47.04579],[21.96598,47.04565],[21.96659,47.04541],[21.96729,47.04519],[21.96865,47.04475],[21.96895,47.04463],[21.96943,47.04441],[21.97106,47.04358],[21.97338,47.04241],[21.97677,47.04067],[21.97851,47.03977],[21.98028,47.03887],[21.98017,47.03875],[21.98098,47.03834],[21.98114,47.03847],[21.98022,47.03898]]},"properties":{"line":"34","dir":"1","mode":"bus"}},{"type":"Feature","geometry":{"type":"LineString","coordinates":[[21.8943,47.10301],[21.89477,47.10293],[21.89514,47.10285],[21.8961,47.10262],[21.89736,47.10233],[21.89838,47.10208],[21.8984,47.10206],[21.89854,47.10204],[21.89906,47.10192],[21.89966,47.10187],[21.89981,47.10184],[21.89993,47.1018],[21.90004,47.10175],[21.90014,47.10166],[21.90022,47.10157],[21.90075,47.10081],[21.90137,47.0999],[21.90167,47.09948],[21.9019,47.09909],[21.90184,47.09913],[21.90218,47.09879],[21.90245,47.09843],[21.90257,47.09824],[21.90262,47.09814],[21.90264,47.09805],[21.90261,47.09795],[21.90248,47.09781],[21.90219,47.09763],[21.90191,47.09745],[21.9016,47.09726],[21.90145,47.09713],[21.90139,47.09704],[21.90136,47.09695],[21.90136,47.09682],[21.90136,47.09669],[21.90147,47.09626],[21.90155,47.09607],[21.90169,47.09588],[21.90178,47.09577],[21.90278,47.0949],[21.90335,47.09448],[21.90387,47.09404],[21.90504,47.09307],[21.90592,47.09236],[21.90699,47.09146],[21.9075,47.09098],[21.90792,47.09056],[21.90818,47.09021],[21.90828,47.09018],[21.90853,47.08994],[21.90867,47.08978],[21.90892,47.08955],[21.90929,47.0893],[21.90999,47.08884],[21.91067,47.08838],[21.91142,47.08787],[21.91211,47.0874],[21.91292,47.08685],[21.91378,47.0863],[21.91446,47.0859],[21.91453,47.0858],[21.91471,47.0857],[21.91505,47.08561],[21.91525,47.08555],[21.91534,47.08552],[21.91543,47.0855],[21.91551,47.08545],[21.91563,47.08545],[21.91572,47.08549],[21.91578,47.08556],[21.91582,47.08565],[21.91597,47.08577],[21.91768,47.0863],[21.91908,47.08676],[21.92038,47.08716],[21.92134,47.08747],[21.92264,47.08788],[21.923,47.08801],[21.92351,47.08817],[21.92443,47.08846],[21.92623,47.08904],[21.9264,47.08908],[21.92648,47.08905],[21.9265,47.08894],[21.92655,47.08858],[21.92664,47.08792],[21.92665,47.08709],[21.92665,47.08654],[21.92684,47.08571],[21.92692,47.08529],[21.92702,47.08504],[21.92707,47.08479],[21.92708,47.08454],[21.9272,47.0833],[21.92731,47.08285],[21.92749,47.08225],[21.92761,47.08208],[21.92815,47.08166],[21.92828,47.08151],[21.92836,47.08135],[21.9284,47.08072],[21.92844,47.08055],[21.92852,47.08038],[21.92906,47.0797],[21.92936,47.07938],[21.92952,47.07926],[21.92986,47.07897],[21.92999,47.07885],[21.93015,47.07876],[21.93032,47.07869],[21.93047,47.07862],[21.9306,47.07854],[21.93067,47.07846],[21.93069,47.07841],[21.93069,47.07836],[21.93067,47.07829],[21.93061,47.07823],[21.93028,47.07805],[21.93013,47.07797],[21.92999,47.07788],[21.92964,47.07763],[21.92918,47.07727],[21.92882,47.07699],[21.92856,47.07688],[21.9284,47.07686],[21.92828,47.0769],[21.92819,47.07695],[21.92801,47.07709],[21.92768,47.07732],[21.92732,47.07762],[21.92702,47.07776],[21.92666,47.07801],[21.92626,47.07828],[21.92543,47.07882],[21.92494,47.07915],[21.9242,47.07963],[21.92331,47.08019],[21.92241,47.08069],[21.92207,47.08091],[21.9219,47.08103],[21.92181,47.08108],[21.92171,47.08112],[21.92167,47.0811],[21.92163,47.08107],[21.92153,47.081],[21.92133,47.08086],[21.92094,47.08058],[21.91948,47.07954],[21.91799,47.07848],[21.9176,47.07824],[21.91759,47.07819],[21.91598,47.07707],[21.91563,47.07683],[21.91516,47.07648],[21.91498,47.07632],[21.91482,47.07615],[21.9147,47.07597],[21.91463,47.0758],[21.91455,47.07559],[21.91453,47.07533],[21.91448,47.07467],[21.91443,47.07402],[21.91436,47.07387],[21.91428,47.07379],[21.91404,47.07365],[21.91391,47.07361],[21.91377,47.07359],[21.91237,47.07367],[21.91078,47.07374],[21.90994,47.07379],[21.90951,47.07383],[21.90913,47.07389],[21.90864,47.07402],[21.90823,47.07421],[21.90781,47.0744],[21.90739,47.07457],[21.90733,47.07464],[21.90681,47.07473],[21.90652,47.07482],[21.90613,47.07498],[21.90518,47.07535],[21.90427,47.0757],[21.9034,47.07606],[21.90217,47.07663],[21.89973,47.07772],[21.8984,47.07832],[21.89694,47.07897],[21.89601,47.07937],[21.89508,47.07981],[21.89243,47.08099],[21.88973,47.08217],[21.88905,47.08243],[21.88883,47.08253],[21.8887,47.08258],[21.8886,47.0826],[21.88851,47.08259],[21.88841,47.08254],[21.88838,47.08246],[21.88841,47.08239],[21.88835,47.08228],[21.88823,47.0822],[21.88812,47.08226],[21.88781,47.08239],[21.88727,47.08266],[21.88632,47.08311],[21.88616,47.08323],[21.88603,47.08326],[21.88587,47.08334],[21.88556,47.08348],[21.88496,47.08375],[21.8838,47.08429],[21.88318,47.08459],[21.88264,47.0849],[21.88189,47.08533],[21.88108,47.0858],[21.8798,47.08653],[21.87899,47.08699],[21.87812,47.0875],[21.87787,47.08764],[21.87762,47.08778],[21.87748,47.08786],[21.87736,47.08789],[21.87731,47.08786],[21.87726,47.08782],[21.87714,47.08774],[21.87692,47.08758],[21.87651,47.08724],[21.87621,47.08701],[21.87591,47.0868],[21.87576,47.08664],[21.87233,47.08385],[21.86794,47.08638],[21.87151,47.08929]]},"properties":{"line":"35","dir":"0","mode":"bus"}},{"type":"Feature","geometry":{"type":"LineString","coordinates":[[21.87151,47.08929],[21.87248,47.0901],[21.87269,47.09027],[21.87279,47.09033],[21.87286,47.09034],[21.87294,47.09035],[21.87302,47.09034],[21.87308,47.09032],[21.87332,47.09019],[21.87435,47.08962],[21.87585,47.08874],[21.87681,47.0882],[21.87702,47.08808],[21.87712,47.08802],[21.87716,47.08798],[21.87719,47.08795],[21.8772,47.0879],[21.8772,47.08783],[21.87717,47.08778],[21.87711,47.08771],[21.87693,47.08758],[21.87661,47.08733],[21.87627,47.08705],[21.87591,47.0868],[21.8752,47.0862],[21.8747,47.0858],[21.87465,47.08575],[21.87456,47.08568],[21.87453,47.08564],[21.87451,47.08561],[21.87451,47.08558],[21.87453,47.08555],[21.87456,47.08553],[21.8746,47.0855],[21.87529,47.0851],[21.87598,47.08469],[21.87723,47.08396],[21.87852,47.0832],[21.8804,47.08208],[21.88051,47.08202],[21.88062,47.08199],[21.8807,47.08199],[21.88075,47.08204],[21.88088,47.08213],[21.88104,47.08227],[21.88135,47.08251],[21.88213,47.08315],[21.88292,47.08379],[21.88329,47.08408],[21.88348,47.08423],[21.88361,47.08431],[21.88368,47.08428],[21.88429,47.08399],[21.88462,47.08384],[21.88483,47.08375],[21.88489,47.0837],[21.88541,47.0835],[21.88679,47.08286],[21.88754,47.08249],[21.88823,47.08218],[21.8884,47.08213],[21.8886,47.0823],[21.88873,47.08231],[21.88898,47.08226],[21.88927,47.08219],[21.88969,47.08205],[21.89042,47.08175],[21.89327,47.08048],[21.89671,47.0789],[21.89844,47.07816],[21.90025,47.07734],[21.90199,47.07656],[21.90373,47.07577],[21.90552,47.07508],[21.90588,47.07492],[21.90604,47.07489],[21.90725,47.0744],[21.90812,47.07407],[21.9086,47.0739],[21.909,47.07379],[21.9095,47.07371],[21.90993,47.07366],[21.9112,47.0736],[21.9114,47.07354],[21.91174,47.07356],[21.91343,47.07347],[21.91389,47.07343],[21.91424,47.07338],[21.9144,47.07332],[21.91452,47.07331],[21.91465,47.07335],[21.9147,47.07341],[21.9147,47.07351],[21.91458,47.07366],[21.91451,47.07402],[21.9145,47.07416],[21.91453,47.07459],[21.9146,47.0755],[21.91464,47.07568],[21.91473,47.07591],[21.91492,47.0762],[21.91513,47.07641],[21.91543,47.07663],[21.916,47.07703],[21.91625,47.0772],[21.91707,47.07778],[21.9181,47.07851],[21.91828,47.07857],[21.91851,47.0788],[21.91882,47.07902],[21.91962,47.07959],[21.92125,47.08075],[21.92146,47.08079],[21.92169,47.08082],[21.92191,47.08081],[21.92215,47.08078],[21.92279,47.08037],[21.92372,47.0798],[21.92461,47.07923],[21.92503,47.07895],[21.92543,47.07868],[21.92586,47.07842],[21.92654,47.07797],[21.92686,47.07775],[21.92706,47.0776],[21.92722,47.07746],[21.92769,47.07719],[21.92821,47.07683],[21.92849,47.07668],[21.92948,47.07744],[21.93028,47.07802],[21.93059,47.07817],[21.93084,47.07824],[21.93092,47.07828],[21.93096,47.07833],[21.93093,47.07838],[21.93085,47.07844],[21.93063,47.07857],[21.93045,47.07867],[21.93026,47.07874],[21.93003,47.07886],[21.92982,47.07903],[21.92962,47.07927],[21.92938,47.07942],[21.92918,47.07964],[21.92887,47.08004],[21.92866,47.08026],[21.92848,47.08058],[21.92843,47.08131],[21.92837,47.08147],[21.92827,47.0816],[21.92763,47.08212],[21.92752,47.08233],[21.92736,47.08287],[21.92724,47.08333],[21.92717,47.0841],[21.92712,47.08464],[21.9272,47.08485],[21.92709,47.0849],[21.92698,47.08541],[21.92691,47.08563],[21.92676,47.08622],[21.92669,47.08656],[21.92669,47.08722],[21.92672,47.08741],[21.92671,47.08772],[21.92664,47.0882],[21.92657,47.08869],[21.92653,47.08903],[21.92659,47.08911],[21.92656,47.08917],[21.92647,47.08919],[21.92639,47.08917],[21.92635,47.08911],[21.92609,47.08903],[21.92569,47.0889],[21.92476,47.08861],[21.92301,47.08806],[21.92294,47.0881],[21.92241,47.08786],[21.92178,47.08765],[21.92053,47.08726],[21.91928,47.08687],[21.91853,47.08662],[21.91773,47.08642],[21.91731,47.08624],[21.91611,47.08585],[21.91551,47.08569],[21.91524,47.08569],[21.91496,47.08575],[21.91462,47.0859],[21.9145,47.08592],[21.91344,47.08657],[21.9124,47.08725],[21.91041,47.08861],[21.90932,47.08933],[21.90897,47.08958],[21.90861,47.08993],[21.90854,47.09009],[21.90815,47.09043],[21.90772,47.09084],[21.90736,47.09118],[21.90698,47.09152],[21.90642,47.09201],[21.9056,47.09268],[21.90451,47.09356],[21.90359,47.09434],[21.90322,47.09467],[21.90321,47.09477],[21.90265,47.09507],[21.90226,47.0954],[21.90189,47.09574],[21.9017,47.09596],[21.90158,47.09612],[21.90151,47.09631],[21.90144,47.09669],[21.90141,47.09688],[21.90145,47.09702],[21.90152,47.09712],[21.90168,47.09726],[21.90243,47.09773],[21.90257,47.09784],[21.90268,47.09797],[21.90268,47.09806],[21.90267,47.09816],[21.90262,47.09826],[21.90237,47.09863],[21.902,47.09911],[21.90145,47.09988],[21.9012,47.10036],[21.90111,47.10038],[21.90063,47.10108],[21.90019,47.1017],[21.90003,47.10181],[21.89993,47.10185],[21.89977,47.10189],[21.89957,47.10192],[21.89927,47.10194],[21.89878,47.10202],[21.89802,47.10222],[21.89691,47.10248],[21.89668,47.10255],[21.89633,47.10261],[21.89528,47.10286],[21.8947,47.10309],[21.89443,47.10326],[21.89435,47.10341],[21.89426,47.10347],[21.89409,47.1035],[21.89393,47.10347],[21.89382,47.10341],[21.89377,47.10328],[21.89384,47.10317],[21.89397,47.10309],[21.8941,47.10308],[21.8943,47.10301]]},"properties":{"line":"35","dir":"1","mode":"bus"}},{"type":"Feature","geometry":{"type":"LineString","coordinates":[[21.94228,47.04054],[21.94204,47.04205],[21.94195,47.04369],[21.94186,47.04529],[21.94174,47.04686],[21.94159,47.04746],[21.94127,47.04781],[21.94075,47.04812],[21.94014,47.04839],[21.93984,47.0486],[21.93958,47.04877],[21.93921,47.04895],[21.93875,47.04929],[21.9387,47.04946],[21.93861,47.04952],[21.93854,47.04952],[21.93843,47.04948],[21.93836,47.04946],[21.93825,47.04942],[21.93812,47.04943],[21.93798,47.04949],[21.93791,47.04954],[21.93779,47.04957],[21.93765,47.04958],[21.93753,47.04967],[21.93747,47.04976],[21.93754,47.04978],[21.93742,47.04983],[21.93676,47.05058],[21.93664,47.05066],[21.93652,47.0507],[21.9318,47.05155],[21.93234,47.05274],[21.93242,47.05279],[21.9325,47.05285],[21.9326,47.05297],[21.93269,47.05321],[21.93282,47.05334],[21.93334,47.05441],[21.93334,47.05447],[21.93237,47.05472],[21.93128,47.05492],[21.93038,47.0551],[21.92922,47.05559],[21.92856,47.05592],[21.92845,47.0559],[21.92833,47.05585],[21.9282,47.05548],[21.92682,47.05573],[21.9253,47.05602],[21.92486,47.05614],[21.92446,47.05635],[21.92414,47.05657],[21.92374,47.0568],[21.92357,47.05683],[21.92321,47.05685],[21.92295,47.05682],[21.92268,47.05681],[21.92204,47.05676],[21.92143,47.05671],[21.92044,47.05662],[21.91929,47.05647],[21.91786,47.05621],[21.91756,47.05622],[21.91749,47.05633],[21.91748,47.05659],[21.91748,47.05694],[21.91751,47.05738],[21.91759,47.05747],[21.91761,47.05876],[21.91767,47.05907],[21.91781,47.05933],[21.91841,47.06011],[21.91891,47.0607],[21.92011,47.06209],[21.92142,47.06361],[21.92248,47.06477],[21.92319,47.06546],[21.92362,47.06599],[21.92402,47.06667],[21.92445,47.0676],[21.92473,47.06841],[21.92485,47.0686],[21.92506,47.06878],[21.92535,47.06891],[21.92548,47.06902],[21.92553,47.06914],[21.92554,47.06924],[21.92544,47.06932],[21.9251,47.06945],[21.92475,47.06956],[21.92435,47.06962],[21.92404,47.06966],[21.92383,47.06972],[21.9229,47.07003],[21.92219,47.0703],[21.92214,47.07034],[21.92164,47.0705],[21.92083,47.07082],[21.92025,47.07108],[21.9202,47.07118],[21.92008,47.07123],[21.91995,47.07122],[21.91973,47.07131],[21.91872,47.07175],[21.91827,47.07199],[21.9157,47.07306],[21.91482,47.0734],[21.9147,47.07352],[21.91464,47.07358],[21.91451,47.07362],[21.91439,47.07362],[21.91428,47.07357],[21.91359,47.07361],[21.91253,47.07366],[21.90995,47.07378],[21.90938,47.07385],[21.90881,47.07396],[21.90851,47.07408],[21.90796,47.07434],[21.90769,47.07445],[21.90739,47.07456],[21.90703,47.0747],[21.90665,47.07477],[21.90421,47.07572],[21.90331,47.0761],[21.90196,47.07672],[21.89847,47.07829],[21.89605,47.07937],[21.89495,47.07987],[21.89025,47.08196],[21.88963,47.08222],[21.8891,47.08242],[21.88882,47.08254],[21.88868,47.08261],[21.8881,47.08288],[21.88799,47.08295],[21.88787,47.08298],[21.88724,47.08324],[21.88553,47.08401],[21.88389,47.08474],[21.88268,47.08532],[21.88022,47.08668],[21.87896,47.08741],[21.87839,47.08781],[21.87808,47.08801],[21.878,47.08811],[21.87797,47.08821],[21.87791,47.08826],[21.87783,47.08833],[21.87768,47.08834],[21.87754,47.08832],[21.87724,47.08848],[21.87705,47.08859],[21.87667,47.08873],[21.87651,47.08884],[21.87514,47.08963],[21.87131,47.09184],[21.86905,47.09313],[21.86803,47.09365],[21.86637,47.09461],[21.8647,47.09559],[21.86264,47.09677],[21.86155,47.09741],[21.86083,47.0978],[21.86049,47.09799],[21.86026,47.09809],[21.86012,47.09804]]},"properties":{"line":"36","dir":"0","mode":"bus"}},{"type":"Feature","geometry":{"type":"LineString","coordinates":[[21.86012,47.09804],[21.86027,47.09803],[21.8605,47.09793],[21.86084,47.09774],[21.86149,47.09738],[21.86221,47.09696],[21.86409,47.09587],[21.86574,47.09491],[21.86717,47.09409],[21.8679,47.09367],[21.86867,47.09327],[21.86918,47.093],[21.86965,47.09273],[21.87028,47.09236],[21.87119,47.09185],[21.87272,47.09097],[21.87396,47.09024],[21.87622,47.08894],[21.87648,47.08879],[21.87692,47.08847],[21.87736,47.08819],[21.87738,47.08805],[21.87748,47.08796],[21.87764,47.08791],[21.87776,47.08792],[21.87801,47.08782],[21.87851,47.08756],[21.87892,47.08738],[21.87997,47.08676],[21.88137,47.08598],[21.88249,47.08536],[21.8837,47.08477],[21.88738,47.08312],[21.88757,47.08304],[21.88803,47.08276],[21.88824,47.08261],[21.88838,47.08246],[21.88845,47.08236],[21.88852,47.08232],[21.88867,47.08232],[21.88897,47.08227],[21.88967,47.08206],[21.89111,47.08145],[21.89271,47.08072],[21.89584,47.07929],[21.89678,47.07886],[21.8988,47.07799],[21.90096,47.07702],[21.90276,47.07621],[21.90386,47.07572],[21.90457,47.07545],[21.90532,47.07516],[21.90589,47.07493],[21.90614,47.07484],[21.90717,47.07444],[21.90782,47.07418],[21.9085,47.07393],[21.90879,47.07384],[21.90937,47.0737],[21.9098,47.07364],[21.91022,47.07362],[21.91112,47.07358],[21.9114,47.07354],[21.9117,47.07358],[21.91261,47.07354],[21.91331,47.07351],[21.91375,47.07347],[21.91428,47.07341],[21.91441,47.07334],[21.91451,47.07334],[21.91463,47.07332],[21.91499,47.07321],[21.91548,47.07302],[21.9168,47.07245],[21.91792,47.07196],[21.91819,47.07179],[21.91882,47.07154],[21.91967,47.07118],[21.91983,47.07107],[21.91988,47.071],[21.91999,47.07094],[21.92014,47.07094],[21.92049,47.07079],[21.92114,47.07053],[21.92184,47.07026],[21.92263,47.06998],[21.92328,47.06973],[21.92372,47.06959],[21.92396,47.06946],[21.92415,47.06933],[21.92429,47.06922],[21.92441,47.06892],[21.92449,47.06861],[21.92441,47.06818],[21.92425,47.06773],[21.92403,47.06722],[21.92391,47.067],[21.92362,47.06649],[21.92347,47.06629],[21.92331,47.06611],[21.92311,47.06585],[21.92294,47.06563],[21.92274,47.06547],[21.92275,47.0654],[21.92237,47.0649],[21.92168,47.06413],[21.92067,47.06296],[21.91954,47.06165],[21.91856,47.06052],[21.9178,47.05961],[21.91759,47.05936],[21.91747,47.05913],[21.91743,47.05894],[21.9174,47.05809],[21.91737,47.05756],[21.91723,47.05701],[21.91711,47.05662],[21.91697,47.05635],[21.91692,47.05619],[21.91696,47.05607],[21.91708,47.05597],[21.91733,47.05579],[21.91753,47.05564],[21.9177,47.05539],[21.91782,47.05512],[21.91808,47.05455],[21.91897,47.05259],[21.91947,47.05154],[21.91975,47.05103],[21.91987,47.0508],[21.92004,47.05066],[21.92036,47.05055],[21.92137,47.05047],[21.92283,47.0503],[21.92461,47.05014],[21.9252,47.05008],[21.92551,47.05007],[21.92563,47.05009],[21.92576,47.05014],[21.926,47.05022],[21.92626,47.05027],[21.92643,47.05022],[21.92689,47.05008],[21.92779,47.04974],[21.92855,47.0495],[21.92922,47.04926],[21.92941,47.04918],[21.92967,47.04895],[21.92984,47.04876],[21.92992,47.04865],[21.93004,47.04855],[21.93041,47.04814],[21.93203,47.04638],[21.93293,47.04541],[21.93381,47.04446],[21.9339,47.04436],[21.93395,47.04427],[21.93393,47.04425],[21.93388,47.0442],[21.93379,47.04412],[21.93371,47.04404],[21.93358,47.0439],[21.93353,47.04382],[21.93349,47.04371],[21.93347,47.04358],[21.93347,47.04345],[21.93349,47.04338],[21.93353,47.04331],[21.93375,47.04305],[21.93398,47.04293],[21.93425,47.04283],[21.9346,47.04278],[21.93489,47.0428],[21.93524,47.04288],[21.93543,47.04298],[21.93561,47.0431],[21.93572,47.04324],[21.93581,47.04339],[21.93585,47.0436],[21.93583,47.04377],[21.93575,47.04395],[21.93559,47.04412],[21.93531,47.0443],[21.93708,47.04635],[21.93797,47.0474],[21.93853,47.04806],[21.93881,47.04838],[21.9389,47.04844],[21.93913,47.04877],[21.94016,47.04829],[21.94104,47.0479],[21.94136,47.04765],[21.9416,47.04736],[21.94168,47.04706],[21.94183,47.04507],[21.942,47.04251],[21.94204,47.04192],[21.94209,47.04046]]},"properties":{"line":"36","dir":"1","mode":"bus"}},{"type":"Feature","geometry":{"type":"LineString","coordinates":[[21.93351,47.04331],[21.93361,47.04319],[21.93379,47.04303],[21.93406,47.04289],[21.93435,47.04281],[21.93462,47.04279],[21.93487,47.0428],[21.93511,47.04285],[21.93543,47.04297],[21.93569,47.04319],[21.93583,47.04341],[21.93585,47.04365],[21.9358,47.04384],[21.93565,47.04406],[21.93545,47.04421],[21.93524,47.04433],[21.93492,47.0444],[21.93469,47.04442],[21.93446,47.04441],[21.9343,47.04438],[21.93409,47.04434],[21.93403,47.04437],[21.93356,47.04484],[21.93302,47.04543],[21.93201,47.04654],[21.931,47.04762],[21.93048,47.04818],[21.93001,47.04873],[21.92948,47.04918],[21.92934,47.04935],[21.92942,47.04947],[21.92944,47.0496],[21.92929,47.04966],[21.9291,47.04968],[21.92834,47.04967],[21.92811,47.0497],[21.92643,47.05028],[21.92464,47.05085],[21.9243,47.05091],[21.92289,47.05118],[21.92225,47.05115],[21.92104,47.0511],[21.92007,47.05108],[21.91982,47.05102],[21.91972,47.05118],[21.9196,47.05134],[21.91885,47.05295],[21.9185,47.05365],[21.9182,47.05434],[21.91802,47.0548],[21.91799,47.055],[21.91768,47.05575],[21.91754,47.05611],[21.91737,47.05634],[21.91714,47.05638],[21.91699,47.05633],[21.91688,47.05622],[21.91694,47.05604],[21.91743,47.05566],[21.91759,47.05546],[21.91776,47.05511],[21.91787,47.05487],[21.91797,47.05479],[21.91799,47.05467],[21.91808,47.05455],[21.91813,47.05449],[21.91824,47.05421],[21.91856,47.05346],[21.91917,47.05218],[21.91866,47.05201],[21.91683,47.05171],[21.91482,47.05139],[21.9111,47.05078],[21.90771,47.05024],[21.90726,47.05016],[21.90713,47.05017],[21.907,47.05011],[21.90561,47.04988],[21.9055,47.04987],[21.9053,47.04988],[21.90523,47.04992],[21.90516,47.05001],[21.9053,47.05032],[21.90553,47.0507],[21.90583,47.05113],[21.90622,47.0516],[21.90639,47.05179],[21.90661,47.05194],[21.90678,47.05203],[21.9069,47.05205],[21.90695,47.05217],[21.90716,47.05234],[21.90718,47.0526],[21.9071,47.05275],[21.90697,47.0529],[21.90688,47.05303],[21.90688,47.05317],[21.90693,47.05331],[21.90707,47.05358],[21.90716,47.05377],[21.90725,47.05388],[21.90727,47.05397],[21.90745,47.05431],[21.9079,47.05504],[21.90939,47.05767],[21.90973,47.05835],[21.90985,47.05858],[21.91009,47.05899],[21.91037,47.05949],[21.91064,47.05999],[21.91094,47.06047],[21.91126,47.06091],[21.91133,47.06101],[21.91143,47.06108],[21.91149,47.06113],[21.91151,47.06119],[21.9115,47.06128],[21.91155,47.06143],[21.9117,47.0617],[21.91186,47.06186],[21.91191,47.06202],[21.9121,47.06231],[21.91231,47.06259],[21.91246,47.06275],[21.91253,47.06281],[21.91259,47.06283],[21.91267,47.06286],[21.91271,47.06291],[21.9127,47.06297],[21.91267,47.06302],[21.91265,47.06309],[21.91258,47.06338],[21.91254,47.06358],[21.91256,47.06366],[21.91259,47.06371],[21.91259,47.06374],[21.91255,47.06378],[21.9125,47.06379],[21.91238,47.06375],[21.91225,47.06379],[21.91212,47.06385],[21.91125,47.06427],[21.91037,47.0647],[21.90958,47.06507],[21.9088,47.06548],[21.90866,47.06557],[21.9084,47.06564],[21.90796,47.06585],[21.90725,47.06618],[21.90649,47.06654],[21.90611,47.06672],[21.90556,47.06697],[21.90472,47.06735],[21.90422,47.06758],[21.90401,47.06772],[21.90371,47.06783],[21.90252,47.06839],[21.90234,47.06849],[21.90222,47.0686],[21.90218,47.06887],[21.90225,47.0691],[21.90267,47.06963],[21.90309,47.07015],[21.90347,47.07049],[21.90401,47.07085],[21.90577,47.072],[21.90632,47.07236],[21.90656,47.07256],[21.90675,47.07278],[21.90698,47.07312],[21.90715,47.07324],[21.90805,47.07351],[21.90861,47.07364],[21.90903,47.07366],[21.90933,47.07365],[21.9098,47.07365],[21.91034,47.07361],[21.91198,47.07354],[21.91316,47.07349],[21.91385,47.07344],[21.91424,47.07338],[21.91441,47.07331],[21.91451,47.07331],[21.91461,47.07334],[21.9147,47.0734],[21.91473,47.07346],[21.9147,47.07351],[21.91464,47.07357],[21.91451,47.07362],[21.91439,47.07361],[21.91428,47.07357],[21.91378,47.0736],[21.91296,47.07364],[21.91171,47.07371],[21.91138,47.07374],[21.91117,47.07373],[21.9101,47.07377],[21.90944,47.07384],[21.9089,47.07394],[21.90805,47.07421],[21.90621,47.07494],[21.90377,47.0759],[21.9009,47.0772],[21.89802,47.07849],[21.89492,47.07989],[21.89167,47.08132],[21.8901,47.08202],[21.88968,47.0822],[21.88921,47.08237],[21.88883,47.08254],[21.88854,47.08267],[21.88799,47.08294],[21.88721,47.08325],[21.88524,47.08414],[21.88399,47.0847],[21.8828,47.08525],[21.88091,47.08629],[21.87902,47.08737],[21.87827,47.08788],[21.87811,47.08798],[21.87801,47.08809],[21.87797,47.08821],[21.87788,47.08829],[21.87777,47.08833],[21.87764,47.08834],[21.87754,47.08832],[21.87731,47.08845],[21.87709,47.08856],[21.87663,47.08874],[21.87638,47.08891],[21.87576,47.08927],[21.87265,47.09106],[21.87116,47.09192],[21.87,47.09259],[21.86882,47.09324],[21.86647,47.09455],[21.86355,47.09624],[21.8621,47.09708],[21.86121,47.09759],[21.8607,47.09788],[21.8604,47.09804],[21.86011,47.09815],[21.86002,47.09811],[21.86012,47.09804]]},"properties":{"line":"37","dir":"0","mode":"bus"}},{"type":"Feature","geometry":{"type":"LineString","coordinates":[[21.86012,47.09804],[21.86017,47.09807],[21.86052,47.09792],[21.86097,47.09767],[21.8627,47.09669],[21.86445,47.09567],[21.86639,47.09453],[21.86786,47.09369],[21.86916,47.09301],[21.87226,47.09123],[21.87526,47.0895],[21.87644,47.08882],[21.87691,47.08848],[21.87719,47.08829],[21.87735,47.0882],[21.87737,47.08808],[21.87742,47.088],[21.87749,47.08795],[21.87763,47.08792],[21.87777,47.08792],[21.87804,47.08781],[21.87857,47.08753],[21.87901,47.08732],[21.8803,47.08658],[21.88167,47.08581],[21.8826,47.0853],[21.88355,47.08485],[21.88693,47.08333],[21.88756,47.08305],[21.88805,47.08276],[21.88829,47.08255],[21.88844,47.08243],[21.88846,47.08237],[21.88852,47.08232],[21.88866,47.08232],[21.88892,47.08228],[21.88952,47.08211],[21.89009,47.08189],[21.8911,47.08146],[21.89266,47.08076],[21.8946,47.07987],[21.89666,47.07892],[21.89844,47.07816],[21.90005,47.07743],[21.90262,47.07626],[21.90402,47.07565],[21.90549,47.07509],[21.90593,47.07492],[21.90627,47.07477],[21.90645,47.07467],[21.9065,47.07457],[21.90648,47.0745],[21.9064,47.0743],[21.90638,47.07417],[21.90641,47.07404],[21.90647,47.07394],[21.90664,47.07369],[21.90678,47.07352],[21.90685,47.07323],[21.90653,47.07282],[21.90623,47.07254],[21.90588,47.07229],[21.90429,47.07123],[21.90356,47.07074],[21.90304,47.07033],[21.90266,47.06993],[21.90235,47.06953],[21.90204,47.06914],[21.90187,47.06895],[21.90163,47.06891],[21.90153,47.06885],[21.90147,47.06874],[21.90154,47.06864],[21.90164,47.06858],[21.90179,47.06857],[21.90192,47.06855],[21.90216,47.0685],[21.90287,47.06812],[21.90338,47.06792],[21.90387,47.06771],[21.90472,47.06732],[21.90557,47.06692],[21.90608,47.0667],[21.9065,47.0665],[21.90715,47.06619],[21.90765,47.06596],[21.90836,47.06563],[21.90871,47.06545],[21.9089,47.06533],[21.90905,47.06531],[21.9123,47.06373],[21.91236,47.06365],[21.91243,47.06359],[21.9125,47.06304],[21.91245,47.06296],[21.91245,47.06287],[21.91203,47.06228],[21.91175,47.06186],[21.91146,47.06142],[21.91132,47.06132],[21.91123,47.06122],[21.91121,47.06112],[21.91121,47.06102],[21.91097,47.06057],[21.91082,47.06036],[21.9107,47.06014],[21.90969,47.05836],[21.90869,47.0566],[21.90737,47.05421],[21.90692,47.05339],[21.90675,47.05305],[21.90646,47.05246],[21.90632,47.05219],[21.90629,47.05208],[21.90631,47.05199],[21.90638,47.05195],[21.90646,47.05193],[21.90665,47.05197],[21.9069,47.05205],[21.907,47.05216],[21.90716,47.05226],[21.90723,47.05235],[21.90727,47.05248],[21.90734,47.05258],[21.90746,47.05266],[21.90755,47.05272],[21.90813,47.05293],[21.90969,47.05341],[21.91112,47.05385],[21.91256,47.05432],[21.91547,47.05526],[21.91593,47.05541],[21.9161,47.05543],[21.91658,47.05562],[21.91697,47.05574],[21.91727,47.05581],[21.91744,47.05571],[21.91761,47.05554],[21.9178,47.05519],[21.9179,47.05495],[21.91802,47.0548],[21.91808,47.05463],[21.91808,47.05455],[21.91897,47.05259],[21.91947,47.05154],[21.91975,47.05103],[21.91987,47.0508],[21.92004,47.05066],[21.92036,47.05055],[21.92137,47.05047],[21.92283,47.0503],[21.92461,47.05014],[21.9252,47.05008],[21.92551,47.05007],[21.92563,47.05009],[21.92576,47.05014],[21.926,47.05022],[21.92626,47.05027],[21.92643,47.05022],[21.92689,47.05008],[21.92779,47.04974],[21.92855,47.0495],[21.92922,47.04926],[21.92941,47.04918],[21.92967,47.04895],[21.92984,47.04876],[21.92992,47.04865],[21.93004,47.04855],[21.93041,47.04814],[21.93203,47.04638],[21.93293,47.04541],[21.93381,47.04446],[21.9339,47.04436],[21.93395,47.04427],[21.93393,47.04425],[21.93388,47.0442],[21.93379,47.04412],[21.93371,47.04404],[21.93358,47.0439],[21.93353,47.04382],[21.93349,47.04371],[21.93347,47.04358],[21.93347,47.04345],[21.93349,47.04338],[21.93351,47.04331]]},"properties":{"line":"37","dir":"1","mode":"bus"}},{"type":"Feature","geometry":{"type":"LineString","coordinates":[[21.95505,47.02922],[21.95506,47.02914],[21.95496,47.02909],[21.9552,47.02893],[21.95545,47.02878],[21.95595,47.02898],[21.95614,47.02904],[21.95638,47.02911],[21.95657,47.02921],[21.95675,47.02931],[21.95749,47.02953],[21.95773,47.02959],[21.95797,47.02966],[21.9581,47.02972],[21.9582,47.02978],[21.9583,47.02989],[21.95843,47.03006],[21.95848,47.03028],[21.95851,47.03106],[21.95843,47.03196],[21.95832,47.03282],[21.95825,47.0329],[21.95811,47.03331],[21.95792,47.03374],[21.95766,47.03419],[21.95739,47.03461],[21.95708,47.03492],[21.95693,47.03517],[21.95672,47.03538],[21.9566,47.03547],[21.95644,47.03557],[21.95624,47.03568],[21.95598,47.03583],[21.95559,47.03609],[21.95523,47.03636],[21.95503,47.03654],[21.95485,47.03672],[21.95455,47.0371],[21.9545,47.03718],[21.95449,47.03725],[21.95453,47.03736],[21.95466,47.0375],[21.95492,47.03772],[21.95514,47.03789],[21.95541,47.03802],[21.95558,47.03809],[21.95563,47.03813],[21.95565,47.03818],[21.9557,47.03834],[21.95579,47.03861],[21.95583,47.03874],[21.95585,47.03883],[21.95584,47.03891],[21.95581,47.03904],[21.95574,47.03921],[21.95556,47.03942],[21.9554,47.03959],[21.95533,47.03969],[21.95527,47.03979],[21.95521,47.04],[21.95518,47.0402],[21.95519,47.04042],[21.95524,47.04058],[21.9553,47.04075],[21.95539,47.04086],[21.95544,47.0412],[21.95586,47.0424],[21.95616,47.04333],[21.95621,47.04353],[21.95627,47.04357],[21.95628,47.04365],[21.95619,47.0437],[21.95609,47.0437],[21.95595,47.04382],[21.95583,47.04402],[21.9559,47.0442],[21.95617,47.04497],[21.95632,47.04543],[21.95648,47.04588],[21.95677,47.04673],[21.95702,47.04759],[21.95711,47.04791],[21.9575,47.0486],[21.95777,47.0491],[21.95789,47.04935],[21.95793,47.04947],[21.95788,47.04961],[21.95766,47.04978],[21.95734,47.04992],[21.95655,47.05047],[21.95578,47.05045],[21.95516,47.05048],[21.95436,47.05056],[21.95367,47.0507],[21.95316,47.05085],[21.95211,47.05126],[21.95169,47.05147],[21.95153,47.05159],[21.95105,47.05179],[21.94922,47.05267],[21.94808,47.05322],[21.94694,47.05376],[21.94671,47.05384],[21.9464,47.05394],[21.94615,47.054],[21.94585,47.05406],[21.94456,47.05431],[21.94358,47.05448],[21.94313,47.05456],[21.94263,47.05465],[21.9424,47.05468],[21.94216,47.0547],[21.94191,47.05467],[21.94112,47.05458],[21.94099,47.05456],[21.94044,47.05469],[21.94031,47.05472],[21.94017,47.05479],[21.93997,47.05493],[21.93996,47.05521],[21.94,47.05595],[21.94005,47.05626],[21.94007,47.05649],[21.94008,47.05661],[21.94009,47.0572],[21.94016,47.05792],[21.94011,47.05803],[21.94013,47.05835],[21.94013,47.05872],[21.94038,47.05894],[21.94043,47.05904],[21.94039,47.05915],[21.94021,47.05928],[21.94008,47.05935],[21.93923,47.0592],[21.939,47.05912],[21.93884,47.05901],[21.93865,47.05887],[21.93845,47.05872],[21.93824,47.05858],[21.93798,47.05843],[21.9377,47.05825],[21.93739,47.05809],[21.93703,47.05789],[21.93669,47.05769],[21.9365,47.05759],[21.9364,47.05755],[21.9363,47.05755],[21.93614,47.0576],[21.93562,47.05794],[21.93535,47.05817],[21.93515,47.05843],[21.93491,47.05868],[21.93463,47.05901],[21.93382,47.05994],[21.93296,47.06093],[21.93247,47.06147],[21.93224,47.06174],[21.93211,47.06192],[21.93181,47.0622],[21.93147,47.06262],[21.93101,47.06327],[21.93053,47.06393],[21.93012,47.0645],[21.92941,47.06538],[21.92927,47.06557],[21.92944,47.06569],[21.92992,47.06606],[21.93028,47.06639],[21.93062,47.06669],[21.93082,47.06687],[21.93084,47.06695],[21.9302,47.0673],[21.92985,47.06737],[21.92882,47.06776],[21.92784,47.06813],[21.92724,47.06836],[21.9264,47.06871],[21.92612,47.06886],[21.92552,47.06925],[21.92533,47.06937],[21.92497,47.0695],[21.92471,47.06957],[21.92442,47.0696],[21.92415,47.06964],[21.92389,47.0697],[21.92349,47.06983],[21.92264,47.07012],[21.92214,47.07034],[21.92164,47.0705],[21.92083,47.07082],[21.92025,47.07108],[21.9202,47.07118],[21.92008,47.07123],[21.91995,47.07122],[21.91973,47.07131],[21.91872,47.07175],[21.91827,47.07199],[21.9157,47.07306],[21.91482,47.0734],[21.9147,47.07352],[21.91464,47.07358],[21.91451,47.07362],[21.91439,47.07362],[21.91428,47.07357],[21.91359,47.07361],[21.91253,47.07366],[21.90995,47.07378],[21.90938,47.07385],[21.90881,47.07396],[21.90851,47.07408],[21.90796,47.07434],[21.90769,47.07445],[21.90739,47.07456],[21.90703,47.0747],[21.90665,47.07477],[21.90421,47.07572],[21.90331,47.0761],[21.90196,47.07672],[21.89847,47.07829],[21.89605,47.07937],[21.89495,47.07987],[21.89025,47.08196],[21.88963,47.08222],[21.8891,47.08242],[21.88882,47.08254],[21.88868,47.08261],[21.8881,47.08288],[21.88799,47.08295],[21.88787,47.08298],[21.88724,47.08324],[21.88553,47.08401],[21.88389,47.08474],[21.88268,47.08532],[21.88022,47.08668],[21.87896,47.08741],[21.87839,47.08781],[21.87808,47.08801],[21.878,47.08811],[21.87797,47.08821],[21.87791,47.08826],[21.87783,47.08833],[21.87768,47.08834],[21.87754,47.08832],[21.87724,47.08848],[21.87705,47.08859],[21.87667,47.08873],[21.87651,47.08884],[21.87514,47.08963],[21.87131,47.09184],[21.86905,47.09313],[21.86803,47.09365],[21.86637,47.09461],[21.8647,47.09559],[21.86264,47.09677],[21.86155,47.09741],[21.86083,47.0978],[21.86049,47.09799],[21.86026,47.09809],[21.86012,47.09804]]},"properties":{"line":"38","dir":"0","mode":"bus"}},{"type":"Feature","geometry":{"type":"LineString","coordinates":[[21.86012,47.09804],[21.86027,47.09803],[21.8605,47.09793],[21.86084,47.09774],[21.86149,47.09738],[21.86221,47.09696],[21.86409,47.09587],[21.86574,47.09491],[21.86717,47.09409],[21.8679,47.09367],[21.86867,47.09327],[21.86918,47.093],[21.86965,47.09273],[21.87028,47.09236],[21.87119,47.09185],[21.87272,47.09097],[21.87396,47.09024],[21.87622,47.08894],[21.87648,47.08879],[21.87692,47.08847],[21.87736,47.08819],[21.87738,47.08805],[21.87748,47.08796],[21.87764,47.08791],[21.87776,47.08792],[21.87801,47.08782],[21.87851,47.08756],[21.87892,47.08738],[21.87997,47.08676],[21.88137,47.08598],[21.88249,47.08536],[21.8837,47.08477],[21.88738,47.08312],[21.88757,47.08304],[21.88803,47.08276],[21.88824,47.08261],[21.88838,47.08246],[21.88845,47.08236],[21.88852,47.08232],[21.88867,47.08232],[21.88897,47.08227],[21.88967,47.08206],[21.89111,47.08145],[21.89271,47.08072],[21.89584,47.07929],[21.89678,47.07886],[21.8988,47.07799],[21.90096,47.07702],[21.90276,47.07621],[21.90386,47.07572],[21.90457,47.07545],[21.90532,47.07516],[21.90589,47.07493],[21.90614,47.07484],[21.90717,47.07444],[21.90782,47.07418],[21.9085,47.07393],[21.90879,47.07384],[21.90937,47.0737],[21.9098,47.07364],[21.91022,47.07362],[21.91112,47.07358],[21.9114,47.07354],[21.9117,47.07358],[21.91261,47.07354],[21.91331,47.07351],[21.91375,47.07347],[21.91428,47.07341],[21.91441,47.07334],[21.91451,47.07334],[21.91463,47.07332],[21.91499,47.07321],[21.91548,47.07302],[21.9168,47.07245],[21.91792,47.07196],[21.91819,47.07179],[21.91882,47.07154],[21.91967,47.07118],[21.91983,47.07107],[21.91988,47.071],[21.91999,47.07094],[21.92014,47.07094],[21.92049,47.07079],[21.92114,47.07053],[21.92184,47.07026],[21.92263,47.06998],[21.92328,47.06973],[21.92358,47.06963],[21.9239,47.06948],[21.92423,47.06927],[21.92454,47.06907],[21.925,47.06894],[21.92551,47.06889],[21.92586,47.06881],[21.92612,47.06872],[21.92644,47.06864],[21.9269,47.06846],[21.92764,47.06817],[21.92872,47.06775],[21.92938,47.06742],[21.93026,47.06713],[21.93061,47.06698],[21.93065,47.06692],[21.93065,47.06684],[21.93058,47.06673],[21.93047,47.06664],[21.93013,47.06654],[21.92983,47.06646],[21.92938,47.06638],[21.9288,47.06627],[21.92872,47.06625],[21.92867,47.06623],[21.92864,47.06618],[21.92868,47.06598],[21.92877,47.06555],[21.92881,47.06499],[21.92885,47.06453],[21.92892,47.06407],[21.92898,47.06364],[21.92901,47.06339],[21.92917,47.06304],[21.92961,47.06243],[21.93017,47.06169],[21.93078,47.06101],[21.93136,47.06045],[21.93189,47.05993],[21.93265,47.05915],[21.93332,47.05847],[21.93371,47.05812],[21.93384,47.05802],[21.93396,47.05795],[21.93412,47.05797],[21.93425,47.058],[21.93433,47.05803],[21.93439,47.05804],[21.93444,47.05802],[21.9345,47.05799],[21.93472,47.05787],[21.93531,47.05756],[21.93586,47.05736],[21.9372,47.0569],[21.9377,47.05675],[21.93848,47.0565],[21.93881,47.0564],[21.93921,47.05631],[21.93965,47.0562],[21.93972,47.05615],[21.93982,47.05609],[21.93982,47.05574],[21.93979,47.0554],[21.93974,47.05506],[21.93962,47.05497],[21.93947,47.0549],[21.93912,47.05473],[21.93897,47.05442],[21.93893,47.05408],[21.93905,47.05385],[21.93925,47.05375],[21.93954,47.05373],[21.93974,47.05377],[21.94012,47.05386],[21.94048,47.05385],[21.94099,47.0538],[21.94146,47.05369],[21.94165,47.05369],[21.94293,47.05358],[21.9443,47.0535],[21.94465,47.05349],[21.94506,47.05343],[21.94532,47.05329],[21.9472,47.05214],[21.9493,47.05086],[21.9495,47.05074],[21.94972,47.05064],[21.9499,47.05055],[21.95016,47.05046],[21.95073,47.0503],[21.95096,47.05025],[21.95123,47.05021],[21.95179,47.05007],[21.95277,47.04971],[21.9536,47.04945],[21.95391,47.04935],[21.95418,47.04928],[21.95511,47.04907],[21.95542,47.04898],[21.95611,47.04863],[21.95719,47.04811],[21.95704,47.04775],[21.95685,47.04714],[21.95653,47.04617],[21.95617,47.04518],[21.956,47.04466],[21.95589,47.04446],[21.95583,47.04421],[21.95575,47.04395],[21.95568,47.04369],[21.95604,47.04361],[21.95615,47.04352],[21.95612,47.04331],[21.95608,47.0431],[21.95575,47.04214],[21.95541,47.04115],[21.95513,47.04037],[21.95509,47.04015],[21.9552,47.03978],[21.95528,47.03964],[21.95543,47.03948],[21.9556,47.0393],[21.9557,47.03914],[21.95577,47.03898],[21.9558,47.03883],[21.95577,47.03871],[21.95571,47.0385],[21.95564,47.03832],[21.9556,47.0382],[21.95556,47.03815],[21.95542,47.03807],[21.95526,47.038],[21.95508,47.03789],[21.95492,47.03777],[21.95465,47.03755],[21.95453,47.03743],[21.95448,47.03737],[21.95445,47.03732],[21.95443,47.03727],[21.95442,47.03721],[21.95445,47.03713],[21.95467,47.03688],[21.95494,47.03658],[21.95523,47.03631],[21.95556,47.03606],[21.95566,47.03599],[21.95584,47.03586],[21.95604,47.03568],[21.95613,47.03554],[21.95615,47.03544],[21.95616,47.03537],[21.95621,47.03533],[21.95629,47.03532],[21.95641,47.03531],[21.95668,47.0352],[21.95683,47.03509],[21.95709,47.03482],[21.95736,47.03452],[21.95766,47.03409],[21.95783,47.03378],[21.95789,47.03349],[21.958,47.03338],[21.95807,47.03325],[21.95812,47.03313],[21.95824,47.03278],[21.9584,47.03185],[21.95847,47.03102],[21.95846,47.0305],[21.95842,47.03019],[21.95839,47.03009],[21.95834,47.02999],[21.95829,47.02991],[21.9582,47.02984],[21.95807,47.02975],[21.95767,47.02963],[21.95726,47.02952],[21.95652,47.02929],[21.95608,47.02912],[21.95594,47.02904],[21.95576,47.02894],[21.95556,47.02885],[21.95551,47.02883],[21.95547,47.02881],[21.9554,47.02886],[21.95533,47.02893],[21.95527,47.02899],[21.95566,47.02919],[21.95544,47.0294],[21.95505,47.02922]]},"properties":{"line":"38","dir":"1","mode":"bus"}},{"type":"Feature","geometry":{"type":"LineString","coordinates":[[21.94228,47.04054],[21.94223,47.04073],[21.94221,47.04091],[21.94218,47.0413],[21.94212,47.04219],[21.94204,47.04322],[21.94201,47.04379],[21.94191,47.04504],[21.9418,47.04667],[21.94176,47.04699],[21.94172,47.04726],[21.94161,47.0475],[21.94149,47.04763],[21.94137,47.04774],[21.9412,47.04788],[21.94101,47.04796],[21.94054,47.0482],[21.94007,47.04843],[21.93985,47.04857],[21.93965,47.04869],[21.93945,47.04882],[21.93918,47.04895],[21.93882,47.04918],[21.93865,47.04934],[21.93866,47.04945],[21.93855,47.04955],[21.9385,47.04965],[21.93851,47.04986],[21.93855,47.05027],[21.93857,47.05088],[21.93869,47.05141],[21.93903,47.05258],[21.9393,47.05343],[21.93971,47.05403],[21.93998,47.05456],[21.94003,47.05528],[21.94003,47.05639],[21.94013,47.05728],[21.94018,47.05828],[21.94021,47.05875],[21.94032,47.05885],[21.94039,47.05896],[21.94041,47.05906],[21.94033,47.05915],[21.94016,47.05926],[21.94008,47.05935],[21.93923,47.0592],[21.939,47.05912],[21.93884,47.05901],[21.93865,47.05887],[21.93845,47.05872],[21.93824,47.05858],[21.93798,47.05843],[21.9377,47.05825],[21.93739,47.05809],[21.93703,47.05789],[21.93669,47.05769],[21.9365,47.05759],[21.9364,47.05755],[21.9363,47.05755],[21.93614,47.0576],[21.93562,47.05794],[21.93535,47.05817],[21.93515,47.05843],[21.93491,47.05868],[21.93463,47.05901],[21.93382,47.05994],[21.93296,47.06093],[21.93247,47.06147],[21.93224,47.06174],[21.93211,47.06192],[21.93181,47.0622],[21.93147,47.06262],[21.93101,47.06327],[21.93053,47.06393],[21.93012,47.0645],[21.92941,47.06538],[21.92927,47.06557],[21.92944,47.06569],[21.92992,47.06606],[21.93028,47.06639],[21.93062,47.06669],[21.93082,47.06687],[21.93084,47.06695],[21.9302,47.0673],[21.92968,47.06746],[21.92855,47.06788],[21.92781,47.06816],[21.92712,47.06842],[21.92646,47.06869],[21.92609,47.06884],[21.92556,47.06916],[21.92514,47.06951],[21.92498,47.06971],[21.92494,47.06977],[21.92491,47.06983],[21.92492,47.06992],[21.92495,47.07001],[21.92505,47.07035],[21.92526,47.0709],[21.92534,47.07129],[21.92539,47.07145],[21.92544,47.07149],[21.92549,47.07152],[21.92563,47.07156],[21.92585,47.0716],[21.92555,47.07166],[21.92534,47.07174],[21.9252,47.07182],[21.92508,47.07191],[21.92482,47.0726],[21.9246,47.07319],[21.92513,47.07342],[21.92572,47.07369],[21.92719,47.07444],[21.92915,47.07538],[21.93005,47.07579],[21.92938,47.07622],[21.92866,47.07668],[21.92794,47.07713],[21.92732,47.07762],[21.92702,47.07776],[21.92666,47.07801],[21.92626,47.07828],[21.92543,47.07882],[21.92494,47.07915],[21.9242,47.07963],[21.92331,47.08019],[21.92241,47.08069],[21.92207,47.08091],[21.9219,47.08103],[21.92181,47.08108],[21.92171,47.08112],[21.92167,47.0811],[21.92163,47.08107],[21.92153,47.081],[21.92133,47.08086],[21.92094,47.08058],[21.91948,47.07954],[21.91799,47.07848],[21.9176,47.07824],[21.91759,47.07819],[21.91598,47.07707],[21.91563,47.07683],[21.91516,47.07648],[21.91498,47.07632],[21.91482,47.07615],[21.9147,47.07597],[21.91463,47.0758],[21.91455,47.07559],[21.91453,47.07533],[21.91448,47.07467],[21.91443,47.07402],[21.91436,47.07387],[21.91428,47.07379],[21.91404,47.07365],[21.91391,47.07361],[21.91377,47.07359],[21.91237,47.07367],[21.91078,47.07374],[21.90994,47.07379],[21.90951,47.07383],[21.90913,47.07389],[21.90864,47.07402],[21.90823,47.07421],[21.90781,47.0744],[21.90739,47.07457],[21.90733,47.07464],[21.90669,47.07475],[21.90606,47.075],[21.90443,47.07563],[21.90369,47.07594],[21.90291,47.07629],[21.90139,47.07698],[21.89543,47.07964],[21.89387,47.08034],[21.89225,47.08107],[21.88995,47.08208],[21.88916,47.08239],[21.88875,47.08258],[21.8881,47.08288],[21.8879,47.08298],[21.88735,47.08319],[21.88594,47.08383],[21.8834,47.08497],[21.8827,47.0853],[21.88198,47.08569],[21.88056,47.08648],[21.87896,47.08741],[21.87829,47.08788],[21.87812,47.08798],[21.878,47.08808],[21.87798,47.08818],[21.87792,47.08826],[21.87783,47.08832],[21.87771,47.08834],[21.87753,47.08833],[21.8771,47.08856],[21.87661,47.08876],[21.87638,47.08891],[21.87608,47.08907],[21.87468,47.08989],[21.87188,47.0915],[21.86909,47.09311],[21.86829,47.09352],[21.86757,47.09391],[21.86612,47.09476],[21.86332,47.09638],[21.86186,47.09722],[21.86086,47.09778],[21.8605,47.09799],[21.86016,47.09813],[21.86006,47.09817],[21.86003,47.0981],[21.86012,47.09804]]},"properties":{"line":"39","dir":"0","mode":"bus"}},{"type":"Feature","geometry":{"type":"LineString","coordinates":[[21.86012,47.09804],[21.86027,47.09803],[21.8605,47.09793],[21.86084,47.09774],[21.86149,47.09738],[21.86221,47.09696],[21.86409,47.09587],[21.86574,47.09491],[21.86717,47.09409],[21.8679,47.09367],[21.86867,47.09327],[21.86918,47.093],[21.86965,47.09273],[21.87028,47.09236],[21.87119,47.09185],[21.87272,47.09097],[21.87396,47.09024],[21.87622,47.08894],[21.87648,47.08879],[21.87692,47.08847],[21.87736,47.08819],[21.87738,47.08805],[21.87748,47.08796],[21.87764,47.08791],[21.87776,47.08792],[21.87801,47.08782],[21.87851,47.08756],[21.87892,47.08738],[21.87997,47.08676],[21.88137,47.08598],[21.88249,47.08536],[21.8837,47.08477],[21.88738,47.08312],[21.88757,47.08304],[21.88803,47.08276],[21.88824,47.08261],[21.88838,47.08246],[21.88845,47.08236],[21.88852,47.08232],[21.88867,47.08232],[21.88897,47.08227],[21.88967,47.08206],[21.89111,47.08145],[21.89271,47.08072],[21.89584,47.07929],[21.89678,47.07886],[21.8988,47.07799],[21.90096,47.07702],[21.90276,47.07621],[21.90386,47.07572],[21.90457,47.07545],[21.90532,47.07516],[21.90589,47.07493],[21.90614,47.07484],[21.90717,47.07444],[21.90782,47.07418],[21.9085,47.07393],[21.90879,47.07384],[21.90937,47.0737],[21.9098,47.07364],[21.91022,47.07362],[21.91112,47.07358],[21.9114,47.07354],[21.91174,47.07356],[21.91343,47.07347],[21.91389,47.07343],[21.91424,47.07338],[21.9144,47.07332],[21.91452,47.07331],[21.91465,47.07335],[21.9147,47.07341],[21.9147,47.07351],[21.91458,47.07366],[21.91451,47.07402],[21.9145,47.07416],[21.91453,47.07459],[21.9146,47.0755],[21.91464,47.07568],[21.91473,47.07591],[21.91492,47.0762],[21.91513,47.07641],[21.91543,47.07663],[21.916,47.07703],[21.91625,47.0772],[21.91707,47.07778],[21.9181,47.07851],[21.91828,47.07857],[21.91851,47.0788],[21.91882,47.07902],[21.91962,47.07959],[21.92125,47.08075],[21.92146,47.08079],[21.92169,47.08082],[21.92191,47.08081],[21.92215,47.08078],[21.92279,47.08037],[21.92372,47.0798],[21.92461,47.07923],[21.92503,47.07895],[21.92543,47.07868],[21.92586,47.07842],[21.92654,47.07797],[21.92686,47.07775],[21.92706,47.0776],[21.92722,47.07746],[21.92845,47.07669],[21.92941,47.07607],[21.92945,47.076],[21.92944,47.07594],[21.92933,47.07581],[21.92915,47.07571],[21.9279,47.07511],[21.92701,47.07462],[21.92625,47.07425],[21.92536,47.07383],[21.92459,47.07345],[21.92454,47.07338],[21.92451,47.0733],[21.92455,47.07322],[21.92459,47.07311],[21.92466,47.07292],[21.92476,47.07268],[21.92485,47.07243],[21.92517,47.07148],[21.92526,47.07112],[21.92507,47.07049],[21.92491,47.06998],[21.92484,47.06985],[21.92471,47.06974],[21.92444,47.06961],[21.92436,47.06954],[21.92429,47.06947],[21.92424,47.06936],[21.92426,47.06927],[21.92433,47.0692],[21.92444,47.06916],[21.92474,47.06903],[21.92507,47.06895],[21.92541,47.06893],[21.92574,47.06885],[21.9266,47.06858],[21.92761,47.06819],[21.92867,47.06777],[21.92938,47.06742],[21.93026,47.06713],[21.93061,47.06698],[21.93065,47.06692],[21.93065,47.06684],[21.93058,47.06673],[21.93047,47.06664],[21.93013,47.06654],[21.92983,47.06646],[21.92938,47.06638],[21.9288,47.06627],[21.92872,47.06625],[21.92867,47.06623],[21.92864,47.06618],[21.92868,47.06598],[21.92877,47.06555],[21.92881,47.06499],[21.92885,47.06453],[21.92892,47.06407],[21.92898,47.06364],[21.92901,47.06339],[21.92917,47.06304],[21.92961,47.06243],[21.93017,47.06169],[21.93078,47.06101],[21.93136,47.06045],[21.93189,47.05993],[21.93265,47.05915],[21.93332,47.05847],[21.93371,47.05812],[21.93384,47.05802],[21.93396,47.05795],[21.93412,47.05797],[21.93425,47.058],[21.93433,47.05803],[21.93439,47.05804],[21.93444,47.05802],[21.9345,47.05799],[21.93472,47.05787],[21.93531,47.05756],[21.93586,47.05736],[21.9372,47.0569],[21.938,47.05668],[21.93852,47.05653],[21.93895,47.05641],[21.93946,47.05628],[21.93973,47.05618],[21.93984,47.05606],[21.93984,47.0557],[21.93981,47.05522],[21.93978,47.05503],[21.93972,47.05487],[21.93946,47.05442],[21.93933,47.05423],[21.9393,47.05404],[21.93928,47.05385],[21.93924,47.05348],[21.93913,47.05317],[21.93896,47.05289],[21.93857,47.05181],[21.93839,47.05112],[21.93826,47.04975],[21.9383,47.04938],[21.93857,47.04905],[21.93985,47.04841],[21.94073,47.04803],[21.94129,47.04771],[21.9416,47.04736],[21.94167,47.04686],[21.94177,47.04583],[21.94195,47.04313],[21.94203,47.04179],[21.94207,47.0411],[21.94209,47.04046]]},"properties":{"line":"39","dir":"1","mode":"bus"}},{"type":"Feature","geometry":{"type":"LineString","coordinates":[[21.95753,47.02946],[21.95773,47.02956],[21.95807,47.02971],[21.9582,47.02978],[21.95831,47.02989],[21.95842,47.03003],[21.95846,47.0302],[21.95851,47.0306],[21.95852,47.03102],[21.9585,47.0314],[21.95845,47.0319],[21.95832,47.03282],[21.95825,47.0329],[21.95811,47.03331],[21.95792,47.03374],[21.95766,47.03419],[21.95739,47.03461],[21.95708,47.03492],[21.95693,47.03517],[21.95672,47.03538],[21.9566,47.03547],[21.95644,47.03557],[21.95624,47.03568],[21.95598,47.03583],[21.95559,47.03609],[21.95523,47.03636],[21.95503,47.03654],[21.95485,47.03672],[21.95455,47.0371],[21.9545,47.03718],[21.95449,47.03725],[21.95453,47.03736],[21.95466,47.0375],[21.95492,47.03772],[21.95514,47.03789],[21.95541,47.03802],[21.95558,47.03809],[21.95563,47.03813],[21.95565,47.03818],[21.9557,47.03834],[21.95579,47.03861],[21.95583,47.03874],[21.95585,47.03883],[21.95584,47.03891],[21.95581,47.03904],[21.95574,47.03921],[21.95556,47.03942],[21.9554,47.03959],[21.95533,47.03969],[21.95527,47.03979],[21.95521,47.04],[21.95518,47.0402],[21.95519,47.04042],[21.95524,47.04058],[21.9553,47.04075],[21.95539,47.04086],[21.95538,47.04096],[21.95549,47.04128],[21.9556,47.04161],[21.95582,47.04226],[21.95603,47.04286],[21.95619,47.04343],[21.9562,47.04348],[21.95624,47.04356],[21.95626,47.04358],[21.95623,47.04363],[21.95616,47.04364],[21.95608,47.04366],[21.95594,47.0437],[21.95535,47.04382],[21.95419,47.04406],[21.95399,47.04409],[21.95322,47.04425],[21.95292,47.04431],[21.95212,47.0445],[21.95086,47.04479],[21.94994,47.04501],[21.94919,47.04518],[21.94898,47.04522],[21.94884,47.04524],[21.94871,47.04526],[21.94838,47.04532],[21.94743,47.04548],[21.94635,47.04566],[21.94523,47.04586],[21.94466,47.04596],[21.94436,47.04602],[21.94422,47.04607],[21.94395,47.04607],[21.94365,47.04604],[21.94307,47.04599],[21.94244,47.04593],[21.94213,47.0459],[21.94204,47.04589],[21.94196,47.04589],[21.94181,47.04595],[21.94182,47.04598],[21.94182,47.04614],[21.9418,47.04641],[21.94178,47.04668],[21.94176,47.04704],[21.94173,47.04717],[21.94171,47.04727],[21.94166,47.04739],[21.94155,47.04758],[21.94142,47.04772],[21.94113,47.0479],[21.93998,47.04847],[21.93985,47.04858],[21.93969,47.04868],[21.93949,47.04882],[21.93884,47.04916],[21.9387,47.04931],[21.93865,47.0494],[21.93861,47.04952],[21.93856,47.04953],[21.93846,47.04949],[21.93833,47.04945],[21.93805,47.04945],[21.93796,47.04953],[21.93781,47.04958],[21.93762,47.04958],[21.93756,47.0497],[21.93754,47.04978],[21.93731,47.04997],[21.93715,47.05017],[21.93681,47.05048],[21.93672,47.05059],[21.93659,47.05066],[21.9363,47.05073],[21.936,47.05079],[21.93537,47.0509],[21.9319,47.05154],[21.93174,47.05155],[21.9317,47.05152],[21.93162,47.05142],[21.93148,47.05126],[21.93137,47.05114],[21.93129,47.05103],[21.93121,47.05088],[21.93115,47.05073],[21.931,47.05037],[21.9309,47.05015],[21.93087,47.05008],[21.93085,47.05001],[21.93083,47.04996],[21.93081,47.04994],[21.93077,47.04993],[21.93059,47.04991],[21.93049,47.0499],[21.9302,47.04986],[21.92992,47.0498],[21.92948,47.04972],[21.92922,47.04969],[21.92915,47.04967],[21.9291,47.04963],[21.92902,47.04958],[21.92899,47.04951],[21.929,47.04945],[21.92903,47.0494],[21.92907,47.04936],[21.92916,47.04931],[21.92932,47.04923],[21.92947,47.04913],[21.9296,47.04902],[21.92971,47.0489],[21.92992,47.04865],[21.93004,47.04855],[21.93041,47.04814],[21.93203,47.04638],[21.93293,47.04541],[21.93381,47.04446],[21.9339,47.04436],[21.93395,47.04427],[21.93393,47.04425],[21.93388,47.0442],[21.93379,47.04412],[21.93371,47.04404],[21.93358,47.0439],[21.93353,47.04382],[21.93349,47.04371],[21.93347,47.04358],[21.93347,47.04345],[21.93349,47.04338],[21.93351,47.04331],[21.93354,47.04323],[21.9336,47.04316],[21.93372,47.04303],[21.9338,47.04297],[21.93384,47.04294],[21.93387,47.04291],[21.93385,47.04287],[21.93374,47.04276],[21.93359,47.04263],[21.93335,47.0424],[21.93284,47.04194],[21.93233,47.04148],[21.932,47.04118],[21.93178,47.04099],[21.93162,47.04086],[21.9315,47.04075],[21.93146,47.0407],[21.93142,47.04061],[21.93139,47.04052],[21.93136,47.04044],[21.93133,47.04034],[21.93136,47.04001],[21.93133,47.03994],[21.93129,47.03989],[21.93128,47.03985],[21.93129,47.0398],[21.93136,47.03976],[21.9314,47.03974],[21.93145,47.03974],[21.93149,47.03975],[21.93153,47.03977],[21.93157,47.0398],[21.93157,47.03983],[21.93156,47.03988],[21.9315,47.03992],[21.93143,47.03993],[21.93133,47.03991],[21.93129,47.03991],[21.93118,47.03992],[21.93081,47.04],[21.93044,47.04008],[21.93005,47.04018],[21.92937,47.04034],[21.92797,47.04069],[21.92688,47.04094],[21.92561,47.04125],[21.92428,47.04159],[21.92318,47.04189],[21.9225,47.04209],[21.92239,47.04211],[21.92219,47.04213],[21.92168,47.04214],[21.92086,47.04215],[21.92042,47.04216],[21.92017,47.04219],[21.91996,47.04216],[21.91989,47.04216],[21.91981,47.04218],[21.91972,47.04222],[21.91966,47.04226],[21.91963,47.0423],[21.91959,47.04234],[21.91956,47.04237],[21.91952,47.04239],[21.91948,47.04239],[21.91943,47.04239],[21.91937,47.04238],[21.91932,47.04234],[21.91929,47.04232],[21.91925,47.04228],[21.91921,47.04224],[21.91915,47.04221],[21.91909,47.04219],[21.91901,47.04217],[21.91872,47.04217],[21.91783,47.04218],[21.91728,47.04219],[21.91707,47.04219],[21.91689,47.04222],[21.91673,47.04227],[21.91669,47.04228],[21.91665,47.04229],[21.91661,47.04228],[21.91655,47.04227],[21.91652,47.04223],[21.91646,47.04214],[21.91632,47.04192],[21.91615,47.04171],[21.91577,47.04126],[21.9151,47.04052],[21.91421,47.03956],[21.91403,47.03937],[21.91382,47.03919],[21.91359,47.03903],[21.91341,47.03893],[21.9133,47.03887],[21.91321,47.03883],[21.91315,47.03882],[21.91306,47.03881],[21.91301,47.03881],[21.91285,47.03884],[21.91279,47.03886],[21.91274,47.03886],[21.91269,47.03886],[21.91262,47.03885],[21.91257,47.03884],[21.91253,47.03881],[21.9125,47.03878],[21.91247,47.03875],[21.91244,47.03871],[21.91242,47.03867],[21.91242,47.03862],[21.91243,47.03858],[21.91246,47.03849],[21.91242,47.03845],[21.91235,47.03839],[21.91231,47.03832],[21.91228,47.03826],[21.91227,47.0382],[21.91228,47.03813],[21.91231,47.03805],[21.91236,47.03798],[21.91247,47.0379],[21.91299,47.03762],[21.91355,47.03732],[21.91407,47.03703],[21.91442,47.03686],[21.91477,47.03674],[21.91508,47.03665],[21.9154,47.03658],[21.9164,47.03637],[21.91726,47.03619],[21.91788,47.03606],[21.91838,47.03593],[21.91865,47.0359],[21.9189,47.03585],[21.91937,47.03575],[21.92036,47.03556],[21.92152,47.03532],[21.92264,47.03509],[21.92327,47.03497],[21.92382,47.03485],[21.92406,47.03479],[21.9242,47.03474],[21.9243,47.03467],[21.9244,47.03457],[21.92445,47.03446],[21.92445,47.03438],[21.92443,47.03433],[21.92434,47.03421],[21.92433,47.03403],[21.92423,47.03368],[21.92405,47.03312],[21.92384,47.03251],[21.92371,47.03209],[21.9236,47.03183],[21.9235,47.0317],[21.92349,47.03152],[21.92336,47.03127],[21.92317,47.03086],[21.92295,47.03048],[21.92283,47.03028],[21.92266,47.03003],[21.92232,47.02957],[21.92162,47.02865],[21.92119,47.02811],[21.92071,47.0275],[21.92066,47.02745],[21.9206,47.02742],[21.92051,47.02741],[21.92043,47.02737],[21.92039,47.02731],[21.92031,47.02724],[21.92012,47.02718],[21.92005,47.02717],[21.91999,47.02717],[21.91988,47.02718],[21.91943,47.02727],[21.91812,47.02752],[21.91694,47.02776],[21.9164,47.02787],[21.91636,47.02789],[21.91635,47.02792],[21.91633,47.02795],[21.9163,47.02797],[21.91626,47.02798],[21.91621,47.02797],[21.91617,47.02795],[21.91611,47.02792],[21.91576,47.02798],[21.91487,47.02815],[21.91412,47.0283],[21.91379,47.02834],[21.91356,47.02768],[21.91337,47.02697]]},"properties":{"line":"41","dir":"0","mode":"bus"}},{"type":"Feature","geometry":{"type":"LineString","coordinates":[[21.91336,47.02697],[21.91369,47.02792],[21.91383,47.02832],[21.91513,47.02807],[21.91651,47.0278],[21.91782,47.02754],[21.91941,47.02724],[21.91975,47.02717],[21.91989,47.02714],[21.92,47.02714],[21.92009,47.02714],[21.9202,47.02717],[21.92029,47.02719],[21.92052,47.02731],[21.92064,47.02738],[21.92073,47.02745],[21.92089,47.02762],[21.92123,47.02798],[21.92127,47.02805],[21.92127,47.0281],[21.92154,47.02847],[21.9219,47.02894],[21.92226,47.02942],[21.92263,47.02991],[21.92298,47.03044],[21.92313,47.03071],[21.92329,47.031],[21.92355,47.03156],[21.92365,47.03181],[21.92376,47.03206],[21.92392,47.03261],[21.9241,47.03314],[21.92428,47.03369],[21.92438,47.03399],[21.92444,47.03411],[21.92448,47.03428],[21.92452,47.03439],[21.92456,47.03446],[21.92464,47.03452],[21.92468,47.03456],[21.92471,47.03461],[21.9247,47.03467],[21.92469,47.03471],[21.92463,47.03474],[21.92455,47.03475],[21.92446,47.03474],[21.92442,47.03474],[21.92438,47.03475],[21.92409,47.03482],[21.92124,47.0354],[21.91981,47.03569],[21.91887,47.03589],[21.91801,47.03608],[21.91692,47.03629],[21.91583,47.03651],[21.91521,47.03665],[21.91485,47.03675],[21.91455,47.03685],[21.91431,47.03696],[21.91409,47.03707],[21.9137,47.03728],[21.91326,47.03751],[21.91282,47.03775],[21.91244,47.03798],[21.91237,47.03804],[21.91234,47.03813],[21.91234,47.03821],[21.91236,47.03827],[21.91239,47.03832],[21.91246,47.03839],[21.91253,47.03842],[21.91261,47.03843],[21.91269,47.03843],[21.91276,47.03843],[21.91283,47.03843],[21.91289,47.03844],[21.91295,47.03847],[21.91301,47.0385],[21.91306,47.03854],[21.91308,47.03859],[21.91311,47.03866],[21.91313,47.0387],[21.91317,47.03873],[21.91337,47.03885],[21.91358,47.03898],[21.91383,47.03914],[21.91397,47.03926],[21.91411,47.03938],[21.91436,47.03965],[21.91482,47.04014],[21.91527,47.04062],[21.916,47.04146],[21.91638,47.04193],[21.91656,47.0421],[21.91659,47.04213],[21.91663,47.04215],[21.91668,47.04215],[21.91674,47.04214],[21.91762,47.04214],[21.91847,47.04213],[21.91892,47.04212],[21.91934,47.04213],[21.91979,47.04214],[21.92001,47.04211],[21.92018,47.04209],[21.92065,47.04211],[21.92114,47.04211],[21.92203,47.0421],[21.92226,47.04208],[21.92245,47.04206],[21.92413,47.0416],[21.92462,47.04146],[21.92512,47.04133],[21.92621,47.04107],[21.92889,47.04043],[21.93014,47.04013],[21.93081,47.03997],[21.93105,47.0399],[21.93119,47.03986],[21.93125,47.03983],[21.93129,47.03979],[21.93135,47.03975],[21.93142,47.03974],[21.93148,47.03974],[21.93153,47.03977],[21.93156,47.0398],[21.93155,47.03983],[21.93154,47.03987],[21.93149,47.03995],[21.93143,47.04002],[21.9314,47.04014],[21.9314,47.04035],[21.93147,47.04059],[21.93158,47.04077],[21.93212,47.04122],[21.93276,47.04182],[21.93311,47.04214],[21.93346,47.04246],[21.93391,47.04285],[21.93398,47.04288],[21.93403,47.04289],[21.93408,47.04288],[21.93416,47.04287],[21.93424,47.04285],[21.93435,47.04281],[21.9345,47.04279],[21.93463,47.04279],[21.93474,47.04279],[21.93486,47.0428],[21.93497,47.04282],[21.93508,47.04284],[21.93521,47.04288],[21.93536,47.04295],[21.93545,47.04301],[21.9356,47.04312],[21.93566,47.04317],[21.9357,47.04324],[21.93573,47.04328],[21.93577,47.04335],[21.9358,47.04343],[21.9358,47.04351],[21.93581,47.04363],[21.9358,47.04377],[21.93576,47.04391],[21.93572,47.04399],[21.93562,47.04405],[21.93553,47.04411],[21.93539,47.0442],[21.93536,47.04423],[21.93535,47.04427],[21.93535,47.04431],[21.93538,47.04435],[21.9355,47.04449],[21.93601,47.04512],[21.93653,47.04572],[21.9368,47.04603],[21.93707,47.04633],[21.93799,47.04739],[21.9389,47.04844],[21.93892,47.04851],[21.93914,47.04874],[21.93998,47.04837],[21.9402,47.04831],[21.94085,47.04799],[21.94121,47.04775],[21.94142,47.04754],[21.94156,47.04732],[21.94162,47.04707],[21.94171,47.04665],[21.94174,47.04626],[21.94175,47.04606],[21.94176,47.04596],[21.94177,47.04591],[21.94178,47.04588],[21.94182,47.04585],[21.94189,47.04585],[21.94202,47.04585],[21.9426,47.04591],[21.94271,47.04589],[21.94299,47.04594],[21.94322,47.04596],[21.94373,47.04601],[21.94399,47.04603],[21.9441,47.04602],[21.94422,47.04601],[21.94449,47.04595],[21.94525,47.04582],[21.94659,47.04559],[21.94751,47.04543],[21.94844,47.04527],[21.9486,47.04522],[21.94868,47.04519],[21.94876,47.04517],[21.94885,47.04512],[21.9489,47.0451],[21.94898,47.0451],[21.94906,47.0451],[21.94914,47.04511],[21.94921,47.04512],[21.94934,47.04509],[21.95021,47.04489],[21.95134,47.04463],[21.95247,47.04437],[21.95301,47.04425],[21.9533,47.04418],[21.95395,47.04404],[21.95473,47.04388],[21.95513,47.04379],[21.95562,47.04368],[21.95599,47.0436],[21.95607,47.04357],[21.95608,47.04351],[21.95605,47.04318],[21.95597,47.04285],[21.95556,47.04168],[21.95532,47.04098],[21.95519,47.04062],[21.95511,47.04036],[21.95509,47.04015],[21.9552,47.03978],[21.95528,47.03964],[21.95543,47.03948],[21.9556,47.0393],[21.9557,47.03914],[21.95577,47.03898],[21.9558,47.03883],[21.95577,47.03871],[21.95571,47.0385],[21.95564,47.03832],[21.9556,47.0382],[21.95556,47.03815],[21.95542,47.03807],[21.95526,47.038],[21.95508,47.03789],[21.95492,47.03777],[21.95465,47.03755],[21.95453,47.03743],[21.95448,47.03737],[21.95445,47.03732],[21.95443,47.03727],[21.95442,47.03721],[21.95445,47.03713],[21.95467,47.03688],[21.95494,47.03658],[21.95523,47.03631],[21.95556,47.03606],[21.95566,47.03599],[21.95584,47.03586],[21.95604,47.03568],[21.95613,47.03554],[21.95615,47.03544],[21.95616,47.03537],[21.95621,47.03533],[21.95629,47.03532],[21.95641,47.03531],[21.95668,47.0352],[21.95683,47.03509],[21.95709,47.03482],[21.95736,47.03452],[21.95766,47.03409],[21.95783,47.03378],[21.95789,47.0335],[21.95806,47.03315],[21.95819,47.03288],[21.95825,47.03263],[21.95836,47.03208],[21.95845,47.03146],[21.95846,47.03083],[21.95842,47.03024],[21.95838,47.03005],[21.95831,47.02996],[21.95827,47.02991],[21.9582,47.02984],[21.95807,47.02975],[21.95791,47.02969],[21.95768,47.02962],[21.95717,47.0295],[21.95693,47.0294],[21.95667,47.02932],[21.95648,47.02924],[21.95581,47.02896],[21.95558,47.02887],[21.95545,47.02885],[21.95536,47.02891],[21.95535,47.02896],[21.95542,47.029],[21.9557,47.02912],[21.95572,47.02915],[21.95569,47.0292],[21.95558,47.02929],[21.95554,47.02933],[21.95545,47.02934],[21.95506,47.02919],[21.955,47.02916],[21.955,47.02912],[21.95503,47.02905],[21.95522,47.02891],[21.95534,47.02881],[21.95538,47.02878],[21.95543,47.02876],[21.9555,47.02878],[21.95557,47.02881],[21.95603,47.02901],[21.9563,47.02908],[21.95652,47.02918],[21.957,47.02937],[21.9573,47.02944],[21.95753,47.02946]]},"properties":{"line":"41","dir":"1","mode":"bus"}},{"type":"Feature","geometry":{"type":"LineString","coordinates":[[21.93282,47.05334],[21.93318,47.05408],[21.9333,47.05429],[21.93334,47.05434],[21.93339,47.05437],[21.93342,47.05442],[21.93339,47.05445],[21.93334,47.05448],[21.93322,47.05452],[21.93242,47.0547],[21.93136,47.0549],[21.93041,47.05508],[21.93014,47.05514],[21.92989,47.05524],[21.92942,47.05545],[21.92874,47.05581],[21.92843,47.05597],[21.92822,47.05609],[21.92794,47.05627],[21.92769,47.05647],[21.92734,47.0568],[21.9271,47.05696],[21.9264,47.05737],[21.92606,47.05751],[21.92571,47.05771],[21.92534,47.05791],[21.92494,47.0581],[21.92415,47.05851],[21.92323,47.05899],[21.92203,47.05955],[21.92107,47.05992],[21.92031,47.06022],[21.91928,47.06065],[21.91915,47.06071],[21.91901,47.06078],[21.91896,47.06082],[21.91895,47.06084],[21.91897,47.06089],[21.91964,47.06163],[21.92015,47.06222],[21.92096,47.06311],[21.92176,47.06402],[21.92201,47.06432],[21.92228,47.06461],[21.92286,47.06522],[21.92335,47.06571],[21.92368,47.06618],[21.92381,47.06647],[21.92397,47.0668],[21.92413,47.06715],[21.92423,47.06741],[21.92441,47.06785],[21.92452,47.06817],[21.92479,47.06858],[21.92492,47.06872],[21.92526,47.06891],[21.92544,47.06904],[21.92552,47.06918],[21.92549,47.06926],[21.92539,47.06932],[21.9252,47.06941],[21.925,47.0695],[21.92477,47.06957],[21.92451,47.06962],[21.9242,47.06966],[21.92389,47.06973],[21.92324,47.06995],[21.92214,47.07034],[21.92164,47.0705],[21.92083,47.07082],[21.92025,47.07108],[21.9202,47.07118],[21.92008,47.07123],[21.91995,47.07122],[21.91973,47.07131],[21.91872,47.07175],[21.91827,47.07199],[21.91792,47.07212],[21.9156,47.07312],[21.91512,47.0733],[21.91479,47.07347],[21.91473,47.07352],[21.91465,47.07362],[21.91453,47.07366],[21.9144,47.07364],[21.91428,47.0736],[21.9137,47.07362],[21.91304,47.07364],[21.91216,47.07369],[21.91135,47.07373],[21.91078,47.07374],[21.91027,47.07376],[21.90983,47.07378],[21.90938,47.07384],[21.90918,47.07387],[21.90888,47.07394],[21.90858,47.07404],[21.90814,47.07424],[21.90784,47.07438],[21.90761,47.07447],[21.90733,47.07464],[21.90697,47.07471],[21.90682,47.07478],[21.90675,47.07486],[21.90674,47.07495],[21.90675,47.07502],[21.90677,47.07507],[21.90697,47.07529],[21.90716,47.07547],[21.90725,47.07551],[21.90735,47.07553],[21.90748,47.07552],[21.90761,47.07544],[21.90761,47.07529],[21.90759,47.07504],[21.90757,47.07483],[21.90751,47.07463],[21.90718,47.07398],[21.90707,47.07391],[21.907,47.07389],[21.90687,47.07389],[21.90674,47.07393],[21.90663,47.07399],[21.90654,47.07408],[21.90651,47.0742],[21.90653,47.07427],[21.90658,47.07434],[21.90664,47.07439],[21.90673,47.07442],[21.90683,47.07445],[21.90703,47.07445],[21.90727,47.0744],[21.90764,47.07425],[21.90791,47.07413],[21.90803,47.07405],[21.90814,47.07396],[21.9082,47.07387],[21.90821,47.07381],[21.9082,47.07374],[21.90816,47.07369],[21.90811,47.07365],[21.90805,47.07362],[21.90798,47.07359],[21.90784,47.07356],[21.90774,47.07355],[21.90767,47.07354],[21.90756,47.07355],[21.90749,47.07358],[21.90741,47.07361],[21.90729,47.0737],[21.90726,47.07376],[21.90731,47.07389],[21.90748,47.07426],[21.90766,47.07465],[21.90772,47.07485],[21.90775,47.07504],[21.90776,47.07539],[21.90775,47.0758],[21.90778,47.07599],[21.90783,47.07611],[21.90793,47.07626],[21.90831,47.07669],[21.90863,47.07704],[21.90889,47.07733],[21.90938,47.07786],[21.90991,47.07845],[21.91041,47.07893],[21.9105,47.07897],[21.91056,47.079],[21.91067,47.07907],[21.91081,47.07917],[21.91094,47.07929],[21.91101,47.07935],[21.91111,47.07942],[21.91122,47.07948],[21.9113,47.07956],[21.91133,47.07961],[21.91132,47.07968],[21.91126,47.07977],[21.91109,47.07981],[21.91096,47.07984],[21.91043,47.08008],[21.91025,47.08016],[21.91011,47.08024],[21.90994,47.08023],[21.90978,47.08025],[21.90958,47.08026],[21.90948,47.08027],[21.90936,47.08028],[21.90926,47.08032],[21.9092,47.0804],[21.90915,47.0806],[21.90913,47.0808],[21.9091,47.08104],[21.90905,47.08117],[21.909,47.08132],[21.90875,47.0819],[21.9086,47.08226],[21.90854,47.08253],[21.9084,47.08265],[21.90833,47.0828],[21.90826,47.08298],[21.90804,47.08344],[21.90784,47.08388],[21.90765,47.08432],[21.90734,47.085],[21.90707,47.08573],[21.90699,47.08603],[21.90676,47.08639],[21.90659,47.08676],[21.9065,47.08697],[21.90637,47.08716],[21.90626,47.08731],[21.90599,47.08763],[21.9057,47.08791],[21.90529,47.08822],[21.90499,47.08839],[21.90469,47.08852],[21.90441,47.08864],[21.9035,47.089],[21.90255,47.08936],[21.90167,47.0897],[21.90147,47.0898],[21.90112,47.08987],[21.90099,47.08992],[21.90089,47.08996],[21.90076,47.09007],[21.9007,47.09009],[21.90064,47.09011],[21.90058,47.0901],[21.90054,47.09008],[21.90051,47.09003],[21.90051,47.08994],[21.90051,47.0898],[21.90039,47.08962],[21.90011,47.08932],[21.89975,47.08895],[21.89939,47.08859],[21.89868,47.08788],[21.89734,47.08646],[21.89694,47.08606],[21.89674,47.08585],[21.89659,47.08567],[21.89656,47.08555],[21.89658,47.08547],[21.89662,47.0854],[21.89671,47.08532],[21.89682,47.08525],[21.8971,47.08515],[21.89767,47.08488],[21.89815,47.08473],[21.8986,47.08456],[21.89879,47.08456],[21.89888,47.08458],[21.899,47.08462],[21.8991,47.08468],[21.89919,47.08477],[21.89934,47.08493],[21.8996,47.08519],[21.89985,47.08546],[21.90021,47.08583],[21.90058,47.08621],[21.90116,47.08681],[21.90145,47.0871],[21.90174,47.08738]]},"properties":{"line":"42","dir":"0","mode":"bus"}},{"type":"Feature","geometry":{"type":"LineString","coordinates":[[21.90174,47.08738],[21.90217,47.08785],[21.90245,47.08814],[21.903,47.08872],[21.90325,47.08896],[21.90334,47.08899],[21.9034,47.089],[21.90346,47.08898],[21.90365,47.08891],[21.90465,47.08851],[21.90517,47.08826],[21.90541,47.08809],[21.9056,47.08793],[21.90593,47.08765],[21.90618,47.08737],[21.90641,47.08703],[21.90661,47.08663],[21.90672,47.08633],[21.90674,47.08625],[21.90675,47.08621],[21.90676,47.08617],[21.90673,47.08613],[21.90665,47.08604],[21.90663,47.08593],[21.90673,47.08586],[21.90692,47.08581],[21.90709,47.08544],[21.90726,47.08509],[21.90742,47.08473],[21.90759,47.08437],[21.90833,47.08271],[21.90848,47.08236],[21.90875,47.08179],[21.90887,47.08152],[21.90899,47.08124],[21.90906,47.08105],[21.90909,47.08077],[21.90914,47.08047],[21.90914,47.08028],[21.90917,47.08023],[21.90921,47.08022],[21.90925,47.08023],[21.90934,47.08024],[21.9095,47.08023],[21.90984,47.08017],[21.90994,47.08017],[21.91009,47.08013],[21.91032,47.08008],[21.91063,47.07997],[21.91071,47.07991],[21.91078,47.07971],[21.91077,47.07958],[21.91074,47.07946],[21.91054,47.07924],[21.9104,47.07918],[21.91,47.0787],[21.9093,47.078],[21.90849,47.07707],[21.90804,47.0766],[21.90775,47.07624],[21.90764,47.07606],[21.90761,47.07581],[21.90757,47.0752],[21.90757,47.07515],[21.90759,47.07498],[21.90757,47.07481],[21.90752,47.07467],[21.90746,47.07454],[21.90736,47.07433],[21.90725,47.07409],[21.90716,47.07395],[21.90702,47.07391],[21.90679,47.07393],[21.90664,47.07399],[21.90655,47.07407],[21.90651,47.07416],[21.90652,47.07423],[21.90657,47.07433],[21.90664,47.07438],[21.90673,47.07442],[21.90685,47.07445],[21.90694,47.07445],[21.90713,47.07443],[21.90723,47.07441],[21.9073,47.07439],[21.90761,47.07426],[21.90806,47.07409],[21.90844,47.07395],[21.90892,47.07381],[21.90933,47.07373],[21.90972,47.07367],[21.91016,47.07364],[21.91063,47.07362],[21.91109,47.07359],[21.9114,47.07354],[21.9117,47.07358],[21.91261,47.07354],[21.91331,47.07351],[21.91375,47.07347],[21.91428,47.07341],[21.91441,47.07334],[21.91451,47.07334],[21.91463,47.07332],[21.91499,47.07321],[21.91548,47.07302],[21.9168,47.07245],[21.91792,47.07196],[21.91819,47.07179],[21.91882,47.07154],[21.91967,47.07118],[21.91983,47.07107],[21.91988,47.071],[21.91999,47.07094],[21.92014,47.07094],[21.92049,47.07079],[21.92114,47.07053],[21.92184,47.07026],[21.92263,47.06998],[21.92328,47.06973],[21.92372,47.06959],[21.92396,47.06946],[21.92415,47.06933],[21.92429,47.06922],[21.92441,47.06892],[21.92449,47.06861],[21.92441,47.06818],[21.92425,47.06773],[21.92403,47.06722],[21.92391,47.067],[21.92362,47.06649],[21.92347,47.06629],[21.92331,47.06611],[21.92311,47.06585],[21.92294,47.06563],[21.92274,47.06547],[21.92271,47.06535],[21.92261,47.06521],[21.92237,47.06492],[21.92214,47.06465],[21.92191,47.0644],[21.92156,47.06403],[21.92138,47.06384],[21.92122,47.06367],[21.92107,47.0635],[21.92097,47.06339],[21.92081,47.06318],[21.92061,47.06296],[21.92046,47.06275],[21.92026,47.06252],[21.91977,47.06196],[21.9195,47.06166],[21.91923,47.06136],[21.91886,47.06094],[21.91858,47.06061],[21.91832,47.06028],[21.91804,47.05996],[21.91778,47.05962],[21.91764,47.05947],[21.91757,47.0594],[21.91751,47.0593],[21.91742,47.05915],[21.91736,47.05893],[21.91735,47.05869],[21.91734,47.05844],[21.91733,47.05788],[21.91728,47.05736],[21.91723,47.05711],[21.91719,47.05687],[21.91717,47.05673],[21.91712,47.05659],[21.91705,47.05643],[21.91696,47.05626],[21.91695,47.05619],[21.91695,47.05614],[21.91698,47.05608],[21.91703,47.05605],[21.91715,47.05595],[21.91724,47.05589],[21.91737,47.0558],[21.9175,47.05573],[21.91757,47.05567],[21.91764,47.05558],[21.9177,47.05548],[21.91775,47.05544],[21.91786,47.0554],[21.91809,47.05535],[21.91833,47.05535],[21.91853,47.05535],[21.91872,47.05532],[21.91906,47.05528],[21.91935,47.05521],[21.92006,47.05507],[21.92085,47.05492],[21.92126,47.05484],[21.92157,47.05479],[21.92168,47.05478],[21.92229,47.05476],[21.92253,47.05475],[21.92297,47.05474],[21.92326,47.05471],[21.92405,47.05462],[21.92512,47.05438],[21.92594,47.05419],[21.92637,47.0541],[21.92698,47.05396],[21.92733,47.05387],[21.92802,47.05372],[21.92852,47.05361],[21.92884,47.0535],[21.92911,47.05346],[21.9293,47.05343],[21.92975,47.05332],[21.93042,47.05318],[21.93107,47.05304],[21.9318,47.05288],[21.93216,47.0528],[21.93234,47.05276],[21.93242,47.05275],[21.93248,47.05277],[21.93259,47.05292],[21.9327,47.05313],[21.93282,47.05333]]},"properties":{"line":"42","dir":"1","mode":"bus"}},{"type":"Feature","geometry":{"type":"LineString","coordinates":[[21.94916,47.05472],[21.9488,47.05462],[21.94863,47.05459],[21.94844,47.05458],[21.94832,47.05459],[21.94822,47.05461],[21.94769,47.05471],[21.94685,47.05488],[21.94602,47.05505],[21.94527,47.0552],[21.94447,47.05535],[21.9432,47.05562],[21.94303,47.0557],[21.94288,47.05569],[21.94281,47.0557],[21.94274,47.05572],[21.94265,47.05578],[21.94257,47.05582],[21.94243,47.05582],[21.94231,47.05582],[21.94214,47.05585],[21.94191,47.05589],[21.9417,47.05593],[21.94138,47.05598],[21.94089,47.05608],[21.9405,47.05616],[21.94036,47.0562],[21.94024,47.05624],[21.94018,47.05628],[21.94015,47.05634],[21.94015,47.05641],[21.94012,47.05654],[21.94012,47.05674],[21.94011,47.057],[21.94014,47.05766],[21.94018,47.05829],[21.94018,47.0585],[21.94019,47.05874],[21.94024,47.05884],[21.94037,47.05893],[21.94039,47.05902],[21.94037,47.05909],[21.94031,47.05915],[21.94023,47.05919],[21.94013,47.0592],[21.94007,47.05917],[21.94002,47.05911],[21.94004,47.05901],[21.94005,47.05886],[21.94007,47.05855],[21.94005,47.05832],[21.94002,47.05785],[21.94001,47.05758],[21.93999,47.05728],[21.93994,47.05699],[21.93983,47.05655],[21.93981,47.0562],[21.9398,47.05585],[21.93974,47.0555],[21.93972,47.05532],[21.93972,47.05522],[21.9397,47.05509],[21.93967,47.05498],[21.93951,47.0549],[21.93931,47.05483],[21.93915,47.05475],[21.93898,47.05459],[21.93891,47.05446],[21.93873,47.05406],[21.93872,47.05399],[21.93869,47.05388],[21.93863,47.05385],[21.93855,47.05383],[21.93844,47.05382],[21.93834,47.05384],[21.93758,47.05393],[21.93694,47.054],[21.93588,47.05411],[21.93532,47.05418],[21.93396,47.05438],[21.93328,47.0545],[21.93264,47.05466],[21.931,47.05497],[21.93011,47.05513],[21.92975,47.05526],[21.92941,47.05543],[21.92907,47.0556],[21.92876,47.05577],[21.9286,47.05585],[21.92855,47.05586],[21.92849,47.05586],[21.92837,47.05583],[21.92826,47.05578],[21.92822,47.05568],[21.92816,47.0556],[21.92811,47.05554],[21.92804,47.05549],[21.92705,47.05568],[21.9265,47.05579],[21.92609,47.05589],[21.92572,47.05595],[21.92538,47.05602],[21.92511,47.05608],[21.9248,47.05616],[21.92454,47.05634],[21.9243,47.0565],[21.92407,47.05664],[21.92391,47.05674],[21.92376,47.05681],[21.92345,47.05686],[21.92315,47.05687],[21.92267,47.05684],[21.92092,47.05668],[21.9198,47.05658],[21.91794,47.05624],[21.91758,47.05621],[21.91748,47.05628],[21.91727,47.05637],[21.91708,47.05638],[21.91692,47.05632],[21.91681,47.0561],[21.91659,47.05587],[21.91628,47.05567],[21.91539,47.05534],[21.91499,47.05519],[21.91426,47.05495],[21.91351,47.05472],[21.91189,47.05419],[21.91092,47.05388],[21.90997,47.05358],[21.90881,47.05322],[21.90819,47.05303],[21.90778,47.0529],[21.90763,47.05284],[21.90747,47.05281],[21.90732,47.0528],[21.90716,47.05282],[21.90709,47.05284],[21.90695,47.05288],[21.90676,47.05289],[21.90671,47.05289],[21.90664,47.05287],[21.9066,47.05284],[21.90656,47.05279],[21.90653,47.05272],[21.90649,47.05265],[21.90639,47.05244],[21.90617,47.05205],[21.90587,47.05167],[21.90578,47.0516],[21.90575,47.05157],[21.90552,47.05123],[21.9054,47.05105],[21.90525,47.05082],[21.9051,47.0506],[21.90493,47.0503],[21.90482,47.04995],[21.90476,47.0499],[21.90473,47.04984],[21.90472,47.04975],[21.9047,47.04966],[21.90464,47.04951],[21.90454,47.04928],[21.90448,47.04914],[21.9044,47.04897],[21.90433,47.04864],[21.90415,47.04821],[21.90399,47.04778],[21.90388,47.04752],[21.90382,47.04738],[21.90374,47.04726],[21.90365,47.04716],[21.90355,47.04709],[21.90344,47.04701],[21.90332,47.04694],[21.90305,47.04683],[21.90268,47.04668],[21.90244,47.04661],[21.9022,47.04657],[21.90198,47.04656],[21.90177,47.04659],[21.90132,47.04665],[21.90048,47.04675],[21.89929,47.04686],[21.89799,47.04702],[21.89735,47.04711],[21.89672,47.04723],[21.89582,47.04744],[21.89496,47.04766],[21.89407,47.04787],[21.89345,47.04802],[21.8933,47.04807],[21.89322,47.04813],[21.89291,47.04816],[21.89256,47.04822],[21.89166,47.04848],[21.88982,47.04894],[21.88837,47.0493],[21.88757,47.0495],[21.88692,47.04969],[21.88671,47.04979],[21.8866,47.04987],[21.88654,47.04995],[21.8864,47.05001],[21.88626,47.05003],[21.8861,47.04997],[21.88594,47.04983],[21.88561,47.04985],[21.88528,47.04993],[21.88441,47.05014],[21.88355,47.05034],[21.88267,47.05056],[21.88183,47.05077],[21.88139,47.05087],[21.88097,47.05094],[21.88057,47.05105],[21.88031,47.05111],[21.88019,47.05114],[21.88013,47.0511],[21.87981,47.05054],[21.87969,47.0503],[21.87954,47.05007],[21.87949,47.04995],[21.87954,47.04994]]},"properties":{"line":"43","dir":"0","mode":"bus"}},{"type":"Feature","geometry":{"type":"LineString","coordinates":[[21.87954,47.04994],[21.88012,47.05112],[21.88194,47.05066],[21.88399,47.05017],[21.88559,47.04981],[21.88623,47.04965],[21.88675,47.04946],[21.88763,47.04923],[21.88859,47.049],[21.88951,47.04879],[21.8905,47.04856],[21.89133,47.04831],[21.89169,47.0483],[21.89184,47.04828],[21.892,47.04824],[21.89341,47.04791],[21.89511,47.04749],[21.89645,47.04717],[21.89737,47.04699],[21.8981,47.04686],[21.89878,47.04673],[21.8996,47.04662],[21.9,47.04655],[21.9004,47.04648],[21.9014,47.04633],[21.9025,47.04616],[21.90304,47.04608],[21.90322,47.04595],[21.90332,47.04591],[21.90342,47.04589],[21.90355,47.04589],[21.90368,47.04593],[21.90376,47.046],[21.90383,47.0461],[21.90384,47.04622],[21.90371,47.04638],[21.90369,47.04654],[21.9038,47.04684],[21.90394,47.04718],[21.90407,47.0475],[21.90442,47.04821],[21.90456,47.04857],[21.90467,47.04881],[21.90476,47.04894],[21.90475,47.04903],[21.90488,47.04947],[21.90498,47.04969],[21.90505,47.04977],[21.90504,47.04985],[21.90511,47.05005],[21.9053,47.05047],[21.90554,47.05084],[21.90588,47.05131],[21.90615,47.05161],[21.90638,47.05183],[21.9067,47.05203],[21.9069,47.05205],[21.90695,47.05213],[21.90722,47.0523],[21.90726,47.05241],[21.90731,47.05256],[21.90751,47.0527],[21.90804,47.0529],[21.91052,47.05367],[21.91176,47.05405],[21.91326,47.05454],[21.91511,47.05514],[21.91586,47.05539],[21.9161,47.05544],[21.91645,47.05556],[21.91674,47.05566],[21.91705,47.05575],[21.91738,47.05582],[21.91757,47.05567],[21.91776,47.05548],[21.91789,47.05538],[21.91809,47.05535],[21.91833,47.05535],[21.91853,47.05535],[21.91872,47.05532],[21.91906,47.05528],[21.91935,47.05521],[21.92006,47.05507],[21.92085,47.05492],[21.92126,47.05484],[21.92157,47.05479],[21.92168,47.05478],[21.92229,47.05476],[21.92253,47.05475],[21.92297,47.05474],[21.92326,47.05471],[21.92405,47.05462],[21.92512,47.05438],[21.92594,47.05419],[21.92637,47.0541],[21.92698,47.05396],[21.92733,47.05387],[21.92802,47.05372],[21.92852,47.05361],[21.92884,47.0535],[21.92911,47.05346],[21.9293,47.05343],[21.92975,47.05332],[21.93042,47.05318],[21.93107,47.05304],[21.9318,47.05288],[21.93216,47.0528],[21.93234,47.05276],[21.93242,47.05275],[21.93248,47.05277],[21.93259,47.05292],[21.9327,47.05313],[21.93282,47.05334],[21.93305,47.0538],[21.9332,47.05408],[21.93335,47.05433],[21.93342,47.05439],[21.93371,47.05435],[21.93458,47.05423],[21.93545,47.05413],[21.93649,47.05396],[21.93836,47.05374],[21.93885,47.05379],[21.93928,47.05376],[21.93958,47.05379],[21.93972,47.05391],[21.93982,47.05404],[21.93995,47.05461],[21.94005,47.05563],[21.94007,47.05585],[21.94009,47.05597],[21.94012,47.05601],[21.94015,47.05603],[21.9402,47.05605],[21.94026,47.05606],[21.94034,47.05606],[21.94041,47.05605],[21.9405,47.05604],[21.94187,47.05579],[21.94221,47.05574],[21.94235,47.05572],[21.94246,47.05571],[21.94253,47.0557],[21.9426,47.05569],[21.94324,47.05557],[21.94362,47.0555],[21.94472,47.05528],[21.94628,47.05496],[21.94773,47.05467],[21.94829,47.05456],[21.94841,47.05455],[21.94852,47.05455],[21.94862,47.05455],[21.94871,47.05457],[21.94894,47.05461],[21.94923,47.05465]]},"properties":{"line":"43","dir":"1","mode":"bus"}},{"type":"Feature","geometry":{"type":"LineString","coordinates":[[21.95505,47.02921],[21.95507,47.0291],[21.95521,47.02899],[21.95534,47.02887],[21.95546,47.02876],[21.95607,47.02902],[21.95626,47.0288],[21.95651,47.02852],[21.95666,47.02831],[21.95686,47.02808],[21.95733,47.0275],[21.95775,47.02696],[21.95806,47.02656],[21.95814,47.02641],[21.95817,47.02624],[21.95816,47.02611],[21.95817,47.02601],[21.95824,47.02593],[21.95837,47.02586],[21.9585,47.02582],[21.95882,47.02558],[21.95892,47.02549],[21.95958,47.02462],[21.96022,47.02381],[21.96083,47.02301],[21.96117,47.02253],[21.96149,47.02208],[21.96207,47.02119],[21.96226,47.02089],[21.96244,47.02058],[21.96258,47.02032],[21.96272,47.02001],[21.96285,47.01966],[21.96313,47.01887],[21.96339,47.01803],[21.96364,47.01723],[21.96376,47.01683],[21.96406,47.0161],[21.96416,47.01591],[21.96421,47.01575],[21.96429,47.01558],[21.96435,47.01544],[21.96431,47.01536],[21.96428,47.01529],[21.96432,47.01521],[21.96441,47.01515],[21.96451,47.01512],[21.96467,47.0149],[21.96479,47.01475],[21.9649,47.01458],[21.96492,47.01443],[21.96516,47.01416],[21.96562,47.01343],[21.96609,47.0127],[21.96651,47.01207],[21.96702,47.01128],[21.96738,47.01074],[21.96784,47.01004],[21.96813,47.00964],[21.96836,47.00933],[21.9686,47.00903],[21.96874,47.00885],[21.96891,47.0087],[21.96912,47.00853],[21.96942,47.00835],[21.96964,47.00825],[21.96999,47.00811],[21.97036,47.00797],[21.97072,47.00784],[21.971,47.00773],[21.97126,47.00763],[21.9715,47.00753],[21.97183,47.00736],[21.97207,47.00715],[21.97256,47.0069],[21.97315,47.0065],[21.97357,47.00621],[21.97422,47.00578],[21.97466,47.00551],[21.97521,47.00522],[21.97603,47.00483],[21.97637,47.00462],[21.97663,47.00455],[21.97756,47.00411],[21.97781,47.004],[21.97804,47.00388],[21.97826,47.00375],[21.97863,47.0035],[21.98,47.0024],[21.98038,47.00208],[21.98069,47.00178],[21.98088,47.00153],[21.98094,47.00134],[21.98095,47.00117],[21.98094,47.00092],[21.98086,47.00067],[21.98075,47.0005],[21.98055,47.00028],[21.9798,46.99974],[21.97964,46.99958],[21.97953,46.99938],[21.97937,46.99811],[21.9791,46.99694],[21.97908,46.99674],[21.97909,46.99666],[21.97914,46.99658],[21.97915,46.99646],[21.97894,46.9963],[21.97888,46.9962],[21.97876,46.99594],[21.97811,46.99482],[21.97806,46.99468],[21.97783,46.99429],[21.97753,46.99374],[21.97696,46.99268],[21.97659,46.99196],[21.97648,46.99181],[21.97642,46.99167],[21.9764,46.99154],[21.97648,46.99144],[21.97649,46.99129],[21.97613,46.9907],[21.97566,46.9901],[21.97539,46.98979],[21.97541,46.9895],[21.97569,46.98879],[21.9761,46.98783],[21.9761,46.98758],[21.97619,46.98746],[21.97633,46.98744],[21.97641,46.98752],[21.97643,46.98759],[21.97637,46.98773]]},"properties":{"line":"511","dir":"0","mode":"bus"}},{"type":"Feature","geometry":{"type":"LineString","coordinates":[[21.97637,46.98773],[21.97615,46.98771],[21.9761,46.98764],[21.97613,46.98753],[21.97623,46.98746],[21.97635,46.98745],[21.9766,46.98683],[21.97693,46.98601],[21.97701,46.98592],[21.97716,46.98593],[21.97747,46.98598],[21.97863,46.98621],[21.9798,46.98646],[21.98003,46.98652],[21.9803,46.98668],[21.9809,46.98706],[21.98188,46.98766],[21.98208,46.9878],[21.98352,46.98665],[21.98439,46.98595],[21.98477,46.98566],[21.98499,46.98554],[21.98522,46.98549],[21.98533,46.98545],[21.9855,46.98543],[21.98551,46.98587],[21.9855,46.98627],[21.98552,46.98669],[21.98545,46.98711],[21.98531,46.98755],[21.98519,46.98777],[21.98505,46.98797],[21.98473,46.98845],[21.98443,46.98891],[21.98417,46.98936],[21.98395,46.98979],[21.98376,46.99066],[21.98339,46.99237],[21.98338,46.99248],[21.98318,46.99336],[21.98305,46.99396],[21.983,46.99439],[21.98301,46.99497],[21.98301,46.99516],[21.98298,46.99536],[21.98289,46.99556],[21.98273,46.99572],[21.98253,46.99585],[21.98233,46.99594],[21.98211,46.99601],[21.98173,46.99607],[21.98111,46.99618],[21.97972,46.99643],[21.97956,46.99655],[21.97952,46.99661],[21.97946,46.99666],[21.97936,46.99669],[21.97917,46.9968],[21.97916,46.99691],[21.97919,46.99704],[21.97936,46.99776],[21.97946,46.99819],[21.97952,46.99874],[21.97958,46.99921],[21.97962,46.99944],[21.97976,46.99964],[21.98002,46.99984],[21.9803,47],[21.98051,47.00017],[21.98071,47.00035],[21.98088,47.00055],[21.98099,47.00082],[21.98104,47.0011],[21.98101,47.00133],[21.98093,47.00157],[21.98077,47.0018],[21.98041,47.00213],[21.97993,47.00253],[21.97898,47.00331],[21.97834,47.00377],[21.9779,47.00401],[21.97698,47.00444],[21.97601,47.0049],[21.97547,47.00517],[21.97534,47.00529],[21.97477,47.0055],[21.97439,47.00572],[21.97405,47.00595],[21.97346,47.00635],[21.97232,47.00712],[21.97215,47.00719],[21.97198,47.00732],[21.97182,47.00742],[21.97136,47.00764],[21.97082,47.00785],[21.97015,47.00809],[21.96954,47.00836],[21.96935,47.00847],[21.96915,47.0086],[21.96887,47.00885],[21.96854,47.00924],[21.96822,47.00967],[21.96794,47.01006],[21.96772,47.0104],[21.96767,47.01056],[21.96752,47.01078],[21.96695,47.01167],[21.96642,47.0125],[21.96584,47.01333],[21.96532,47.01414],[21.96506,47.01455],[21.9648,47.01503],[21.96473,47.01519],[21.96477,47.01527],[21.96476,47.01536],[21.96466,47.01543],[21.96458,47.01545],[21.96451,47.01549],[21.96436,47.01574],[21.96422,47.01593],[21.96426,47.0161],[21.96411,47.01615],[21.96378,47.01699],[21.9634,47.0182],[21.963,47.01944],[21.96283,47.0199],[21.96262,47.02036],[21.96242,47.02073],[21.96218,47.02112],[21.96168,47.0219],[21.96125,47.02253],[21.96077,47.02318],[21.95979,47.02446],[21.95904,47.02543],[21.95893,47.02558],[21.95881,47.02595],[21.95886,47.02605],[21.95886,47.02615],[21.95878,47.02623],[21.95867,47.0263],[21.95851,47.02633],[21.95804,47.02667],[21.95737,47.02754],[21.95657,47.0285],[21.95611,47.02906],[21.95546,47.02878],[21.9553,47.0289],[21.9558,47.02916],[21.95556,47.02936],[21.9552,47.02918],[21.95505,47.02921]]},"properties":{"line":"511","dir":"1","mode":"bus"}},{"type":"Feature","geometry":{"type":"LineString","coordinates":[[21.95505,47.02921],[21.95507,47.0291],[21.95521,47.02899],[21.95534,47.02887],[21.95546,47.02876],[21.95607,47.02902],[21.95626,47.0288],[21.95651,47.02852],[21.95666,47.02831],[21.95686,47.02808],[21.95733,47.0275],[21.95775,47.02696],[21.95806,47.02656],[21.95814,47.02641],[21.95817,47.02624],[21.95816,47.02611],[21.95817,47.02601],[21.95824,47.02593],[21.95837,47.02586],[21.9585,47.02582],[21.95882,47.02558],[21.95892,47.02549],[21.95958,47.02462],[21.96022,47.02381],[21.96083,47.02301],[21.96117,47.02253],[21.96149,47.02208],[21.96207,47.02119],[21.96226,47.02089],[21.96244,47.02058],[21.96258,47.02032],[21.96272,47.02001],[21.96285,47.01966],[21.96313,47.01887],[21.96339,47.01803],[21.96364,47.01723],[21.96376,47.01683],[21.96406,47.0161],[21.96416,47.01591],[21.96421,47.01575],[21.96429,47.01558],[21.96435,47.01544],[21.96431,47.01536],[21.96428,47.01529],[21.96432,47.01521],[21.96441,47.01515],[21.96451,47.01512],[21.96467,47.0149],[21.96479,47.01475],[21.9649,47.01458],[21.96492,47.01443],[21.96516,47.01416],[21.96562,47.01343],[21.96609,47.0127],[21.96651,47.01207],[21.96702,47.01128],[21.96738,47.01074],[21.96784,47.01004],[21.96813,47.00964],[21.96836,47.00933],[21.9686,47.00903],[21.96874,47.00885],[21.96891,47.0087],[21.96912,47.00853],[21.96942,47.00835],[21.96964,47.00825],[21.96999,47.00811],[21.97036,47.00797],[21.97072,47.00784],[21.971,47.00773],[21.97126,47.00763],[21.9715,47.00753],[21.97183,47.00736],[21.97207,47.00715],[21.97256,47.0069],[21.97315,47.0065],[21.97357,47.00621],[21.97422,47.00578],[21.97466,47.00551],[21.97521,47.00522],[21.97603,47.00483],[21.97637,47.00462],[21.9767,47.00451],[21.97731,47.00422],[21.97767,47.00404],[21.97805,47.00384],[21.97832,47.00367],[21.9786,47.00347],[21.97914,47.00303],[21.97991,47.00241],[21.98007,47.00227],[21.9803,47.00217],[21.98046,47.00211],[21.98061,47.00201],[21.98083,47.00184],[21.98114,47.00162],[21.98133,47.00153],[21.98157,47.00143],[21.98184,47.00136],[21.98214,47.0013],[21.98249,47.00131],[21.98463,47.00125],[21.98542,47.00122],[21.98711,47.0012],[21.9874,47.00119],[21.98767,47.00119],[21.98846,47.00118],[21.98872,47.00118],[21.98914,47.00114],[21.98945,47.00107],[21.98964,47.001],[21.98979,47.00092],[21.98991,47.00082],[21.99009,47.00067],[21.99015,47.00051],[21.99028,47.00045],[21.99099,46.99968],[21.99128,46.99946],[21.99168,46.99922],[21.99225,46.9989],[21.99357,46.99818],[21.99398,46.99799],[21.99441,46.99781],[21.99515,46.99754],[21.99561,46.99739],[21.99587,46.99731],[21.99623,46.99724],[21.99699,46.99713],[21.99763,46.99705],[21.99859,46.99692],[21.99925,46.99685],[21.99921,46.99671],[21.99925,46.99662],[21.99942,46.99653]]},"properties":{"line":"512","dir":"0","mode":"bus"}},{"type":"Feature","geometry":{"type":"LineString","coordinates":[[21.99942,46.99653],[21.99955,46.99655],[21.99953,46.99669],[21.99951,46.99676],[21.99952,46.99686],[21.9994,46.99687],[21.99921,46.99689],[21.99888,46.99694],[21.99839,46.99699],[21.998,46.99703],[21.9974,46.99711],[21.99651,46.99724],[21.99617,46.99729],[21.99574,46.99738],[21.99547,46.99747],[21.99512,46.99759],[21.99482,46.9977],[21.99449,46.99783],[21.99413,46.99797],[21.99386,46.99809],[21.99365,46.99819],[21.99331,46.99837],[21.99269,46.99871],[21.99194,46.99913],[21.99159,46.99932],[21.99137,46.99946],[21.99126,46.99953],[21.99112,46.99966],[21.99092,46.99984],[21.99078,47.00001],[21.9906,47.00019],[21.99009,47.00075],[21.98989,47.0009],[21.99012,47.00096],[21.99018,47.00143],[21.99012,47.00153],[21.99022,47.00166],[21.99025,47.00181],[21.99031,47.00223],[21.99035,47.00241],[21.99033,47.00261],[21.99009,47.00304],[21.98992,47.00317],[21.98968,47.00326],[21.9895,47.00336],[21.98938,47.00343],[21.98929,47.00352],[21.98931,47.00368],[21.98942,47.00388],[21.98982,47.00418],[21.99011,47.00436],[21.99031,47.00443],[21.99049,47.00445],[21.99069,47.00451],[21.9913,47.00463],[21.99148,47.00464],[21.99167,47.00463],[21.99213,47.00455],[21.99244,47.0045],[21.99315,47.00429],[21.99374,47.00409],[21.99415,47.00393],[21.99444,47.00377],[21.99469,47.0036],[21.99593,47.00272],[21.99641,47.00238],[21.99664,47.00216],[21.99678,47.00211],[21.99799,47.00123],[21.99922,47.00036],[22.00031,46.99963],[22.00076,46.9993],[22.00106,46.99912],[22.0012,46.9991],[22.00143,46.99917],[22.00193,46.99943],[22.00233,46.99971],[22.00255,46.99991],[22.00283,47.00002],[22.00314,47.0001],[22.00328,47.0002],[22.00344,47.00024],[22.00368,47.00027],[22.00393,47.00026],[22.00425,47.00028],[22.00484,47.00039],[22.00528,47.00051],[22.00595,47.00064],[22.00626,47.00067],[22.00643,47.00063],[22.0066,47.00044],[22.00669,47.00028],[22.00677,47.00025],[22.00666,47.00044],[22.00642,47.00065],[22.00622,47.00069],[22.0058,47.00064],[22.00522,47.00051],[22.00461,47.00036],[22.00403,47.00028],[22.00366,47.00028],[22.00335,47.00025],[22.00314,47.00012],[22.00285,47.00005],[22.0026,46.99996],[22.00244,46.99986],[22.00212,46.99959],[22.00171,46.99933],[22.00141,46.99919],[22.00125,46.99915],[22.00114,46.99913],[22.00101,46.99918],[21.99876,47.00072],[21.99766,47.0015],[21.99713,47.00188],[21.99667,47.00227],[21.99647,47.00235],[21.99552,47.00304],[21.99442,47.00381],[21.99388,47.00406],[21.99349,47.0042],[21.99305,47.00433],[21.99244,47.00452],[21.9922,47.00456],[21.99174,47.00464],[21.99152,47.00465],[21.99126,47.00463],[21.99098,47.00459],[21.99044,47.0045],[21.9902,47.00443],[21.99001,47.00433],[21.98957,47.00405],[21.98937,47.00388],[21.9893,47.00372],[21.98925,47.00357],[21.98929,47.00348],[21.98944,47.00337],[21.98965,47.00324],[21.98987,47.00316],[21.99002,47.00305],[21.99011,47.00295],[21.99029,47.00264],[21.99032,47.00242],[21.99025,47.00189],[21.9902,47.00168],[21.99008,47.00154],[21.98971,47.00139],[21.98943,47.00129],[21.98923,47.00118],[21.98889,47.00122],[21.98681,47.00125],[21.98538,47.00126],[21.98409,47.00131],[21.98246,47.00136],[21.98196,47.0014],[21.98148,47.00153],[21.98112,47.00175],[21.98065,47.00214],[21.98001,47.00249],[21.97841,47.00376],[21.97534,47.00529],[21.97477,47.0055],[21.97439,47.00572],[21.97405,47.00595],[21.97346,47.00635],[21.97232,47.00712],[21.97215,47.00719],[21.97198,47.00732],[21.97182,47.00742],[21.97136,47.00764],[21.97082,47.00785],[21.97015,47.00809],[21.96954,47.00836],[21.96935,47.00847],[21.96915,47.0086],[21.96887,47.00885],[21.96854,47.00924],[21.96822,47.00967],[21.96794,47.01006],[21.96772,47.0104],[21.96767,47.01056],[21.96752,47.01078],[21.96695,47.01167],[21.96642,47.0125],[21.96584,47.01333],[21.96532,47.01414],[21.96506,47.01455],[21.9648,47.01503],[21.96473,47.01519],[21.96477,47.01527],[21.96476,47.01536],[21.96466,47.01543],[21.96458,47.01545],[21.96451,47.01549],[21.96436,47.01574],[21.96422,47.01593],[21.96426,47.0161],[21.96411,47.01615],[21.96378,47.01699],[21.9634,47.0182],[21.963,47.01944],[21.96283,47.0199],[21.96262,47.02036],[21.96242,47.02073],[21.96218,47.02112],[21.96168,47.0219],[21.96125,47.02253],[21.96077,47.02318],[21.95979,47.02446],[21.95904,47.02543],[21.95893,47.02558],[21.95881,47.02595],[21.95886,47.02605],[21.95886,47.02615],[21.95878,47.02623],[21.95867,47.0263],[21.95851,47.02633],[21.95804,47.02667],[21.95737,47.02754],[21.95657,47.0285],[21.95611,47.02906],[21.95546,47.02878],[21.9553,47.0289],[21.9558,47.02916],[21.95556,47.02936],[21.9552,47.02918],[21.95505,47.02921]]},"properties":{"line":"512","dir":"1","mode":"bus"}},{"type":"Feature","geometry":{"type":"LineString","coordinates":[[21.95505,47.02921],[21.95507,47.0291],[21.95547,47.02876],[21.95607,47.02903],[21.95616,47.02892],[21.95652,47.02848],[21.95663,47.02835],[21.95694,47.02797],[21.95746,47.02731],[21.95789,47.02677],[21.95808,47.02653],[21.95818,47.02627],[21.95818,47.02618],[21.95816,47.02606],[21.95819,47.02597],[21.95827,47.0259],[21.95846,47.02584],[21.9587,47.02567],[21.9589,47.02552],[21.9591,47.02527],[21.95943,47.02482],[21.96038,47.02361],[21.96087,47.02296],[21.96142,47.02219],[21.9619,47.02147],[21.9623,47.02081],[21.96252,47.02041],[21.96272,47.02],[21.96288,47.01958],[21.96302,47.01917],[21.96337,47.01809],[21.9636,47.01737],[21.96371,47.017],[21.96385,47.01663],[21.96396,47.01631],[21.96411,47.016],[21.96425,47.01567],[21.96436,47.01541],[21.96429,47.01533],[21.9643,47.01523],[21.96437,47.01517],[21.9645,47.01513],[21.96474,47.01481],[21.9649,47.01459],[21.96503,47.01436],[21.9656,47.01346],[21.9667,47.01177],[21.96731,47.01084],[21.96762,47.01038],[21.96791,47.00993],[21.9682,47.00953],[21.9685,47.00913],[21.96878,47.00882],[21.96903,47.00858],[21.96941,47.00836],[21.96977,47.0082],[21.97015,47.00805],[21.97119,47.00766],[21.97152,47.00751],[21.9718,47.00738],[21.97209,47.0072],[21.97294,47.00664],[21.97376,47.00608],[21.97416,47.00581],[21.97458,47.00555],[21.97493,47.00537],[21.9753,47.00519],[21.97603,47.00482],[21.97637,47.00462],[21.97709,47.00433],[21.97765,47.00405],[21.97812,47.00379],[21.97846,47.00357],[21.97871,47.00338],[21.97987,47.00244],[21.98036,47.00204],[21.98053,47.00188],[21.98068,47.00173],[21.9808,47.00159],[21.98086,47.00145],[21.98093,47.00125],[21.98093,47.00095],[21.98083,47.00072],[21.98072,47.00054],[21.98055,47.00034],[21.98044,47.00022],[21.98027,47.0001],[21.97992,46.99986],[21.97974,46.99975],[21.97962,46.99962],[21.97953,46.9995],[21.97948,46.99935],[21.97946,46.99918],[21.97939,46.99869],[21.97932,46.99816],[21.97917,46.99747],[21.9791,46.99716],[21.97907,46.99691],[21.97908,46.99682],[21.97909,46.99668],[21.97915,46.99656],[21.97915,46.99649],[21.97921,46.99644],[21.97938,46.99643],[21.97951,46.99642],[21.97969,46.99638],[21.98029,46.99626],[21.98061,46.9962],[21.98094,46.99615],[21.98193,46.996],[21.98213,46.99596],[21.98229,46.9959],[21.98247,46.99583],[21.98257,46.99577],[21.98268,46.99568],[21.98276,46.99561],[21.98289,46.99536],[21.98292,46.99499],[21.98295,46.99436],[21.98296,46.99408],[21.98302,46.9938],[21.98314,46.99323],[21.98339,46.99237],[21.98352,46.9916],[21.98372,46.99071],[21.98388,46.9899],[21.98394,46.98971],[21.98417,46.98927],[21.98425,46.98915],[21.98467,46.98851],[21.98498,46.98802],[21.98517,46.98774],[21.98528,46.98753],[21.98537,46.98731],[21.98542,46.9871],[21.98549,46.98666],[21.98545,46.98581],[21.98545,46.98546],[21.98546,46.98518],[21.9855,46.98488],[21.98554,46.98469],[21.9856,46.98453],[21.98572,46.98422],[21.98592,46.98385],[21.98627,46.98317],[21.98636,46.98294],[21.98642,46.98269],[21.98647,46.98253],[21.98648,46.98236],[21.98648,46.98203],[21.98645,46.98165],[21.98628,46.98157],[21.98602,46.98137],[21.98592,46.98127],[21.9858,46.98111],[21.98567,46.98095],[21.98532,46.98071],[21.98507,46.98055],[21.9848,46.9804],[21.98452,46.98034],[21.98396,46.9803],[21.98361,46.98025],[21.98338,46.98019],[21.98319,46.98016],[21.98293,46.98015],[21.98271,46.98017],[21.9825,46.98023],[21.9823,46.9803],[21.98177,46.98056],[21.98137,46.98074],[21.98112,46.98081],[21.98089,46.98085],[21.98068,46.98083],[21.98051,46.98078],[21.98035,46.98068],[21.98019,46.98057],[21.9799,46.98031],[21.97975,46.98018],[21.97963,46.98006],[21.97936,46.97977],[21.9791,46.97959],[21.97885,46.97941],[21.97857,46.97924],[21.97829,46.97899],[21.9778,46.97846],[21.97729,46.97793],[21.97664,46.97723],[21.97599,46.97652],[21.97574,46.97625],[21.97549,46.97599],[21.97536,46.97586],[21.97505,46.97565],[21.97438,46.97524],[21.97414,46.97509],[21.97393,46.97495],[21.9735,46.97458],[21.9733,46.9744],[21.97319,46.97428],[21.97312,46.97416],[21.97305,46.97396],[21.97299,46.97364],[21.97294,46.97338],[21.97293,46.97313],[21.97303,46.97238],[21.97309,46.97205],[21.9732,46.97163],[21.97337,46.97115],[21.97372,46.97033],[21.97387,46.96993],[21.97398,46.96957],[21.97444,46.96793],[21.97463,46.96719],[21.97471,46.9669],[21.97472,46.96664],[21.9747,46.96644],[21.97463,46.96627],[21.97458,46.96612],[21.97461,46.9659],[21.97472,46.96563],[21.97485,46.96531],[21.9749,46.96515],[21.97495,46.96503],[21.97557,46.96505],[21.976,46.96508],[21.97633,46.96508],[21.97655,46.96503],[21.97669,46.96498],[21.97715,46.96468],[21.9776,46.96431],[21.97812,46.96374],[21.97829,46.96355],[21.97842,46.96334],[21.9787,46.96302],[21.9789,46.96248],[21.97912,46.9619],[21.97941,46.96161],[21.97988,46.96129],[21.98065,46.96077],[21.98092,46.9606],[21.98152,46.96],[21.98182,46.95971],[21.98208,46.95942],[21.98238,46.95906],[21.98261,46.95878],[21.98226,46.95845],[21.98209,46.95827],[21.98193,46.95821],[21.98175,46.95821],[21.98114,46.95832],[21.98083,46.95838],[21.98025,46.95848],[21.97944,46.95873],[21.97901,46.95888],[21.97884,46.95898],[21.97866,46.95913],[21.97784,46.95989],[21.97711,46.96058],[21.97673,46.96086],[21.97643,46.96106],[21.97624,46.96118],[21.97609,46.96135],[21.976,46.96148],[21.976,46.96159],[21.97589,46.96184],[21.97587,46.96192],[21.97581,46.96201],[21.97571,46.96213],[21.97534,46.96241],[21.97508,46.96274],[21.97499,46.96292],[21.97464,46.96374],[21.97492,46.9646],[21.97495,46.96482]]},"properties":{"line":"513","dir":"0","mode":"bus"}},{"type":"Feature","geometry":{"type":"LineString","coordinates":[[21.97495,46.96482],[21.97496,46.96495],[21.97499,46.96506],[21.97494,46.96525],[21.97487,46.9654],[21.97481,46.96555],[21.97475,46.9657],[21.97468,46.96587],[21.97464,46.96601],[21.97465,46.96613],[21.97469,46.96624],[21.97476,46.96647],[21.97478,46.96665],[21.97477,46.96689],[21.97473,46.9671],[21.97466,46.9673],[21.97459,46.96755],[21.97439,46.96832],[21.97415,46.96921],[21.97391,46.96996],[21.97371,46.97049],[21.97358,46.97079],[21.97356,46.97098],[21.9734,46.97121],[21.97328,46.97158],[21.97318,46.9719],[21.97312,46.97219],[21.97306,46.97266],[21.97299,46.9731],[21.97298,46.97334],[21.97308,46.97377],[21.97313,46.97405],[21.97319,46.97418],[21.97335,46.97439],[21.97362,46.97462],[21.97384,46.97482],[21.97401,46.97495],[21.97459,46.97532],[21.97501,46.97557],[21.97542,46.97585],[21.97564,46.97607],[21.9762,46.97668],[21.97648,46.97698],[21.9768,46.97732],[21.97767,46.97826],[21.97801,46.97863],[21.97836,46.97899],[21.97848,46.9791],[21.97872,46.97928],[21.97899,46.97945],[21.9792,46.9796],[21.97937,46.97973],[21.97946,46.97982],[21.97969,46.98005],[21.97994,46.9803],[21.98009,46.98041],[21.98021,46.98052],[21.9804,46.98065],[21.98048,46.98072],[21.98061,46.98077],[21.98073,46.9808],[21.98088,46.98081],[21.98101,46.98079],[21.98121,46.98075],[21.98174,46.98053],[21.98213,46.98033],[21.98254,46.98018],[21.98275,46.98013],[21.98297,46.98011],[21.98324,46.98013],[21.98347,46.98017],[21.98366,46.98022],[21.98379,46.98024],[21.98395,46.98026],[21.98416,46.98027],[21.98442,46.98029],[21.98464,46.98032],[21.98481,46.98036],[21.98495,46.98044],[21.98515,46.98054],[21.98536,46.98067],[21.98583,46.98097],[21.98586,46.98108],[21.98597,46.98121],[21.98606,46.98134],[21.98632,46.98153],[21.9865,46.9816],[21.98653,46.98198],[21.98656,46.98223],[21.98653,46.9825],[21.98648,46.98274],[21.9864,46.98299],[21.98636,46.98312],[21.98608,46.98367],[21.98588,46.98403],[21.98571,46.98439],[21.98562,46.98463],[21.98556,46.98487],[21.9855,46.98542],[21.98552,46.98601],[21.98555,46.98632],[21.98554,46.98671],[21.98552,46.98692],[21.98548,46.98714],[21.9854,46.98741],[21.98526,46.9877],[21.98517,46.98786],[21.98491,46.98825],[21.9845,46.98888],[21.98431,46.98914],[21.98424,46.98926],[21.98403,46.98966],[21.98393,46.98996],[21.98383,46.99047],[21.98376,46.99079],[21.98366,46.99125],[21.98352,46.99189],[21.98355,46.99207],[21.98341,46.99223],[21.98335,46.99249],[21.98323,46.99304],[21.98309,46.99375],[21.98302,46.99409],[21.98301,46.99437],[21.98299,46.99478],[21.98298,46.99513],[21.98296,46.99532],[21.98294,46.9954],[21.98289,46.99548],[21.98287,46.99554],[21.98281,46.99561],[21.98272,46.99571],[21.98258,46.99582],[21.98243,46.99589],[21.98224,46.99596],[21.98193,46.99604],[21.98127,46.99614],[21.98074,46.99621],[21.9803,46.9963],[21.97983,46.9964],[21.97965,46.99644],[21.9795,46.9965],[21.97942,46.99655],[21.97939,46.9966],[21.97928,46.99664],[21.97915,46.99677],[21.97914,46.99691],[21.97913,46.99705],[21.97919,46.99728],[21.97924,46.99752],[21.97929,46.99774],[21.97935,46.998],[21.97942,46.99841],[21.97949,46.99894],[21.97952,46.9992],[21.97955,46.99939],[21.97963,46.99955],[21.97981,46.99974],[21.98005,46.9999],[21.9803,47.00005],[21.9805,47.00021],[21.98072,47.00045],[21.98083,47.00059],[21.98091,47.00074],[21.98098,47.00095],[21.98099,47.00121],[21.98097,47.00134],[21.98093,47.00144],[21.98084,47.00163],[21.98067,47.00181],[21.98044,47.00204],[21.98015,47.00227],[21.9798,47.00256],[21.97928,47.00298],[21.97879,47.00338],[21.97856,47.00356],[21.97835,47.00369],[21.97813,47.00383],[21.97785,47.004],[21.97736,47.00425],[21.97676,47.00453],[21.97612,47.00483],[21.97554,47.00511],[21.97534,47.00529],[21.97517,47.0053],[21.97477,47.00551],[21.97443,47.00571],[21.97253,47.00697],[21.97186,47.00741],[21.97141,47.00763],[21.97033,47.00803],[21.96948,47.00837],[21.96921,47.00853],[21.96897,47.00871],[21.96875,47.00894],[21.96834,47.00945],[21.96793,47.01002],[21.96751,47.01064],[21.96589,47.01313],[21.96525,47.01413],[21.96496,47.0146],[21.96474,47.01517],[21.96479,47.01528],[21.96474,47.01538],[21.96467,47.01544],[21.96455,47.01547],[21.96421,47.01594],[21.96403,47.01633],[21.9638,47.01693],[21.96339,47.01826],[21.96323,47.01875],[21.96307,47.01925],[21.96288,47.01976],[21.96276,47.02006],[21.96262,47.02036],[21.96241,47.02076],[21.96216,47.02117],[21.96162,47.02201],[21.96101,47.02287],[21.95947,47.02487],[21.95897,47.02552],[21.95886,47.02574],[21.95882,47.02593],[21.95888,47.02603],[21.95886,47.02615],[21.95879,47.02623],[21.95869,47.02629],[21.9585,47.02633],[21.95806,47.02666],[21.95781,47.02696],[21.95727,47.02767],[21.95643,47.02868],[21.95611,47.02906],[21.95545,47.02878],[21.9553,47.0289],[21.95581,47.02915],[21.95557,47.02936],[21.9552,47.02918],[21.95505,47.02921]]},"properties":{"line":"513","dir":"1","mode":"bus"}},{"type":"Feature","geometry":{"type":"LineString","coordinates":[[21.95505,47.02921],[21.95507,47.0291],[21.95547,47.02876],[21.95607,47.02903],[21.95616,47.02892],[21.95652,47.02848],[21.95663,47.02835],[21.95694,47.02797],[21.95746,47.02731],[21.95789,47.02677],[21.95808,47.02653],[21.95818,47.02627],[21.95818,47.02618],[21.95816,47.02606],[21.95819,47.02597],[21.95827,47.0259],[21.95846,47.02584],[21.9587,47.02567],[21.9589,47.02552],[21.9591,47.02527],[21.95943,47.02482],[21.96038,47.02361],[21.96087,47.02296],[21.96142,47.02219],[21.9619,47.02147],[21.9623,47.02081],[21.96252,47.02041],[21.96272,47.02],[21.96288,47.01958],[21.96302,47.01917],[21.96337,47.01809],[21.9636,47.01737],[21.96371,47.017],[21.96385,47.01663],[21.96396,47.01631],[21.96411,47.016],[21.96425,47.01567],[21.96436,47.01541],[21.96429,47.01533],[21.9643,47.01523],[21.96437,47.01517],[21.9645,47.01513],[21.96474,47.01481],[21.9649,47.01459],[21.96503,47.01436],[21.9656,47.01346],[21.9667,47.01177],[21.96731,47.01084],[21.96762,47.01038],[21.96791,47.00993],[21.9682,47.00953],[21.9685,47.00913],[21.96878,47.00882],[21.96903,47.00858],[21.96941,47.00836],[21.96977,47.0082],[21.97015,47.00805],[21.97119,47.00766],[21.97152,47.00751],[21.9718,47.00738],[21.97209,47.0072],[21.97294,47.00664],[21.97376,47.00608],[21.97416,47.00581],[21.97458,47.00555],[21.97493,47.00537],[21.9753,47.00519],[21.97603,47.00482],[21.97637,47.00462],[21.9767,47.00451],[21.97731,47.00422],[21.97767,47.00404],[21.97805,47.00384],[21.97832,47.00367],[21.9786,47.00347],[21.97914,47.00303],[21.97991,47.00241],[21.98007,47.00227],[21.9803,47.00217],[21.98046,47.00211],[21.98061,47.00201],[21.98083,47.00184],[21.98114,47.00162],[21.98133,47.00153],[21.98157,47.00143],[21.98184,47.00136],[21.98214,47.0013],[21.98249,47.00131],[21.98463,47.00125],[21.98542,47.00122],[21.98711,47.0012],[21.9874,47.00119],[21.98767,47.00119],[21.98846,47.00118],[21.98872,47.00118],[21.98914,47.00114],[21.98945,47.00107],[21.98964,47.001],[21.98979,47.00092],[21.98991,47.00082],[21.99009,47.00067],[21.99015,47.00051],[21.99036,47.00038],[21.99064,47.00008],[21.99086,46.99983],[21.99111,46.99961],[21.99134,46.99943],[21.99188,46.99912],[21.99262,46.9987],[21.99332,46.99831],[21.99379,46.99807],[21.99408,46.99794],[21.99442,46.9978],[21.99496,46.9976],[21.99573,46.99735],[21.99588,46.99732],[21.99628,46.99723],[21.99658,46.99719],[21.99722,46.9971],[21.99798,46.997],[21.99872,46.99692],[21.99925,46.99686],[21.99922,46.99669],[21.99925,46.99663],[21.99939,46.99652],[21.99954,46.99654],[21.99955,46.99661],[21.99954,46.99668],[21.99951,46.99685],[21.99939,46.99687],[21.99921,46.9969],[21.99882,46.99694],[21.99828,46.99701],[21.99769,46.99708],[21.99706,46.99716],[21.99648,46.99724],[21.9963,46.99727],[21.99623,46.99713],[21.99612,46.99704],[21.9959,46.99691],[21.99524,46.99653],[21.99486,46.9963],[21.99468,46.99619],[21.99452,46.99607],[21.99445,46.99596],[21.99442,46.99582],[21.99438,46.99544],[21.99436,46.9952],[21.99443,46.99505],[21.9945,46.99493],[21.99459,46.99483],[21.99471,46.99474],[21.99476,46.9947],[21.9948,46.99461],[21.99481,46.99452],[21.9948,46.99441],[21.99477,46.9943],[21.99468,46.99404],[21.9946,46.99387],[21.99451,46.99371],[21.99431,46.99356],[21.99414,46.99344],[21.9939,46.99327],[21.99378,46.99308],[21.99366,46.99294],[21.99355,46.99279],[21.99329,46.99242],[21.99318,46.99216],[21.9931,46.9919],[21.99301,46.99156],[21.99303,46.99124],[21.99305,46.99083],[21.99307,46.99047],[21.99311,46.98988],[21.99312,46.98971],[21.99313,46.98954],[21.99316,46.98942],[21.99328,46.98924],[21.99345,46.98911],[21.99369,46.98905],[21.99388,46.98899],[21.99426,46.98894],[21.99466,46.9889],[21.99486,46.98888],[21.99537,46.98874],[21.99593,46.98857],[21.99632,46.98841],[21.99706,46.98809],[21.99699,46.98802],[21.99691,46.98778],[21.99684,46.98762],[21.99683,46.9875],[21.99685,46.98737],[21.99687,46.98732],[21.99704,46.98719],[21.99787,46.98651],[21.99804,46.9864],[21.99826,46.98632],[21.99902,46.98609],[21.99915,46.98598],[21.99924,46.98586],[21.99928,46.98565],[21.99932,46.98549],[21.99941,46.98512],[21.99954,46.9848],[21.99959,46.98466],[21.99964,46.9842],[21.99966,46.98398],[21.99973,46.98371],[21.99999,46.98314],[22.00011,46.98272],[22.00018,46.98228],[22.00025,46.98199],[22.00034,46.98184],[22.00087,46.9808],[22.00119,46.98018],[22.00145,46.97968],[22.00189,46.97895],[22.00212,46.97859],[22.00223,46.97844],[22.00236,46.97829],[22.00261,46.97808],[22.00295,46.97787],[22.00347,46.97754],[22.00377,46.97739],[22.00407,46.97726],[22.00511,46.97686],[22.00552,46.97666],[22.00584,46.97648],[22.00607,46.97637],[22.00634,46.97626],[22.00739,46.97589],[22.00828,46.97559],[22.00862,46.97542],[22.00901,46.97533],[22.01005,46.97495],[22.01024,46.97487],[22.01042,46.97477],[22.0108,46.97443],[22.01097,46.97429],[22.01116,46.9742],[22.01139,46.97411],[22.01204,46.97386],[22.01246,46.97371],[22.01262,46.97368],[22.01278,46.97368],[22.01293,46.97373],[22.01306,46.97379],[22.01348,46.97405],[22.01405,46.97438],[22.01441,46.97458],[22.01454,46.97462],[22.01466,46.97463],[22.01476,46.97449],[22.01486,46.97451],[22.01517,46.97431],[22.01541,46.97408],[22.01571,46.97372],[22.01583,46.97361],[22.01614,46.97341],[22.01718,46.97281],[22.01761,46.97257],[22.01805,46.9724],[22.01828,46.97231],[22.01857,46.97227],[22.0188,46.97227],[22.01905,46.97231],[22.01946,46.97237],[22.01971,46.97238],[22.01985,46.97235],[22.02024,46.97213],[22.02035,46.97204],[22.02039,46.97209],[22.02026,46.97216],[22.02005,46.97228],[22.01997,46.97236]]},"properties":{"line":"514","dir":"0","mode":"bus"}},{"type":"Feature","geometry":{"type":"LineString","coordinates":[[22.01997,46.97235],[22.01984,46.97239],[22.01967,46.97241],[22.01939,46.97239],[22.01894,46.97231],[22.01879,46.97229],[22.0187,46.97228],[22.01849,46.9723],[22.01826,46.97235],[22.01806,46.97241],[22.01776,46.97253],[22.0174,46.97271],[22.01708,46.97289],[22.01672,46.97309],[22.01636,46.9733],[22.01576,46.97369],[22.01538,46.97415],[22.01483,46.9746],[22.01463,46.97466],[22.01454,46.97466],[22.01446,46.97465],[22.01399,46.97439],[22.0134,46.97405],[22.01314,46.97388],[22.01296,46.97377],[22.01281,46.97372],[22.01266,46.97372],[22.0125,46.97373],[22.01174,46.97402],[22.01109,46.97428],[22.01094,46.97437],[22.01081,46.97449],[22.01049,46.97478],[22.0103,46.97489],[22.01008,46.97499],[22.00819,46.97566],[22.00626,46.97632],[22.00587,46.97651],[22.0055,46.97671],[22.00525,46.97684],[22.00429,46.97722],[22.00371,46.97746],[22.003,46.97788],[22.00256,46.97817],[22.00228,46.97845],[22.00188,46.97906],[22.00157,46.97958],[22.0014,46.97989],[22.00085,46.98097],[22.00057,46.9815],[22.00035,46.98192],[22.00028,46.9821],[22.00017,46.98271],[22.00007,46.98305],[21.99999,46.98329],[21.99984,46.98358],[21.99976,46.98381],[21.99971,46.98404],[21.99964,46.98464],[21.9996,46.98477],[21.99951,46.98503],[21.99936,46.98557],[21.99928,46.9859],[21.99915,46.98605],[21.99897,46.98615],[21.99853,46.98628],[21.99815,46.9864],[21.99791,46.98654],[21.99743,46.98693],[21.99713,46.98717],[21.99691,46.98733],[21.99688,46.98744],[21.9969,46.98764],[21.99711,46.98802],[21.9971,46.98811],[21.99685,46.98824],[21.9965,46.98838],[21.99599,46.98859],[21.99573,46.98868],[21.99544,46.98876],[21.99505,46.98887],[21.99488,46.98892],[21.99498,46.98904],[21.99523,46.9903],[21.99563,46.99176],[21.99615,46.99341],[21.9964,46.99407],[21.99652,46.99444],[21.99633,46.99453],[21.99616,46.99457],[21.99603,46.99457],[21.99578,46.99462],[21.99542,46.99469],[21.99522,46.99471],[21.99485,46.99475],[21.99463,46.99485],[21.99449,46.99503],[21.99444,46.99521],[21.99447,46.99575],[21.99452,46.99599],[21.99457,46.99606],[21.99535,46.99654],[21.99571,46.99675],[21.99591,46.99686],[21.99609,46.99698],[21.99628,46.99711],[21.99633,46.99723],[21.99688,46.99716],[21.99765,46.99705],[21.99843,46.99696],[21.99919,46.99687],[21.9992,46.9968],[21.99921,46.99667],[21.99924,46.99662],[21.9993,46.9966],[21.99942,46.99653],[21.99955,46.99655],[21.99953,46.99669],[21.99951,46.99676],[21.99952,46.99686],[21.9994,46.99687],[21.99921,46.99689],[21.99888,46.99694],[21.99839,46.99699],[21.998,46.99703],[21.9974,46.99711],[21.99651,46.99724],[21.99617,46.99729],[21.99574,46.99738],[21.99547,46.99747],[21.99512,46.99759],[21.99482,46.9977],[21.99449,46.99783],[21.99413,46.99797],[21.99386,46.99809],[21.99365,46.99819],[21.99331,46.99837],[21.99269,46.99871],[21.99194,46.99913],[21.99159,46.99932],[21.99137,46.99946],[21.99126,46.99953],[21.99112,46.99966],[21.99092,46.99984],[21.99078,47.00001],[21.99029,47.00052],[21.99013,47.0007],[21.99,47.00081],[21.98987,47.00092],[21.98973,47.001],[21.98954,47.00108],[21.98937,47.00113],[21.98913,47.00118],[21.98878,47.00122],[21.98726,47.00123],[21.98597,47.00125],[21.98462,47.00128],[21.98332,47.00131],[21.98259,47.00134],[21.98214,47.00134],[21.98169,47.00144],[21.98145,47.00152],[21.9812,47.00163],[21.9809,47.00186],[21.9805,47.00214],[21.98012,47.00228],[21.97983,47.00253],[21.979,47.00321],[21.97851,47.0036],[21.97824,47.00377],[21.97787,47.00399],[21.97643,47.00468],[21.97554,47.00511],[21.97534,47.00529],[21.97517,47.0053],[21.97477,47.00551],[21.97443,47.00571],[21.97253,47.00697],[21.97186,47.00741],[21.97141,47.00763],[21.97033,47.00803],[21.96948,47.00837],[21.96921,47.00853],[21.96897,47.00871],[21.96875,47.00894],[21.96834,47.00945],[21.96793,47.01002],[21.96751,47.01064],[21.96589,47.01313],[21.96525,47.01413],[21.96496,47.0146],[21.96474,47.01517],[21.96479,47.01528],[21.96474,47.01538],[21.96467,47.01544],[21.96455,47.01547],[21.96421,47.01594],[21.96403,47.01633],[21.9638,47.01693],[21.96339,47.01826],[21.96323,47.01875],[21.96307,47.01925],[21.96288,47.01976],[21.96276,47.02006],[21.96262,47.02036],[21.96241,47.02076],[21.96216,47.02117],[21.96162,47.02201],[21.96101,47.02287],[21.95947,47.02487],[21.95897,47.02552],[21.95886,47.02574],[21.95882,47.02593],[21.95888,47.02603],[21.95886,47.02615],[21.95879,47.02623],[21.95869,47.02629],[21.9585,47.02633],[21.95806,47.02666],[21.95781,47.02696],[21.95727,47.02767],[21.95643,47.02868],[21.95611,47.02906],[21.95545,47.02878],[21.9553,47.0289],[21.95581,47.02915],[21.95557,47.02936],[21.9552,47.02918],[21.95505,47.02921]]},"properties":{"line":"514","dir":"1","mode":"bus"}},{"type":"Feature","geometry":{"type":"LineString","coordinates":[[21.95505,47.02921],[21.95507,47.0291],[21.95547,47.02876],[21.95607,47.02903],[21.95616,47.02892],[21.95652,47.02848],[21.95663,47.02835],[21.95694,47.02797],[21.95746,47.02731],[21.95789,47.02677],[21.95808,47.02653],[21.95818,47.02627],[21.95818,47.02618],[21.95816,47.02606],[21.95819,47.02597],[21.95827,47.0259],[21.95846,47.02584],[21.9587,47.02567],[21.9589,47.02552],[21.9591,47.02527],[21.95943,47.02482],[21.96038,47.02361],[21.96087,47.02296],[21.96142,47.02219],[21.9619,47.02147],[21.9623,47.02081],[21.96252,47.02041],[21.96272,47.02],[21.96288,47.01958],[21.96302,47.01917],[21.96337,47.01809],[21.9636,47.01737],[21.96371,47.017],[21.96385,47.01663],[21.96396,47.01631],[21.96411,47.016],[21.96425,47.01567],[21.96436,47.01541],[21.96429,47.01533],[21.9643,47.01523],[21.96437,47.01517],[21.9645,47.01513],[21.96474,47.01481],[21.9649,47.01459],[21.96503,47.01436],[21.9656,47.01346],[21.9667,47.01177],[21.96731,47.01084],[21.96762,47.01038],[21.96791,47.00993],[21.9682,47.00953],[21.9685,47.00913],[21.96878,47.00882],[21.96903,47.00858],[21.96941,47.00836],[21.96977,47.0082],[21.97015,47.00805],[21.97119,47.00766],[21.97152,47.00751],[21.9718,47.00738],[21.97209,47.0072],[21.97294,47.00664],[21.97376,47.00608],[21.97416,47.00581],[21.97458,47.00555],[21.97493,47.00537],[21.9753,47.00519],[21.97603,47.00482],[21.97637,47.00462],[21.97709,47.00433],[21.97765,47.00405],[21.97812,47.00379],[21.97846,47.00357],[21.97871,47.00338],[21.97987,47.00244],[21.98036,47.00204],[21.98053,47.00188],[21.98068,47.00173],[21.9808,47.00159],[21.98086,47.00145],[21.98093,47.00125],[21.98093,47.00095],[21.98083,47.00072],[21.98072,47.00054],[21.98055,47.00034],[21.98044,47.00022],[21.98027,47.0001],[21.97992,46.99986],[21.97974,46.99975],[21.97962,46.99962],[21.97953,46.9995],[21.97948,46.99935],[21.97946,46.99918],[21.97939,46.99869],[21.97932,46.99816],[21.97917,46.99747],[21.9791,46.99716],[21.97907,46.99691],[21.97908,46.99682],[21.97909,46.99668],[21.97915,46.99656],[21.97915,46.99649],[21.97921,46.99644],[21.97938,46.99643],[21.97951,46.99642],[21.97969,46.99638],[21.98029,46.99626],[21.98061,46.9962],[21.98094,46.99615],[21.98193,46.996],[21.98213,46.99596],[21.98229,46.9959],[21.98247,46.99583],[21.98257,46.99577],[21.98268,46.99568],[21.98276,46.99561],[21.98289,46.99536],[21.98292,46.99499],[21.98295,46.99436],[21.98296,46.99408],[21.98302,46.9938],[21.98314,46.99323],[21.98339,46.99237],[21.98348,46.99178],[21.98362,46.99117],[21.98387,46.98997],[21.98395,46.98969],[21.98411,46.98938],[21.98429,46.98908],[21.98449,46.98878],[21.98525,46.98762],[21.98539,46.98723],[21.98548,46.98683],[21.98545,46.98563],[21.98546,46.98524],[21.98553,46.98474],[21.98571,46.98424],[21.98597,46.98376],[21.98622,46.98327],[21.98641,46.98278],[21.98647,46.98257],[21.98649,46.98236],[21.98645,46.98164],[21.98631,46.98032],[21.98625,46.97999],[21.98611,46.97975],[21.98576,46.97933],[21.98535,46.97891],[21.98438,46.97817],[21.98422,46.978],[21.9841,46.97783],[21.98405,46.97754],[21.98409,46.97727],[21.98424,46.97682],[21.98503,46.97536],[21.98587,46.97379],[21.98606,46.97351],[21.98629,46.97321],[21.98696,46.97258],[21.98746,46.97209],[21.98769,46.97187],[21.98795,46.97166],[21.98826,46.97144],[21.98859,46.97124],[21.98926,46.97083],[21.9899,46.97038],[21.99029,46.9701],[21.99065,46.9698],[21.99093,46.9695],[21.99116,46.96919],[21.99161,46.96856],[21.99205,46.96796],[21.99222,46.96777],[21.99248,46.96753],[21.99313,46.96701],[21.99345,46.96674],[21.99374,46.96646],[21.99504,46.9648],[21.99536,46.96446],[21.99674,46.96323],[21.99805,46.96209],[21.99823,46.96195],[21.99843,46.96181],[21.99924,46.96127],[21.99987,46.96087],[22.00044,46.96046],[22.0016,46.95956],[22.00189,46.95933],[22.00219,46.95912],[22.00281,46.95868],[22.00368,46.9581],[22.00496,46.9573],[22.00708,46.95592],[22.00813,46.95521],[22.00918,46.95452],[22.0103,46.95383],[22.011,46.9534],[22.01132,46.95314],[22.01172,46.95297],[22.01246,46.95251],[22.01365,46.95178],[22.01449,46.95126],[22.01533,46.95079],[22.01664,46.95013],[22.01799,46.94949],[22.01933,46.94882],[22.02064,46.94815],[22.02107,46.94786],[22.0214,46.94761],[22.02334,46.94621],[22.02366,46.94604],[22.02407,46.9459],[22.02617,46.94527],[22.02772,46.9448],[22.02809,46.94467],[22.02849,46.94448],[22.02952,46.94385],[22.0307,46.94311],[22.03164,46.94251],[22.03204,46.94226],[22.03251,46.94201],[22.0333,46.94173],[22.03418,46.94135],[22.03575,46.94056],[22.037,46.93991],[22.03804,46.93939],[22.03885,46.93891],[22.03953,46.9383],[22.04073,46.93712],[22.04085,46.93707],[22.04169,46.93627],[22.04233,46.93551],[22.04297,46.93453],[22.04305,46.93441],[22.04315,46.93431],[22.04325,46.9342],[22.04344,46.93407],[22.04401,46.93376],[22.04447,46.93357],[22.0448,46.93349],[22.0456,46.93342],[22.04592,46.9334],[22.04623,46.93335],[22.04657,46.93325],[22.04703,46.93312],[22.0474,46.93303],[22.04778,46.93294],[22.04819,46.93289],[22.05003,46.93272],[22.05051,46.93272],[22.0508,46.93275],[22.05121,46.93285],[22.05172,46.93298],[22.05232,46.93314],[22.05266,46.93323],[22.05325,46.93323],[22.05422,46.93305],[22.05465,46.93295],[22.05561,46.93256],[22.05577,46.93249],[22.0561,46.93241],[22.05648,46.93237],[22.05931,46.93243],[22.0598,46.93241],[22.06067,46.93217],[22.06123,46.932],[22.06136,46.93184],[22.06144,46.93194],[22.06256,46.9316],[22.06348,46.93133],[22.06395,46.93118],[22.06455,46.93108],[22.06535,46.93103],[22.06651,46.93103],[22.06737,46.93103],[22.06827,46.9311],[22.06965,46.93121],[22.07,46.93105],[22.06996,46.93121],[22.06988,46.93127],[22.06955,46.93125],[22.06874,46.93119],[22.06739,46.93107],[22.06538,46.93108],[22.06462,46.93112],[22.064,46.93122],[22.06337,46.93141],[22.06323,46.93147],[22.06307,46.9315],[22.06121,46.93206],[22.06039,46.9323],[22.05986,46.93245],[22.05925,46.93248],[22.05745,46.93244],[22.05645,46.93242],[22.05614,46.93245],[22.05597,46.93248],[22.05575,46.93255],[22.0547,46.93299],[22.05436,46.93308],[22.05402,46.93314],[22.05326,46.93328],[22.05266,46.93327],[22.05084,46.9328],[22.05048,46.93276],[22.05008,46.93277],[22.04793,46.93297],[22.04758,46.93303],[22.04709,46.93316],[22.04624,46.93339],[22.04586,46.93345],[22.04497,46.93352],[22.04463,46.93358],[22.04439,46.93365],[22.044,46.93382],[22.04366,46.93401],[22.04332,46.93421],[22.04311,46.93443],[22.04281,46.93489],[22.04239,46.93552],[22.04186,46.93618],[22.04112,46.93689],[22.04084,46.93716],[22.0409,46.93723],[22.04078,46.93721],[22.04001,46.93794],[22.03945,46.93848],[22.03899,46.9389],[22.03894,46.93896],[22.03905,46.93903],[22.0391,46.93911],[22.0391,46.93922],[22.03903,46.93932],[22.03899,46.93941],[22.03866,46.93999],[22.03856,46.94026],[22.03838,46.94072],[22.03833,46.94121],[22.03814,46.9423],[22.03816,46.94235],[22.04406,46.94316],[22.04998,46.94397],[22.05037,46.94404],[22.0507,46.94416],[22.05107,46.94439],[22.05224,46.94541],[22.05295,46.94608],[22.05419,46.9473],[22.05501,46.94807],[22.05547,46.94848],[22.05586,46.9491],[22.05603,46.94953],[22.05606,46.95042],[22.05609,46.95048],[22.05618,46.95052],[22.05765,46.95082],[22.0584,46.95095],[22.05912,46.95109],[22.05954,46.95116],[22.06026,46.9512],[22.06055,46.95117],[22.06109,46.95107],[22.06171,46.95094],[22.06224,46.95083],[22.06248,46.9508],[22.06277,46.95079],[22.06306,46.95077],[22.06387,46.95069],[22.06411,46.9507],[22.0645,46.95074],[22.0652,46.95086],[22.06557,46.95091],[22.06567,46.95095],[22.06575,46.95106],[22.06579,46.95126],[22.06578,46.95137],[22.06512,46.95171],[22.06502,46.95179],[22.06494,46.95194],[22.06494,46.95224],[22.06495,46.9526],[22.06495,46.95277],[22.06489,46.953],[22.06472,46.95329],[22.06457,46.95341],[22.06425,46.95361],[22.0641,46.95372],[22.06398,46.95383],[22.06328,46.95492],[22.06268,46.95585],[22.0626,46.95603],[22.0626,46.95633],[22.06301,46.95756],[22.06323,46.95822],[22.06344,46.95878],[22.06343,46.95895],[22.06355,46.95975],[22.06352,46.96202],[22.06357,46.96364],[22.06365,46.96447],[22.06365,46.96495],[22.06366,46.96545],[22.06353,46.96539]]},"properties":{"line":"515","dir":"0","mode":"bus"}},{"type":"Feature","geometry":{"type":"LineString","coordinates":[[22.06353,46.96539],[22.06358,46.9652],[22.06359,46.9649],[22.06359,46.96461],[22.06356,46.96402],[22.0635,46.96353],[22.06348,46.96238],[22.06346,46.96172],[22.06347,46.96106],[22.06349,46.96041],[22.06349,46.95975],[22.06337,46.95898],[22.06326,46.95851],[22.0631,46.95797],[22.06291,46.95742],[22.06254,46.95634],[22.06254,46.95606],[22.06261,46.95587],[22.06291,46.95539],[22.06322,46.95491],[22.06383,46.95397],[22.06393,46.9538],[22.06407,46.95368],[22.06437,46.95348],[22.06451,46.95339],[22.06462,46.9533],[22.06479,46.95306],[22.06484,46.95292],[22.06488,46.95279],[22.06488,46.95238],[22.06488,46.95197],[22.06491,46.95186],[22.06497,46.95175],[22.06556,46.95142],[22.0657,46.95132],[22.06572,46.95127],[22.06572,46.95118],[22.0657,46.95108],[22.06562,46.95098],[22.06551,46.95095],[22.06523,46.9509],[22.06401,46.95074],[22.06343,46.95077],[22.0629,46.95082],[22.06247,46.95084],[22.06118,46.9511],[22.06075,46.95117],[22.06057,46.9512],[22.06027,46.95123],[22.06005,46.95123],[22.05983,46.95122],[22.05954,46.9512],[22.05936,46.95118],[22.05851,46.95101],[22.05812,46.95094],[22.05782,46.95089],[22.05687,46.95071],[22.05613,46.95055],[22.05603,46.95049],[22.05599,46.9504],[22.05596,46.95008],[22.05597,46.94968],[22.05596,46.9495],[22.05579,46.94909],[22.05529,46.94844],[22.05491,46.94804],[22.05429,46.94748],[22.05331,46.94651],[22.05233,46.94556],[22.05153,46.94485],[22.05105,46.94443],[22.05066,46.94418],[22.05034,46.94408],[22.04998,46.94401],[22.04393,46.94318],[22.04087,46.94276],[22.03821,46.94241],[22.0381,46.94236],[22.03808,46.94226],[22.03823,46.94146],[22.03828,46.94115],[22.03832,46.94072],[22.03854,46.94014],[22.03861,46.93996],[22.03872,46.93976],[22.03876,46.93955],[22.03885,46.93951],[22.03898,46.93928],[22.03904,46.93918],[22.03903,46.93907],[22.0389,46.93899],[22.03887,46.93892],[22.0389,46.93889],[22.0395,46.93835],[22.04016,46.93773],[22.04063,46.93728],[22.04073,46.93712],[22.04085,46.93707],[22.04169,46.93627],[22.04233,46.93551],[22.04297,46.93453],[22.04305,46.93441],[22.04315,46.93431],[22.04325,46.9342],[22.04344,46.93407],[22.04401,46.93376],[22.04447,46.93357],[22.0448,46.93349],[22.0456,46.93342],[22.04592,46.9334],[22.04623,46.93335],[22.04657,46.93325],[22.04703,46.93312],[22.0474,46.93303],[22.04778,46.93294],[22.04819,46.93289],[22.05003,46.93272],[22.05051,46.93272],[22.0508,46.93275],[22.05121,46.93285],[22.05172,46.93298],[22.05232,46.93314],[22.05266,46.93323],[22.05325,46.93323],[22.05422,46.93305],[22.05465,46.93295],[22.05561,46.93256],[22.05577,46.93249],[22.0561,46.93241],[22.05648,46.93237],[22.05931,46.93243],[22.0598,46.93241],[22.06067,46.93217],[22.06123,46.932],[22.06136,46.93184],[22.06144,46.93194],[22.06256,46.9316],[22.06348,46.93133],[22.06395,46.93118],[22.06455,46.93108],[22.06535,46.93103],[22.06651,46.93103],[22.06737,46.93103],[22.06827,46.9311],[22.06965,46.93121],[22.07,46.93105],[22.06996,46.93121],[22.06988,46.93127],[22.06955,46.93125],[22.06874,46.93119],[22.06739,46.93107],[22.06538,46.93108],[22.06462,46.93112],[22.064,46.93122],[22.06337,46.93141],[22.06323,46.93147],[22.06307,46.9315],[22.06121,46.93206],[22.06039,46.9323],[22.05986,46.93245],[22.05925,46.93248],[22.05745,46.93244],[22.05645,46.93242],[22.05614,46.93245],[22.05597,46.93248],[22.05575,46.93255],[22.0547,46.93299],[22.05436,46.93308],[22.05402,46.93314],[22.05326,46.93328],[22.05266,46.93327],[22.05084,46.9328],[22.05048,46.93276],[22.05008,46.93277],[22.04793,46.93297],[22.04758,46.93303],[22.04709,46.93316],[22.04624,46.93339],[22.04586,46.93345],[22.04497,46.93352],[22.04463,46.93358],[22.04439,46.93365],[22.044,46.93382],[22.04366,46.93401],[22.04332,46.93421],[22.04311,46.93443],[22.04281,46.93489],[22.04239,46.93552],[22.04186,46.93618],[22.04112,46.93689],[22.04084,46.93716],[22.0409,46.93723],[22.0408,46.93719],[22.04032,46.93764],[22.03948,46.93845],[22.03921,46.9387],[22.03894,46.93893],[22.03853,46.9392],[22.03807,46.93944],[22.03739,46.93978],[22.03636,46.94031],[22.03555,46.94073],[22.0346,46.94121],[22.03408,46.94147],[22.03367,46.94165],[22.03323,46.94181],[22.0326,46.94204],[22.03217,46.94225],[22.03184,46.94246],[22.03125,46.94283],[22.03036,46.94339],[22.02983,46.94374],[22.02934,46.94403],[22.02852,46.94454],[22.02822,46.94469],[22.02759,46.94489],[22.0265,46.94522],[22.0249,46.94571],[22.02414,46.94595],[22.02364,46.94612],[22.02339,46.94627],[22.02334,46.94632],[22.02287,46.94663],[22.02204,46.94725],[22.02093,46.94802],[22.02058,46.94822],[22.0202,46.94842],[22.01899,46.94904],[22.01782,46.94962],[22.01663,46.95019],[22.01535,46.95083],[22.01471,46.95118],[22.01411,46.95155],[22.01122,46.95333],[22.00921,46.95456],[22.0073,46.95583],[22.00634,46.95646],[22.00539,46.9571],[22.00438,46.95771],[22.0034,46.95834],[22.00273,46.95879],[22.00209,46.95925],[22.00027,46.96065],[21.99836,46.96191],[21.99809,46.96212],[21.99766,46.9625],[21.99699,46.96308],[21.99565,46.96426],[21.99542,46.96448],[21.99516,46.96475],[21.99478,46.9652],[21.99442,46.96566],[21.99386,46.96637],[21.99367,46.96658],[21.99346,46.96679],[21.99316,46.96705],[21.99264,46.96746],[21.99218,46.96788],[21.99149,46.96882],[21.99112,46.96933],[21.99098,46.96951],[21.99077,46.96975],[21.99037,46.97009],[21.98991,46.97042],[21.98924,46.97089],[21.98826,46.97149],[21.98781,46.97183],[21.98713,46.97249],[21.98635,46.97324],[21.98611,46.97352],[21.98586,46.97393],[21.98558,46.97443],[21.98509,46.97535],[21.98459,46.97627],[21.9843,46.97683],[21.98416,46.97721],[21.98411,46.97758],[21.98417,46.97787],[21.98449,46.9782],[21.98496,46.97853],[21.98535,46.97884],[21.98582,46.97932],[21.98609,46.97963],[21.98624,46.97985],[21.98631,46.98001],[21.98635,46.98022],[21.98637,46.98043],[21.98644,46.98103],[21.98656,46.98221],[21.98653,46.98251],[21.98637,46.9831],[21.98613,46.98356],[21.98576,46.98425],[21.98558,46.98473],[21.98552,46.98521],[21.98552,46.98604],[21.98555,46.98625],[21.98555,46.98646],[21.98553,46.98687],[21.98544,46.98726],[21.98537,46.98746],[21.98526,46.98769],[21.98479,46.9884],[21.98445,46.98893],[21.98428,46.9892],[21.98413,46.98946],[21.98401,46.98969],[21.98394,46.98993],[21.98371,46.99099],[21.98359,46.99154],[21.9835,46.99189],[21.98355,46.99207],[21.98341,46.99223],[21.98335,46.99249],[21.98323,46.99304],[21.98309,46.99375],[21.98302,46.99409],[21.98301,46.99437],[21.98299,46.99478],[21.98298,46.99513],[21.98296,46.99532],[21.98294,46.9954],[21.98289,46.99548],[21.98287,46.99554],[21.98281,46.99561],[21.98272,46.99571],[21.98258,46.99582],[21.98243,46.99589],[21.98224,46.99596],[21.98193,46.99604],[21.98127,46.99614],[21.98074,46.99621],[21.9803,46.9963],[21.97983,46.9964],[21.97965,46.99644],[21.9795,46.9965],[21.97942,46.99655],[21.97939,46.9966],[21.97928,46.99664],[21.97915,46.99677],[21.97914,46.99691],[21.97913,46.99705],[21.97919,46.99728],[21.97924,46.99752],[21.97929,46.99774],[21.97935,46.998],[21.97942,46.99841],[21.97949,46.99894],[21.97952,46.9992],[21.97955,46.99939],[21.97963,46.99955],[21.97981,46.99974],[21.98005,46.9999],[21.9803,47.00005],[21.9805,47.00021],[21.98072,47.00045],[21.98083,47.00059],[21.98091,47.00074],[21.98098,47.00095],[21.98099,47.00121],[21.98097,47.00134],[21.98093,47.00144],[21.98084,47.00163],[21.98067,47.00181],[21.98044,47.00204],[21.98015,47.00227],[21.9798,47.00256],[21.97928,47.00298],[21.97879,47.00338],[21.97856,47.00356],[21.97835,47.00369],[21.97813,47.00383],[21.97785,47.004],[21.97736,47.00425],[21.97676,47.00453],[21.97612,47.00483],[21.97554,47.00511],[21.97534,47.00529],[21.97517,47.0053],[21.97477,47.00551],[21.97443,47.00571],[21.97253,47.00697],[21.97186,47.00741],[21.97141,47.00763],[21.97033,47.00803],[21.96948,47.00837],[21.96921,47.00853],[21.96897,47.00871],[21.96875,47.00894],[21.96834,47.00945],[21.96793,47.01002],[21.96751,47.01064],[21.96589,47.01313],[21.96525,47.01413],[21.96496,47.0146],[21.96474,47.01517],[21.96479,47.01528],[21.96474,47.01538],[21.96467,47.01544],[21.96455,47.01547],[21.96421,47.01594],[21.96403,47.01633],[21.9638,47.01693],[21.96339,47.01826],[21.96323,47.01875],[21.96307,47.01925],[21.96288,47.01976],[21.96276,47.02006],[21.96262,47.02036],[21.96241,47.02076],[21.96216,47.02117],[21.96162,47.02201],[21.96101,47.02287],[21.95947,47.02487],[21.95897,47.02552],[21.95886,47.02574],[21.95882,47.02593],[21.95888,47.02603],[21.95886,47.02615],[21.95879,47.02623],[21.95869,47.02629],[21.9585,47.02633],[21.95806,47.02666],[21.95781,47.02696],[21.95727,47.02767],[21.95643,47.02868],[21.95611,47.02906],[21.95545,47.02878],[21.9553,47.0289],[21.95581,47.02915],[21.95557,47.02936],[21.9552,47.02918],[21.95505,47.02921]]},"properties":{"line":"515","dir":"1","mode":"bus"}},{"type":"Feature","geometry":{"type":"LineString","coordinates":[[21.95505,47.02921],[21.95507,47.0291],[21.95547,47.02876],[21.95607,47.02903],[21.95616,47.02892],[21.95652,47.02848],[21.95663,47.02835],[21.95694,47.02797],[21.95746,47.02731],[21.95789,47.02677],[21.95808,47.02653],[21.95818,47.02627],[21.95818,47.02618],[21.95816,47.02606],[21.95819,47.02597],[21.95827,47.0259],[21.95846,47.02584],[21.9587,47.02567],[21.9589,47.02552],[21.9591,47.02527],[21.95943,47.02482],[21.96038,47.02361],[21.96087,47.02296],[21.96142,47.02219],[21.9619,47.02147],[21.9623,47.02081],[21.96252,47.02041],[21.96272,47.02],[21.96288,47.01958],[21.96302,47.01917],[21.96337,47.01809],[21.9636,47.01737],[21.96371,47.017],[21.96385,47.01663],[21.96396,47.01631],[21.96411,47.016],[21.96425,47.01567],[21.96436,47.01541],[21.96429,47.01533],[21.9643,47.01523],[21.96437,47.01517],[21.9645,47.01513],[21.96474,47.01481],[21.9649,47.01459],[21.96503,47.01436],[21.9656,47.01346],[21.9667,47.01177],[21.96731,47.01084],[21.96762,47.01038],[21.96791,47.00993],[21.9682,47.00953],[21.9685,47.00913],[21.96878,47.00882],[21.96903,47.00858],[21.96941,47.00836],[21.96977,47.0082],[21.97015,47.00805],[21.97119,47.00766],[21.97152,47.00751],[21.9718,47.00738],[21.97209,47.0072],[21.97294,47.00664],[21.97376,47.00608],[21.97416,47.00581],[21.97458,47.00555],[21.97493,47.00537],[21.9753,47.00519],[21.97603,47.00482],[21.97637,47.00462],[21.97709,47.00433],[21.97765,47.00405],[21.97812,47.00379],[21.97846,47.00357],[21.97871,47.00338],[21.97987,47.00244],[21.98036,47.00204],[21.98053,47.00188],[21.98068,47.00173],[21.9808,47.00159],[21.98086,47.00145],[21.98093,47.00125],[21.98093,47.00095],[21.98083,47.00072],[21.98072,47.00054],[21.98055,47.00034],[21.98044,47.00022],[21.98027,47.0001],[21.97992,46.99986],[21.97974,46.99975],[21.97962,46.99962],[21.97953,46.9995],[21.97948,46.99935],[21.97946,46.99918],[21.97939,46.99869],[21.97932,46.99816],[21.97917,46.99747],[21.9791,46.99716],[21.97907,46.99691],[21.97908,46.99682],[21.97909,46.99668],[21.97915,46.99656],[21.97915,46.99649],[21.97921,46.99644],[21.97938,46.99643],[21.97951,46.99642],[21.97969,46.99638],[21.98029,46.99626],[21.98061,46.9962],[21.98094,46.99615],[21.98193,46.996],[21.98213,46.99596],[21.98229,46.9959],[21.98247,46.99583],[21.98257,46.99577],[21.98268,46.99568],[21.98276,46.99561],[21.98289,46.99536],[21.98292,46.99499],[21.98295,46.99436],[21.98296,46.99408],[21.98302,46.9938],[21.98314,46.99323],[21.98339,46.99237],[21.98348,46.99178],[21.98362,46.99117],[21.98387,46.98997],[21.98395,46.98969],[21.98411,46.98938],[21.98429,46.98908],[21.98449,46.98878],[21.98525,46.98762],[21.98539,46.98723],[21.98548,46.98683],[21.98545,46.98563],[21.98546,46.98524],[21.98553,46.98474],[21.98571,46.98424],[21.98597,46.98376],[21.98622,46.98327],[21.98641,46.98278],[21.98647,46.98257],[21.98649,46.98236],[21.98645,46.98164],[21.98631,46.98032],[21.98625,46.97999],[21.98611,46.97975],[21.98576,46.97933],[21.98535,46.97891],[21.98438,46.97817],[21.98422,46.978],[21.9841,46.97783],[21.98405,46.97754],[21.98409,46.97727],[21.98424,46.97682],[21.98503,46.97536],[21.98587,46.97379],[21.98606,46.97351],[21.98629,46.97321],[21.98696,46.97258],[21.98746,46.97209],[21.98769,46.97187],[21.98795,46.97166],[21.98826,46.97144],[21.98859,46.97124],[21.98926,46.97083],[21.9899,46.97038],[21.99029,46.9701],[21.99065,46.9698],[21.99093,46.9695],[21.99116,46.96919],[21.99161,46.96856],[21.99205,46.96796],[21.99222,46.96777],[21.99248,46.96753],[21.99313,46.96701],[21.99345,46.96674],[21.99374,46.96646],[21.99504,46.9648],[21.99536,46.96446],[21.99674,46.96323],[21.99805,46.96209],[21.99823,46.96195],[21.99843,46.96181],[21.99924,46.96127],[21.99987,46.96087],[22.00044,46.96046],[22.0016,46.95956],[22.00189,46.95933],[22.00219,46.95912],[22.00281,46.95868],[22.00368,46.9581],[22.00496,46.9573],[22.00708,46.95592],[22.00813,46.95521],[22.00918,46.95452],[22.0103,46.95383],[22.011,46.9534],[22.01132,46.95314],[22.01172,46.95297],[22.01246,46.95251],[22.01365,46.95178],[22.01449,46.95126],[22.01533,46.95079],[22.01664,46.95013],[22.01799,46.94949],[22.01933,46.94882],[22.02064,46.94815],[22.02107,46.94786],[22.0214,46.94761],[22.02334,46.94621],[22.02366,46.94604],[22.02407,46.9459],[22.02617,46.94527],[22.02772,46.9448],[22.02809,46.94467],[22.02849,46.94448],[22.02952,46.94385],[22.0307,46.94311],[22.03164,46.94251],[22.03204,46.94226],[22.03251,46.94201],[22.0333,46.94173],[22.03418,46.94135],[22.03575,46.94056],[22.037,46.93991],[22.03804,46.93939],[22.03885,46.93891],[22.03953,46.9383],[22.04073,46.93712],[22.04112,46.93678],[22.0418,46.93614],[22.04243,46.93534],[22.04298,46.9345],[22.04322,46.93421],[22.04342,46.93384],[22.04356,46.93361],[22.04363,46.9336],[22.04375,46.93342],[22.04459,46.93222],[22.04478,46.93195],[22.04527,46.93132],[22.04683,46.92961],[22.0479,46.9284],[22.0493,46.92746],[22.0496,46.9273],[22.05012,46.9271],[22.05046,46.92694],[22.05103,46.92644],[22.05119,46.92633],[22.05143,46.92623],[22.05206,46.92608],[22.05258,46.92596],[22.05316,46.92588],[22.0541,46.92588],[22.05424,46.92586],[22.05432,46.9258],[22.05436,46.92573],[22.05431,46.92563],[22.05409,46.9255],[22.05376,46.92536],[22.05313,46.92507],[22.05263,46.92484],[22.05218,46.92456],[22.05173,46.92414],[22.05109,46.9235],[22.05099,46.92337],[22.05095,46.92319],[22.05097,46.92304],[22.05112,46.92282],[22.0514,46.92256],[22.05157,46.92232],[22.05169,46.92209],[22.05202,46.92122],[22.05206,46.92109],[22.05206,46.92095],[22.05204,46.92083],[22.05188,46.92033],[22.0517,46.91971],[22.05167,46.91961],[22.05166,46.9195],[22.05166,46.91939],[22.05167,46.91928],[22.05171,46.91913],[22.05218,46.91835],[22.05189,46.91827],[22.05159,46.91822],[22.05143,46.9182],[22.0513,46.91821],[22.05118,46.91824],[22.05103,46.91836],[22.05091,46.9186],[22.0506,46.91927],[22.05056,46.91937],[22.05049,46.91948],[22.05038,46.91961],[22.05011,46.91976],[22.04992,46.91982],[22.04976,46.91984],[22.04958,46.91978],[22.04943,46.91961],[22.04923,46.91947],[22.04832,46.91928],[22.04803,46.9192],[22.04761,46.91906],[22.04712,46.91884],[22.04695,46.91878],[22.04668,46.91872],[22.04605,46.91864],[22.04584,46.91861],[22.04553,46.91858],[22.04481,46.91855],[22.04437,46.91856],[22.04377,46.91867],[22.04311,46.91883],[22.0427,46.91891],[22.04239,46.91896],[22.04173,46.91907],[22.04124,46.9192],[22.04099,46.91927],[22.04051,46.91944],[22.0396,46.91976],[22.0389,46.92],[22.03862,46.92011],[22.03834,46.92019],[22.03798,46.9203],[22.03775,46.92035],[22.03749,46.92039],[22.03713,46.92043],[22.03672,46.92052],[22.03642,46.92054],[22.0361,46.92055],[22.03528,46.92053],[22.03394,46.92049],[22.03371,46.92047],[22.03349,46.92042],[22.03331,46.92038],[22.03315,46.92034],[22.03267,46.92026],[22.03202,46.92019],[22.03166,46.92018],[22.03121,46.92019],[22.03028,46.92024],[22.02976,46.92026],[22.02888,46.92028],[22.02856,46.92031],[22.02831,46.92035],[22.02799,46.92045],[22.02785,46.9205],[22.02768,46.92052],[22.02741,46.92052],[22.02708,46.9205],[22.02648,46.92055],[22.02609,46.92053],[22.02586,46.92049],[22.02562,46.92044],[22.02525,46.9204],[22.02512,46.9204],[22.02503,46.92044],[22.02471,46.92089],[22.02461,46.92095],[22.02404,46.92104],[22.02332,46.92116],[22.02316,46.92117],[22.023,46.92111],[22.02257,46.92094],[22.02232,46.92081],[22.02193,46.9206],[22.02158,46.92039],[22.02118,46.92014],[22.02075,46.91987],[22.02041,46.91961],[22.02028,46.91954],[22.02022,46.91947],[22.0195,46.91895],[22.01938,46.91886],[22.01927,46.91876],[22.01905,46.91854],[22.01881,46.91832],[22.01866,46.91822],[22.01855,46.91812],[22.01849,46.91806],[22.01844,46.91801],[22.01831,46.91785],[22.01823,46.91768],[22.01824,46.91756],[22.01829,46.91745],[22.01836,46.9173],[22.01837,46.91724],[22.01831,46.91717],[22.01806,46.91704],[22.01766,46.91682],[22.01737,46.91668],[22.01695,46.9165],[22.01682,46.91649],[22.01668,46.9164],[22.01555,46.91594],[22.01465,46.91557],[22.01428,46.91546],[22.01389,46.91529],[22.01324,46.91502],[22.01293,46.9149],[22.01283,46.91489],[22.01271,46.91496],[22.01243,46.91516],[22.01196,46.9155],[22.01176,46.91562],[22.01157,46.9157],[22.01128,46.91574],[22.011,46.91572],[22.01071,46.91569],[22.01041,46.91566],[22.00993,46.91567],[22.00954,46.91566],[22.00904,46.91562],[22.00869,46.91556],[22.00844,46.91549],[22.00766,46.91516],[22.00729,46.91503],[22.00686,46.91489],[22.00614,46.91468],[22.00541,46.91444],[22.00508,46.91436],[22.00472,46.91433],[22.00372,46.91442],[22.00346,46.91443],[22.0019,46.91441],[21.99969,46.9144],[21.99763,46.91442],[21.99731,46.9144],[21.99708,46.91438],[21.99693,46.91432],[21.99678,46.91423],[21.99635,46.91378],[21.99564,46.91299],[21.99505,46.91233],[21.99462,46.91181],[21.99435,46.91151],[21.99425,46.91139],[21.99413,46.91119],[21.9938,46.91044],[21.99356,46.91004],[21.99337,46.90986],[21.99309,46.90971],[21.99273,46.90958],[21.99225,46.90941],[21.99179,46.90925],[21.99138,46.90906],[21.99112,46.90895],[21.99091,46.9089],[21.99069,46.90886],[21.99017,46.90879],[21.98989,46.90872],[21.9896,46.90864],[21.98917,46.90846],[21.98863,46.90819],[21.98813,46.90796],[21.98761,46.90775],[21.9874,46.90767],[21.98729,46.90762],[21.98721,46.90754],[21.98711,46.90744],[21.98696,46.90725],[21.98675,46.90702],[21.98636,46.90669],[21.98602,46.90639],[21.98572,46.90612],[21.98557,46.90601],[21.98504,46.90571],[21.98488,46.90561],[21.9846,46.90537],[21.98425,46.90505],[21.98337,46.90433],[21.98317,46.90417],[21.9829,46.90393],[21.98245,46.90352],[21.98129,46.90248],[21.9807,46.90197],[21.98051,46.90178],[21.98034,46.90157],[21.9802,46.90131],[21.98006,46.90105],[21.97999,46.90081],[21.98001,46.90047],[21.98007,46.90001],[21.98015,46.89922],[21.98025,46.8981],[21.98031,46.89782],[21.98029,46.89766],[21.98022,46.8975],[21.98009,46.89735],[21.97993,46.89722],[21.9796,46.89693],[21.97923,46.89662],[21.97901,46.89646],[21.97876,46.89631],[21.97814,46.89599],[21.97793,46.89592],[21.97768,46.89585],[21.97752,46.89581],[21.97738,46.89575],[21.97718,46.89561],[21.977,46.89548],[21.97673,46.89522],[21.97655,46.89494],[21.97647,46.8948],[21.97614,46.89458],[21.97563,46.89425],[21.97485,46.8938],[21.9743,46.89351],[21.97414,46.89346],[21.97399,46.89342],[21.9737,46.89329],[21.97299,46.89304],[21.97255,46.89288],[21.97231,46.89278],[21.97182,46.89257],[21.97146,46.89242],[21.9713,46.89234],[21.97119,46.89225],[21.97107,46.8921],[21.97104,46.89197],[21.97102,46.89181],[21.97106,46.89164],[21.97116,46.89137],[21.97124,46.89112],[21.97113,46.8908],[21.97102,46.8905],[21.97115,46.89048]]},"properties":{"line":"516","dir":"0","mode":"bus"}},{"type":"Feature","geometry":{"type":"LineString","coordinates":[[21.97115,46.89048],[21.97127,46.89044],[21.97135,46.8905],[21.97134,46.89061],[21.9713,46.89078],[21.97125,46.89095],[21.97129,46.89104],[21.9713,46.89113],[21.97125,46.89131],[21.97114,46.8916],[21.97108,46.89184],[21.97112,46.89205],[21.9712,46.89219],[21.97134,46.8923],[21.97151,46.89239],[21.97252,46.89281],[21.97332,46.8931],[21.97409,46.89337],[21.97436,46.89349],[21.97463,46.89362],[21.97518,46.89393],[21.97571,46.89424],[21.97626,46.89459],[21.97652,46.89477],[21.97682,46.89522],[21.97709,46.89549],[21.97738,46.89569],[21.97774,46.89583],[21.97809,46.89592],[21.97828,46.89601],[21.97858,46.89616],[21.97878,46.89627],[21.97899,46.89638],[21.9793,46.8966],[21.97959,46.89684],[21.98015,46.89734],[21.98029,46.8975],[21.98036,46.89769],[21.98037,46.89783],[21.9803,46.89823],[21.98026,46.89864],[21.98018,46.89956],[21.98007,46.90076],[21.98011,46.90099],[21.98024,46.90124],[21.98053,46.90171],[21.98168,46.90275],[21.98321,46.9041],[21.98459,46.90525],[21.98502,46.90564],[21.98549,46.90589],[21.98577,46.90606],[21.98599,46.90629],[21.98657,46.90679],[21.98689,46.90708],[21.9871,46.90732],[21.98724,46.9075],[21.98735,46.90759],[21.98747,46.90765],[21.98816,46.90791],[21.98874,46.90818],[21.98922,46.90843],[21.98989,46.90868],[21.99031,46.90876],[21.99047,46.90878],[21.99091,46.90885],[21.99116,46.90892],[21.99145,46.90904],[21.99188,46.90923],[21.99296,46.9096],[21.99325,46.90973],[21.99346,46.90986],[21.9936,46.91],[21.99371,46.91016],[21.99391,46.91052],[21.99409,46.91096],[21.99425,46.91128],[21.99439,46.91147],[21.99461,46.9117],[21.99483,46.91195],[21.99514,46.91235],[21.9959,46.9132],[21.99645,46.91381],[21.99678,46.91415],[21.99695,46.91428],[21.99723,46.91436],[21.9975,46.91437],[21.99952,46.91436],[22.0015,46.91437],[22.00292,46.91438],[22.00359,46.91438],[22.0042,46.91432],[22.00452,46.9143],[22.00477,46.91429],[22.00505,46.91432],[22.00528,46.91436],[22.00551,46.91443],[22.00622,46.91466],[22.00708,46.91491],[22.00753,46.91504],[22.00816,46.91532],[22.00851,46.91546],[22.00896,46.91556],[22.00962,46.91562],[22.00997,46.91562],[22.01041,46.91561],[22.01099,46.91568],[22.01126,46.91569],[22.01142,46.91567],[22.01159,46.91564],[22.01173,46.91558],[22.01185,46.91551],[22.01271,46.91488],[22.01285,46.91483],[22.01301,46.91488],[22.01354,46.91509],[22.01404,46.9153],[22.01435,46.91544],[22.01467,46.91553],[22.01656,46.91629],[22.01697,46.91645],[22.01744,46.91666],[22.01767,46.91677],[22.01789,46.91689],[22.01835,46.91713],[22.01842,46.91721],[22.01842,46.91733],[22.01839,46.91741],[22.0183,46.91756],[22.0183,46.91767],[22.01837,46.91783],[22.01852,46.91802],[22.01901,46.91843],[22.01942,46.91882],[22.02022,46.91941],[22.02047,46.91957],[22.02058,46.91968],[22.02108,46.92002],[22.02169,46.9204],[22.02223,46.92071],[22.02251,46.92085],[22.02293,46.92104],[22.02317,46.92112],[22.0233,46.92112],[22.02361,46.92107],[22.02459,46.9209],[22.02466,46.92086],[22.02471,46.9208],[22.02481,46.92063],[22.02494,46.92045],[22.02504,46.92036],[22.02532,46.92034],[22.02583,46.92044],[22.02623,46.9205],[22.02662,46.9205],[22.027,46.92047],[22.02755,46.92048],[22.02784,46.92045],[22.02816,46.92035],[22.02851,46.92027],[22.02882,46.92023],[22.02924,46.92022],[22.03036,46.92019],[22.03097,46.92016],[22.03164,46.92014],[22.03201,46.92015],[22.03235,46.92018],[22.03273,46.92022],[22.03296,46.92026],[22.03318,46.9203],[22.0337,46.92043],[22.03414,46.92046],[22.03551,46.9205],[22.03625,46.9205],[22.03674,46.92047],[22.03712,46.92039],[22.03756,46.92034],[22.03801,46.92025],[22.03844,46.92011],[22.03888,46.91997],[22.04087,46.91927],[22.04108,46.91919],[22.04129,46.91913],[22.04186,46.919],[22.04231,46.91893],[22.04286,46.91883],[22.04325,46.91875],[22.04375,46.91863],[22.04415,46.91855],[22.04452,46.9185],[22.04519,46.91852],[22.04577,46.91855],[22.04666,46.91868],[22.04695,46.91874],[22.04728,46.91885],[22.04764,46.91901],[22.04826,46.91922],[22.04872,46.91932],[22.04921,46.91941],[22.04941,46.91952],[22.04958,46.9197],[22.04973,46.91979],[22.0499,46.91978],[22.05008,46.91971],[22.05023,46.91964],[22.05037,46.91953],[22.05052,46.9193],[22.05065,46.91902],[22.05075,46.91878],[22.05089,46.9185],[22.05099,46.91832],[22.05115,46.9182],[22.05135,46.91816],[22.0516,46.91817],[22.05189,46.91822],[22.05226,46.91833],[22.05204,46.9187],[22.05185,46.91903],[22.05176,46.91917],[22.05173,46.91937],[22.05172,46.91948],[22.05176,46.91964],[22.05189,46.92014],[22.05203,46.92059],[22.05213,46.92093],[22.05212,46.92114],[22.05185,46.92184],[22.05172,46.92217],[22.05163,46.92234],[22.0515,46.92253],[22.05125,46.92278],[22.05111,46.92295],[22.05103,46.92306],[22.051,46.92319],[22.05105,46.92334],[22.05116,46.92349],[22.05179,46.9241],[22.05214,46.92445],[22.05235,46.9246],[22.05269,46.9248],[22.05421,46.92551],[22.05435,46.9256],[22.05442,46.9257],[22.05441,46.92576],[22.05436,46.92585],[22.05424,46.92591],[22.05413,46.92592],[22.05395,46.92593],[22.05356,46.92593],[22.05314,46.92592],[22.05256,46.92602],[22.05144,46.92628],[22.05119,46.92639],[22.05091,46.92661],[22.05071,46.9268],[22.05053,46.92695],[22.05039,46.92704],[22.05003,46.92719],[22.04963,46.92734],[22.04929,46.92754],[22.04862,46.92797],[22.048,46.92839],[22.04768,46.92872],[22.04651,46.93003],[22.04538,46.93128],[22.04483,46.93198],[22.04426,46.9328],[22.0437,46.93359],[22.04371,46.93367],[22.04349,46.93391],[22.04322,46.93433],[22.04261,46.93522],[22.04228,46.93572],[22.04188,46.93618],[22.04097,46.93706],[22.0409,46.93723],[22.0408,46.93719],[22.04032,46.93764],[22.03948,46.93845],[22.03921,46.9387],[22.03894,46.93893],[22.03853,46.9392],[22.03807,46.93944],[22.03739,46.93978],[22.03636,46.94031],[22.03555,46.94073],[22.0346,46.94121],[22.03408,46.94147],[22.03367,46.94165],[22.03323,46.94181],[22.0326,46.94204],[22.03217,46.94225],[22.03184,46.94246],[22.03125,46.94283],[22.03036,46.94339],[22.02983,46.94374],[22.02934,46.94403],[22.02852,46.94454],[22.02822,46.94469],[22.02759,46.94489],[22.0265,46.94522],[22.0249,46.94571],[22.02414,46.94595],[22.02364,46.94612],[22.02339,46.94627],[22.02334,46.94632],[22.02287,46.94663],[22.02204,46.94725],[22.02093,46.94802],[22.02058,46.94822],[22.0202,46.94842],[22.01899,46.94904],[22.01782,46.94962],[22.01663,46.95019],[22.01535,46.95083],[22.01471,46.95118],[22.01411,46.95155],[22.01122,46.95333],[22.00921,46.95456],[22.0073,46.95583],[22.00634,46.95646],[22.00539,46.9571],[22.00438,46.95771],[22.0034,46.95834],[22.00273,46.95879],[22.00209,46.95925],[22.00027,46.96065],[21.99836,46.96191],[21.99809,46.96212],[21.99766,46.9625],[21.99699,46.96308],[21.99565,46.96426],[21.99542,46.96448],[21.99516,46.96475],[21.99478,46.9652],[21.99442,46.96566],[21.99386,46.96637],[21.99367,46.96658],[21.99346,46.96679],[21.99316,46.96705],[21.99264,46.96746],[21.99218,46.96788],[21.99149,46.96882],[21.99112,46.96933],[21.99098,46.96951],[21.99077,46.96975],[21.99037,46.97009],[21.98991,46.97042],[21.98924,46.97089],[21.98826,46.97149],[21.98781,46.97183],[21.98713,46.97249],[21.98635,46.97324],[21.98611,46.97352],[21.98586,46.97393],[21.98558,46.97443],[21.98509,46.97535],[21.98459,46.97627],[21.9843,46.97683],[21.98416,46.97721],[21.98411,46.97758],[21.98417,46.97787],[21.98449,46.9782],[21.98496,46.97853],[21.98535,46.97884],[21.98582,46.97932],[21.98609,46.97963],[21.98624,46.97985],[21.98631,46.98001],[21.98635,46.98022],[21.98637,46.98043],[21.98644,46.98103],[21.98656,46.98221],[21.98653,46.98251],[21.98637,46.9831],[21.98613,46.98356],[21.98576,46.98425],[21.98558,46.98473],[21.98552,46.98521],[21.98552,46.98604],[21.98555,46.98625],[21.98555,46.98646],[21.98553,46.98687],[21.98544,46.98726],[21.98537,46.98746],[21.98526,46.98769],[21.98479,46.9884],[21.98445,46.98893],[21.98428,46.9892],[21.98413,46.98946],[21.98401,46.98969],[21.98394,46.98993],[21.98371,46.99099],[21.98359,46.99154],[21.9835,46.99189],[21.98355,46.99207],[21.98341,46.99223],[21.98335,46.99249],[21.98323,46.99304],[21.98309,46.99375],[21.98302,46.99409],[21.98301,46.99437],[21.98299,46.99478],[21.98298,46.99513],[21.98296,46.99532],[21.98294,46.9954],[21.98289,46.99548],[21.98287,46.99554],[21.98281,46.99561],[21.98272,46.99571],[21.98258,46.99582],[21.98243,46.99589],[21.98224,46.99596],[21.98193,46.99604],[21.98127,46.99614],[21.98074,46.99621],[21.9803,46.9963],[21.97983,46.9964],[21.97965,46.99644],[21.9795,46.9965],[21.97942,46.99655],[21.97939,46.9966],[21.97928,46.99664],[21.97915,46.99677],[21.97914,46.99691],[21.97913,46.99705],[21.97919,46.99728],[21.97924,46.99752],[21.97929,46.99774],[21.97935,46.998],[21.97942,46.99841],[21.97949,46.99894],[21.97952,46.9992],[21.97955,46.99939],[21.97963,46.99955],[21.97981,46.99974],[21.98005,46.9999],[21.9803,47.00005],[21.9805,47.00021],[21.98072,47.00045],[21.98083,47.00059],[21.98091,47.00074],[21.98098,47.00095],[21.98099,47.00121],[21.98097,47.00134],[21.98093,47.00144],[21.98084,47.00163],[21.98067,47.00181],[21.98044,47.00204],[21.98015,47.00227],[21.9798,47.00256],[21.97928,47.00298],[21.97879,47.00338],[21.97856,47.00356],[21.97835,47.00369],[21.97813,47.00383],[21.97785,47.004],[21.97736,47.00425],[21.97676,47.00453],[21.97612,47.00483],[21.97554,47.00511],[21.97534,47.00529],[21.97517,47.0053],[21.97477,47.00551],[21.97443,47.00571],[21.97253,47.00697],[21.97186,47.00741],[21.97141,47.00763],[21.97033,47.00803],[21.96948,47.00837],[21.96921,47.00853],[21.96897,47.00871],[21.96875,47.00894],[21.96834,47.00945],[21.96793,47.01002],[21.96751,47.01064],[21.96589,47.01313],[21.96525,47.01413],[21.96496,47.0146],[21.96474,47.01517],[21.96479,47.01528],[21.96474,47.01538],[21.96467,47.01544],[21.96455,47.01547],[21.96421,47.01594],[21.96403,47.01633],[21.9638,47.01693],[21.96339,47.01826],[21.96323,47.01875],[21.96307,47.01925],[21.96288,47.01976],[21.96276,47.02006],[21.96262,47.02036],[21.96241,47.02076],[21.96216,47.02117],[21.96162,47.02201],[21.96101,47.02287],[21.95947,47.02487],[21.95897,47.02552],[21.95886,47.02574],[21.95882,47.02593],[21.95888,47.02603],[21.95886,47.02615],[21.95879,47.02623],[21.95869,47.02629],[21.9585,47.02633],[21.95806,47.02666],[21.95781,47.02696],[21.95727,47.02767],[21.95643,47.02868],[21.95611,47.02906],[21.95545,47.02878],[21.9553,47.0289],[21.95581,47.02915],[21.95557,47.02936],[21.9552,47.02918],[21.95505,47.02921]]},"properties":{"line":"516","dir":"1","mode":"bus"}},{"type":"Feature","geometry":{"type":"LineString","coordinates":[[21.95505,47.02921],[21.95507,47.0291],[21.95547,47.02876],[21.95607,47.02903],[21.95616,47.02892],[21.95652,47.02848],[21.95663,47.02835],[21.95694,47.02797],[21.95746,47.02731],[21.95789,47.02677],[21.95808,47.02653],[21.95818,47.02627],[21.95818,47.02618],[21.95816,47.02606],[21.95819,47.02597],[21.95827,47.0259],[21.95846,47.02584],[21.9587,47.02567],[21.9589,47.02552],[21.9591,47.02527],[21.95943,47.02482],[21.96038,47.02361],[21.96087,47.02296],[21.96142,47.02219],[21.9619,47.02147],[21.9623,47.02081],[21.96252,47.02041],[21.96272,47.02],[21.96288,47.01958],[21.96302,47.01917],[21.96337,47.01809],[21.9636,47.01737],[21.96371,47.017],[21.96385,47.01663],[21.96396,47.01631],[21.96411,47.016],[21.96425,47.01567],[21.96436,47.01541],[21.96429,47.01533],[21.9643,47.01523],[21.96437,47.01517],[21.9645,47.01513],[21.96474,47.01481],[21.9649,47.01459],[21.96503,47.01436],[21.9656,47.01346],[21.9667,47.01177],[21.96731,47.01084],[21.96762,47.01038],[21.96791,47.00993],[21.9682,47.00953],[21.9685,47.00913],[21.96878,47.00882],[21.96903,47.00858],[21.96941,47.00836],[21.96977,47.0082],[21.97015,47.00805],[21.97119,47.00766],[21.97152,47.00751],[21.9718,47.00738],[21.97209,47.0072],[21.97294,47.00664],[21.97376,47.00608],[21.97416,47.00581],[21.97458,47.00555],[21.97493,47.00537],[21.9753,47.00519],[21.97603,47.00482],[21.97637,47.00462],[21.97709,47.00433],[21.97765,47.00405],[21.97812,47.00379],[21.97846,47.00357],[21.97871,47.00338],[21.97987,47.00244],[21.98036,47.00204],[21.98053,47.00188],[21.98068,47.00173],[21.9808,47.00159],[21.98086,47.00145],[21.98093,47.00125],[21.98093,47.00095],[21.98083,47.00072],[21.98072,47.00054],[21.98055,47.00034],[21.98044,47.00022],[21.98027,47.0001],[21.97992,46.99986],[21.97974,46.99975],[21.97962,46.99962],[21.97953,46.9995],[21.97948,46.99935],[21.97946,46.99918],[21.97939,46.99869],[21.97932,46.99816],[21.97917,46.99747],[21.9791,46.99716],[21.97907,46.99691],[21.97908,46.99682],[21.97909,46.99668],[21.97915,46.99656],[21.97915,46.99649],[21.97921,46.99644],[21.97938,46.99643],[21.97951,46.99642],[21.97969,46.99638],[21.98029,46.99626],[21.98061,46.9962],[21.98094,46.99615],[21.98193,46.996],[21.98213,46.99596],[21.98229,46.9959],[21.98247,46.99583],[21.98257,46.99577],[21.98268,46.99568],[21.98276,46.99561],[21.98289,46.99536],[21.98292,46.99499],[21.98295,46.99436],[21.98296,46.99408],[21.98302,46.9938],[21.98314,46.99323],[21.98339,46.99237],[21.98348,46.99178],[21.98362,46.99117],[21.98387,46.98997],[21.98395,46.98969],[21.98411,46.98938],[21.98429,46.98908],[21.98449,46.98878],[21.98525,46.98762],[21.98539,46.98723],[21.98548,46.98683],[21.98545,46.98563],[21.98546,46.98524],[21.98553,46.98474],[21.98571,46.98424],[21.98597,46.98376],[21.98622,46.98327],[21.98641,46.98278],[21.98647,46.98257],[21.98649,46.98236],[21.98645,46.98164],[21.98631,46.98032],[21.98625,46.97999],[21.98611,46.97975],[21.98576,46.97933],[21.98535,46.97891],[21.98438,46.97817],[21.98422,46.978],[21.9841,46.97783],[21.98405,46.97754],[21.98409,46.97727],[21.98424,46.97682],[21.98503,46.97536],[21.98587,46.97379],[21.98606,46.97351],[21.98629,46.97321],[21.98696,46.97258],[21.98746,46.97209],[21.98769,46.97187],[21.98795,46.97166],[21.98826,46.97144],[21.98859,46.97124],[21.98926,46.97083],[21.9899,46.97038],[21.99029,46.9701],[21.99065,46.9698],[21.99093,46.9695],[21.99116,46.96919],[21.99161,46.96856],[21.99205,46.96796],[21.99222,46.96777],[21.99248,46.96753],[21.99313,46.96701],[21.99345,46.96674],[21.99374,46.96646],[21.99504,46.9648],[21.99536,46.96446],[21.99674,46.96323],[21.99805,46.96209],[21.99823,46.96195],[21.99843,46.96181],[21.99924,46.96127],[21.99987,46.96087],[22.00044,46.96046],[22.0016,46.95956],[22.00189,46.95933],[22.00219,46.95912],[22.00281,46.95868],[22.00368,46.9581],[22.00496,46.9573],[22.00708,46.95592],[22.00813,46.95521],[22.00918,46.95452],[22.0103,46.95383],[22.011,46.9534],[22.01132,46.95314],[22.01172,46.95297],[22.01246,46.95251],[22.01365,46.95178],[22.01449,46.95126],[22.01533,46.95079],[22.01664,46.95013],[22.01799,46.94949],[22.01933,46.94882],[22.02064,46.94815],[22.02107,46.94786],[22.0214,46.94761],[22.02334,46.94621],[22.02366,46.94604],[22.02407,46.9459],[22.02617,46.94527],[22.02772,46.9448],[22.02809,46.94467],[22.02849,46.94448],[22.02952,46.94385],[22.0307,46.94311],[22.03164,46.94251],[22.03204,46.94226],[22.03251,46.94201],[22.0333,46.94173],[22.03418,46.94135],[22.03575,46.94056],[22.037,46.93991],[22.03804,46.93939],[22.03885,46.93891],[22.03953,46.9383],[22.04073,46.93712],[22.04085,46.93707],[22.04169,46.93627],[22.04233,46.93551],[22.04297,46.93453],[22.04305,46.93441],[22.04315,46.93431],[22.04325,46.9342],[22.04344,46.93407],[22.04401,46.93376],[22.04447,46.93357],[22.0448,46.93349],[22.0456,46.93342],[22.04592,46.9334],[22.04623,46.93335],[22.04657,46.93325],[22.04703,46.93312],[22.0474,46.93303],[22.04778,46.93294],[22.04819,46.93289],[22.05003,46.93272],[22.05051,46.93272],[22.0508,46.93275],[22.05121,46.93285],[22.05172,46.93298],[22.05232,46.93314],[22.05266,46.93323],[22.05325,46.93323],[22.05422,46.93305],[22.05465,46.93295],[22.05561,46.93256],[22.05577,46.93249],[22.0561,46.93241],[22.05648,46.93237],[22.05931,46.93243],[22.0598,46.93241],[22.06067,46.93217],[22.06123,46.932],[22.06136,46.93184],[22.06144,46.93194],[22.06256,46.9316],[22.06348,46.93133],[22.06395,46.93118],[22.06455,46.93108],[22.06535,46.93103],[22.06651,46.93103],[22.06737,46.93103],[22.06827,46.9311],[22.06965,46.93121],[22.07,46.93105],[22.06996,46.93121],[22.06988,46.93127],[22.06955,46.93125],[22.06874,46.93119],[22.06739,46.93107],[22.06538,46.93108],[22.06462,46.93112],[22.064,46.93122],[22.06337,46.93141],[22.06323,46.93147],[22.06307,46.9315],[22.06121,46.93206],[22.06039,46.9323],[22.05986,46.93245],[22.05925,46.93248],[22.05745,46.93244],[22.05645,46.93242],[22.05614,46.93245],[22.05597,46.93248],[22.05575,46.93255],[22.0547,46.93299],[22.05436,46.93308],[22.05402,46.93314],[22.05326,46.93328],[22.05266,46.93327],[22.05084,46.9328],[22.05048,46.93276],[22.05008,46.93277],[22.04793,46.93297],[22.04758,46.93303],[22.04709,46.93316],[22.04624,46.93339],[22.04586,46.93345],[22.04497,46.93352],[22.04463,46.93358],[22.04439,46.93365],[22.044,46.93382],[22.04366,46.93401],[22.04332,46.93421],[22.04311,46.93443],[22.04281,46.93489],[22.04239,46.93552],[22.04186,46.93618],[22.04112,46.93689],[22.04084,46.93716],[22.0409,46.93723],[22.04078,46.93721],[22.04001,46.93794],[22.03945,46.93848],[22.03899,46.9389],[22.03894,46.93896],[22.03905,46.93903],[22.0391,46.93911],[22.0391,46.93922],[22.03903,46.93932],[22.03899,46.93941],[22.03866,46.93999],[22.03856,46.94026],[22.03838,46.94072],[22.03833,46.94121],[22.03814,46.9423],[22.03816,46.94235],[22.04406,46.94316],[22.04998,46.94397],[22.05037,46.94404],[22.0507,46.94416],[22.05107,46.94439],[22.05224,46.94541],[22.05295,46.94608],[22.05419,46.9473],[22.05501,46.94807],[22.05547,46.94848],[22.05586,46.9491],[22.05603,46.94953],[22.05606,46.95042],[22.05609,46.95048],[22.05618,46.95052],[22.05765,46.95082],[22.0584,46.95095],[22.05912,46.95109],[22.05954,46.95116],[22.06026,46.9512],[22.06055,46.95117],[22.06109,46.95107],[22.06171,46.95094],[22.06224,46.95083],[22.06248,46.9508],[22.06277,46.95079],[22.06306,46.95077],[22.06387,46.95069],[22.06411,46.9507],[22.0645,46.95074],[22.0652,46.95086],[22.06557,46.95091],[22.06567,46.95095],[22.06575,46.95106],[22.06579,46.95126],[22.06578,46.95137],[22.06512,46.95171],[22.06502,46.95179],[22.06494,46.95194],[22.06494,46.95224],[22.06495,46.9526],[22.06495,46.95277],[22.06489,46.953],[22.06472,46.95329],[22.06457,46.95341],[22.06425,46.95361],[22.0641,46.95372],[22.06398,46.95383],[22.06328,46.95492],[22.06268,46.95585],[22.0626,46.95603],[22.0626,46.95633],[22.06301,46.95756],[22.06323,46.95822],[22.06344,46.95878],[22.06343,46.95895],[22.06355,46.95975],[22.06352,46.96202],[22.06357,46.96364],[22.06365,46.96447],[22.06365,46.96495],[22.06366,46.96545],[22.06353,46.96539],[22.06358,46.9652],[22.06359,46.9649],[22.06359,46.96461],[22.06356,46.96402],[22.0635,46.96353],[22.06348,46.96238],[22.06346,46.96172],[22.06347,46.96106],[22.06349,46.96041],[22.06349,46.95975],[22.06337,46.95898],[22.06326,46.95851],[22.0631,46.95797],[22.06291,46.95742],[22.06254,46.95634],[22.06254,46.95606],[22.06261,46.95587],[22.06291,46.95539],[22.06322,46.95491],[22.06383,46.95397],[22.06393,46.9538],[22.06407,46.95368],[22.06437,46.95348],[22.06451,46.95339],[22.06462,46.9533],[22.06479,46.95306],[22.06484,46.95292],[22.06488,46.95279],[22.06488,46.95238],[22.06488,46.95197],[22.06491,46.95186],[22.06497,46.95175],[22.06556,46.95142],[22.0657,46.95132],[22.06572,46.95127],[22.06572,46.95118],[22.0657,46.95108],[22.06562,46.95098],[22.06551,46.95095],[22.06523,46.9509],[22.06401,46.95074],[22.06343,46.95077],[22.0629,46.95082],[22.06247,46.95084],[22.06118,46.9511],[22.06075,46.95117],[22.06057,46.9512],[22.06027,46.95123],[22.06005,46.95123],[22.05983,46.95122],[22.05954,46.9512],[22.05936,46.95118],[22.05851,46.95101],[22.05812,46.95094],[22.05782,46.95089],[22.05687,46.95071],[22.05613,46.95055],[22.05603,46.95049],[22.05599,46.9504],[22.05596,46.95008],[22.05597,46.94968],[22.05596,46.9495],[22.05579,46.94909],[22.05529,46.94844],[22.05491,46.94804],[22.05429,46.94748],[22.05331,46.94651],[22.05233,46.94556],[22.05153,46.94485],[22.05105,46.94443],[22.05066,46.94418],[22.05034,46.94408],[22.04998,46.94401],[22.04393,46.94318],[22.04087,46.94276],[22.03821,46.94241],[22.0381,46.94236],[22.03808,46.94226],[22.03823,46.94146],[22.03828,46.94115],[22.03832,46.94072],[22.03854,46.94014],[22.03861,46.93996],[22.03872,46.93976],[22.03876,46.93955],[22.03885,46.93951],[22.03898,46.93928],[22.03904,46.93918],[22.03903,46.93907],[22.0389,46.93899],[22.03887,46.93892],[22.0389,46.93889],[22.0395,46.93835],[22.04016,46.93773],[22.04063,46.93728],[22.04073,46.93712],[22.04112,46.93678],[22.0418,46.93614],[22.04243,46.93534],[22.04298,46.9345],[22.04322,46.93421],[22.04342,46.93384],[22.04356,46.93361],[22.04363,46.9336],[22.04375,46.93342],[22.04459,46.93222],[22.04478,46.93195],[22.04527,46.93132],[22.04683,46.92961],[22.0479,46.9284],[22.0493,46.92746],[22.0496,46.9273],[22.05012,46.9271],[22.05046,46.92694],[22.05103,46.92644],[22.05119,46.92633],[22.05143,46.92623],[22.05206,46.92608],[22.05258,46.92596],[22.05316,46.92588],[22.0541,46.92588],[22.05424,46.92586],[22.05432,46.9258],[22.05436,46.92573],[22.05431,46.92563],[22.05409,46.9255],[22.05376,46.92536],[22.05313,46.92507],[22.05263,46.92484],[22.05218,46.92456],[22.05173,46.92414],[22.05109,46.9235],[22.05099,46.92337],[22.05095,46.92319],[22.05097,46.92304],[22.05112,46.92282],[22.0514,46.92256],[22.05157,46.92232],[22.05169,46.92209],[22.05202,46.92122],[22.05206,46.92109],[22.05206,46.92095],[22.05204,46.92083],[22.05188,46.92033],[22.0517,46.91971],[22.05167,46.91961],[22.05166,46.9195],[22.05166,46.91939],[22.05167,46.91928],[22.05171,46.91913],[22.05218,46.91835],[22.05189,46.91827],[22.05159,46.91822],[22.05143,46.9182],[22.0513,46.91821],[22.05118,46.91824],[22.05103,46.91836],[22.05091,46.9186],[22.0506,46.91927],[22.05056,46.91937],[22.05049,46.91948],[22.05038,46.91961],[22.05011,46.91976],[22.04992,46.91982],[22.04976,46.91984],[22.04958,46.91978],[22.04943,46.91961],[22.04923,46.91947],[22.04832,46.91928],[22.04803,46.9192],[22.04761,46.91906],[22.04712,46.91884],[22.04695,46.91878],[22.04668,46.91872],[22.04605,46.91864],[22.04584,46.91861],[22.04553,46.91858],[22.04481,46.91855],[22.04437,46.91856],[22.04377,46.91867],[22.04311,46.91883],[22.0427,46.91891],[22.04239,46.91896],[22.04173,46.91907],[22.04124,46.9192],[22.04099,46.91927],[22.04051,46.91944],[22.0396,46.91976],[22.0389,46.92],[22.03862,46.92011],[22.03834,46.92019],[22.03798,46.9203],[22.03775,46.92035],[22.03749,46.92039],[22.03713,46.92043],[22.03672,46.92052],[22.03642,46.92054],[22.0361,46.92055],[22.03528,46.92053],[22.03394,46.92049],[22.03371,46.92047],[22.03349,46.92042],[22.03331,46.92038],[22.03315,46.92034],[22.03267,46.92026],[22.03202,46.92019],[22.03166,46.92018],[22.03121,46.92019],[22.03028,46.92024],[22.02976,46.92026],[22.02888,46.92028],[22.02856,46.92031],[22.02831,46.92035],[22.02799,46.92045],[22.02785,46.9205],[22.02768,46.92052],[22.02741,46.92052],[22.02708,46.9205],[22.02648,46.92055],[22.02609,46.92053],[22.02586,46.92049],[22.02562,46.92044],[22.02525,46.9204],[22.02512,46.9204],[22.02503,46.92044],[22.02471,46.92089],[22.02461,46.92095],[22.02404,46.92104],[22.02332,46.92116],[22.02316,46.92117],[22.023,46.92111],[22.02257,46.92094],[22.02232,46.92081],[22.02193,46.9206],[22.02158,46.92039],[22.02118,46.92014],[22.02075,46.91987],[22.02041,46.91961],[22.02028,46.91954],[22.02022,46.91947],[22.0195,46.91895],[22.01938,46.91886],[22.01927,46.91876],[22.01905,46.91854],[22.01881,46.91832],[22.01866,46.91822],[22.01855,46.91812],[22.01849,46.91806],[22.01844,46.91801],[22.01831,46.91785],[22.01823,46.91768],[22.01824,46.91756],[22.01829,46.91745],[22.01836,46.9173],[22.01837,46.91724],[22.01831,46.91717],[22.01806,46.91704],[22.01766,46.91682],[22.01737,46.91668],[22.01695,46.9165],[22.01682,46.91649],[22.01668,46.9164],[22.01555,46.91594],[22.01465,46.91557],[22.01428,46.91546],[22.01389,46.91529],[22.01324,46.91502],[22.01293,46.9149],[22.01283,46.91489],[22.01271,46.91496],[22.01243,46.91516],[22.01196,46.9155],[22.01176,46.91562],[22.01157,46.9157],[22.01128,46.91574],[22.011,46.91572],[22.01071,46.91569],[22.01041,46.91566],[22.00993,46.91567],[22.00954,46.91566],[22.00904,46.91562],[22.00869,46.91556],[22.00844,46.91549],[22.00766,46.91516],[22.00729,46.91503],[22.00686,46.91489],[22.00614,46.91468],[22.00541,46.91444],[22.00508,46.91436],[22.00472,46.91433],[22.00372,46.91442],[22.00346,46.91443],[22.0019,46.91441],[21.99969,46.9144],[21.99763,46.91442],[21.99731,46.9144],[21.99708,46.91438],[21.99693,46.91432],[21.99678,46.91423],[21.99635,46.91378],[21.99564,46.91299],[21.99505,46.91233],[21.99462,46.91181],[21.99435,46.91151],[21.99425,46.91139],[21.99413,46.91119],[21.9938,46.91044],[21.99356,46.91004],[21.99337,46.90986],[21.99309,46.90971],[21.99273,46.90958],[21.99225,46.90941],[21.99179,46.90925],[21.99138,46.90906],[21.99112,46.90895],[21.99091,46.9089],[21.99069,46.90886],[21.99017,46.90879],[21.98989,46.90872],[21.9896,46.90864],[21.98917,46.90846],[21.98863,46.90819],[21.98813,46.90796],[21.98761,46.90775],[21.9874,46.90767],[21.98729,46.90762],[21.98721,46.90754],[21.98711,46.90744],[21.98696,46.90725],[21.98675,46.90702],[21.98636,46.90669],[21.98602,46.90639],[21.98572,46.90612],[21.98557,46.90601],[21.98504,46.90571],[21.98488,46.90561],[21.9846,46.90537],[21.98425,46.90505],[21.98337,46.90433],[21.98317,46.90417],[21.9829,46.90393],[21.98245,46.90352],[21.98129,46.90248],[21.9807,46.90197],[21.98051,46.90178],[21.98034,46.90157],[21.9802,46.90131],[21.98006,46.90105],[21.97999,46.90081],[21.98001,46.90047],[21.98007,46.90001],[21.98015,46.89922],[21.98025,46.8981],[21.98031,46.89782],[21.98029,46.89766],[21.98022,46.8975],[21.98009,46.89735],[21.97993,46.89722],[21.9796,46.89693],[21.97923,46.89662],[21.97901,46.89646],[21.97876,46.89631],[21.97814,46.89599],[21.97793,46.89592],[21.97768,46.89585],[21.97752,46.89581],[21.97738,46.89575],[21.97718,46.89561],[21.977,46.89548],[21.97673,46.89522],[21.97655,46.89494],[21.97647,46.8948],[21.97614,46.89458],[21.97563,46.89425],[21.97485,46.8938],[21.9743,46.89351],[21.97414,46.89346],[21.97399,46.89342],[21.9737,46.89329],[21.97299,46.89304],[21.97255,46.89288],[21.97231,46.89278],[21.97182,46.89257],[21.97146,46.89242],[21.9713,46.89234],[21.97119,46.89225],[21.97107,46.8921],[21.97104,46.89197],[21.97102,46.89181],[21.97106,46.89164],[21.97116,46.89137],[21.97124,46.89112],[21.97113,46.8908],[21.97102,46.8905],[21.97115,46.89048]]},"properties":{"line":"517","dir":"0","mode":"bus"}},{"type":"Feature","geometry":{"type":"LineString","coordinates":[[21.97115,46.89048],[21.97127,46.89044],[21.97135,46.8905],[21.97134,46.89061],[21.9713,46.89078],[21.97125,46.89095],[21.97129,46.89104],[21.9713,46.89113],[21.97125,46.89131],[21.97114,46.8916],[21.97108,46.89184],[21.97112,46.89205],[21.9712,46.89219],[21.97134,46.8923],[21.97151,46.89239],[21.97252,46.89281],[21.97332,46.8931],[21.97409,46.89337],[21.97436,46.89349],[21.97463,46.89362],[21.97518,46.89393],[21.97571,46.89424],[21.97626,46.89459],[21.97652,46.89477],[21.97682,46.89522],[21.97709,46.89549],[21.97738,46.89569],[21.97774,46.89583],[21.97809,46.89592],[21.97828,46.89601],[21.97858,46.89616],[21.97878,46.89627],[21.97899,46.89638],[21.9793,46.8966],[21.97959,46.89684],[21.98015,46.89734],[21.98029,46.8975],[21.98036,46.89769],[21.98037,46.89783],[21.9803,46.89823],[21.98026,46.89864],[21.98018,46.89956],[21.98007,46.90076],[21.98011,46.90099],[21.98024,46.90124],[21.98053,46.90171],[21.98168,46.90275],[21.98321,46.9041],[21.98459,46.90525],[21.98502,46.90564],[21.98549,46.90589],[21.98577,46.90606],[21.98599,46.90629],[21.98657,46.90679],[21.98689,46.90708],[21.9871,46.90732],[21.98724,46.9075],[21.98735,46.90759],[21.98747,46.90765],[21.98816,46.90791],[21.98874,46.90818],[21.98922,46.90843],[21.98989,46.90868],[21.99031,46.90876],[21.99047,46.90878],[21.99091,46.90885],[21.99116,46.90892],[21.99145,46.90904],[21.99188,46.90923],[21.99296,46.9096],[21.99325,46.90973],[21.99346,46.90986],[21.9936,46.91],[21.99371,46.91016],[21.99391,46.91052],[21.99409,46.91096],[21.99425,46.91128],[21.99439,46.91147],[21.99461,46.9117],[21.99483,46.91195],[21.99514,46.91235],[21.9959,46.9132],[21.99645,46.91381],[21.99678,46.91415],[21.99695,46.91428],[21.99723,46.91436],[21.9975,46.91437],[21.99952,46.91436],[22.0015,46.91437],[22.00292,46.91438],[22.00359,46.91438],[22.0042,46.91432],[22.00452,46.9143],[22.00477,46.91429],[22.00505,46.91432],[22.00528,46.91436],[22.00551,46.91443],[22.00622,46.91466],[22.00708,46.91491],[22.00753,46.91504],[22.00816,46.91532],[22.00851,46.91546],[22.00896,46.91556],[22.00962,46.91562],[22.00997,46.91562],[22.01041,46.91561],[22.01099,46.91568],[22.01126,46.91569],[22.01142,46.91567],[22.01159,46.91564],[22.01173,46.91558],[22.01185,46.91551],[22.01271,46.91488],[22.01285,46.91483],[22.01301,46.91488],[22.01354,46.91509],[22.01404,46.9153],[22.01435,46.91544],[22.01467,46.91553],[22.01656,46.91629],[22.01697,46.91645],[22.01744,46.91666],[22.01767,46.91677],[22.01789,46.91689],[22.01835,46.91713],[22.01842,46.91721],[22.01842,46.91733],[22.01839,46.91741],[22.0183,46.91756],[22.0183,46.91767],[22.01837,46.91783],[22.01852,46.91802],[22.01901,46.91843],[22.01942,46.91882],[22.02022,46.91941],[22.02047,46.91957],[22.02058,46.91968],[22.02108,46.92002],[22.02169,46.9204],[22.02223,46.92071],[22.02251,46.92085],[22.02293,46.92104],[22.02317,46.92112],[22.0233,46.92112],[22.02361,46.92107],[22.02459,46.9209],[22.02466,46.92086],[22.02471,46.9208],[22.02481,46.92063],[22.02494,46.92045],[22.02504,46.92036],[22.02532,46.92034],[22.02583,46.92044],[22.02623,46.9205],[22.02662,46.9205],[22.027,46.92047],[22.02755,46.92048],[22.02784,46.92045],[22.02816,46.92035],[22.02851,46.92027],[22.02882,46.92023],[22.02924,46.92022],[22.03036,46.92019],[22.03097,46.92016],[22.03164,46.92014],[22.03201,46.92015],[22.03235,46.92018],[22.03273,46.92022],[22.03296,46.92026],[22.03318,46.9203],[22.0337,46.92043],[22.03414,46.92046],[22.03551,46.9205],[22.03625,46.9205],[22.03674,46.92047],[22.03712,46.92039],[22.03756,46.92034],[22.03801,46.92025],[22.03844,46.92011],[22.03888,46.91997],[22.04087,46.91927],[22.04108,46.91919],[22.04129,46.91913],[22.04186,46.919],[22.04231,46.91893],[22.04286,46.91883],[22.04325,46.91875],[22.04375,46.91863],[22.04415,46.91855],[22.04452,46.9185],[22.04519,46.91852],[22.04577,46.91855],[22.04666,46.91868],[22.04695,46.91874],[22.04728,46.91885],[22.04764,46.91901],[22.04826,46.91922],[22.04872,46.91932],[22.04921,46.91941],[22.04941,46.91952],[22.04958,46.9197],[22.04973,46.91979],[22.0499,46.91978],[22.05008,46.91971],[22.05023,46.91964],[22.05037,46.91953],[22.05052,46.9193],[22.05065,46.91902],[22.05075,46.91878],[22.05089,46.9185],[22.05099,46.91832],[22.05115,46.9182],[22.05135,46.91816],[22.0516,46.91817],[22.05189,46.91822],[22.05226,46.91833],[22.05204,46.9187],[22.05185,46.91903],[22.05176,46.91917],[22.05173,46.91937],[22.05172,46.91948],[22.05176,46.91964],[22.05189,46.92014],[22.05203,46.92059],[22.05213,46.92093],[22.05212,46.92114],[22.05185,46.92184],[22.05172,46.92217],[22.05163,46.92234],[22.0515,46.92253],[22.05125,46.92278],[22.05111,46.92295],[22.05103,46.92306],[22.051,46.92319],[22.05105,46.92334],[22.05116,46.92349],[22.05179,46.9241],[22.05214,46.92445],[22.05235,46.9246],[22.05269,46.9248],[22.05421,46.92551],[22.05435,46.9256],[22.05442,46.9257],[22.05441,46.92576],[22.05436,46.92585],[22.05424,46.92591],[22.05413,46.92592],[22.05395,46.92593],[22.05356,46.92593],[22.05314,46.92592],[22.05256,46.92602],[22.05144,46.92628],[22.05119,46.92639],[22.05091,46.92661],[22.05071,46.9268],[22.05053,46.92695],[22.05039,46.92704],[22.05003,46.92719],[22.04963,46.92734],[22.04929,46.92754],[22.04862,46.92797],[22.048,46.92839],[22.04768,46.92872],[22.04651,46.93003],[22.04538,46.93128],[22.04483,46.93198],[22.04426,46.9328],[22.0437,46.93359],[22.04371,46.93367],[22.04349,46.93391],[22.04322,46.93433],[22.04261,46.93522],[22.04228,46.93572],[22.04188,46.93618],[22.04097,46.93706],[22.0409,46.93723],[22.0408,46.93719],[22.04032,46.93764],[22.03948,46.93845],[22.03921,46.9387],[22.03894,46.93893],[22.03853,46.9392],[22.03807,46.93944],[22.03739,46.93978],[22.03636,46.94031],[22.03555,46.94073],[22.0346,46.94121],[22.03408,46.94147],[22.03367,46.94165],[22.03323,46.94181],[22.0326,46.94204],[22.03217,46.94225],[22.03184,46.94246],[22.03125,46.94283],[22.03036,46.94339],[22.02983,46.94374],[22.02934,46.94403],[22.02852,46.94454],[22.02822,46.94469],[22.02759,46.94489],[22.0265,46.94522],[22.0249,46.94571],[22.02414,46.94595],[22.02364,46.94612],[22.02339,46.94627],[22.02334,46.94632],[22.02287,46.94663],[22.02204,46.94725],[22.02093,46.94802],[22.02058,46.94822],[22.0202,46.94842],[22.01899,46.94904],[22.01782,46.94962],[22.01663,46.95019],[22.01535,46.95083],[22.01471,46.95118],[22.01411,46.95155],[22.01122,46.95333],[22.00921,46.95456],[22.0073,46.95583],[22.00634,46.95646],[22.00539,46.9571],[22.00438,46.95771],[22.0034,46.95834],[22.00273,46.95879],[22.00209,46.95925],[22.00027,46.96065],[21.99836,46.96191],[21.99809,46.96212],[21.99766,46.9625],[21.99699,46.96308],[21.99565,46.96426],[21.99542,46.96448],[21.99516,46.96475],[21.99478,46.9652],[21.99442,46.96566],[21.99386,46.96637],[21.99367,46.96658],[21.99346,46.96679],[21.99316,46.96705],[21.99264,46.96746],[21.99218,46.96788],[21.99149,46.96882],[21.99112,46.96933],[21.99098,46.96951],[21.99077,46.96975],[21.99037,46.97009],[21.98991,46.97042],[21.98924,46.97089],[21.98826,46.97149],[21.98781,46.97183],[21.98713,46.97249],[21.98635,46.97324],[21.98611,46.97352],[21.98586,46.97393],[21.98558,46.97443],[21.98509,46.97535],[21.98459,46.97627],[21.9843,46.97683],[21.98416,46.97721],[21.98411,46.97758],[21.98417,46.97787],[21.98449,46.9782],[21.98496,46.97853],[21.98535,46.97884],[21.98582,46.97932],[21.98609,46.97963],[21.98624,46.97985],[21.98631,46.98001],[21.98635,46.98022],[21.98637,46.98043],[21.98644,46.98103],[21.98656,46.98221],[21.98653,46.98251],[21.98637,46.9831],[21.98613,46.98356],[21.98576,46.98425],[21.98558,46.98473],[21.98552,46.98521],[21.98552,46.98604],[21.98555,46.98625],[21.98555,46.98646],[21.98553,46.98687],[21.98544,46.98726],[21.98537,46.98746],[21.98526,46.98769],[21.98479,46.9884],[21.98445,46.98893],[21.98428,46.9892],[21.98413,46.98946],[21.98401,46.98969],[21.98394,46.98993],[21.98371,46.99099],[21.98359,46.99154],[21.9835,46.99189],[21.98355,46.99207],[21.98341,46.99223],[21.98335,46.99249],[21.98323,46.99304],[21.98309,46.99375],[21.98302,46.99409],[21.98301,46.99437],[21.98299,46.99478],[21.98298,46.99513],[21.98296,46.99532],[21.98294,46.9954],[21.98289,46.99548],[21.98287,46.99554],[21.98281,46.99561],[21.98272,46.99571],[21.98258,46.99582],[21.98243,46.99589],[21.98224,46.99596],[21.98193,46.99604],[21.98127,46.99614],[21.98074,46.99621],[21.9803,46.9963],[21.97983,46.9964],[21.97965,46.99644],[21.9795,46.9965],[21.97942,46.99655],[21.97939,46.9966],[21.97928,46.99664],[21.97915,46.99677],[21.97914,46.99691],[21.97913,46.99705],[21.97919,46.99728],[21.97924,46.99752],[21.97929,46.99774],[21.97935,46.998],[21.97942,46.99841],[21.97949,46.99894],[21.97952,46.9992],[21.97955,46.99939],[21.97963,46.99955],[21.97981,46.99974],[21.98005,46.9999],[21.9803,47.00005],[21.9805,47.00021],[21.98072,47.00045],[21.98083,47.00059],[21.98091,47.00074],[21.98098,47.00095],[21.98099,47.00121],[21.98097,47.00134],[21.98093,47.00144],[21.98084,47.00163],[21.98067,47.00181],[21.98044,47.00204],[21.98015,47.00227],[21.9798,47.00256],[21.97928,47.00298],[21.97879,47.00338],[21.97856,47.00356],[21.97835,47.00369],[21.97813,47.00383],[21.97785,47.004],[21.97736,47.00425],[21.97676,47.00453],[21.97612,47.00483],[21.97554,47.00511],[21.97534,47.00529],[21.97517,47.0053],[21.97477,47.00551],[21.97443,47.00571],[21.97253,47.00697],[21.97186,47.00741],[21.97141,47.00763],[21.97033,47.00803],[21.96948,47.00837],[21.96921,47.00853],[21.96897,47.00871],[21.96875,47.00894],[21.96834,47.00945],[21.96793,47.01002],[21.96751,47.01064],[21.96589,47.01313],[21.96525,47.01413],[21.96496,47.0146],[21.96474,47.01517],[21.96479,47.01528],[21.96474,47.01538],[21.96467,47.01544],[21.96455,47.01547],[21.96421,47.01594],[21.96403,47.01633],[21.9638,47.01693],[21.96339,47.01826],[21.96323,47.01875],[21.96307,47.01925],[21.96288,47.01976],[21.96276,47.02006],[21.96262,47.02036],[21.96241,47.02076],[21.96216,47.02117],[21.96162,47.02201],[21.96101,47.02287],[21.95947,47.02487],[21.95897,47.02552],[21.95886,47.02574],[21.95882,47.02593],[21.95888,47.02603],[21.95886,47.02615],[21.95879,47.02623],[21.95869,47.02629],[21.9585,47.02633],[21.95806,47.02666],[21.95781,47.02696],[21.95727,47.02767],[21.95643,47.02868],[21.95611,47.02906],[21.95545,47.02878],[21.9553,47.0289],[21.95581,47.02915],[21.95557,47.02936],[21.9552,47.02918],[21.95505,47.02921]]},"properties":{"line":"517","dir":"1","mode":"bus"}},{"type":"Feature","geometry":{"type":"LineString","coordinates":[[21.95505,47.02922],[21.95495,47.02911],[21.95546,47.02876],[21.95604,47.02902],[21.95658,47.02832],[21.95736,47.0274],[21.958,47.02661],[21.95813,47.02637],[21.95817,47.02621],[21.95817,47.02613],[21.95764,47.02603],[21.95636,47.02578],[21.95455,47.02542],[21.95402,47.02526],[21.95218,47.0249],[21.9501,47.02449],[21.94946,47.02441],[21.94881,47.02439],[21.94817,47.02441],[21.94757,47.02449],[21.94696,47.02464],[21.94644,47.02482],[21.94591,47.02509],[21.94519,47.02558],[21.94447,47.0261],[21.94427,47.02631],[21.944,47.02652],[21.94376,47.02672],[21.94365,47.02684],[21.94367,47.02693],[21.94377,47.02708],[21.94412,47.02742],[21.94452,47.0278],[21.94552,47.02877],[21.94493,47.02906],[21.94453,47.02925],[21.94438,47.02935],[21.94424,47.02944],[21.94423,47.02951],[21.94417,47.02957],[21.94406,47.02959],[21.94396,47.02958],[21.94389,47.02953],[21.94386,47.02945],[21.94389,47.02938],[21.94394,47.02927],[21.94396,47.02912],[21.94394,47.02889],[21.94386,47.02859],[21.94369,47.02831],[21.94343,47.02802],[21.94309,47.02776],[21.94224,47.02726],[21.94202,47.02711],[21.9417,47.02695],[21.94125,47.0268],[21.94045,47.02661],[21.93982,47.0265],[21.93968,47.02653],[21.93956,47.02652],[21.93948,47.02648],[21.93945,47.02639],[21.9395,47.02632],[21.93961,47.02626],[21.93972,47.02612],[21.93979,47.02599],[21.9399,47.02579],[21.93998,47.02559],[21.94017,47.02517],[21.94033,47.02499],[21.94048,47.02489],[21.94065,47.02482],[21.9408,47.02479],[21.94097,47.02477],[21.9412,47.02477],[21.94226,47.02491],[21.9438,47.02506],[21.94388,47.02491],[21.9439,47.02479],[21.94406,47.0245],[21.94419,47.02412],[21.94471,47.02277],[21.94501,47.02193],[21.9453,47.02132],[21.94549,47.02075],[21.9457,47.01991],[21.94599,47.01866],[21.94623,47.01756],[21.94644,47.01656],[21.94671,47.01529],[21.94693,47.01418],[21.94713,47.01316],[21.94721,47.01276],[21.94727,47.01236],[21.94736,47.01212],[21.94745,47.01165],[21.94762,47.01094],[21.94784,47.00994],[21.94795,47.00932],[21.94806,47.00869],[21.94815,47.0082],[21.94824,47.00793],[21.94829,47.00765],[21.94852,47.00656],[21.94876,47.0054],[21.94902,47.00416],[21.94915,47.00348],[21.94922,47.00314],[21.94928,47.0028],[21.9494,47.00216],[21.94947,47.00185],[21.94954,47.00153],[21.94963,47.00123],[21.94972,47.00092],[21.94983,47.0006],[21.94997,47.00026],[21.95011,47.00001],[21.95025,46.99976],[21.95057,46.99927],[21.95082,46.99885],[21.95104,46.99844],[21.95113,46.99834],[21.9512,46.99823],[21.95098,46.99818],[21.95085,46.99815],[21.95074,46.99812],[21.95059,46.9981],[21.95039,46.9981],[21.95019,46.99811],[21.95,46.99812],[21.94982,46.99809],[21.94965,46.99803],[21.94954,46.99796],[21.94926,46.99771],[21.94814,46.99688],[21.94708,46.99611],[21.94649,46.99567],[21.94595,46.9954],[21.94401,46.9941],[21.94236,46.99303],[21.94213,46.99288],[21.94213,46.99282]]},"properties":{"line":"531","dir":"0","mode":"bus"}},{"type":"Feature","geometry":{"type":"LineString","coordinates":[[21.94212,46.99281],[21.94236,46.99299],[21.94275,46.99325],[21.94328,46.99361],[21.94365,46.99385],[21.94432,46.99429],[21.945,46.99473],[21.94562,46.99514],[21.94585,46.99528],[21.94596,46.99536],[21.94619,46.99548],[21.94649,46.99566],[21.94676,46.99583],[21.94714,46.99612],[21.94778,46.9966],[21.94824,46.99695],[21.94898,46.99748],[21.9492,46.99765],[21.9494,46.99782],[21.94953,46.99792],[21.94961,46.998],[21.94979,46.99807],[21.94995,46.9981],[21.95018,46.9981],[21.95042,46.9981],[21.95056,46.99808],[21.95068,46.99809],[21.95095,46.99815],[21.95126,46.99824],[21.95115,46.99841],[21.95109,46.99855],[21.95073,46.99908],[21.9504,46.99962],[21.95009,47.00015],[21.94988,47.00061],[21.94972,47.00112],[21.94963,47.0014],[21.94956,47.00168],[21.94942,47.00235],[21.94935,47.00274],[21.94934,47.00308],[21.94921,47.00347],[21.94913,47.00388],[21.94896,47.00475],[21.9488,47.00553],[21.94859,47.00648],[21.94837,47.0076],[21.94829,47.0081],[21.94821,47.00834],[21.94803,47.00924],[21.94788,47.00998],[21.94766,47.01097],[21.94749,47.01172],[21.9474,47.01226],[21.94732,47.01256],[21.94716,47.01328],[21.94695,47.01439],[21.94677,47.01524],[21.94662,47.01597],[21.94647,47.0167],[21.94634,47.01729],[21.94617,47.01808],[21.94596,47.01904],[21.94567,47.02027],[21.94562,47.02057],[21.94402,47.02484],[21.9439,47.02502],[21.94365,47.0256],[21.94332,47.02638],[21.94337,47.0265],[21.94351,47.02653],[21.94386,47.0263],[21.9441,47.02611],[21.94441,47.02594],[21.94563,47.0251],[21.94625,47.02477],[21.94665,47.0246],[21.94732,47.02441],[21.94799,47.02431],[21.9485,47.02427],[21.94891,47.02427],[21.94957,47.02429],[21.95057,47.02446],[21.95146,47.02464],[21.95257,47.02485],[21.95469,47.02526],[21.95507,47.02528],[21.95558,47.02539],[21.95652,47.02556],[21.95831,47.02588],[21.95852,47.02584],[21.95871,47.02588],[21.95881,47.02597],[21.95885,47.02607],[21.95882,47.0262],[21.95868,47.02629],[21.95851,47.02633],[21.95811,47.02656],[21.95786,47.02687],[21.95694,47.028],[21.95607,47.02906],[21.95547,47.02879],[21.95522,47.02893],[21.95566,47.02916],[21.95553,47.02931],[21.95547,47.02936],[21.95531,47.02928],[21.9551,47.0292],[21.95505,47.02922]]},"properties":{"line":"531","dir":"1","mode":"bus"}},{"type":"Feature","geometry":{"type":"LineString","coordinates":[[21.91138,47.07374],[21.91097,47.07372],[21.9105,47.07374],[21.91015,47.07377],[21.90983,47.07379],[21.90934,47.07385],[21.90887,47.07394],[21.90865,47.07402],[21.90832,47.07411],[21.90796,47.07425],[21.90726,47.07452],[21.90586,47.07508],[21.90441,47.07564],[21.90351,47.07602],[21.90264,47.07641],[21.90199,47.07671],[21.90075,47.07726],[21.89853,47.07825],[21.89731,47.07881],[21.89615,47.07931],[21.89499,47.07985],[21.89372,47.08043],[21.89233,47.08103],[21.89011,47.08202],[21.88974,47.08217],[21.8894,47.0823],[21.88888,47.08251],[21.88868,47.0826],[21.88858,47.08261],[21.88846,47.08256],[21.88839,47.08249],[21.88841,47.0824],[21.88843,47.08235],[21.88838,47.0823],[21.88833,47.08225],[21.88824,47.08224],[21.88812,47.08227],[21.88801,47.08232],[21.88757,47.08252],[21.88711,47.08276],[21.88683,47.08289],[21.88657,47.08301],[21.88616,47.08323],[21.88594,47.08327],[21.88525,47.08358],[21.88422,47.08404],[21.88355,47.08435],[21.8831,47.08461],[21.88172,47.08541],[21.88027,47.08631],[21.87934,47.08677],[21.87853,47.08724],[21.87827,47.08739],[21.87794,47.08758],[21.87774,47.08769],[21.8777,47.08784],[21.87772,47.08792],[21.87783,47.08795],[21.87791,47.088],[21.87798,47.08806],[21.87799,47.08813],[21.87796,47.0882],[21.87793,47.08826],[21.87785,47.08831],[21.87775,47.08834],[21.87761,47.08833],[21.87752,47.08832],[21.87708,47.08857],[21.8766,47.08876],[21.87651,47.08884],[21.8755,47.08942],[21.87345,47.0906],[21.87113,47.09194],[21.86917,47.09305],[21.86792,47.09372],[21.86672,47.09442],[21.86576,47.09497],[21.86436,47.09577],[21.86322,47.09644],[21.8621,47.09709],[21.86142,47.09748],[21.86085,47.09779],[21.8605,47.09798],[21.86033,47.09805],[21.85979,47.09826],[21.85928,47.09846],[21.85867,47.09868],[21.85824,47.09882],[21.85775,47.09895],[21.8573,47.09907],[21.85679,47.09919],[21.85623,47.09928],[21.85579,47.09937],[21.85528,47.09945],[21.85478,47.09954],[21.85459,47.09971],[21.85438,47.09977],[21.85421,47.09975],[21.85406,47.09968],[21.8536,47.09969],[21.85346,47.09973],[21.8533,47.09976],[21.85099,47.10005],[21.84809,47.10042],[21.84617,47.10065],[21.84457,47.10086],[21.84402,47.10095],[21.84299,47.10116],[21.84268,47.10124],[21.84156,47.10159],[21.84028,47.102],[21.83978,47.10115],[21.83925,47.10029],[21.83877,47.09942],[21.83835,47.09873],[21.83825,47.09856],[21.83797,47.09844],[21.83771,47.09809],[21.83688,47.09732],[21.83619,47.09673],[21.83559,47.0963],[21.83505,47.096],[21.83475,47.09598],[21.83492,47.09579],[21.83504,47.09592],[21.83513,47.09602],[21.83567,47.09635],[21.83619,47.09673],[21.83688,47.09732],[21.83772,47.0981],[21.83816,47.09826],[21.83828,47.09856],[21.8389,47.09968],[21.84032,47.10199],[21.83911,47.10236],[21.83808,47.10268],[21.83755,47.10284],[21.83702,47.10301],[21.83394,47.10396],[21.83267,47.10434],[21.83128,47.10477],[21.82967,47.10527],[21.82901,47.1055],[21.82837,47.10574],[21.82723,47.1062],[21.82635,47.10656],[21.82631,47.10664],[21.82622,47.10671],[21.82605,47.10673],[21.82555,47.10688],[21.82542,47.10689],[21.82511,47.10702],[21.81977,47.10918],[21.8189,47.10953],[21.81689,47.11031],[21.81523,47.111],[21.81424,47.11142],[21.81419,47.11153],[21.81429,47.11191],[21.81442,47.11205],[21.81408,47.1123],[21.81254,47.11363],[21.81065,47.11525]]},"properties":{"line":"611","dir":"0","mode":"bus"}},{"type":"Feature","geometry":{"type":"LineString","coordinates":[[21.81065,47.11525],[21.81092,47.11498],[21.81116,47.11477],[21.81199,47.11408],[21.81285,47.11334],[21.81356,47.11273],[21.8139,47.11244],[21.81409,47.11228],[21.81423,47.11213],[21.81427,47.11203],[21.81424,47.11194],[21.81419,47.11183],[21.81418,47.11139],[21.81429,47.11135],[21.81519,47.11097],[21.81686,47.11028],[21.81885,47.10951],[21.81973,47.10916],[21.82509,47.10698],[21.8254,47.10686],[21.82545,47.10679],[21.82552,47.10674],[21.82583,47.10654],[21.82586,47.10648],[21.8259,47.10643],[21.82603,47.10638],[21.82618,47.10639],[21.82642,47.10638],[21.82666,47.10632],[21.82823,47.10568],[21.82853,47.10556],[21.82929,47.10528],[21.83026,47.10497],[21.83126,47.10467],[21.83279,47.1042],[21.83384,47.10388],[21.83696,47.10291],[21.83751,47.10273],[21.83806,47.10256],[21.83905,47.10226],[21.84024,47.1019],[21.83889,47.09967],[21.83824,47.09856],[21.83797,47.09844],[21.83771,47.09809],[21.83688,47.09732],[21.83619,47.09673],[21.83559,47.0963],[21.83505,47.096],[21.83475,47.09598],[21.83492,47.09579],[21.83504,47.09592],[21.83513,47.09602],[21.83567,47.09635],[21.83619,47.09673],[21.83688,47.09732],[21.83772,47.0981],[21.83816,47.09826],[21.83842,47.09885],[21.83933,47.10038],[21.84025,47.10185],[21.8407,47.10171],[21.84175,47.10138],[21.84238,47.10118],[21.84245,47.10108],[21.84255,47.10102],[21.8428,47.10106],[21.84333,47.10095],[21.84435,47.10077],[21.84894,47.1002],[21.85195,47.0998],[21.85322,47.09964],[21.85367,47.09958],[21.85398,47.09949],[21.85406,47.09935],[21.85423,47.09929],[21.8544,47.09927],[21.85459,47.09932],[21.85475,47.09942],[21.85515,47.09942],[21.85582,47.09932],[21.85642,47.09922],[21.85692,47.09911],[21.85774,47.09891],[21.8585,47.09869],[21.8595,47.09833],[21.8599,47.09818],[21.86012,47.09804],[21.86041,47.09793],[21.86088,47.0977],[21.86131,47.09746],[21.8614,47.09736],[21.86157,47.09726],[21.86227,47.09686],[21.86467,47.0955],[21.86655,47.09442],[21.8676,47.09383],[21.86926,47.09286],[21.87073,47.09202],[21.87221,47.09117],[21.87475,47.08972],[21.87608,47.08896],[21.87647,47.08872],[21.87692,47.08848],[21.87736,47.0882],[21.87737,47.08814],[21.87738,47.08808],[21.87735,47.08802],[21.87731,47.08793],[21.87758,47.08776],[21.87778,47.08764],[21.87813,47.08743],[21.87863,47.08715],[21.8791,47.08689],[21.87956,47.08661],[21.88053,47.08603],[21.88175,47.08537],[21.88232,47.08504],[21.88353,47.08432],[21.88489,47.0837],[21.88671,47.08288],[21.88751,47.08248],[21.88783,47.08231],[21.88816,47.08219],[21.8884,47.08211],[21.88853,47.08222],[21.8886,47.08231],[21.889,47.08227],[21.88966,47.08207],[21.89087,47.08156],[21.89256,47.0808],[21.89353,47.08036],[21.89611,47.07918],[21.89671,47.0789],[21.89875,47.07801],[21.90396,47.07566],[21.90502,47.07528],[21.90596,47.0749],[21.90634,47.07477],[21.90796,47.07414],[21.90874,47.07386],[21.90939,47.0737],[21.91,47.07364],[21.9114,47.07354],[21.9117,47.07358],[21.91261,47.07354],[21.91331,47.07351],[21.91375,47.07347],[21.91428,47.07341],[21.91441,47.07334],[21.91451,47.07334],[21.91463,47.07332],[21.91499,47.07321],[21.91548,47.07302],[21.9168,47.07245],[21.91792,47.07196],[21.91819,47.07179],[21.91882,47.07154],[21.91967,47.07118],[21.91983,47.07107],[21.91988,47.071],[21.91999,47.07094],[21.92014,47.07094],[21.92049,47.07079],[21.92114,47.07053],[21.92184,47.07026],[21.92263,47.06998],[21.92328,47.06973],[21.92343,47.0697],[21.92402,47.06942],[21.92432,47.0692],[21.92449,47.06911],[21.92468,47.06903],[21.92493,47.06896],[21.92518,47.06893],[21.92535,47.06892],[21.92545,47.06899],[21.92552,47.06911],[21.92553,47.06922],[21.92542,47.06934],[21.92524,47.06941],[21.92487,47.06953],[21.9245,47.06959],[21.92404,47.06966],[21.9236,47.0698],[21.92258,47.07015],[21.92216,47.07031],[21.92214,47.07034],[21.92164,47.0705],[21.92083,47.07082],[21.92025,47.07108],[21.9202,47.07118],[21.92008,47.07123],[21.91995,47.07122],[21.91973,47.07131],[21.91872,47.07175],[21.91827,47.07199],[21.91792,47.07212],[21.9156,47.07312],[21.91512,47.0733],[21.91479,47.07347],[21.91473,47.07352],[21.91465,47.07362],[21.91453,47.07366],[21.9144,47.07364],[21.91428,47.0736],[21.9137,47.07362],[21.91304,47.07364],[21.91216,47.07369],[21.91138,47.07374]]},"properties":{"line":"611","dir":"1","mode":"bus"}},{"type":"Feature","geometry":{"type":"LineString","coordinates":[[21.91138,47.07374],[21.91097,47.07372],[21.9105,47.07374],[21.91015,47.07377],[21.90983,47.07379],[21.90934,47.07385],[21.90887,47.07394],[21.90865,47.07402],[21.90832,47.07411],[21.90796,47.07425],[21.90726,47.07452],[21.90586,47.07508],[21.90441,47.07564],[21.90351,47.07602],[21.90264,47.07641],[21.90199,47.07671],[21.90075,47.07726],[21.89853,47.07825],[21.89731,47.07881],[21.89615,47.07931],[21.89499,47.07985],[21.89372,47.08043],[21.89233,47.08103],[21.89011,47.08202],[21.88974,47.08217],[21.8894,47.0823],[21.88888,47.08251],[21.88868,47.0826],[21.88858,47.08261],[21.88846,47.08256],[21.88839,47.08249],[21.88841,47.0824],[21.88843,47.08235],[21.88838,47.0823],[21.88833,47.08225],[21.88824,47.08224],[21.88812,47.08227],[21.88801,47.08232],[21.88757,47.08252],[21.88711,47.08276],[21.88683,47.08289],[21.88657,47.08301],[21.88616,47.08323],[21.88594,47.08327],[21.88525,47.08358],[21.88422,47.08404],[21.88355,47.08435],[21.8831,47.08461],[21.88172,47.08541],[21.88027,47.08631],[21.87934,47.08677],[21.87853,47.08724],[21.87827,47.08739],[21.87794,47.08758],[21.87774,47.08769],[21.8777,47.08784],[21.87772,47.08792],[21.87783,47.08795],[21.87791,47.088],[21.87798,47.08806],[21.87799,47.08813],[21.87796,47.0882],[21.87793,47.08826],[21.87785,47.08831],[21.87775,47.08834],[21.87761,47.08833],[21.87752,47.08832],[21.87708,47.08857],[21.8766,47.08876],[21.87651,47.08884],[21.8755,47.08942],[21.87345,47.0906],[21.87113,47.09194],[21.86917,47.09305],[21.86792,47.09372],[21.86672,47.09442],[21.86576,47.09497],[21.86436,47.09577],[21.86322,47.09644],[21.8621,47.09709],[21.86142,47.09748],[21.86085,47.09779],[21.8605,47.09798],[21.86033,47.09805],[21.85979,47.09826],[21.85928,47.09846],[21.85867,47.09868],[21.85824,47.09882],[21.85775,47.09895],[21.8573,47.09907],[21.85679,47.09919],[21.85623,47.09928],[21.85579,47.09937],[21.85528,47.09945],[21.85478,47.09954],[21.85459,47.09971],[21.85438,47.09977],[21.85421,47.09975],[21.85406,47.09968],[21.8536,47.09969],[21.85346,47.09973],[21.8533,47.09976],[21.85099,47.10005],[21.84809,47.10042],[21.84617,47.10065],[21.84457,47.10086],[21.84402,47.10095],[21.84299,47.10116],[21.84268,47.10124],[21.84156,47.10159],[21.84028,47.102],[21.83978,47.10115],[21.83925,47.10029],[21.83877,47.09942],[21.83835,47.09873],[21.83825,47.09856],[21.83797,47.09844],[21.83771,47.09809],[21.83688,47.09732],[21.83619,47.09673],[21.83559,47.0963],[21.83505,47.096],[21.83475,47.09598],[21.83492,47.09579],[21.83504,47.09592],[21.83513,47.09602],[21.83567,47.09635],[21.83619,47.09673],[21.83688,47.09732],[21.83772,47.0981],[21.83816,47.09826],[21.83828,47.09856],[21.8389,47.09968],[21.84032,47.10199],[21.83911,47.10236],[21.83808,47.10268],[21.83755,47.10284],[21.83702,47.10301],[21.83394,47.10396],[21.83267,47.10434],[21.83128,47.10477],[21.82967,47.10527],[21.82901,47.1055],[21.82837,47.10574],[21.82723,47.1062],[21.82635,47.10656],[21.82631,47.10664],[21.82622,47.10671],[21.82605,47.10673],[21.82555,47.10688],[21.82542,47.10689],[21.82511,47.10702],[21.81977,47.10918],[21.8189,47.10953],[21.81689,47.11031],[21.81523,47.111],[21.81424,47.11142],[21.81419,47.11153],[21.81429,47.11191],[21.81442,47.11205],[21.81426,47.11212],[21.81414,47.11225],[21.8131,47.11314],[21.81263,47.11355],[21.81125,47.11474],[21.81116,47.11482],[21.8111,47.11488],[21.81092,47.11503],[21.81079,47.11518],[21.81066,47.11539],[21.81062,47.11561],[21.81112,47.11575],[21.81194,47.11599],[21.81253,47.11614],[21.81276,47.11618],[21.81313,47.11623],[21.81357,47.11626],[21.81443,47.11629],[21.81467,47.11627],[21.81494,47.11622],[21.81511,47.11617],[21.81557,47.11598],[21.81614,47.1157],[21.81662,47.1155],[21.81708,47.11535],[21.81769,47.11523],[21.81846,47.11511],[21.8194,47.115],[21.82036,47.11489],[21.82037,47.11504],[21.82043,47.11515],[21.82039,47.11523],[21.82041,47.11548],[21.82042,47.11572],[21.82034,47.11612],[21.82025,47.11646],[21.82004,47.11718],[21.81984,47.1179],[21.81966,47.11858],[21.81956,47.11892],[21.81945,47.11929],[21.81937,47.1196],[21.81934,47.11978],[21.81941,47.12003],[21.81965,47.1205],[21.81979,47.12083],[21.81991,47.12127],[21.81999,47.12171],[21.82009,47.1222],[21.82018,47.1226],[21.82024,47.1228],[21.82046,47.12328],[21.82068,47.1237],[21.82077,47.12399],[21.82097,47.1249],[21.82108,47.12542],[21.8212,47.12593],[21.82129,47.12627],[21.8214,47.12663],[21.82154,47.12699],[21.82163,47.12729],[21.82167,47.12755],[21.82165,47.12778],[21.82153,47.12832],[21.82155,47.12847],[21.82162,47.12861],[21.82176,47.12872],[21.82192,47.12883],[21.82294,47.1293],[21.82424,47.12987],[21.82533,47.13036],[21.82561,47.13048],[21.82608,47.13083],[21.82728,47.13171],[21.82831,47.13247],[21.8285,47.13266],[21.82891,47.13351],[21.82928,47.13443],[21.82999,47.13615],[21.83021,47.1365],[21.83081,47.13737],[21.83179,47.13879],[21.83237,47.1396],[21.83281,47.14027],[21.83349,47.14128],[21.83366,47.14155],[21.83385,47.14168],[21.83436,47.14184],[21.83464,47.142],[21.83497,47.14212],[21.83464,47.14287],[21.83442,47.14334],[21.83427,47.1436],[21.83328,47.14451],[21.83263,47.14519],[21.83255,47.14531],[21.83238,47.14548],[21.83232,47.14563],[21.83232,47.14575],[21.83266,47.14628],[21.83305,47.14688],[21.83358,47.14766],[21.83422,47.14857],[21.8346,47.14913],[21.83526,47.15008],[21.83641,47.15176],[21.83673,47.15207],[21.83784,47.15303],[21.8394,47.15433],[21.84074,47.15535],[21.84169,47.15611],[21.8418,47.15622],[21.84186,47.15631],[21.8419,47.1564],[21.84192,47.1565],[21.84188,47.15665],[21.8418,47.15679],[21.84156,47.15719],[21.84144,47.15741],[21.84129,47.15763],[21.84093,47.15818],[21.84064,47.15856],[21.83971,47.15957],[21.83883,47.16054],[21.83837,47.16105],[21.83816,47.16129],[21.83802,47.1615],[21.83783,47.16181],[21.83771,47.16207],[21.8376,47.16243],[21.83754,47.16282],[21.83743,47.16347],[21.83739,47.16395],[21.83734,47.16421],[21.83732,47.16431],[21.83725,47.16447],[21.83712,47.16478],[21.83701,47.16507],[21.83696,47.16523],[21.837,47.16537],[21.83748,47.16601],[21.83776,47.16627],[21.83805,47.16651],[21.83858,47.16692],[21.83866,47.16703],[21.83837,47.1672],[21.83826,47.16726],[21.83788,47.16739],[21.83766,47.1675],[21.83752,47.16752],[21.83703,47.16769],[21.83645,47.16789],[21.83624,47.16802],[21.83606,47.16815],[21.83579,47.16839],[21.83556,47.16863],[21.83556,47.16874],[21.83563,47.16882],[21.83635,47.16933],[21.8367,47.16959],[21.8368,47.1697],[21.83695,47.16979],[21.83716,47.16991],[21.83709,47.16994],[21.83701,47.16986]]},"properties":{"line":"612","dir":"0","mode":"bus"}},{"type":"Feature","geometry":{"type":"LineString","coordinates":[[21.83702,47.16986],[21.83679,47.16971],[21.83641,47.1694],[21.83594,47.16906],[21.83561,47.16882],[21.83552,47.16869],[21.83558,47.16858],[21.83567,47.16848],[21.83593,47.16825],[21.83617,47.16805],[21.8364,47.1679],[21.83657,47.16783],[21.83678,47.16776],[21.83792,47.16736],[21.83818,47.16723],[21.83829,47.16722],[21.83847,47.16714],[21.83859,47.16705],[21.83856,47.16697],[21.83806,47.16657],[21.83769,47.16629],[21.8375,47.16611],[21.83722,47.16575],[21.83697,47.16543],[21.83692,47.16531],[21.83692,47.16521],[21.83694,47.16507],[21.83693,47.16497],[21.83708,47.16476],[21.83726,47.16421],[21.83733,47.16399],[21.83738,47.16351],[21.83745,47.16302],[21.83751,47.1627],[21.83755,47.16245],[21.83764,47.16213],[21.83773,47.1619],[21.83783,47.1617],[21.83796,47.1615],[21.83819,47.16118],[21.83916,47.16011],[21.84008,47.15909],[21.84043,47.15872],[21.84075,47.15834],[21.84093,47.1581],[21.84114,47.15777],[21.84134,47.15746],[21.84155,47.15712],[21.84177,47.15674],[21.84186,47.15651],[21.84184,47.15638],[21.84174,47.15623],[21.84157,47.15607],[21.84103,47.15565],[21.84013,47.15495],[21.83966,47.15459],[21.8392,47.15422],[21.83863,47.15374],[21.83741,47.15272],[21.83689,47.15227],[21.83662,47.15204],[21.83648,47.15189],[21.83635,47.15175],[21.83601,47.15125],[21.8356,47.15066],[21.83516,47.15003],[21.83473,47.14938],[21.83407,47.14843],[21.83351,47.14764],[21.83325,47.14725],[21.83285,47.14666],[21.83261,47.1463],[21.8324,47.14599],[21.83229,47.14578],[21.83226,47.14564],[21.8323,47.14549],[21.83256,47.14519],[21.833,47.14473],[21.83333,47.14438],[21.83392,47.14386],[21.83416,47.14364],[21.83427,47.14352],[21.83435,47.14337],[21.83456,47.14292],[21.8349,47.14215],[21.8337,47.14167],[21.83366,47.14163],[21.83353,47.14143],[21.8329,47.14049],[21.83231,47.1396],[21.83199,47.13913],[21.83168,47.1387],[21.83135,47.13824],[21.83086,47.13753],[21.83065,47.13723],[21.82999,47.13627],[21.8299,47.13606],[21.82959,47.13531],[21.8294,47.13486],[21.82923,47.13443],[21.82885,47.13351],[21.82853,47.13284],[21.82844,47.13267],[21.82835,47.13257],[21.82774,47.13212],[21.82715,47.13168],[21.82637,47.1311],[21.82601,47.13083],[21.82557,47.1305],[21.82515,47.13031],[21.82425,47.12991],[21.82283,47.1293],[21.82218,47.12902],[21.82185,47.12884],[21.82161,47.12868],[21.82153,47.12856],[21.82148,47.12844],[21.82148,47.12829],[21.82158,47.1278],[21.82161,47.12763],[21.82161,47.12746],[21.82154,47.12718],[21.82133,47.1266],[21.82118,47.12612],[21.82108,47.12563],[21.82096,47.12514],[21.82086,47.12464],[21.82072,47.124],[21.82066,47.12378],[21.82043,47.12333],[21.8203,47.12307],[21.82019,47.12281],[21.82013,47.1226],[21.82006,47.12227],[21.82001,47.122],[21.81994,47.1217],[21.81984,47.12122],[21.81975,47.12085],[21.81967,47.12066],[21.81959,47.12048],[21.81943,47.12019],[21.81935,47.12002],[21.81929,47.11983],[21.81931,47.11964],[21.81949,47.11898],[21.81971,47.1182],[21.81992,47.11741],[21.82013,47.11666],[21.82026,47.1162],[21.82035,47.11584],[21.82035,47.11546],[21.82031,47.11509],[21.82031,47.11495],[21.81942,47.11504],[21.81878,47.11511],[21.81831,47.11518],[21.81755,47.11529],[21.81712,47.11538],[21.81661,47.11554],[21.81624,47.1157],[21.81568,47.11597],[21.81538,47.11612],[21.81509,47.11622],[21.81488,47.11627],[21.81464,47.11631],[21.81443,47.11633],[21.81419,47.11633],[21.81363,47.1163],[21.81308,47.11626],[21.81272,47.11621],[21.81251,47.11618],[21.81204,47.11606],[21.81158,47.11592],[21.81095,47.11575],[21.81059,47.11566],[21.81063,47.11542],[21.81065,47.11525],[21.81092,47.11498],[21.81116,47.11477],[21.81199,47.11408],[21.81285,47.11334],[21.81356,47.11273],[21.8139,47.11244],[21.81409,47.11228],[21.81423,47.11213],[21.81427,47.11203],[21.81424,47.11194],[21.81419,47.11183],[21.81418,47.11139],[21.81429,47.11135],[21.81519,47.11097],[21.81686,47.11028],[21.81885,47.10951],[21.81973,47.10916],[21.82509,47.10698],[21.8254,47.10686],[21.82545,47.10679],[21.82552,47.10674],[21.82583,47.10654],[21.82586,47.10648],[21.8259,47.10643],[21.82603,47.10638],[21.82618,47.10639],[21.82642,47.10638],[21.82666,47.10632],[21.82823,47.10568],[21.82853,47.10556],[21.82929,47.10528],[21.83026,47.10497],[21.83126,47.10467],[21.83279,47.1042],[21.83384,47.10388],[21.83696,47.10291],[21.83751,47.10273],[21.83806,47.10256],[21.83905,47.10226],[21.84024,47.1019],[21.83889,47.09967],[21.83824,47.09856],[21.83797,47.09844],[21.83771,47.09809],[21.83688,47.09732],[21.83619,47.09673],[21.83559,47.0963],[21.83505,47.096],[21.83475,47.09598],[21.83492,47.09579],[21.83504,47.09592],[21.83513,47.09602],[21.83567,47.09635],[21.83619,47.09673],[21.83688,47.09732],[21.83772,47.0981],[21.83816,47.09826],[21.83842,47.09885],[21.83933,47.10038],[21.84025,47.10185],[21.8407,47.10171],[21.84175,47.10138],[21.84238,47.10118],[21.84245,47.10108],[21.84255,47.10102],[21.8428,47.10106],[21.84333,47.10095],[21.84435,47.10077],[21.84894,47.1002],[21.85195,47.0998],[21.85322,47.09964],[21.85367,47.09958],[21.85398,47.09949],[21.85406,47.09935],[21.85423,47.09929],[21.8544,47.09927],[21.85459,47.09932],[21.85475,47.09942],[21.85515,47.09942],[21.85582,47.09932],[21.85642,47.09922],[21.85692,47.09911],[21.85774,47.09891],[21.8585,47.09869],[21.8595,47.09833],[21.8599,47.09818],[21.86012,47.09804],[21.86041,47.09793],[21.86088,47.0977],[21.86131,47.09746],[21.8614,47.09736],[21.86157,47.09726],[21.86227,47.09686],[21.86467,47.0955],[21.86655,47.09442],[21.8676,47.09383],[21.86926,47.09286],[21.87073,47.09202],[21.87221,47.09117],[21.87475,47.08972],[21.87608,47.08896],[21.87647,47.08872],[21.87692,47.08848],[21.87736,47.0882],[21.87737,47.08814],[21.87738,47.08808],[21.87735,47.08802],[21.87731,47.08793],[21.87758,47.08776],[21.87778,47.08764],[21.87813,47.08743],[21.87863,47.08715],[21.8791,47.08689],[21.87956,47.08661],[21.88053,47.08603],[21.88175,47.08537],[21.88232,47.08504],[21.88353,47.08432],[21.88489,47.0837],[21.88671,47.08288],[21.88751,47.08248],[21.88783,47.08231],[21.88816,47.08219],[21.8884,47.08211],[21.88853,47.08222],[21.8886,47.08231],[21.889,47.08227],[21.88966,47.08207],[21.89087,47.08156],[21.89256,47.0808],[21.89353,47.08036],[21.89611,47.07918],[21.89671,47.0789],[21.89875,47.07801],[21.90396,47.07566],[21.90502,47.07528],[21.90596,47.0749],[21.90634,47.07477],[21.90796,47.07414],[21.90874,47.07386],[21.90939,47.0737],[21.91,47.07364],[21.9114,47.07354],[21.9117,47.07358],[21.91261,47.07354],[21.91331,47.07351],[21.91375,47.07347],[21.91428,47.07341],[21.91441,47.07334],[21.91451,47.07334],[21.91463,47.07332],[21.91499,47.07321],[21.91548,47.07302],[21.9168,47.07245],[21.91792,47.07196],[21.91819,47.07179],[21.91882,47.07154],[21.91967,47.07118],[21.91983,47.07107],[21.91988,47.071],[21.91999,47.07094],[21.92014,47.07094],[21.92049,47.07079],[21.92114,47.07053],[21.92184,47.07026],[21.92263,47.06998],[21.92328,47.06973],[21.92343,47.0697],[21.92402,47.06942],[21.92432,47.0692],[21.92449,47.06911],[21.92468,47.06903],[21.92493,47.06896],[21.92518,47.06893],[21.92535,47.06892],[21.92545,47.06899],[21.92552,47.06911],[21.92553,47.06922],[21.92542,47.06934],[21.92524,47.06941],[21.92487,47.06953],[21.9245,47.06959],[21.92404,47.06966],[21.9236,47.0698],[21.92258,47.07015],[21.92216,47.07031],[21.92214,47.07034],[21.92164,47.0705],[21.92083,47.07082],[21.92025,47.07108],[21.9202,47.07118],[21.92008,47.07123],[21.91995,47.07122],[21.91973,47.07131],[21.91872,47.07175],[21.91827,47.07199],[21.91792,47.07212],[21.9156,47.07312],[21.91512,47.0733],[21.91479,47.07347],[21.91473,47.07352],[21.91465,47.07362],[21.91453,47.07366],[21.9144,47.07364],[21.91428,47.0736],[21.9137,47.07362],[21.91304,47.07364],[21.91216,47.07369],[21.91138,47.07374]]},"properties":{"line":"612","dir":"1","mode":"bus"}},{"type":"Feature","geometry":{"type":"LineString","coordinates":[[21.92517,47.07147],[21.92603,47.07154],[21.92585,47.0716],[21.92558,47.07161],[21.92538,47.07168],[21.92521,47.07176],[21.92507,47.07191],[21.9249,47.07238],[21.92475,47.07282],[21.9246,47.07316],[21.92435,47.07338],[21.92388,47.07364],[21.9233,47.07389],[21.92276,47.07406],[21.9225,47.07415],[21.92235,47.07427],[21.92033,47.07517],[21.91827,47.07594],[21.91771,47.07615],[21.91737,47.07628],[21.91729,47.07632],[21.9172,47.07637],[21.91709,47.07637],[21.91692,47.07645],[21.91681,47.07653],[21.91628,47.07676],[21.91616,47.07681],[21.91609,47.0769],[21.91605,47.07703],[21.91603,47.07709],[21.9161,47.07714],[21.91679,47.0776],[21.91791,47.0784],[21.91799,47.07846],[21.91807,47.07851],[21.91828,47.07857],[21.91845,47.07876],[21.92055,47.08026],[21.9212,47.08071],[21.9216,47.08099],[21.92176,47.08111],[21.92108,47.08156],[21.92073,47.08181],[21.92052,47.08206],[21.92033,47.08214],[21.91964,47.08261],[21.91961,47.08272],[21.91954,47.08277],[21.91943,47.08281],[21.9193,47.08284],[21.91911,47.0829],[21.91876,47.08309],[21.91854,47.08323],[21.91829,47.0834],[21.91774,47.08377],[21.91738,47.08402],[21.91723,47.08418],[21.91712,47.08435],[21.91696,47.08468],[21.91684,47.08491],[21.91675,47.08509],[21.91664,47.08519],[21.91647,47.08526],[21.9163,47.08535],[21.91597,47.08551],[21.91578,47.0856],[21.91588,47.08569],[21.91595,47.08576],[21.91611,47.08581],[21.91704,47.08611],[21.91748,47.08625],[21.91768,47.0863],[21.91908,47.08676],[21.92038,47.08716],[21.92134,47.08747],[21.92264,47.08788],[21.92278,47.08793],[21.92463,47.08853],[21.92625,47.08904],[21.92639,47.08908],[21.9265,47.08905],[21.92655,47.08907],[21.92659,47.0891],[21.92657,47.08915],[21.92652,47.0892],[21.92647,47.08932],[21.9262,47.09054],[21.92613,47.09088],[21.92602,47.09124],[21.92551,47.09252],[21.92538,47.09285],[21.92516,47.0932],[21.92499,47.09349],[21.92478,47.09378],[21.92481,47.09387],[21.92474,47.09382],[21.92436,47.09415],[21.92419,47.09429],[21.92404,47.09445],[21.9239,47.09466],[21.9238,47.09488],[21.9237,47.0951],[21.9236,47.09533],[21.92351,47.09553],[21.92345,47.09565],[21.92333,47.0958],[21.92308,47.09608],[21.92262,47.09662],[21.92267,47.09671],[21.92267,47.09677],[21.92263,47.09684],[21.92322,47.09746],[21.92334,47.09754],[21.9235,47.09755],[21.92368,47.0975],[21.92374,47.09741],[21.92377,47.09731],[21.9237,47.09701],[21.92369,47.09688],[21.9237,47.09674],[21.92377,47.09664],[21.92393,47.09658],[21.9241,47.09659],[21.92422,47.09661],[21.92432,47.09667],[21.92438,47.09674],[21.92442,47.09682],[21.92444,47.09754],[21.92446,47.09797],[21.92449,47.09813],[21.92454,47.0982],[21.92461,47.09825],[21.92473,47.09828],[21.92484,47.09826],[21.92495,47.09823],[21.92504,47.09816],[21.92507,47.09808],[21.92506,47.09792],[21.92498,47.09758],[21.92502,47.09744],[21.92513,47.09736],[21.92528,47.09732],[21.92546,47.09733],[21.92561,47.0974],[21.92569,47.09748],[21.92572,47.09758],[21.92572,47.09784],[21.92571,47.09822],[21.9257,47.09877],[21.92574,47.09888],[21.92581,47.09894],[21.92591,47.09899],[21.92605,47.099],[21.92617,47.09898],[21.92625,47.09892],[21.92647,47.09871],[21.92665,47.09862],[21.92679,47.09858],[21.92692,47.0986],[21.92709,47.09865],[21.92721,47.09873],[21.92727,47.09887],[21.92727,47.09895],[21.92719,47.09904],[21.92688,47.09931],[21.92614,47.10002],[21.92608,47.10013],[21.92607,47.10025],[21.9262,47.10052],[21.92634,47.10076],[21.92654,47.10108],[21.92668,47.10123],[21.92691,47.10142],[21.92754,47.10179],[21.92809,47.10214],[21.92835,47.10235],[21.92851,47.10255],[21.92864,47.10276],[21.92874,47.10295],[21.92877,47.10309],[21.9288,47.10327],[21.92879,47.10346],[21.92873,47.10376],[21.92867,47.1041],[21.92864,47.1045],[21.92855,47.10521],[21.92858,47.10531],[21.92851,47.10542],[21.92846,47.10579],[21.92837,47.10661],[21.92829,47.10723],[21.92825,47.10787],[21.92823,47.10819],[21.9283,47.10841],[21.92849,47.10863],[21.92881,47.10883],[21.92915,47.10894],[21.93047,47.10914],[21.93286,47.10951],[21.93323,47.1096],[21.93356,47.1097],[21.93387,47.10983],[21.93413,47.10997],[21.93587,47.11089],[21.93717,47.11154],[21.93768,47.11177],[21.93807,47.11201],[21.93853,47.11226],[21.93949,47.11277],[21.94133,47.11372],[21.9432,47.1147],[21.94507,47.11566],[21.94814,47.11723],[21.94969,47.11803],[21.95005,47.11823],[21.95044,47.11844],[21.95097,47.11869],[21.95128,47.11879],[21.95161,47.11905],[21.95212,47.1193],[21.95241,47.11941],[21.95361,47.11969],[21.95449,47.11986],[21.95494,47.11991],[21.95527,47.11999],[21.95561,47.12007],[21.95859,47.12067],[21.9589,47.12074],[21.95906,47.1208],[21.95919,47.12086],[21.95948,47.12099],[21.95967,47.1211],[21.95983,47.12121],[21.96043,47.1217],[21.96134,47.12247],[21.96224,47.12319],[21.96372,47.1244],[21.96496,47.12539],[21.96525,47.12558],[21.96576,47.12588],[21.9681,47.12685],[21.97044,47.12782],[21.97196,47.12847],[21.97274,47.1288],[21.97312,47.12896],[21.97352,47.12911],[21.97372,47.12917],[21.97393,47.12921],[21.97793,47.12969],[21.97841,47.12978],[21.97882,47.12987],[21.97963,47.13008],[21.98127,47.13053],[21.98218,47.13075],[21.98307,47.13102],[21.98583,47.12999],[21.98746,47.12939],[21.98896,47.12885],[21.98939,47.12865],[21.98953,47.12854],[21.98969,47.12837],[21.98978,47.12812],[21.9898,47.12798],[21.98979,47.12785],[21.98968,47.12745],[21.98961,47.12706],[21.98943,47.12625],[21.98935,47.12589],[21.98935,47.12575],[21.98935,47.12557],[21.98941,47.12546],[21.98951,47.12531],[21.99018,47.12481],[21.99114,47.12411],[21.99209,47.12342],[21.99259,47.12305],[21.99282,47.12292],[21.99307,47.12282],[21.99335,47.12274],[21.99384,47.12266],[21.9943,47.12259],[21.99486,47.12251],[21.99544,47.12245],[21.99567,47.12241],[21.99594,47.1223],[21.99646,47.12209],[21.99636,47.12212],[21.99562,47.12242],[21.99543,47.12247],[21.99437,47.12262],[21.99344,47.12278],[21.99321,47.12284],[21.99307,47.12288],[21.99265,47.12308],[21.99145,47.12393],[21.99047,47.12465],[21.99015,47.12489],[21.98968,47.12525],[21.98946,47.1255],[21.98941,47.12566],[21.98941,47.12582],[21.98958,47.12659],[21.98973,47.12722],[21.98987,47.12782],[21.98988,47.12804],[21.98987,47.12813],[21.98978,47.12837],[21.98954,47.12861],[21.98941,47.12868],[21.98905,47.12886],[21.98835,47.12911],[21.98578,47.13005],[21.98313,47.13104],[21.98338,47.13117],[21.9839,47.13149],[21.98512,47.13227],[21.98621,47.13295],[21.98702,47.13347],[21.9877,47.13391],[21.98841,47.13433],[21.98884,47.13457],[21.98962,47.13486],[21.99069,47.13525],[21.99118,47.1354],[21.99158,47.13549],[21.99186,47.13553],[21.99222,47.13553],[21.99252,47.13552],[21.99274,47.13551],[21.99297,47.13551],[21.99312,47.13555],[21.99323,47.13562],[21.99365,47.13596],[21.9941,47.13628],[21.99465,47.13666],[21.99516,47.13698],[21.99558,47.1372],[21.99581,47.13723],[21.99612,47.13737],[21.99639,47.13748],[21.99667,47.13762],[21.99717,47.1379],[21.99763,47.1382],[21.99787,47.13836],[21.998,47.13853],[21.99807,47.13872],[21.9981,47.13882],[21.99809,47.13892],[21.99804,47.13906],[21.99787,47.13925],[21.99763,47.13952],[21.99742,47.1398],[21.99734,47.13999],[21.99726,47.14017],[21.9972,47.14049],[21.99718,47.14091],[21.99723,47.1411],[21.99731,47.1413],[21.9978,47.1422],[21.99806,47.14263],[21.99842,47.14307],[21.99855,47.14325],[21.99895,47.14374],[21.99954,47.14457],[21.99985,47.145],[22.0001,47.14542],[22.00018,47.14565],[22.00022,47.14596],[22.0002,47.14627],[22.0002,47.14664],[22.00018,47.14709],[22.00021,47.14734],[22.00039,47.14765],[22.0013,47.14855],[22.00195,47.14928],[22.00214,47.14944],[22.00413,47.15147],[22.00461,47.15216],[22.00481,47.15238],[22.00504,47.15261],[22.00548,47.15307],[22.00599,47.1536],[22.00647,47.1541],[22.00665,47.1543],[22.00681,47.15453],[22.00705,47.15504],[22.00722,47.1553],[22.00772,47.15575],[22.00797,47.15601],[22.00819,47.15629],[22.00829,47.15636],[22.00846,47.15642],[22.00932,47.15661],[22.00993,47.15672],[22.01057,47.15678],[22.01107,47.15678],[22.01179,47.15676],[22.01248,47.15671],[22.01321,47.15664],[22.01397,47.15659],[22.01457,47.15657],[22.01538,47.15658],[22.01564,47.15654],[22.01602,47.15635],[22.01623,47.15611],[22.01627,47.15581],[22.01628,47.15569],[22.01636,47.15558],[22.01648,47.15555],[22.01673,47.15555],[22.0169,47.15558],[22.01708,47.15565],[22.0174,47.15569],[22.01771,47.15571],[22.01801,47.15569],[22.01898,47.15571],[22.02059,47.15583],[22.02114,47.15595],[22.02132,47.156],[22.02152,47.1561],[22.02184,47.15632],[22.02215,47.15659],[22.02229,47.15669],[22.02246,47.15677],[22.02273,47.15684],[22.02343,47.15681],[22.02388,47.15683],[22.02424,47.15688],[22.02462,47.15694],[22.02528,47.15709],[22.02575,47.15728],[22.02612,47.15745],[22.02649,47.15761],[22.02665,47.15765],[22.02683,47.15766],[22.02725,47.15762],[22.02811,47.15751],[22.02865,47.15743],[22.02905,47.15737],[22.02954,47.15722],[22.02987,47.15712],[22.0302,47.15698],[22.03054,47.15685],[22.0308,47.15679],[22.03109,47.15671],[22.03135,47.15661],[22.0317,47.15655],[22.03205,47.15654],[22.03233,47.15653],[22.0324,47.15646],[22.03241,47.15632],[22.03243,47.15611],[22.03251,47.15545],[22.03259,47.15474],[22.03265,47.15467],[22.0328,47.15465],[22.03304,47.15468],[22.03333,47.15471],[22.03363,47.15476],[22.03391,47.15482],[22.03421,47.15491],[22.03566,47.15536],[22.03657,47.15561],[22.03739,47.15581],[22.03776,47.15587],[22.03831,47.1559],[22.03869,47.15588],[22.0391,47.15585],[22.03959,47.1558],[22.03985,47.15576],[22.04037,47.15565],[22.04073,47.15557],[22.04103,47.15554],[22.04134,47.15553],[22.04175,47.15554],[22.04217,47.15557],[22.04401,47.15549],[22.04715,47.15534],[22.05028,47.15518],[22.052,47.15508],[22.05328,47.15503],[22.05456,47.15492],[22.05481,47.15494],[22.05531,47.15528],[22.05553,47.15532],[22.05574,47.15529],[22.05675,47.15476],[22.057,47.15466],[22.05761,47.15451],[22.05783,47.15448],[22.05809,47.15446],[22.05867,47.15449],[22.05935,47.15452],[22.05988,47.15449],[22.0601,47.15449],[22.06065,47.15453],[22.0612,47.15457],[22.06173,47.15462],[22.06222,47.15472],[22.06357,47.15513],[22.06453,47.15539],[22.06498,47.15558],[22.06526,47.15574],[22.0659,47.15633],[22.06642,47.1568],[22.06656,47.15717],[22.06671,47.15729],[22.06691,47.15738],[22.06732,47.15733],[22.06822,47.1572],[22.06912,47.15709],[22.06946,47.15708],[22.07017,47.15725],[22.07068,47.15736],[22.07111,47.15749],[22.07164,47.15758],[22.07217,47.15768],[22.07265,47.15771],[22.07331,47.15776],[22.07385,47.15779],[22.07431,47.1577],[22.07453,47.15766],[22.07468,47.15759],[22.07483,47.15749],[22.07503,47.15735],[22.07524,47.15724],[22.07579,47.15716],[22.07606,47.15716],[22.07635,47.15717],[22.07687,47.15728],[22.07737,47.15739],[22.07794,47.15755],[22.07849,47.15775],[22.07879,47.15783],[22.07896,47.15786],[22.08038,47.15777],[22.08232,47.15775],[22.08268,47.15767],[22.08335,47.15746],[22.08374,47.15738],[22.08405,47.15735],[22.08512,47.15734],[22.08563,47.15735],[22.08612,47.15731],[22.08712,47.15716],[22.08765,47.15705],[22.08822,47.15697],[22.08876,47.15692],[22.08926,47.15691],[22.09007,47.15696],[22.09052,47.15702],[22.09152,47.15719],[22.09196,47.15723],[22.09244,47.1572],[22.093,47.1571],[22.09348,47.15697],[22.09439,47.15667],[22.09584,47.15616],[22.09692,47.15578],[22.09727,47.15561],[22.09748,47.15543],[22.09765,47.15524],[22.09795,47.15499],[22.09855,47.15458],[22.09885,47.15443],[22.09923,47.15425],[22.10025,47.15389],[22.10072,47.15373],[22.10089,47.15364],[22.10118,47.15344],[22.10153,47.15314],[22.10197,47.15291],[22.10239,47.15256],[22.10271,47.15226],[22.10287,47.15205],[22.10307,47.15172],[22.10326,47.15139],[22.10362,47.15093],[22.10396,47.15048],[22.10424,47.15004],[22.10505,47.1491],[22.10526,47.14896],[22.10538,47.14891],[22.10567,47.14886],[22.10623,47.14874],[22.10677,47.14858],[22.10777,47.14827],[22.10808,47.1482],[22.10854,47.14816],[22.11013,47.14813],[22.11065,47.14813],[22.11115,47.14815],[22.11146,47.14816],[22.11169,47.14809],[22.11188,47.14797],[22.11208,47.14783],[22.11238,47.14767],[22.11302,47.14744],[22.11324,47.14734],[22.11335,47.14723],[22.11339,47.14713],[22.11341,47.147],[22.11339,47.14683],[22.11324,47.14651],[22.11292,47.14598],[22.11286,47.14583],[22.11285,47.14572],[22.1129,47.14558],[22.1131,47.14524],[22.11346,47.14462],[22.11378,47.14402],[22.11392,47.14375],[22.11402,47.14347],[22.11403,47.14317],[22.11399,47.143],[22.11391,47.14279],[22.1138,47.14256],[22.11351,47.14214],[22.11303,47.14178],[22.11275,47.14161],[22.11243,47.14148],[22.11197,47.14133],[22.1117,47.14122],[22.11175,47.14118],[22.11185,47.14117]]},"properties":{"line":"721","dir":"0","mode":"bus"}},{"type":"Feature","geometry":{"type":"LineString","coordinates":[[22.11186,47.14116],[22.11194,47.14128],[22.11205,47.14131],[22.11222,47.14136],[22.11272,47.14153],[22.11298,47.14168],[22.11308,47.14176],[22.11356,47.14212],[22.11388,47.14257],[22.11408,47.14311],[22.11409,47.14338],[22.11405,47.14357],[22.11388,47.14398],[22.11364,47.14439],[22.11323,47.14513],[22.11295,47.14562],[22.11291,47.14578],[22.11296,47.14595],[22.11307,47.14612],[22.11335,47.14658],[22.11346,47.14687],[22.11346,47.14702],[22.11344,47.14715],[22.11339,47.14726],[22.11324,47.14739],[22.11304,47.14748],[22.11286,47.14755],[22.11244,47.1477],[22.11209,47.14788],[22.11186,47.14805],[22.11163,47.14816],[22.11139,47.1482],[22.11084,47.14818],[22.10999,47.14818],[22.10945,47.14818],[22.10887,47.14819],[22.10833,47.14821],[22.10799,47.14826],[22.10749,47.1484],[22.10699,47.14856],[22.10655,47.1487],[22.10623,47.14878],[22.10591,47.14885],[22.10536,47.14896],[22.10524,47.14902],[22.10509,47.14914],[22.10473,47.14955],[22.10429,47.15006],[22.10394,47.15059],[22.10333,47.15138],[22.103,47.15195],[22.10285,47.15217],[22.10268,47.15235],[22.10205,47.15294],[22.10162,47.15315],[22.10125,47.15345],[22.10097,47.15366],[22.10071,47.15378],[22.09968,47.15413],[22.09919,47.15432],[22.09865,47.15458],[22.09812,47.15495],[22.09789,47.15511],[22.09743,47.15554],[22.09719,47.15571],[22.09698,47.1558],[22.09443,47.1567],[22.09353,47.157],[22.09305,47.15713],[22.09257,47.15722],[22.0922,47.15726],[22.09204,47.15727],[22.09175,47.15726],[22.09133,47.1572],[22.09076,47.1571],[22.09038,47.15703],[22.08997,47.15699],[22.08967,47.15697],[22.08929,47.15695],[22.08896,47.15695],[22.0886,47.15697],[22.08815,47.15702],[22.08771,47.15709],[22.08705,47.15721],[22.0865,47.15729],[22.08611,47.15735],[22.08574,47.15738],[22.08442,47.15739],[22.08408,47.15739],[22.08389,47.1574],[22.08361,47.15744],[22.08335,47.1575],[22.08258,47.15774],[22.08235,47.15778],[22.08192,47.15779],[22.08061,47.15781],[22.07901,47.1579],[22.07878,47.15787],[22.07857,47.15781],[22.07829,47.15772],[22.07798,47.1576],[22.0777,47.15752],[22.07713,47.15737],[22.07632,47.15719],[22.07594,47.1572],[22.0755,47.15724],[22.07526,47.15728],[22.07496,47.15745],[22.07472,47.15764],[22.07433,47.15772],[22.07421,47.15777],[22.07381,47.15781],[22.07303,47.15777],[22.07222,47.15772],[22.07103,47.15751],[22.07026,47.15731],[22.06946,47.15711],[22.06913,47.15712],[22.06718,47.15739],[22.06691,47.15743],[22.06669,47.15734],[22.06657,47.15724],[22.0665,47.15714],[22.06644,47.15701],[22.06636,47.15682],[22.06624,47.1567],[22.06592,47.15642],[22.0654,47.15593],[22.06525,47.15579],[22.06492,47.15559],[22.06451,47.15543],[22.06288,47.15497],[22.06238,47.15481],[22.06202,47.15471],[22.06166,47.15465],[22.06121,47.15461],[22.06049,47.15455],[22.06019,47.15453],[22.05989,47.15453],[22.0596,47.15455],[22.05918,47.15454],[22.05822,47.15451],[22.05796,47.1545],[22.05773,47.15453],[22.05699,47.1547],[22.05669,47.15483],[22.05621,47.15509],[22.05589,47.15526],[22.0557,47.15534],[22.05554,47.15536],[22.05534,47.15532],[22.0552,47.15526],[22.05508,47.15517],[22.05482,47.15499],[22.0547,47.15496],[22.05457,47.15495],[22.05437,47.15497],[22.05337,47.15506],[22.05251,47.1551],[22.05002,47.15522],[22.045,47.15548],[22.04239,47.1556],[22.04199,47.15559],[22.0412,47.15556],[22.04084,47.1556],[22.03983,47.1558],[22.03898,47.1559],[22.03835,47.15594],[22.03804,47.15593],[22.03773,47.1559],[22.03725,47.15581],[22.03605,47.15551],[22.03465,47.15508],[22.03392,47.15486],[22.03365,47.15479],[22.03311,47.15472],[22.03285,47.15473],[22.03265,47.15474],[22.03247,47.15632],[22.03245,47.15648],[22.03235,47.15657],[22.03182,47.15658],[22.03162,47.1566],[22.03141,47.15663],[22.03099,47.15678],[22.03053,47.1569],[22.02986,47.15717],[22.02948,47.15734],[22.0291,47.1574],[22.0288,47.15744],[22.02808,47.15755],[22.02705,47.15768],[22.02677,47.15769],[22.02657,47.15767],[22.02639,47.15762],[22.02612,47.1575],[22.02572,47.15732],[22.02529,47.15714],[22.02502,47.15707],[22.02455,47.15697],[22.02398,47.15687],[22.02347,47.15685],[22.02284,47.15687],[22.02266,47.15686],[22.02251,47.15683],[22.02226,47.15673],[22.02206,47.15656],[22.02181,47.15635],[22.02152,47.15614],[22.02121,47.15601],[22.02066,47.15588],[22.01999,47.15582],[22.01884,47.15574],[22.0177,47.15574],[22.01747,47.15573],[22.01721,47.15571],[22.01704,47.15567],[22.01686,47.15561],[22.01669,47.15559],[22.01659,47.15559],[22.01651,47.15558],[22.01643,47.15561],[22.01635,47.15567],[22.01632,47.1559],[22.01629,47.15609],[22.01619,47.15624],[22.01607,47.15635],[22.01596,47.15643],[22.01583,47.15651],[22.01561,47.15658],[22.01538,47.15661],[22.01496,47.15661],[22.01459,47.1566],[22.01422,47.15662],[22.01321,47.15667],[22.01188,47.15679],[22.01154,47.15681],[22.01104,47.15681],[22.01058,47.15681],[22.0101,47.15677],[22.00957,47.15669],[22.00881,47.15654],[22.00847,47.15647],[22.0082,47.15636],[22.00812,47.15628],[22.00788,47.15599],[22.00758,47.15569],[22.00716,47.15531],[22.00699,47.15505],[22.00681,47.15466],[22.00672,47.15449],[22.00661,47.15433],[22.0064,47.1541],[22.00465,47.15229],[22.00421,47.15166],[22.00401,47.1514],[22.00235,47.14972],[22.00216,47.14957],[22.00183,47.14923],[22.00151,47.14885],[22.00115,47.14847],[22.00037,47.1477],[22.00023,47.14749],[22.00015,47.14731],[22.00013,47.14706],[22.00014,47.14665],[22.00017,47.14624],[22.00015,47.14584],[22.00013,47.14566],[22.00006,47.14547],[21.99986,47.1451],[21.99902,47.14393],[21.99872,47.14354],[21.99846,47.14323],[21.99815,47.1429],[21.99769,47.14211],[21.99727,47.14136],[21.99713,47.14094],[21.99715,47.14038],[21.99723,47.14011],[21.99742,47.13971],[21.99779,47.13926],[21.99798,47.13906],[21.99803,47.13897],[21.99804,47.13887],[21.99804,47.13874],[21.99799,47.13862],[21.99785,47.13841],[21.9977,47.13829],[21.99729,47.13802],[21.99684,47.13775],[21.99632,47.13749],[21.99585,47.13735],[21.99566,47.13727],[21.9954,47.13717],[21.99522,47.13706],[21.99475,47.13679],[21.99397,47.13625],[21.99356,47.13594],[21.99319,47.13564],[21.99307,47.13559],[21.99295,47.13555],[21.99261,47.13555],[21.9923,47.13557],[21.99185,47.13556],[21.99127,47.13546],[21.99084,47.13533],[21.99042,47.13519],[21.98962,47.13492],[21.98943,47.13483],[21.98881,47.1346],[21.9885,47.13443],[21.98812,47.1342],[21.98754,47.13385],[21.98696,47.13348],[21.985,47.13225],[21.98402,47.13162],[21.98331,47.13118],[21.98303,47.13104],[21.9848,47.13038],[21.98574,47.13004],[21.9866,47.12972],[21.98799,47.1292],[21.9894,47.12865],[21.98951,47.12858],[21.98964,47.12846],[21.98971,47.1284],[21.98983,47.12813],[21.98985,47.12787],[21.98978,47.12759],[21.98963,47.12695],[21.98947,47.12631],[21.98937,47.12575],[21.98939,47.12559],[21.98945,47.12547],[21.98964,47.12533],[21.98967,47.12525],[21.99092,47.12429],[21.99199,47.1235],[21.99256,47.1231],[21.99308,47.12284],[21.99384,47.12266],[21.99558,47.1224],[21.99578,47.12234],[21.9963,47.12216],[21.99618,47.12228],[21.99562,47.12246],[21.99527,47.12251],[21.99494,47.12253],[21.99382,47.12269],[21.9931,47.12286],[21.9926,47.12311],[21.99231,47.12331],[21.99112,47.12418],[21.98948,47.12544],[21.98943,47.1256],[21.98941,47.12575],[21.98958,47.12667],[21.98977,47.1275],[21.98987,47.12785],[21.98986,47.12815],[21.9898,47.12826],[21.98976,47.12837],[21.98969,47.12846],[21.98953,47.12861],[21.98938,47.12869],[21.98851,47.12902],[21.98698,47.1296],[21.9849,47.13036],[21.98309,47.13107],[21.98275,47.13095],[21.98225,47.13081],[21.98118,47.13054],[21.97961,47.13012],[21.97882,47.12991],[21.97835,47.1298],[21.97789,47.12973],[21.97744,47.12968],[21.97607,47.12951],[21.97414,47.12927],[21.97375,47.12921],[21.9735,47.12914],[21.97322,47.12904],[21.97259,47.12878],[21.96912,47.12731],[21.96582,47.12595],[21.96521,47.12562],[21.96483,47.12535],[21.96452,47.1251],[21.96341,47.1242],[21.96165,47.12276],[21.9603,47.12164],[21.95994,47.12135],[21.95955,47.12108],[21.95904,47.12083],[21.95867,47.12072],[21.95688,47.12036],[21.95604,47.1202],[21.95521,47.12002],[21.95469,47.11993],[21.95388,47.11978],[21.95341,47.11969],[21.95269,47.11953],[21.95231,47.11942],[21.95189,47.11924],[21.95153,47.11905],[21.95104,47.11879],[21.94948,47.11797],[21.94759,47.117],[21.94465,47.11549],[21.94158,47.11389],[21.93876,47.11243],[21.93749,47.11177],[21.93581,47.1109],[21.93415,47.11003],[21.93392,47.1099],[21.93363,47.10976],[21.93327,47.10965],[21.93287,47.10955],[21.93247,47.10948],[21.93039,47.10916],[21.92971,47.10907],[21.92909,47.10896],[21.92893,47.10892],[21.92877,47.10886],[21.92847,47.10866],[21.92828,47.10846],[21.92817,47.10829],[21.92818,47.10814],[21.92817,47.10794],[21.92824,47.10715],[21.92846,47.10538],[21.92859,47.10434],[21.92863,47.10399],[21.92872,47.10353],[21.92873,47.10317],[21.92868,47.10298],[21.9286,47.10281],[21.9285,47.10264],[21.92837,47.10247],[21.92824,47.10232],[21.92804,47.10219],[21.92775,47.10197],[21.92728,47.1017],[21.92702,47.10154],[21.92677,47.10138],[21.92666,47.10129],[21.92655,47.10118],[21.92647,47.10109],[21.92637,47.10092],[21.9261,47.10047],[21.92602,47.10029],[21.92601,47.10017],[21.92606,47.10006],[21.92612,47.09996],[21.92632,47.09976],[21.92719,47.09896],[21.92721,47.09886],[21.92716,47.09877],[21.92691,47.09866],[21.92668,47.09867],[21.92637,47.0989],[21.92621,47.09901],[21.92613,47.09904],[21.92601,47.09906],[21.92589,47.09903],[21.92576,47.09898],[21.92568,47.09888],[21.92563,47.09877],[21.92566,47.09764],[21.92564,47.09751],[21.92558,47.09744],[21.92549,47.09739],[21.92534,47.09736],[21.9252,47.09739],[21.92509,47.09744],[21.92505,47.09754],[21.92506,47.09763],[21.92512,47.09792],[21.92513,47.09811],[21.92509,47.09819],[21.92503,47.09825],[21.92496,47.09829],[21.92481,47.09832],[21.92468,47.09831],[21.92459,47.0983],[21.92448,47.0982],[21.92443,47.09814],[21.9244,47.09804],[21.92438,47.0974],[21.92437,47.09685],[21.92432,47.09673],[21.92421,47.09665],[21.92409,47.09662],[21.92396,47.09663],[21.92381,47.09667],[21.92377,47.09674],[21.92374,47.09683],[21.92377,47.09705],[21.92382,47.09726],[21.92382,47.09736],[21.92378,47.09747],[21.92369,47.09755],[21.92357,47.09758],[21.92347,47.09759],[21.92337,47.09758],[21.92326,47.09755],[21.92314,47.09747],[21.92258,47.09687],[21.92246,47.09685],[21.92238,47.09682],[21.92233,47.09677],[21.92233,47.09669],[21.92238,47.09665],[21.92244,47.09662],[21.92255,47.09661],[21.92298,47.09612],[21.92334,47.09571],[21.92347,47.09547],[21.92359,47.09522],[21.92368,47.09498],[21.92379,47.09475],[21.92392,47.09451],[21.92407,47.09434],[21.92406,47.09427],[21.92412,47.09428],[21.92446,47.094],[21.92474,47.09374],[21.92492,47.09349],[21.92511,47.09319],[21.92521,47.09301],[21.92533,47.09284],[21.92578,47.0917],[21.92591,47.09136],[21.92601,47.09103],[21.92612,47.09063],[21.92622,47.09016],[21.92644,47.0892],[21.92638,47.08917],[21.92635,47.08911],[21.92616,47.08905],[21.92573,47.08892],[21.92567,47.08897],[21.92564,47.08889],[21.92535,47.0888],[21.9249,47.08866],[21.92404,47.08839],[21.92348,47.08821],[21.92294,47.0881],[21.92241,47.08786],[21.92178,47.08765],[21.92053,47.08726],[21.91928,47.08687],[21.91853,47.08662],[21.91773,47.08642],[21.91751,47.08629],[21.91674,47.08605],[21.91601,47.08582],[21.91579,47.08575],[21.91567,47.08573],[21.91552,47.08569],[21.91544,47.08565],[21.91541,47.08558],[21.91542,47.08548],[21.91554,47.08545],[21.91564,47.08542],[21.91579,47.08538],[21.91606,47.0853],[21.9163,47.08521],[21.91654,47.08508],[21.91678,47.08492],[21.91693,47.08465],[21.91704,47.08442],[21.91712,47.08425],[21.91724,47.08409],[21.91753,47.08385],[21.91789,47.08362],[21.91855,47.08316],[21.9188,47.08299],[21.91889,47.08289],[21.91911,47.08269],[21.91916,47.08254],[21.91929,47.08247],[21.91945,47.08246],[21.91963,47.08238],[21.91984,47.08228],[21.92014,47.08212],[21.92034,47.08202],[21.92043,47.08193],[21.92072,47.08177],[21.92097,47.08157],[21.92112,47.08146],[21.9212,47.08134],[21.92126,47.08123],[21.9213,47.08106],[21.92127,47.08089],[21.9212,47.08077],[21.92057,47.08031],[21.91913,47.07929],[21.91839,47.07877],[21.918,47.07849],[21.9176,47.07824],[21.91675,47.07765],[21.91631,47.0773],[21.91603,47.0771],[21.91595,47.07702],[21.91593,47.07696],[21.91591,47.07689],[21.91593,47.07681],[21.916,47.07672],[21.91629,47.07658],[21.91677,47.07639],[21.91686,47.07632],[21.91704,47.07624],[21.91714,47.07621],[21.91724,47.07621],[21.91738,47.07623],[21.91828,47.07588],[21.91875,47.07569],[21.91919,47.07551],[21.92299,47.07392],[21.92342,47.07377],[21.92409,47.07344],[21.92437,47.07329],[21.9246,47.0731],[21.92484,47.07249],[21.92506,47.07188],[21.92517,47.07147]]},"properties":{"line":"721","dir":"1","mode":"bus"}},{"type":"Feature","geometry":{"type":"LineString","coordinates":[[21.93855,47.05027],[21.93857,47.05093],[21.93876,47.05172],[21.93918,47.05287],[21.93936,47.05349],[21.93941,47.05362],[21.93952,47.05373],[21.9397,47.05382],[21.93977,47.05394],[21.93987,47.05425],[21.93999,47.0548],[21.94011,47.05696],[21.94018,47.0583],[21.94019,47.05871],[21.94028,47.05882],[21.9404,47.05891],[21.94058,47.05908],[21.94069,47.05918],[21.94126,47.0595],[21.94173,47.06],[21.94198,47.06016],[21.94222,47.06034],[21.94291,47.06083],[21.94306,47.0609],[21.94332,47.06111],[21.94397,47.06152],[21.94443,47.06175],[21.94479,47.06189],[21.94539,47.06207],[21.94563,47.06216],[21.94587,47.06228],[21.94669,47.06276],[21.94728,47.063],[21.94773,47.06315],[21.94814,47.06326],[21.94915,47.06353],[21.94977,47.06364],[21.95008,47.06369],[21.95135,47.06387],[21.95182,47.06399],[21.9522,47.06416],[21.9524,47.06424],[21.95255,47.06437],[21.95266,47.0644],[21.95277,47.06438],[21.95296,47.06437],[21.95317,47.06445],[21.95341,47.06445],[21.95377,47.06446],[21.95393,47.06446],[21.9545,47.06455],[21.9548,47.06459],[21.95522,47.06471],[21.95567,47.06483],[21.95614,47.06498],[21.95665,47.06511],[21.95717,47.06522],[21.9577,47.0653],[21.95802,47.06533],[21.95842,47.06539],[21.95898,47.06545],[21.95948,47.06554],[21.96058,47.06578],[21.9614,47.06595],[21.96184,47.06606],[21.96202,47.06611],[21.96227,47.06614],[21.96274,47.06613],[21.96369,47.06607],[21.96412,47.066],[21.96423,47.066],[21.96464,47.06616],[21.96498,47.06632],[21.96511,47.06645],[21.96538,47.06662],[21.96562,47.06678],[21.9657,47.06691],[21.96576,47.06715],[21.96583,47.0673],[21.96601,47.06751],[21.96626,47.06777],[21.96693,47.06847],[21.9674,47.06893],[21.96788,47.06939],[21.96828,47.06972],[21.96869,47.07005],[21.96886,47.07017],[21.96911,47.07038],[21.96928,47.07053],[21.96943,47.0707],[21.96957,47.07092],[21.96953,47.07114],[21.96959,47.0713],[21.96968,47.07148],[21.97004,47.07215],[21.9704,47.07282],[21.97065,47.07303],[21.97087,47.07323],[21.97107,47.07341],[21.97118,47.0736],[21.97146,47.07416],[21.97171,47.07471],[21.97206,47.07554],[21.97219,47.07598],[21.97228,47.07612],[21.9725,47.0763],[21.97297,47.07675],[21.9741,47.0778],[21.97429,47.07801],[21.97437,47.07812],[21.9745,47.07838],[21.97458,47.07868],[21.97465,47.07895],[21.97456,47.07933],[21.97448,47.07953],[21.97435,47.07981],[21.9742,47.08008],[21.97404,47.0803],[21.97397,47.08045],[21.97396,47.08062],[21.97401,47.08102],[21.97398,47.08116],[21.97389,47.08128],[21.97364,47.08148],[21.97353,47.08159],[21.97347,47.08178],[21.97347,47.08202],[21.97356,47.08227],[21.97363,47.08243],[21.97365,47.08253],[21.97363,47.08259],[21.97357,47.08273],[21.97336,47.08294],[21.9731,47.08319],[21.97291,47.08347],[21.97274,47.08369],[21.9726,47.08387],[21.9725,47.08403],[21.97242,47.08421],[21.97227,47.08456],[21.9721,47.08497],[21.97198,47.08538],[21.97192,47.08575],[21.97187,47.08598],[21.97194,47.0864],[21.97228,47.08691],[21.97245,47.08709],[21.97282,47.08749],[21.9729,47.0876],[21.97293,47.08776],[21.97302,47.08849],[21.97313,47.08923],[21.9734,47.08925],[21.97351,47.08926],[21.97392,47.08935],[21.97406,47.08939],[21.97413,47.08944],[21.97431,47.08943],[21.97492,47.0896],[21.97545,47.08975],[21.97596,47.08986],[21.97653,47.08992],[21.97686,47.08997],[21.97729,47.09006],[21.97753,47.09011],[21.97774,47.0901],[21.97806,47.09013],[21.97844,47.09012],[21.97886,47.09011],[21.97925,47.09014],[21.97949,47.09019],[21.97963,47.09027],[21.97969,47.09035],[21.97974,47.09047],[21.97976,47.09068],[21.97969,47.09077],[21.97959,47.09082],[21.97926,47.09087],[21.97828,47.09096],[21.97799,47.09095],[21.97751,47.09088],[21.97709,47.09084],[21.9767,47.0909],[21.97613,47.09102],[21.97591,47.09104],[21.97548,47.09102],[21.97529,47.09099],[21.97472,47.09095]]},"properties":{"line":"722","dir":"0","mode":"bus"}},{"type":"Feature","geometry":{"type":"LineString","coordinates":[[21.97472,47.09095],[21.97366,47.09055],[21.97361,47.09048],[21.97362,47.0904],[21.97376,47.09014],[21.97385,47.08987],[21.97392,47.08972],[21.97407,47.08948],[21.97401,47.08941],[21.97365,47.08934],[21.97329,47.08929],[21.97309,47.08925],[21.97304,47.08905],[21.97302,47.08887],[21.97291,47.08812],[21.97288,47.08783],[21.97286,47.08764],[21.97276,47.08749],[21.97246,47.08716],[21.97228,47.08697],[21.97213,47.08678],[21.972,47.08662],[21.97188,47.0864],[21.97184,47.08619],[21.97182,47.08598],[21.97185,47.08578],[21.97191,47.08543],[21.972,47.08512],[21.9721,47.08482],[21.9724,47.08415],[21.97253,47.08388],[21.97271,47.08365],[21.97288,47.08345],[21.97301,47.08324],[21.97331,47.08293],[21.97352,47.08274],[21.97361,47.08255],[21.97356,47.08236],[21.97345,47.08212],[21.97341,47.08196],[21.97342,47.08181],[21.97344,47.08168],[21.97349,47.08156],[21.97361,47.08145],[21.97371,47.08137],[21.97385,47.08127],[21.97393,47.08116],[21.97396,47.08101],[21.97394,47.08085],[21.97392,47.08072],[21.97391,47.08051],[21.97396,47.08035],[21.97413,47.08009],[21.97433,47.07974],[21.97443,47.07948],[21.97451,47.07931],[21.97456,47.079],[21.97453,47.07876],[21.9745,47.07856],[21.97443,47.07834],[21.97433,47.07815],[21.97415,47.07793],[21.97368,47.07746],[21.97317,47.077],[21.9725,47.07636],[21.97229,47.07619],[21.97218,47.07606],[21.97211,47.07592],[21.97208,47.07577],[21.97203,47.07561],[21.9719,47.07527],[21.9716,47.07457],[21.97124,47.0738],[21.97111,47.07358],[21.97102,47.07342],[21.97059,47.07304],[21.97045,47.07293],[21.97036,47.07283],[21.97023,47.07261],[21.9701,47.07236],[21.96987,47.07195],[21.96971,47.07164],[21.96958,47.0714],[21.96945,47.0712],[21.96944,47.07096],[21.96933,47.07073],[21.96888,47.07027],[21.96825,47.06977],[21.9678,47.06939],[21.9664,47.06801],[21.96601,47.06762],[21.96574,47.06722],[21.96568,47.06702],[21.96565,47.06691],[21.96559,47.06683],[21.96543,47.06669],[21.96516,47.06651],[21.96454,47.06616],[21.96436,47.06608],[21.96426,47.06605],[21.96416,47.06603],[21.96362,47.06611],[21.96335,47.06615],[21.96295,47.06615],[21.96265,47.06617],[21.96239,47.06618],[21.96213,47.06616],[21.962,47.06614],[21.96184,47.0661],[21.96129,47.06596],[21.96094,47.06588],[21.96079,47.06585],[21.96062,47.06583],[21.96056,47.06583],[21.9605,47.06584],[21.96039,47.06585],[21.96027,47.06587],[21.9598,47.06595],[21.95942,47.06601],[21.95871,47.06612],[21.95834,47.06618],[21.95814,47.06621],[21.95798,47.06622],[21.95786,47.06622],[21.95774,47.06622],[21.95759,47.0662],[21.95693,47.06611],[21.95644,47.06597],[21.95611,47.06587],[21.95562,47.06569],[21.95508,47.06549],[21.95466,47.06534],[21.95423,47.06524],[21.9538,47.06515],[21.95316,47.06507],[21.95267,47.06494],[21.95237,47.06486],[21.95206,47.06481],[21.95199,47.06477],[21.95201,47.06469],[21.9522,47.06469],[21.9524,47.06464],[21.95249,47.06455],[21.95251,47.06442],[21.95254,47.06437],[21.95249,47.06427],[21.95182,47.06399],[21.95135,47.06387],[21.95008,47.06369],[21.94977,47.06364],[21.94915,47.06353],[21.94814,47.06326],[21.94773,47.06315],[21.94728,47.063],[21.94669,47.06276],[21.94587,47.06228],[21.94563,47.06216],[21.94539,47.06207],[21.94479,47.06189],[21.94442,47.06176],[21.94421,47.06166],[21.94397,47.06153],[21.94376,47.06142],[21.9433,47.06113],[21.94292,47.06087],[21.94217,47.06035],[21.94171,47.06004],[21.94142,47.05978],[21.94109,47.05947],[21.94091,47.05934],[21.94072,47.05927],[21.94044,47.05908],[21.94024,47.05926],[21.94009,47.05934],[21.93998,47.05935],[21.93993,47.05929],[21.93994,47.0592],[21.93999,47.05906],[21.94004,47.05891],[21.94006,47.05861],[21.94007,47.05813],[21.94005,47.0577],[21.94004,47.05727],[21.93995,47.05689],[21.9399,47.05648],[21.93984,47.05608],[21.93984,47.0552],[21.93964,47.05472],[21.93946,47.05443],[21.93933,47.05413],[21.93925,47.05337],[21.93897,47.05289],[21.93852,47.05157],[21.93836,47.05076],[21.93832,47.05045],[21.93827,47.05008],[21.93823,47.04979],[21.93816,47.04966],[21.93804,47.04958],[21.93787,47.04957],[21.93774,47.04958],[21.93766,47.04958],[21.93754,47.04952],[21.9375,47.04946],[21.93748,47.04938],[21.9375,47.04931],[21.93757,47.04923],[21.93767,47.04919],[21.93779,47.04919],[21.93792,47.04922],[21.93801,47.04929],[21.93807,47.04939],[21.93828,47.04939],[21.9384,47.04938],[21.93847,47.04937],[21.93854,47.04936],[21.93862,47.04939],[21.93867,47.04945],[21.93862,47.0495],[21.93853,47.04955],[21.93851,47.04969],[21.93851,47.04979],[21.93855,47.05028]]},"properties":{"line":"722","dir":"1","mode":"bus"}},{"type":"Feature","geometry":{"type":"LineString","coordinates":[[21.91809,47.05455],[21.91857,47.05335],[21.91897,47.05251],[21.91914,47.05212],[21.91712,47.05177],[21.91511,47.05146],[21.91138,47.05085],[21.90947,47.05052],[21.90773,47.05026],[21.90597,47.04997],[21.90536,47.04988],[21.90528,47.04989],[21.90517,47.04994],[21.90512,47.04999],[21.90513,47.05006],[21.9054,47.05062],[21.90572,47.05107],[21.90612,47.05157],[21.90648,47.05193],[21.90676,47.05209],[21.90696,47.05221],[21.90713,47.05235],[21.90722,47.05249],[21.90727,47.05263],[21.90728,47.05267],[21.90733,47.0527],[21.90745,47.05274],[21.90878,47.05314],[21.91103,47.05384],[21.91216,47.05421],[21.91328,47.05456],[21.91521,47.05518],[21.91578,47.05536],[21.91627,47.05556],[21.91679,47.05574],[21.91703,47.05587],[21.9172,47.05595],[21.91736,47.05601],[21.91746,47.0561],[21.91749,47.05637],[21.91749,47.05667],[21.91749,47.05699],[21.91751,47.05799],[21.91757,47.059],[21.9178,47.05943],[21.91814,47.05984],[21.91842,47.06022],[21.91882,47.0607],[21.91995,47.06198],[21.92027,47.06234],[21.92059,47.0627],[21.92093,47.06306],[21.92121,47.06339],[21.92151,47.06372],[21.92169,47.06394],[21.92189,47.06418],[21.92219,47.06453],[21.92251,47.06489],[21.92307,47.06542],[21.92351,47.06591],[21.92383,47.06642],[21.92401,47.06689],[21.92422,47.06739],[21.92435,47.0677],[21.92451,47.06814],[21.92472,47.06855],[21.92489,47.06872],[21.92501,47.06882],[21.92524,47.06894],[21.92541,47.0691],[21.92543,47.06919],[21.9254,47.06925],[21.92515,47.06941],[21.9249,47.0695],[21.92451,47.06959],[21.92404,47.06969],[21.92356,47.06983],[21.92276,47.0701],[21.92205,47.07036],[21.9204,47.07105],[21.91961,47.07139],[21.91918,47.07157],[21.91875,47.07176],[21.91774,47.07218],[21.91688,47.07258],[21.91593,47.07297],[21.91549,47.07317],[21.91498,47.07339],[21.91482,47.07345],[21.91475,47.07349],[21.91471,47.07355],[21.91465,47.0736],[21.91458,47.07363],[21.9145,47.07363],[21.9144,47.07362],[21.9143,47.0736],[21.91407,47.0736],[21.91357,47.07363],[21.91315,47.07365],[21.91227,47.07368],[21.91177,47.0737],[21.91138,47.07374],[21.91089,47.07374],[21.91028,47.07375],[21.90979,47.07379],[21.90936,47.07385],[21.90872,47.07399],[21.90807,47.07418],[21.90651,47.07481],[21.90502,47.0754],[21.90346,47.07603],[21.90191,47.07674],[21.90031,47.07746],[21.89872,47.07816],[21.89714,47.07888],[21.89562,47.07954],[21.89435,47.08013],[21.8927,47.08087],[21.89017,47.08198],[21.8896,47.08223],[21.88899,47.08247],[21.88862,47.08258],[21.88853,47.08258],[21.88844,47.08251],[21.88842,47.08243],[21.88839,47.0823],[21.88821,47.08218],[21.88795,47.08229],[21.88717,47.08268],[21.8866,47.08296],[21.88617,47.08315],[21.88616,47.08323],[21.88531,47.08358],[21.88445,47.08396],[21.88353,47.08439],[21.88269,47.08486],[21.88124,47.0857],[21.87963,47.08663],[21.87802,47.08754],[21.87785,47.08765],[21.87776,47.08774],[21.87772,47.08781],[21.87771,47.08788],[21.87775,47.08795],[21.87786,47.08801],[21.87791,47.08807],[21.87792,47.08816],[21.87788,47.08825],[21.87775,47.08831],[21.87753,47.08833],[21.87735,47.08842],[21.87659,47.08882],[21.87555,47.08942],[21.87452,47.09002],[21.87344,47.09064],[21.87274,47.09105],[21.87188,47.09154],[21.86711,47.09427],[21.86475,47.09562],[21.8625,47.0969],[21.86144,47.0975],[21.86036,47.09808],[21.8599,47.09829],[21.85941,47.09849],[21.85873,47.09872],[21.85787,47.09899],[21.85695,47.09922],[21.85619,47.09937],[21.85561,47.09946],[21.85503,47.09954],[21.85468,47.0996],[21.8546,47.09973],[21.85437,47.0998],[21.85411,47.09975],[21.85394,47.09968],[21.85322,47.09976],[21.85251,47.09985],[21.8478,47.10045],[21.845,47.10079],[21.84435,47.10089],[21.84384,47.10096],[21.84336,47.10105],[21.84312,47.10121],[21.84307,47.10131],[21.843,47.10144],[21.84286,47.10149],[21.84271,47.10149],[21.84258,47.10147],[21.84246,47.10141],[21.84228,47.10134],[21.84182,47.10148],[21.84075,47.10182],[21.8379,47.10271],[21.83704,47.10297],[21.83511,47.10356],[21.832,47.10451],[21.82935,47.10535],[21.82857,47.10563],[21.82774,47.10596],[21.82737,47.10611],[21.82672,47.1064],[21.8265,47.10653],[21.82637,47.10671],[21.82629,47.10675],[21.82618,47.10677],[21.82603,47.10677],[21.8257,47.1068],[21.82544,47.10689],[21.82486,47.10712],[21.82462,47.10722],[21.82353,47.10766],[21.82085,47.10875],[21.81936,47.10935],[21.81797,47.10991],[21.81629,47.11058],[21.81432,47.11141],[21.81423,47.11148],[21.8143,47.11188],[21.81428,47.11197],[21.81428,47.11206],[21.81426,47.11212],[21.81418,47.11221],[21.8135,47.1128],[21.81281,47.11339],[21.81156,47.11445],[21.81117,47.11478],[21.81098,47.11494],[21.81083,47.1151],[21.8107,47.1153],[21.81064,47.11548],[21.81062,47.11566],[21.81032,47.11564],[21.81,47.11561],[21.80949,47.11555],[21.80913,47.11552],[21.80882,47.11552],[21.80838,47.11552],[21.8081,47.11553],[21.80779,47.11555],[21.80753,47.11558],[21.80735,47.11563],[21.80717,47.11569],[21.80704,47.11575],[21.80634,47.11616],[21.80553,47.11664],[21.80484,47.11706],[21.8046,47.11717],[21.80451,47.11722],[21.80438,47.11727],[21.80421,47.11732],[21.80377,47.11739],[21.80332,47.11746],[21.80216,47.11763],[21.80082,47.11784],[21.80065,47.11784],[21.80049,47.11782],[21.80037,47.11779],[21.80018,47.11769],[21.79978,47.11738],[21.79939,47.11704],[21.79931,47.11695],[21.79925,47.11685],[21.79865,47.11692],[21.79796,47.11714],[21.79734,47.11732],[21.79651,47.11757],[21.79564,47.1179],[21.79426,47.11836],[21.79324,47.11867],[21.79183,47.11911],[21.79171,47.11914],[21.79158,47.11915],[21.79116,47.1191],[21.79038,47.11935],[21.78975,47.1195],[21.78948,47.11964],[21.78914,47.11974],[21.78902,47.11975],[21.78872,47.11975],[21.78819,47.11974],[21.78799,47.11978],[21.78774,47.11987],[21.78748,47.11996],[21.78729,47.11998],[21.78548,47.12056],[21.78504,47.12071],[21.78152,47.12189],[21.77807,47.12303],[21.77564,47.12384],[21.77154,47.1252],[21.76907,47.12605],[21.7669,47.12678],[21.76621,47.12701],[21.76608,47.12688],[21.76594,47.1267],[21.76473,47.1267],[21.76273,47.1267],[21.76208,47.12671],[21.76103,47.12662],[21.76018,47.12655],[21.75997,47.12653],[21.7598,47.12648],[21.7597,47.12638],[21.75967,47.12617],[21.75968,47.12574],[21.75969,47.1251],[21.75967,47.12477],[21.75961,47.12461],[21.75947,47.12448],[21.7593,47.12431],[21.7592,47.12432],[21.75908,47.12424],[21.75906,47.12416],[21.75876,47.12407],[21.75841,47.12403],[21.75803,47.12399],[21.75723,47.12393],[21.75687,47.12393],[21.7566,47.12394],[21.7564,47.12399],[21.75552,47.12422],[21.75515,47.12429],[21.75441,47.12437],[21.75369,47.12443],[21.75299,47.12446],[21.7523,47.12445],[21.75157,47.12447],[21.75118,47.12451],[21.75074,47.12462],[21.74963,47.12493],[21.74868,47.1252],[21.74779,47.12544],[21.74684,47.12571],[21.74671,47.12577],[21.74599,47.12594],[21.74523,47.12615],[21.74315,47.12674],[21.74167,47.12715],[21.74028,47.12753],[21.7395,47.12774],[21.73887,47.12793],[21.73776,47.12823],[21.73704,47.12841],[21.73634,47.12859],[21.73502,47.12883],[21.73474,47.12887],[21.73454,47.1289],[21.73361,47.12889],[21.73237,47.12888],[21.73128,47.12887],[21.72989,47.12887],[21.7298,47.12891],[21.72967,47.12887],[21.72922,47.12885],[21.72858,47.12877],[21.72753,47.12863],[21.72684,47.12856],[21.72604,47.12855],[21.72507,47.12856],[21.72407,47.12859],[21.72371,47.1286],[21.72294,47.12874],[21.72258,47.12882],[21.72229,47.12892],[21.72223,47.12895],[21.72207,47.12897],[21.72146,47.12914],[21.72093,47.12925],[21.72038,47.12934],[21.71993,47.12937],[21.71937,47.12939],[21.71874,47.1294],[21.71825,47.12938],[21.71776,47.12935],[21.71735,47.12932],[21.71732,47.12936],[21.7172,47.1293],[21.71685,47.12927],[21.71603,47.13169],[21.71523,47.13153],[21.71532,47.13298],[21.71551,47.13379],[21.71588,47.13537],[21.71599,47.1358],[21.71607,47.13607],[21.72208,47.13513],[21.72227,47.1351],[21.72227,47.13515],[21.72197,47.13519]]},"properties":{"line":"RoHu","dir":"0","mode":"bus"}},{"type":"Feature","geometry":{"type":"LineString","coordinates":[[21.72197,47.13519],[21.72179,47.13521],[21.72095,47.13535],[21.72006,47.13549],[21.71936,47.1356],[21.71866,47.1357],[21.71739,47.13591],[21.71655,47.13605],[21.71602,47.13614],[21.71599,47.13605],[21.71578,47.13517],[21.71552,47.13404],[21.71539,47.13351],[21.71526,47.13298],[21.7152,47.13198],[21.71516,47.13145],[21.716,47.13165],[21.71622,47.13103],[21.71648,47.13028],[21.71663,47.1298],[21.71682,47.12921],[21.71767,47.12931],[21.71778,47.12933],[21.71794,47.12933],[21.71863,47.12936],[21.71945,47.12936],[21.72021,47.12932],[21.72061,47.12928],[21.72119,47.12916],[21.72159,47.12907],[21.72195,47.12898],[21.72227,47.12888],[21.72261,47.12878],[21.72293,47.1287],[21.72368,47.12858],[21.72416,47.12854],[21.72545,47.12852],[21.72635,47.1285],[21.72676,47.12851],[21.72807,47.12866],[21.7288,47.12876],[21.72947,47.12883],[21.72957,47.12881],[21.73004,47.12882],[21.7316,47.12884],[21.73256,47.12884],[21.73388,47.12885],[21.73467,47.12885],[21.73636,47.12855],[21.73775,47.12819],[21.73898,47.12787],[21.73937,47.12776],[21.7398,47.12763],[21.74031,47.12749],[21.74096,47.12731],[21.74179,47.12707],[21.74364,47.12656],[21.74506,47.12617],[21.74642,47.12579],[21.7465,47.12579],[21.74661,47.12573],[21.74743,47.12551],[21.74818,47.1253],[21.74995,47.12481],[21.75096,47.12452],[21.75139,47.12444],[21.75188,47.12441],[21.75251,47.12442],[21.75353,47.12441],[21.7543,47.12435],[21.75471,47.12431],[21.75509,47.12426],[21.75567,47.12416],[21.75637,47.12395],[21.75654,47.12391],[21.7568,47.1239],[21.75731,47.1239],[21.75836,47.12398],[21.75884,47.12405],[21.75914,47.12414],[21.75918,47.12416],[21.75919,47.12417],[21.75943,47.12434],[21.75958,47.1245],[21.75969,47.12464],[21.75976,47.12482],[21.75974,47.12544],[21.75973,47.12579],[21.75971,47.12605],[21.75974,47.1263],[21.75978,47.12642],[21.75986,47.12647],[21.75997,47.1265],[21.76021,47.12653],[21.76136,47.12661],[21.76193,47.12665],[21.76283,47.12667],[21.76385,47.12667],[21.76475,47.12667],[21.76539,47.12666],[21.76597,47.12666],[21.76622,47.12697],[21.76656,47.12686],[21.76729,47.12661],[21.7695,47.12587],[21.77166,47.12513],[21.7732,47.12462],[21.77519,47.12395],[21.77995,47.12237],[21.78415,47.12098],[21.78496,47.12071],[21.786,47.12035],[21.78721,47.11996],[21.78742,47.11984],[21.78952,47.11916],[21.79037,47.1189],[21.79122,47.11865],[21.79309,47.11799],[21.79399,47.11768],[21.79411,47.11762],[21.79473,47.11742],[21.79528,47.11729],[21.79605,47.11715],[21.7969,47.11705],[21.79767,47.11697],[21.79816,47.11693],[21.79929,47.1168],[21.79937,47.11696],[21.79954,47.11712],[21.79971,47.11726],[21.79995,47.11746],[21.80012,47.11758],[21.80029,47.11771],[21.80044,47.11777],[21.80062,47.1178],[21.8008,47.1178],[21.80133,47.11771],[21.80192,47.11763],[21.80331,47.11742],[21.80404,47.11731],[21.8044,47.11722],[21.80497,47.11693],[21.80606,47.11627],[21.80696,47.11575],[21.80718,47.11564],[21.80743,47.11556],[21.80764,47.11553],[21.80814,47.1155],[21.80872,47.11547],[21.80907,47.11548],[21.80998,47.11555],[21.81058,47.11562],[21.81069,47.11526],[21.81108,47.11482],[21.81189,47.11416],[21.81265,47.11351],[21.81358,47.1127],[21.81413,47.11224],[21.81427,47.11209],[21.81429,47.11195],[21.81424,47.11175],[21.81413,47.11138],[21.81458,47.11115],[21.81508,47.11094],[21.81746,47.10998],[21.81824,47.10967],[21.81937,47.1092],[21.82038,47.10879],[21.82127,47.10843],[21.82281,47.10781],[21.82319,47.10766],[21.8245,47.10714],[21.82519,47.10685],[21.8257,47.1066],[21.82583,47.10653],[21.82587,47.10646],[21.82595,47.10642],[21.82612,47.10638],[21.82627,47.10639],[21.82644,47.10632],[21.82679,47.1062],[21.82746,47.10594],[21.82824,47.10563],[21.82887,47.10539],[21.82951,47.10516],[21.83081,47.10475],[21.83256,47.10422],[21.83675,47.10292],[21.83874,47.10231],[21.8408,47.10167],[21.84168,47.1014],[21.84195,47.1013],[21.84243,47.10116],[21.84254,47.10107],[21.8427,47.101],[21.84295,47.10105],[21.84333,47.10092],[21.84375,47.10085],[21.84414,47.10081],[21.84452,47.10076],[21.84608,47.10056],[21.84832,47.10029],[21.85296,47.0997],[21.85378,47.09957],[21.85395,47.09951],[21.85405,47.0994],[21.85421,47.09931],[21.85439,47.0993],[21.85453,47.09933],[21.85463,47.09939],[21.85482,47.09946],[21.85522,47.09941],[21.85597,47.09931],[21.85698,47.0991],[21.85748,47.09898],[21.85797,47.09886],[21.85847,47.0987],[21.85895,47.09853],[21.86006,47.09807],[21.86052,47.09786],[21.86193,47.09712],[21.86319,47.09639],[21.86659,47.09444],[21.87125,47.09179],[21.87354,47.09047],[21.87467,47.0898],[21.87525,47.08947],[21.87587,47.08912],[21.877,47.08844],[21.87726,47.08826],[21.87737,47.08814],[21.87736,47.08801],[21.87738,47.08788],[21.87799,47.08751],[21.8788,47.08706],[21.88021,47.08624],[21.88164,47.08542],[21.88325,47.08452],[21.88407,47.08411],[21.88489,47.0837],[21.88541,47.0835],[21.88679,47.08286],[21.88754,47.08249],[21.88823,47.08218],[21.8884,47.08213],[21.8886,47.0823],[21.88873,47.08231],[21.88898,47.08226],[21.88927,47.08219],[21.88969,47.08205],[21.89042,47.08175],[21.89327,47.08048],[21.89671,47.0789],[21.89844,47.07816],[21.90025,47.07734],[21.90199,47.07656],[21.90373,47.07577],[21.90552,47.07508],[21.90588,47.07492],[21.90604,47.07489],[21.90725,47.0744],[21.90812,47.07407],[21.9086,47.0739],[21.909,47.07379],[21.9095,47.07371],[21.90993,47.07366],[21.9112,47.0736],[21.9114,47.07354],[21.91279,47.07353],[21.91342,47.0734],[21.914,47.07334],[21.91474,47.07318],[21.91513,47.07303],[21.91554,47.07296],[21.91681,47.07245],[21.91823,47.0718],[21.92032,47.07085],[21.92143,47.07039],[21.9236,47.06963],[21.92417,47.0693],[21.92434,47.06895],[21.92446,47.06862],[21.92433,47.06804],[21.92384,47.0669],[21.92345,47.06634],[21.92301,47.0658],[21.92284,47.06569],[21.9226,47.06566],[21.92237,47.0655],[21.9223,47.0653],[21.92248,47.06514],[21.92244,47.06502],[21.92,47.0622],[21.91869,47.06067],[21.91746,47.0592],[21.91738,47.05887],[21.91736,47.05829],[21.91735,47.05771],[21.91732,47.05734],[21.9172,47.05691],[21.91709,47.05658],[21.91692,47.05622],[21.91698,47.05606],[21.91711,47.05595],[21.91746,47.0557],[21.91766,47.05546],[21.91788,47.05502],[21.91792,47.05492],[21.918,47.05481],[21.91809,47.05455]]},"properties":{"line":"RoHu","dir":"1","mode":"bus"}},{"type":"Feature","geometry":{"type":"LineString","coordinates":[[21.93159,47.07065],[21.93144,47.07062],[21.93127,47.0706],[21.93114,47.07059],[21.93099,47.07059],[21.93065,47.07065],[21.92997,47.07077],[21.9285,47.07106],[21.92715,47.07132],[21.92642,47.07145],[21.92609,47.07152],[21.92585,47.0716],[21.92563,47.07161],[21.92551,47.07159],[21.9254,47.07153],[21.9253,47.07146],[21.92524,47.07139],[21.92525,47.07117],[21.92526,47.07107],[21.92524,47.07096],[21.92515,47.07076],[21.92506,47.0705],[21.92495,47.0702],[21.92489,47.07],[21.92484,47.06982],[21.92475,47.06974],[21.92463,47.06968],[21.92441,47.06963],[21.92422,47.0695],[21.92416,47.06944],[21.92414,47.06937],[21.92414,47.06929],[21.92418,47.06925],[21.9245,47.06906],[21.92488,47.06893],[21.92516,47.06887],[21.92533,47.06887],[21.92549,47.06886],[21.9257,47.06883],[21.92593,47.06879],[21.92617,47.06869],[21.92655,47.06855],[21.92697,47.06838],[21.92769,47.06811],[21.92826,47.06788],[21.92885,47.06766],[21.92938,47.06742],[21.93026,47.06713],[21.93061,47.06698],[21.93065,47.06692],[21.93065,47.06684],[21.93058,47.06673],[21.93047,47.06664],[21.93013,47.06654],[21.92983,47.06646],[21.92938,47.06638],[21.9288,47.06627],[21.92872,47.06625],[21.92867,47.06623],[21.92864,47.06618],[21.92868,47.06598],[21.92877,47.06555],[21.92881,47.06499],[21.92885,47.06453],[21.92892,47.06407],[21.92898,47.06364],[21.92901,47.06339],[21.92917,47.06304],[21.92961,47.06243],[21.93017,47.06169],[21.93078,47.06101],[21.93223,47.05956],[21.93309,47.0587],[21.93355,47.05825],[21.93375,47.05808],[21.93387,47.05799],[21.93396,47.05796],[21.93407,47.05795],[21.93421,47.05798],[21.93438,47.05802],[21.93443,47.05803],[21.93447,47.05801],[21.93514,47.05765],[21.9354,47.05752],[21.93555,47.05744],[21.93562,47.05741],[21.93578,47.05743],[21.93593,47.05745],[21.93611,47.0575],[21.93626,47.05749],[21.93638,47.05752],[21.93664,47.05765],[21.93691,47.05781],[21.93825,47.05855],[21.93887,47.05902],[21.93906,47.05912],[21.93925,47.05919],[21.9396,47.05927],[21.93981,47.05934],[21.93991,47.05929],[21.94003,47.05887],[21.94006,47.05848],[21.94006,47.05798],[21.94003,47.0573],[21.93994,47.05681],[21.93984,47.05647],[21.93982,47.05617],[21.93983,47.05581],[21.93981,47.0554],[21.93977,47.05509],[21.9396,47.05494],[21.93919,47.05477],[21.939,47.05459],[21.93891,47.05446]]},"properties":{"line":"T8","dir":"0","mode":"bus"}},{"type":"Feature","geometry":{"type":"LineString","coordinates":[[21.93891,47.05446],[21.93892,47.05435],[21.93891,47.05403],[21.93897,47.05393],[21.93905,47.05388],[21.93919,47.05378],[21.93945,47.05374],[21.93965,47.05391],[21.93976,47.05407],[21.9399,47.05428],[21.93996,47.0544],[21.93999,47.0546],[21.94001,47.05469],[21.93999,47.05481],[21.93997,47.05493],[21.93996,47.05521],[21.94,47.05595],[21.94005,47.05626],[21.94007,47.05649],[21.94008,47.05661],[21.94009,47.0572],[21.94016,47.05792],[21.94016,47.05808],[21.94018,47.05839],[21.94019,47.05878],[21.94038,47.05894],[21.94043,47.05904],[21.94039,47.05915],[21.94021,47.05928],[21.94008,47.05935],[21.93923,47.0592],[21.939,47.05912],[21.93884,47.05901],[21.93865,47.05887],[21.93845,47.05872],[21.93824,47.05858],[21.93798,47.05843],[21.9377,47.05825],[21.93739,47.05809],[21.93703,47.05789],[21.93669,47.05769],[21.9365,47.05759],[21.9364,47.05755],[21.9363,47.05755],[21.93614,47.0576],[21.93562,47.05794],[21.93535,47.05817],[21.93515,47.05843],[21.93491,47.05868],[21.93463,47.05901],[21.93382,47.05994],[21.93296,47.06093],[21.93247,47.06147],[21.93224,47.06174],[21.93211,47.06192],[21.93181,47.0622],[21.93147,47.06262],[21.93101,47.06327],[21.93053,47.06393],[21.93012,47.0645],[21.92941,47.06538],[21.92927,47.06557],[21.92944,47.06569],[21.92992,47.06606],[21.93028,47.06639],[21.93062,47.06669],[21.93082,47.06687],[21.93084,47.06695],[21.9302,47.0673],[21.92927,47.06761],[21.92835,47.06795],[21.92738,47.06832],[21.92649,47.06867],[21.92604,47.06888],[21.92574,47.06906],[21.92542,47.06931],[21.9252,47.06947],[21.92503,47.06963],[21.92493,47.06977],[21.92491,47.06987],[21.92493,47.06996],[21.92504,47.07034],[21.92518,47.0707],[21.92525,47.0709],[21.92531,47.0711],[21.92534,47.07128],[21.92539,47.07144],[21.9255,47.07152],[21.92562,47.07156],[21.92583,47.07153],[21.92602,47.07148],[21.93074,47.07059]]},"properties":{"line":"T8","dir":"1","mode":"bus"}},{"type":"Feature","geometry":{"type":"LineString","coordinates":[[21.91759,47.05747],[21.91746,47.05761],[21.91747,47.05827],[21.91748,47.05886],[21.91753,47.0591],[21.91761,47.05927],[21.91783,47.05957],[21.91813,47.05991],[21.91946,47.06148],[21.92074,47.06293],[21.92096,47.06319],[21.92109,47.06331],[21.92142,47.06369],[21.92194,47.06428],[21.9224,47.06479],[21.92269,47.06507],[21.92289,47.06526],[21.92317,47.06553],[21.92339,47.06578],[21.92359,47.06604],[21.92379,47.06634],[21.924,47.0667],[21.92411,47.06707],[21.92434,47.06762],[21.92457,47.06832],[21.92463,47.06861],[21.92482,47.06919],[21.925,47.06986],[21.92516,47.07047],[21.92535,47.07093],[21.92539,47.07119],[21.92535,47.07141],[21.92544,47.0715],[21.92554,47.07153],[21.92565,47.07156],[21.92585,47.0716],[21.92558,47.07161],[21.92538,47.07168],[21.92521,47.07176],[21.92507,47.07191],[21.9249,47.07238],[21.92475,47.07282],[21.9246,47.07316],[21.92435,47.07338],[21.92388,47.07364],[21.9233,47.07389],[21.92276,47.07406],[21.9225,47.07415],[21.92235,47.07427],[21.92033,47.07517],[21.91827,47.07594],[21.91771,47.07615],[21.91737,47.07628],[21.91729,47.07632],[21.9172,47.07637],[21.91709,47.07637],[21.91692,47.07645],[21.91667,47.07654],[21.91624,47.07672],[21.91591,47.07686],[21.91573,47.07693],[21.91538,47.07669],[21.91499,47.07634],[21.91473,47.07605],[21.91456,47.07574],[21.91453,47.07545],[21.91447,47.07475],[21.91445,47.07415],[21.91442,47.07394],[21.91436,47.07378],[21.91388,47.0736],[21.91237,47.07364],[21.911,47.07377],[21.9107,47.07373],[21.90995,47.07378],[21.90955,47.07382],[21.90899,47.07392],[21.90874,47.07398],[21.9085,47.07407],[21.90807,47.07428],[21.9075,47.07451],[21.90733,47.07464]]},"properties":{"line":"T9","dir":"0","mode":"bus"}},{"type":"Feature","geometry":{"type":"LineString","coordinates":[[21.90733,47.07464],[21.90724,47.07462],[21.90693,47.07473],[21.90679,47.07481],[21.90674,47.07493],[21.90676,47.07504],[21.90682,47.07513],[21.90695,47.07528],[21.9071,47.07544],[21.90724,47.07551],[21.90736,47.07553],[21.90753,47.0755],[21.90763,47.07543],[21.90759,47.07482],[21.90737,47.07439],[21.90716,47.07395],[21.90689,47.0739],[21.9067,47.07396],[21.90657,47.07406],[21.90652,47.07421],[21.90658,47.07433],[21.90669,47.07441],[21.90685,47.07446],[21.90711,47.07446],[21.9076,47.07426],[21.90825,47.07402],[21.90857,47.0739],[21.90893,47.0738],[21.90959,47.07368],[21.91119,47.0736],[21.9114,47.07354],[21.91151,47.07359],[21.91281,47.07353],[21.91347,47.07349],[21.91428,47.07341],[21.9144,47.07334],[21.91458,47.07336],[21.91466,47.07342],[21.91471,47.07346],[21.9147,47.07355],[21.91466,47.07361],[21.91457,47.07369],[21.91455,47.07381],[21.91451,47.07401],[21.91452,47.0745],[21.91458,47.0752],[21.9146,47.07557],[21.91472,47.07587],[21.91489,47.07614],[21.91511,47.07637],[21.91536,47.07657],[21.91556,47.0767],[21.91571,47.07679],[21.91607,47.07679],[21.91642,47.07664],[21.91701,47.0763],[21.91726,47.07624],[21.91781,47.07606],[21.91861,47.07576],[21.91919,47.07551],[21.92299,47.07392],[21.92342,47.07377],[21.92409,47.07344],[21.92437,47.07329],[21.9246,47.0731],[21.92484,47.07249],[21.92506,47.07188],[21.92517,47.07148],[21.92513,47.07162],[21.92516,47.0715],[21.92523,47.07129],[21.92524,47.07108],[21.92515,47.07078],[21.92487,47.06987],[21.92462,47.06883],[21.92412,47.06738],[21.92336,47.06594],[21.9229,47.06562],[21.92225,47.06478],[21.92175,47.0642],[21.9213,47.06359],[21.92064,47.06296],[21.92007,47.06226],[21.91936,47.06151],[21.91896,47.06101],[21.91861,47.06063],[21.91807,47.05999],[21.91763,47.05943],[21.91737,47.0589],[21.91738,47.0586],[21.91733,47.05756],[21.9173,47.05736],[21.91716,47.05685],[21.91707,47.05658],[21.91692,47.05626],[21.91691,47.0561],[21.91711,47.05599],[21.91725,47.05599],[21.91736,47.05602],[21.91751,47.0562],[21.91755,47.05689],[21.91759,47.05747]]},"properties":{"line":"T9","dir":"1","mode":"bus"}},{"type":"Feature","geometry":{"type":"LineString","coordinates":[[21.89627,47.06079],[21.89648,47.06037],[21.8966,47.06008],[21.8968,47.05958],[21.89699,47.0591],[21.89718,47.05863],[21.89724,47.05849],[21.8973,47.05836],[21.89743,47.05801],[21.89799,47.05664],[21.89856,47.05528],[21.89862,47.05515],[21.89867,47.05503],[21.89872,47.05498],[21.89878,47.05495],[21.89893,47.05488],[21.89919,47.05478],[21.90042,47.05431],[21.90171,47.05382],[21.90369,47.05307],[21.90562,47.05234],[21.90591,47.05222],[21.90615,47.05214],[21.90622,47.05213],[21.90631,47.05213],[21.90638,47.05214],[21.90646,47.05216],[21.90652,47.05219],[21.90658,47.05222],[21.9067,47.05231],[21.90682,47.05239],[21.90691,47.05245],[21.90699,47.0525],[21.90704,47.05252],[21.90708,47.05254],[21.90735,47.05263],[21.90767,47.05273],[21.90823,47.0529],[21.90886,47.0531],[21.90945,47.05329],[21.91008,47.05348],[21.91068,47.05367],[21.91093,47.05375],[21.91144,47.05391],[21.91194,47.05406],[21.91341,47.05453],[21.91419,47.05478],[21.91456,47.0549],[21.91491,47.05501],[21.91583,47.05531],[21.91671,47.0556],[21.91699,47.05569],[21.9171,47.05572],[21.91721,47.05576],[21.91734,47.05584],[21.91742,47.05591],[21.91747,47.05596],[21.91754,47.05604],[21.91758,47.05608],[21.91763,47.05611],[21.9177,47.05616],[21.9178,47.05619],[21.91838,47.05629],[21.91942,47.05649],[21.91977,47.05655],[21.91998,47.05657],[21.9202,47.05659],[21.92062,47.05663],[21.92168,47.0567],[21.92293,47.05682],[21.92321,47.05684],[21.92332,47.05684],[21.92341,47.05683],[21.92352,47.05682],[21.92362,47.0568],[21.92376,47.05676],[21.92389,47.05669],[21.92427,47.05644],[21.92465,47.0562],[21.92474,47.05615],[21.92483,47.0561],[21.92493,47.05607],[21.92503,47.05604],[21.92521,47.056],[21.92581,47.05588],[21.92659,47.05573],[21.92739,47.05557],[21.92821,47.05541],[21.92865,47.05532],[21.92917,47.05521],[21.92932,47.05518],[21.92957,47.05516],[21.92968,47.05515],[21.92979,47.05513],[21.93032,47.05504],[21.93091,47.05492],[21.93225,47.05467],[21.93251,47.05461],[21.93273,47.05457],[21.93298,47.0545],[21.93323,47.05444],[21.93339,47.05438],[21.93361,47.05428],[21.93372,47.05425],[21.93384,47.05422],[21.93405,47.05419],[21.93448,47.05414],[21.9348,47.0541],[21.93596,47.05396],[21.93713,47.05382],[21.93767,47.05375],[21.93786,47.05372],[21.93802,47.05369],[21.93818,47.0536],[21.93827,47.05352],[21.93833,47.05346],[21.93837,47.0534],[21.93839,47.05334],[21.9384,47.05327],[21.93837,47.05312],[21.93834,47.05297],[21.93829,47.05277],[21.93825,47.05262],[21.93822,47.05247],[21.9382,47.05236],[21.93821,47.05224],[21.93821,47.05214],[21.93822,47.05205],[21.93825,47.05187],[21.93827,47.05167],[21.93828,47.05132],[21.93826,47.05105],[21.93823,47.05078],[21.93818,47.05021],[21.93812,47.04971],[21.93812,47.0496],[21.93814,47.04953],[21.93816,47.04946],[21.9382,47.04939],[21.93825,47.04931],[21.93836,47.04918],[21.93851,47.04906],[21.9387,47.04896],[21.93891,47.04886],[21.93912,47.04875],[21.93953,47.04854],[21.93994,47.04834],[21.94066,47.04797],[21.94107,47.04776],[21.94116,47.04768],[21.94124,47.04761],[21.94131,47.04754],[21.94137,47.04746],[21.94143,47.04735],[21.94148,47.04725],[21.94151,47.04715],[21.94153,47.04701],[21.94155,47.04669],[21.94158,47.04638],[21.94161,47.04601],[21.94165,47.04557],[21.94168,47.04517],[21.94171,47.0447],[21.94177,47.04378],[21.94184,47.04285],[21.94186,47.04247],[21.94186,47.04229],[21.94186,47.042],[21.94187,47.04172],[21.94188,47.04147],[21.94186,47.04122],[21.94184,47.04096],[21.94185,47.04082],[21.94186,47.04067],[21.94188,47.04051],[21.94189,47.04043],[21.94191,47.04035],[21.94201,47.04007],[21.94211,47.03981]]},"properties":{"line":"2","dir":"0","mode":"tram"}},{"type":"Feature","geometry":{"type":"LineString","coordinates":[[21.9421,47.03981],[21.94221,47.0396],[21.94226,47.03948],[21.94226,47.03942],[21.94224,47.03937],[21.94219,47.03932],[21.94213,47.03929],[21.94204,47.03927],[21.9408,47.03916],[21.94062,47.03914],[21.94054,47.03913],[21.94046,47.03911],[21.9403,47.03906],[21.94001,47.03896],[21.93989,47.03892],[21.93984,47.03889],[21.9398,47.03887],[21.93973,47.03881],[21.93965,47.03876],[21.93929,47.03863],[21.93887,47.03848],[21.9387,47.03842],[21.93858,47.03838],[21.93847,47.03835],[21.93837,47.03836],[21.93828,47.03838],[21.93799,47.03845],[21.93685,47.03872],[21.93436,47.03929],[21.93358,47.03948],[21.93328,47.03956],[21.93299,47.03962],[21.93245,47.03973],[21.93218,47.03978],[21.93206,47.03981],[21.93194,47.03984],[21.93183,47.03988],[21.93173,47.03993],[21.93165,47.03997],[21.93158,47.04002],[21.93152,47.04006],[21.93148,47.0401],[21.93111,47.04043],[21.931,47.04051],[21.93088,47.04058],[21.9306,47.0407],[21.93026,47.04087],[21.93007,47.04097],[21.92989,47.04109],[21.92977,47.04118],[21.92966,47.04128],[21.92957,47.04138],[21.92948,47.04148],[21.92891,47.0423],[21.9285,47.0429],[21.92822,47.04334],[21.92786,47.04391],[21.92776,47.044],[21.92765,47.04408],[21.92756,47.04414],[21.92746,47.0442],[21.92726,47.0443],[21.92709,47.04437],[21.92688,47.04443],[21.92647,47.04452],[21.92563,47.0447],[21.92269,47.04536],[21.92226,47.04547],[21.9221,47.04553],[21.92188,47.04561],[21.92161,47.04568],[21.92096,47.04583],[21.92028,47.04598],[21.91808,47.04647],[21.91404,47.04739],[21.91379,47.04744],[21.91366,47.04746],[21.91353,47.04747],[21.91327,47.04748],[21.91248,47.0475],[21.91091,47.04756],[21.9102,47.04759],[21.90998,47.04761],[21.90977,47.04764],[21.90949,47.04768],[21.90857,47.04782],[21.90834,47.04785],[21.90817,47.04787],[21.90799,47.04788],[21.90763,47.0479],[21.9062,47.04799],[21.90585,47.04801],[21.90576,47.048],[21.90566,47.048],[21.90549,47.04798],[21.90499,47.04791],[21.90492,47.0479],[21.90484,47.0479],[21.90476,47.04791],[21.90468,47.04792],[21.90457,47.04794],[21.90447,47.04798],[21.90442,47.04803],[21.90438,47.04808],[21.90435,47.04812],[21.90434,47.04816],[21.90433,47.04819],[21.90434,47.04823],[21.90436,47.0483],[21.9045,47.04869],[21.9049,47.04978],[21.90502,47.05005],[21.90513,47.05033],[21.90518,47.05042],[21.90524,47.05052],[21.90531,47.05064],[21.90538,47.05077],[21.90544,47.05086],[21.90551,47.05095],[21.90557,47.05104],[21.90564,47.05113],[21.90576,47.05128],[21.9059,47.05144],[21.90623,47.05182],[21.90629,47.05192],[21.90629,47.05197],[21.90628,47.05201],[21.90626,47.05206],[21.90623,47.05211],[21.90615,47.05217],[21.90606,47.05221],[21.90573,47.05233],[21.90419,47.05292],[21.90325,47.05328],[21.90212,47.05371],[21.90173,47.05386],[21.90132,47.05401],[21.901,47.05413],[21.9007,47.05425],[21.89992,47.05455],[21.89959,47.05468],[21.89927,47.0548],[21.89911,47.05486],[21.89891,47.05493],[21.89885,47.05496],[21.89879,47.05499],[21.89874,47.05503],[21.8987,47.05509],[21.89863,47.05524],[21.89853,47.0555],[21.89837,47.05587],[21.89796,47.05688],[21.89754,47.05788],[21.89746,47.05811],[21.89725,47.05862],[21.89696,47.05934],[21.89664,47.0601],[21.89645,47.06057],[21.89639,47.06072],[21.89632,47.06089],[21.89632,47.06095],[21.89633,47.06103],[21.89634,47.0611],[21.89634,47.06117],[21.8963,47.06122],[21.89625,47.06127],[21.89621,47.06129],[21.89616,47.0613],[21.89607,47.06131],[21.89598,47.0613],[21.89591,47.06126],[21.89586,47.06122],[21.89584,47.06118],[21.89583,47.06114],[21.89585,47.06108],[21.89588,47.06103],[21.89595,47.06098],[21.89603,47.06095],[21.89611,47.06092],[21.89618,47.06089],[21.89624,47.06085],[21.89628,47.06081],[21.89627,47.06079]]},"properties":{"line":"2","dir":"1","mode":"tram"}},{"type":"Feature","geometry":{"type":"LineString","coordinates":[[21.9551,47.02982],[21.95496,47.02995],[21.95479,47.03008],[21.95434,47.03036],[21.95395,47.03061],[21.95352,47.03089],[21.95331,47.03102],[21.95301,47.03121],[21.95272,47.03139],[21.95232,47.03163],[21.95147,47.03214],[21.95092,47.03247],[21.95002,47.03302],[21.9498,47.03316],[21.94952,47.03331],[21.9491,47.03355],[21.94891,47.03366],[21.94873,47.03378],[21.94851,47.03393],[21.94793,47.03428],[21.94762,47.03447],[21.94732,47.03465],[21.94672,47.03502],[21.9461,47.03539],[21.9458,47.03558],[21.94549,47.03576],[21.94518,47.03594],[21.94489,47.03612],[21.94479,47.03618],[21.94447,47.03636],[21.94418,47.03654],[21.94407,47.03663],[21.94396,47.03673],[21.94371,47.03701],[21.94349,47.03738],[21.94337,47.03758],[21.94324,47.03777],[21.94301,47.03817],[21.94283,47.03851],[21.94266,47.03884],[21.94247,47.03923],[21.94229,47.03955],[21.94217,47.03979],[21.94207,47.04004],[21.94196,47.04034],[21.94191,47.04055],[21.94189,47.04084],[21.94191,47.04119],[21.94193,47.04139],[21.94194,47.04159],[21.94191,47.04215],[21.94191,47.04257],[21.94189,47.04287],[21.94184,47.0435],[21.94172,47.04541],[21.94166,47.0459],[21.94163,47.04645],[21.94159,47.04677],[21.94159,47.04697],[21.94158,47.04705],[21.94157,47.04714],[21.94153,47.04728],[21.94146,47.04741],[21.94141,47.04749],[21.94135,47.04756],[21.94127,47.04766],[21.94115,47.04775],[21.94094,47.04789],[21.94028,47.04821],[21.94,47.04836],[21.93944,47.04864],[21.93921,47.04875],[21.93898,47.04887],[21.93863,47.04905],[21.93853,47.04912],[21.93844,47.04918],[21.93839,47.04924],[21.93833,47.04929],[21.93828,47.04935],[21.93825,47.04941],[21.93823,47.04944],[21.93822,47.04947],[21.9382,47.04951],[21.93819,47.04955],[21.93818,47.04961],[21.93818,47.04968],[21.93819,47.0498],[21.93826,47.05036],[21.93827,47.05059],[21.93829,47.05082],[21.93831,47.05105],[21.93833,47.05129],[21.93834,47.0515],[21.93833,47.05163],[21.93831,47.0519],[21.93826,47.05223],[21.93825,47.05229],[21.93826,47.05242],[21.93831,47.05264],[21.93836,47.05281],[21.9384,47.05294],[21.93842,47.05314],[21.93843,47.05326],[21.93844,47.05339],[21.93842,47.05345],[21.93838,47.0535],[21.93834,47.05355],[21.9383,47.05358],[21.93822,47.05363],[21.93813,47.05368],[21.93799,47.05373],[21.93784,47.05376],[21.93746,47.05381],[21.93677,47.05389],[21.93575,47.05402],[21.93476,47.05414],[21.93417,47.05421],[21.93383,47.05426],[21.93365,47.05431],[21.93348,47.05438],[21.9333,47.05445],[21.93311,47.05451],[21.93283,47.05458],[21.93255,47.05465],[21.93194,47.05477],[21.93105,47.05494],[21.93019,47.05511],[21.92991,47.05516],[21.9297,47.05519],[21.92959,47.0552],[21.92948,47.0552],[21.92936,47.05521],[21.92925,47.05523],[21.92894,47.0553],[21.9282,47.05545],[21.9275,47.05558],[21.92688,47.0557],[21.92577,47.05591],[21.92541,47.05598],[21.92506,47.05606],[21.92487,47.05611],[21.92477,47.05616],[21.92468,47.0562],[21.92421,47.05651],[21.92391,47.05671],[21.92375,47.05678],[21.9236,47.05683],[21.92341,47.05686],[21.92326,47.05687],[21.9231,47.05686],[21.92272,47.05683],[21.92197,47.05677],[21.9218,47.05675],[21.92147,47.05673],[21.92097,47.05669],[21.92006,47.05661],[21.91987,47.05659],[21.91978,47.05658],[21.91968,47.05657],[21.91812,47.05628],[21.91786,47.05623],[21.91775,47.05621],[21.91763,47.05622],[21.91755,47.05624],[21.91746,47.05627],[21.91739,47.05632],[21.91733,47.05639],[21.9173,47.05645],[21.91729,47.05652],[21.9173,47.0566],[21.91731,47.05669],[21.91732,47.05675],[21.91739,47.05716],[21.91741,47.05742],[21.91743,47.05758],[21.91746,47.05803],[21.91748,47.05875],[21.91748,47.0589],[21.9175,47.05903],[21.91752,47.05913],[21.91754,47.05918],[21.91757,47.05925],[21.91761,47.0593],[21.91766,47.05937],[21.91773,47.05946],[21.91781,47.05955],[21.91822,47.06004],[21.91849,47.06036],[21.91869,47.06059],[21.91888,47.06082],[21.91927,47.06128],[21.92011,47.06222],[21.92046,47.06261],[21.92059,47.06279],[21.92068,47.06291],[21.92094,47.06321],[21.9213,47.06358],[21.9216,47.06392],[21.92199,47.06434],[21.92226,47.06466],[21.92254,47.06496],[21.92278,47.06522],[21.92307,47.06555],[21.92326,47.06577],[21.92348,47.06609],[21.9236,47.06627],[21.92376,47.06651],[21.92401,47.06693],[21.92419,47.0673],[21.92433,47.06769],[21.92455,47.06831],[21.9247,47.06882],[21.9248,47.06908],[21.92492,47.06948],[21.92498,47.06971],[21.92508,47.07011],[21.92518,47.07044],[21.92532,47.07082],[21.92536,47.07094],[21.92538,47.07099],[21.9254,47.07106],[21.9254,47.07116],[21.92539,47.07126],[21.92534,47.07145],[21.92529,47.07163],[21.9252,47.07188],[21.92509,47.07213],[21.92506,47.0722],[21.92478,47.07294],[21.92474,47.07306],[21.9247,47.07314],[21.92465,47.07321],[21.92458,47.07328],[21.92451,47.07335],[21.92445,47.0734],[21.92436,47.07345],[21.92429,47.0735],[21.9242,47.07354],[21.92386,47.07371],[21.9237,47.07379],[21.92354,47.07386],[21.92337,47.07393],[21.92319,47.07399],[21.92285,47.07409],[21.92267,47.07415],[21.92249,47.07422],[21.92216,47.07436],[21.92177,47.07454],[21.92118,47.07481],[21.92035,47.07518],[21.91994,47.07536],[21.91952,47.07554],[21.91902,47.07574],[21.91852,47.07593],[21.91812,47.07609],[21.91784,47.07618],[21.91758,47.07629],[21.91745,47.07633],[21.91731,47.07637],[21.91718,47.0764],[21.91704,47.07643],[21.91681,47.07651],[21.9166,47.07659],[21.91621,47.07674],[21.91609,47.07678],[21.916,47.07682],[21.91589,47.07683],[21.91581,47.07683],[21.91573,47.07683],[21.91565,47.07681],[21.91557,47.07678],[21.91546,47.07671],[21.91536,47.07664],[21.91527,47.07658],[21.91522,47.07653],[21.91516,47.07648],[21.91505,47.07638],[21.915,47.07632],[21.91494,47.07626],[21.91483,47.07613],[21.91475,47.076],[21.91472,47.07592],[21.91468,47.07585],[21.91464,47.07571],[21.91461,47.07554],[21.9146,47.07539],[21.91453,47.07481],[21.91451,47.07456],[21.91449,47.07431],[21.91449,47.0742],[21.91448,47.07409],[21.91447,47.07397],[21.91445,47.07391],[21.91442,47.07386],[21.91439,47.07383],[21.91433,47.07379],[21.91426,47.07376],[21.91417,47.07374],[21.91407,47.07373],[21.91389,47.07373],[21.91365,47.07374],[21.91315,47.07376],[21.91233,47.07381],[21.91212,47.07382],[21.91189,47.07383],[21.91145,47.07385],[21.91105,47.07386],[21.91038,47.07387],[21.91013,47.07387],[21.90987,47.0739],[21.90964,47.07392],[21.90941,47.07396],[21.9092,47.07399],[21.90899,47.07403],[21.90854,47.07415],[21.90833,47.07421],[21.90816,47.07429],[21.90809,47.07434],[21.90803,47.07437]]},"properties":{"line":"4","dir":"0","mode":"tram"}},{"type":"Feature","geometry":{"type":"LineString","coordinates":[[21.90743,47.07461],[21.90763,47.07453],[21.90784,47.07444],[21.90797,47.07437],[21.90807,47.07431],[21.90819,47.07424],[21.90833,47.07417],[21.90844,47.07414],[21.90856,47.07411],[21.90878,47.07405],[21.90899,47.07401],[21.9092,47.07396],[21.90937,47.07393],[21.90953,47.07391],[21.90986,47.07387],[21.91016,47.07385],[21.91047,47.07384],[21.91124,47.07383],[21.91166,47.07382],[21.9124,47.07377],[21.91278,47.07375],[21.91314,47.07373],[21.91382,47.0737],[21.9141,47.07369],[21.91419,47.0737],[21.91428,47.07372],[21.91437,47.07376],[21.91445,47.07382],[21.9145,47.0739],[21.91452,47.07399],[21.91453,47.07411],[21.91455,47.07437],[21.91456,47.07463],[21.9146,47.07507],[21.91465,47.07554],[21.91469,47.07572],[21.91476,47.07591],[21.9148,47.076],[21.91485,47.07609],[21.91492,47.07618],[21.91503,47.0763],[21.91513,47.0764],[21.91525,47.07652],[21.91548,47.07668],[21.91562,47.07676],[21.91568,47.07678],[21.91574,47.0768],[21.91586,47.0768],[21.91595,47.0768],[21.91608,47.07676],[21.91641,47.07663],[21.91678,47.07648],[21.91694,47.07643],[21.91705,47.07639],[21.91717,47.07637],[21.91739,47.07632],[21.91762,47.07624],[21.91839,47.07595],[21.91893,47.07574],[21.91948,47.07552],[21.91974,47.07542],[21.91999,47.07531],[21.92025,47.07519],[21.92051,47.07507],[21.92113,47.07479],[21.92228,47.07428],[21.92239,47.07423],[21.92254,47.07417],[21.92277,47.07409],[21.92301,47.07401],[21.92323,47.07394],[21.92336,47.0739],[21.92347,47.07385],[21.92388,47.07366],[21.92428,47.07346],[21.92441,47.07338],[21.92451,47.07331],[21.92459,47.07322],[21.92465,47.07315],[21.92471,47.07301],[21.92488,47.07259],[21.925,47.07227],[21.92512,47.07195],[21.92519,47.07177],[21.92528,47.07144],[21.9253,47.07135],[21.92532,47.07126],[21.92535,47.07113],[21.92534,47.07105],[21.92532,47.07098],[21.92519,47.07063],[21.9251,47.07034],[21.92493,47.06976],[21.92486,47.06946],[21.92477,47.06917],[21.92464,47.06876],[21.9245,47.06837],[21.92432,47.06788],[21.92415,47.06743],[21.92402,47.06713],[21.92386,47.06683],[21.92363,47.0664],[21.92346,47.06615],[21.9233,47.0659],[21.9231,47.06566],[21.92285,47.06537],[21.92241,47.06489],[21.92197,47.0644],[21.92167,47.06405],[21.92155,47.06391],[21.92138,47.0637],[21.92123,47.06354],[21.9211,47.06342],[21.92107,47.0634],[21.92103,47.06337],[21.92091,47.06324],[21.92079,47.06311],[21.92067,47.06297],[21.92057,47.06284],[21.92045,47.06267],[21.92031,47.06251],[21.92002,47.06218],[21.91971,47.06185],[21.91941,47.06151],[21.91899,47.06103],[21.91877,47.06076],[21.91855,47.0605],[21.91807,47.05994],[21.91777,47.05957],[21.91761,47.05938],[21.91752,47.05923],[21.91747,47.05915],[21.91744,47.05905],[21.91743,47.05893],[21.91741,47.05882],[21.9174,47.05803],[21.91739,47.05775],[21.91738,47.05761],[21.91736,47.05747],[21.91732,47.05716],[21.91727,47.0567],[21.91724,47.0565],[21.91723,47.05646],[21.91723,47.05642],[21.91723,47.05639],[21.91724,47.05635],[21.91725,47.05632],[21.91728,47.0563],[21.9173,47.05627],[21.91733,47.05625],[21.91737,47.05622],[21.91741,47.0562],[21.91746,47.05618],[21.91752,47.05617],[21.9176,47.05616],[21.91768,47.05617],[21.91788,47.0562],[21.91829,47.05627],[21.919,47.0564],[21.91935,47.05647],[21.91953,47.0565],[21.91971,47.05653],[21.91995,47.05656],[21.92011,47.05658],[21.92027,47.05659],[21.9206,47.05662],[21.92147,47.05669],[21.92228,47.05676],[21.9231,47.05683],[21.92325,47.05683],[21.92341,47.05683],[21.92352,47.05682],[21.92362,47.0568],[21.92376,47.05676],[21.92389,47.05669],[21.92427,47.05644],[21.92465,47.0562],[21.92474,47.05615],[21.92483,47.0561],[21.92493,47.05607],[21.92503,47.05604],[21.92521,47.056],[21.92581,47.05588],[21.92659,47.05573],[21.92739,47.05557],[21.92821,47.05541],[21.92865,47.05532],[21.92917,47.05521],[21.92932,47.05518],[21.92957,47.05516],[21.92968,47.05515],[21.92979,47.05513],[21.93032,47.05504],[21.93091,47.05492],[21.93225,47.05467],[21.93251,47.05461],[21.93273,47.05457],[21.93298,47.0545],[21.93323,47.05444],[21.93339,47.05438],[21.93361,47.05428],[21.93372,47.05425],[21.93384,47.05422],[21.93405,47.05419],[21.93448,47.05414],[21.9348,47.0541],[21.93596,47.05396],[21.93713,47.05382],[21.93767,47.05375],[21.93786,47.05372],[21.93802,47.05369],[21.93818,47.0536],[21.93827,47.05352],[21.93833,47.05346],[21.93837,47.0534],[21.93839,47.05334],[21.9384,47.05327],[21.93837,47.05312],[21.93834,47.05297],[21.93829,47.05277],[21.93825,47.05262],[21.93822,47.05247],[21.9382,47.05236],[21.93821,47.05224],[21.93821,47.05214],[21.93822,47.05205],[21.93825,47.05187],[21.93827,47.05167],[21.93828,47.05132],[21.93826,47.05105],[21.93823,47.05078],[21.93818,47.05021],[21.93812,47.04971],[21.93812,47.0496],[21.93814,47.04953],[21.93816,47.04946],[21.9382,47.04939],[21.93825,47.04931],[21.93836,47.04918],[21.93851,47.04906],[21.9387,47.04896],[21.93891,47.04886],[21.93912,47.04875],[21.93953,47.04854],[21.93994,47.04834],[21.94066,47.04797],[21.94107,47.04776],[21.94116,47.04768],[21.94124,47.04761],[21.94131,47.04754],[21.94137,47.04746],[21.94143,47.04735],[21.94148,47.04725],[21.94151,47.04715],[21.94153,47.04701],[21.94155,47.04669],[21.94158,47.04638],[21.94161,47.04601],[21.94165,47.04557],[21.94168,47.04517],[21.94171,47.0447],[21.94177,47.04378],[21.94184,47.04285],[21.94186,47.04247],[21.94186,47.04229],[21.94186,47.042],[21.94187,47.04172],[21.94188,47.04147],[21.94186,47.04122],[21.94184,47.04096],[21.94185,47.04082],[21.94186,47.04067],[21.94188,47.04051],[21.94189,47.04043],[21.94191,47.04035],[21.94201,47.04007],[21.9421,47.03981],[21.94229,47.03945],[21.94248,47.0391],[21.94265,47.03875],[21.94285,47.03837],[21.94305,47.03801],[21.94317,47.03781],[21.94326,47.03767],[21.94352,47.03723],[21.94365,47.03702],[21.94376,47.03688],[21.9438,47.03683],[21.94389,47.03674],[21.94399,47.03665],[21.94411,47.03655],[21.94425,47.03645],[21.94454,47.03627],[21.94484,47.0361],[21.94508,47.03596],[21.94615,47.03532],[21.94821,47.03407],[21.94863,47.0338],[21.94898,47.03358],[21.94923,47.03344],[21.94962,47.03321],[21.94994,47.03303],[21.95023,47.03286],[21.9508,47.0325],[21.95139,47.03215],[21.95249,47.03147],[21.95355,47.03082],[21.954,47.03053],[21.95456,47.03018],[21.95467,47.03011],[21.95473,47.03005],[21.95474,47.02998],[21.95473,47.02971],[21.95474,47.02962],[21.95476,47.02952],[21.95477,47.02947],[21.9548,47.02943],[21.95487,47.02939],[21.95494,47.02935],[21.95504,47.02934],[21.95512,47.02935],[21.95519,47.02937],[21.95525,47.02939],[21.95531,47.02945],[21.95533,47.0295],[21.95534,47.02957],[21.9553,47.02963],[21.9551,47.02982]]},"properties":{"line":"4","dir":"1","mode":"tram"}},{"type":"Feature","geometry":{"type":"LineString","coordinates":[[21.9551,47.02982],[21.95496,47.02995],[21.95479,47.03008],[21.95434,47.03036],[21.95395,47.03061],[21.95352,47.03089],[21.95331,47.03102],[21.95301,47.03121],[21.95272,47.03139],[21.95232,47.03163],[21.95147,47.03214],[21.95092,47.03247],[21.95002,47.03302],[21.9498,47.03316],[21.94952,47.03331],[21.9491,47.03355],[21.94891,47.03366],[21.94873,47.03378],[21.94851,47.03393],[21.94793,47.03428],[21.94762,47.03447],[21.94732,47.03465],[21.94672,47.03502],[21.9461,47.03539],[21.9458,47.03558],[21.94549,47.03576],[21.94518,47.03594],[21.94489,47.03612],[21.94479,47.03618],[21.9445,47.03635],[21.94435,47.03644],[21.94422,47.03653],[21.94412,47.0366],[21.94402,47.03668],[21.94394,47.03675],[21.94389,47.03681],[21.94378,47.03695],[21.94371,47.03704],[21.94349,47.03741],[21.94328,47.03773],[21.94308,47.03806],[21.94294,47.0383],[21.94289,47.03839],[21.94285,47.03848],[21.94278,47.03864],[21.94271,47.03877],[21.94259,47.03901],[21.9425,47.03916],[21.94247,47.0392],[21.94243,47.03924],[21.94234,47.03927],[21.94225,47.03928],[21.94214,47.03928],[21.94171,47.03924],[21.94126,47.0392],[21.9408,47.03916],[21.94062,47.03914],[21.94054,47.03913],[21.94046,47.03911],[21.9403,47.03906],[21.94001,47.03896],[21.93989,47.03892],[21.93984,47.03889],[21.9398,47.03887],[21.93973,47.03881],[21.93965,47.03876],[21.93929,47.03863],[21.93887,47.03848],[21.9387,47.03842],[21.93858,47.03838],[21.93847,47.03835],[21.93837,47.03836],[21.93828,47.03838],[21.93799,47.03845],[21.93685,47.03872],[21.93436,47.03929],[21.93358,47.03948],[21.93328,47.03956],[21.93299,47.03962],[21.93245,47.03973],[21.93218,47.03978],[21.93206,47.03981],[21.93194,47.03984],[21.93183,47.03988],[21.93173,47.03993],[21.93165,47.03997],[21.93158,47.04002],[21.93152,47.04006],[21.93148,47.0401],[21.93111,47.04043],[21.931,47.04051],[21.93088,47.04058],[21.9306,47.0407],[21.93026,47.04087],[21.93007,47.04097],[21.92989,47.04109],[21.92977,47.04118],[21.92966,47.04128],[21.92957,47.04138],[21.92948,47.04148],[21.92891,47.0423],[21.9285,47.0429],[21.92822,47.04334],[21.92786,47.04391],[21.92776,47.044],[21.92765,47.04408],[21.92756,47.04414],[21.92746,47.0442],[21.92726,47.0443],[21.92709,47.04437],[21.92688,47.04443],[21.92647,47.04452],[21.92563,47.0447],[21.92269,47.04536],[21.92226,47.04547],[21.9221,47.04553],[21.92188,47.04561],[21.92161,47.04568],[21.92096,47.04583],[21.92028,47.04598],[21.91808,47.04647],[21.91404,47.04739],[21.91379,47.04744],[21.91366,47.04746],[21.91353,47.04747],[21.91327,47.04748],[21.91248,47.0475],[21.91091,47.04756],[21.9102,47.04759],[21.90998,47.04761],[21.90977,47.04764],[21.90949,47.04768],[21.90857,47.04782],[21.90834,47.04785],[21.90817,47.04787],[21.90799,47.04788],[21.90763,47.0479],[21.9062,47.04799],[21.90585,47.04801],[21.90576,47.048],[21.90566,47.048],[21.90549,47.04798],[21.90499,47.04791],[21.90492,47.0479],[21.90484,47.0479],[21.90476,47.04791],[21.90468,47.04792],[21.90457,47.04794],[21.90447,47.04798],[21.90442,47.04803],[21.90438,47.04808],[21.90435,47.04812],[21.90434,47.04816],[21.90433,47.04819],[21.90434,47.04823],[21.90436,47.0483],[21.90451,47.04869],[21.90482,47.04955],[21.90495,47.04989],[21.90503,47.05008],[21.90511,47.05027],[21.90518,47.05042],[21.90526,47.05057],[21.90533,47.05069],[21.90541,47.05081],[21.90557,47.05105],[21.90574,47.05127],[21.90623,47.05183],[21.90649,47.05212],[21.90655,47.05218],[21.90661,47.05224],[21.90672,47.05232],[21.90682,47.05239],[21.90691,47.05245],[21.90699,47.0525],[21.90704,47.05252],[21.90708,47.05254],[21.90735,47.05263],[21.90767,47.05273],[21.90823,47.0529],[21.90886,47.0531],[21.90945,47.05329],[21.91008,47.05348],[21.91068,47.05367],[21.91093,47.05375],[21.91144,47.05391],[21.91194,47.05406],[21.91341,47.05453],[21.91419,47.05478],[21.91456,47.0549],[21.91491,47.05501],[21.91583,47.05531],[21.91671,47.0556],[21.9169,47.05565],[21.91698,47.05568],[21.91703,47.05571],[21.91708,47.05574],[21.91713,47.05578],[21.91718,47.05587],[21.9172,47.05592],[21.91721,47.05597],[21.91722,47.05609],[21.91726,47.05633],[21.91732,47.05675],[21.91739,47.05716],[21.91741,47.05742],[21.91743,47.05758],[21.91746,47.05803],[21.91748,47.05875],[21.91748,47.0589],[21.9175,47.05903],[21.91752,47.05913],[21.91754,47.05918],[21.91757,47.05925],[21.91761,47.0593],[21.91766,47.05937],[21.91773,47.05946],[21.91781,47.05955],[21.91822,47.06004],[21.91849,47.06036],[21.91869,47.06059],[21.91888,47.06082],[21.91927,47.06128],[21.92011,47.06222],[21.92046,47.06261],[21.92059,47.06279],[21.92068,47.06291],[21.92094,47.06321],[21.9213,47.06358],[21.9216,47.06392],[21.92199,47.06434],[21.92226,47.06466],[21.92254,47.06496],[21.92278,47.06522],[21.92307,47.06555],[21.92326,47.06577],[21.92348,47.06609],[21.9236,47.06627],[21.92376,47.06651],[21.92401,47.06693],[21.92419,47.0673],[21.92433,47.06769],[21.92455,47.06831],[21.9247,47.06882],[21.9248,47.06908],[21.92492,47.06948],[21.92498,47.06971],[21.92508,47.07011],[21.92518,47.07044],[21.92532,47.07082],[21.92536,47.07094],[21.92538,47.07099],[21.9254,47.07106],[21.9254,47.07116],[21.92539,47.07126],[21.92534,47.07145],[21.92529,47.07163],[21.9252,47.07188],[21.92509,47.07213],[21.92506,47.0722],[21.92478,47.07294],[21.92474,47.07306],[21.9247,47.07314],[21.92465,47.07321],[21.92458,47.07328],[21.92451,47.07335],[21.92445,47.0734],[21.92436,47.07345],[21.92429,47.0735],[21.9242,47.07354],[21.92386,47.07371],[21.9237,47.07379],[21.92354,47.07386],[21.92337,47.07393],[21.92319,47.07399],[21.92285,47.07409],[21.92267,47.07415],[21.92249,47.07422],[21.92216,47.07436],[21.92177,47.07454],[21.92118,47.07481],[21.92035,47.07518],[21.91994,47.07536],[21.91952,47.07554],[21.91902,47.07574],[21.91852,47.07593],[21.91812,47.07609],[21.91784,47.07618],[21.91758,47.07629],[21.91745,47.07633],[21.91731,47.07637],[21.91718,47.0764],[21.91704,47.07643],[21.91681,47.07651],[21.9166,47.07659],[21.91621,47.07674],[21.91609,47.07678],[21.916,47.07682],[21.91589,47.07683],[21.91581,47.07683],[21.91573,47.07683],[21.91565,47.07681],[21.91557,47.07678],[21.91546,47.07671],[21.91536,47.07664],[21.91527,47.07658],[21.91522,47.07653],[21.91516,47.07648],[21.91505,47.07638],[21.915,47.07632],[21.91494,47.07626],[21.91483,47.07613],[21.91475,47.076],[21.91472,47.07592],[21.91468,47.07585],[21.91464,47.07571],[21.91461,47.07554],[21.9146,47.07539],[21.91453,47.07481],[21.91451,47.07456],[21.91449,47.07431],[21.91449,47.0742],[21.91448,47.07409],[21.91447,47.07397],[21.91445,47.07391],[21.91442,47.07386],[21.91439,47.07383],[21.91433,47.07379],[21.91426,47.07376],[21.91417,47.07374],[21.91407,47.07373],[21.91389,47.07373],[21.91365,47.07374],[21.91315,47.07376],[21.91233,47.07381],[21.91212,47.07382],[21.91189,47.07383],[21.91145,47.07385],[21.91105,47.07386],[21.91038,47.07387],[21.91013,47.07387],[21.90987,47.0739],[21.90964,47.07392],[21.90941,47.07396],[21.9092,47.07399],[21.90899,47.07403],[21.90854,47.07415],[21.90833,47.07421],[21.90816,47.07429],[21.90809,47.07434],[21.90803,47.07437]]},"properties":{"line":"5","dir":"0","mode":"tram"}},{"type":"Feature","geometry":{"type":"LineString","coordinates":[[21.90743,47.07461],[21.90763,47.07453],[21.90784,47.07444],[21.90797,47.07437],[21.90807,47.07431],[21.90819,47.07424],[21.90833,47.07417],[21.90844,47.07414],[21.90856,47.07411],[21.90878,47.07405],[21.90899,47.07401],[21.9092,47.07396],[21.90937,47.07393],[21.90953,47.07391],[21.90986,47.07387],[21.91016,47.07385],[21.91047,47.07384],[21.91124,47.07383],[21.91166,47.07382],[21.9124,47.07377],[21.91278,47.07375],[21.91314,47.07373],[21.91382,47.0737],[21.9141,47.07369],[21.91419,47.0737],[21.91428,47.07372],[21.91437,47.07376],[21.91445,47.07382],[21.9145,47.0739],[21.91452,47.07399],[21.91453,47.07411],[21.91455,47.07437],[21.91456,47.07463],[21.9146,47.07507],[21.91465,47.07554],[21.91469,47.07572],[21.91476,47.07591],[21.9148,47.076],[21.91485,47.07609],[21.91492,47.07618],[21.91503,47.0763],[21.91513,47.0764],[21.91525,47.07652],[21.91548,47.07668],[21.91562,47.07676],[21.91568,47.07678],[21.91574,47.0768],[21.91586,47.0768],[21.91595,47.0768],[21.91608,47.07676],[21.91641,47.07663],[21.91678,47.07648],[21.91694,47.07643],[21.91705,47.07639],[21.91717,47.07637],[21.91739,47.07632],[21.91762,47.07624],[21.91839,47.07595],[21.91893,47.07574],[21.91948,47.07552],[21.91974,47.07542],[21.91999,47.07531],[21.92025,47.07519],[21.92051,47.07507],[21.92113,47.07479],[21.92228,47.07428],[21.92239,47.07423],[21.92254,47.07417],[21.92277,47.07409],[21.92301,47.07401],[21.92323,47.07394],[21.92336,47.0739],[21.92347,47.07385],[21.92388,47.07366],[21.92428,47.07346],[21.92441,47.07338],[21.92451,47.07331],[21.92459,47.07322],[21.92465,47.07315],[21.92471,47.07301],[21.92488,47.07259],[21.925,47.07227],[21.92512,47.07195],[21.92519,47.07177],[21.92528,47.07144],[21.9253,47.07135],[21.92532,47.07126],[21.92535,47.07113],[21.92534,47.07105],[21.92532,47.07098],[21.92519,47.07063],[21.9251,47.07034],[21.92493,47.06976],[21.92486,47.06946],[21.92477,47.06917],[21.92464,47.06876],[21.9245,47.06837],[21.92432,47.06788],[21.92415,47.06743],[21.92402,47.06713],[21.92386,47.06683],[21.92363,47.0664],[21.92346,47.06615],[21.9233,47.0659],[21.9231,47.06566],[21.92285,47.06537],[21.92241,47.06489],[21.92197,47.0644],[21.92167,47.06405],[21.92155,47.06391],[21.92138,47.0637],[21.92123,47.06354],[21.9211,47.06342],[21.92107,47.0634],[21.92103,47.06337],[21.92091,47.06324],[21.92079,47.06311],[21.92067,47.06297],[21.92057,47.06284],[21.92045,47.06267],[21.92031,47.06251],[21.92002,47.06218],[21.91971,47.06185],[21.91941,47.06151],[21.91899,47.06103],[21.91877,47.06076],[21.91855,47.0605],[21.91807,47.05994],[21.91777,47.05957],[21.91761,47.05938],[21.91752,47.05923],[21.91747,47.05915],[21.91744,47.05905],[21.91743,47.05893],[21.91741,47.05882],[21.9174,47.05803],[21.91739,47.05775],[21.91738,47.05761],[21.91736,47.05747],[21.91732,47.05716],[21.91727,47.0567],[21.91722,47.05646],[21.9172,47.05628],[21.91717,47.05611],[21.91715,47.05596],[21.91714,47.05591],[21.91711,47.05586],[21.91707,47.05581],[21.91701,47.05576],[21.91695,47.05572],[21.91687,47.05569],[21.91671,47.05563],[21.91655,47.05558],[21.91606,47.05542],[21.91546,47.05523],[21.91398,47.05476],[21.91258,47.05431],[21.91143,47.05394],[21.91047,47.05364],[21.90899,47.05318],[21.9082,47.05294],[21.9074,47.05268],[21.90709,47.05258],[21.90701,47.05255],[21.90694,47.05251],[21.90687,47.05248],[21.90681,47.05244],[21.90669,47.05236],[21.90652,47.05223],[21.90645,47.05216],[21.90639,47.05208],[21.90622,47.0519],[21.90605,47.05169],[21.90587,47.05149],[21.90571,47.0513],[21.90555,47.0511],[21.90541,47.0509],[21.9053,47.05074],[21.9052,47.05058],[21.90516,47.05051],[21.90513,47.05044],[21.9051,47.05037],[21.90507,47.05031],[21.90495,47.05004],[21.90478,47.04958],[21.90443,47.04865],[21.90431,47.04834],[21.90429,47.04828],[21.90428,47.04822],[21.90429,47.04815],[21.90431,47.04809],[21.90435,47.04803],[21.90441,47.04798],[21.90448,47.04793],[21.90457,47.0479],[21.90466,47.04788],[21.90474,47.04787],[21.90486,47.04787],[21.90497,47.04787],[21.90554,47.04795],[21.90564,47.04796],[21.90569,47.04797],[21.90574,47.04797],[21.90583,47.04797],[21.90689,47.04791],[21.90801,47.04784],[21.90833,47.04782],[21.90851,47.0478],[21.90869,47.04777],[21.90933,47.04766],[21.90971,47.0476],[21.90985,47.04758],[21.90998,47.04756],[21.91025,47.04754],[21.91072,47.04752],[21.91252,47.04746],[21.91341,47.04744],[21.91362,47.04742],[21.91383,47.04738],[21.91429,47.04728],[21.91439,47.04725],[21.91457,47.04721],[21.91569,47.04696],[21.91788,47.04647],[21.92005,47.04599],[21.92116,47.04574],[21.92183,47.04558],[21.92196,47.04554],[21.92207,47.04549],[21.92226,47.04542],[21.92249,47.04536],[21.92293,47.04527],[21.92386,47.04505],[21.92537,47.04472],[21.92687,47.04439],[21.92704,47.04434],[21.92719,47.04428],[21.92732,47.04422],[21.92743,47.04416],[21.92753,47.0441],[21.9276,47.04405],[21.92768,47.04399],[21.92774,47.04393],[21.92785,47.04383],[21.92792,47.04373],[21.92823,47.04326],[21.9288,47.04234],[21.92944,47.04145],[21.92953,47.04132],[21.92966,47.0412],[21.9298,47.04109],[21.92994,47.04099],[21.93004,47.04092],[21.93015,47.04087],[21.93026,47.04081],[21.93037,47.04076],[21.9308,47.04056],[21.93091,47.04051],[21.93096,47.04048],[21.93102,47.04044],[21.93149,47.04002],[21.93158,47.03996],[21.9317,47.03989],[21.93178,47.03985],[21.93187,47.03982],[21.93194,47.0398],[21.93203,47.03978],[21.93214,47.03975],[21.93225,47.03972],[21.93264,47.03965],[21.933,47.03958],[21.93327,47.03952],[21.93346,47.03947],[21.93363,47.03942],[21.93456,47.0392],[21.93834,47.03833],[21.93841,47.03832],[21.93846,47.03832],[21.93851,47.03832],[21.93856,47.03833],[21.93929,47.0386],[21.9397,47.03874],[21.93974,47.03876],[21.93978,47.03878],[21.93981,47.03881],[21.93984,47.03883],[21.93987,47.03886],[21.9399,47.03888],[21.93996,47.03891],[21.9404,47.03907],[21.94049,47.03909],[21.94055,47.0391],[21.94062,47.03911],[21.94086,47.03913],[21.9414,47.03918],[21.94202,47.03924],[21.94221,47.03925],[21.94227,47.03925],[21.94233,47.03923],[21.94236,47.03922],[21.94241,47.03919],[21.94244,47.03917],[21.9425,47.03909],[21.94274,47.03862],[21.94283,47.0384],[21.94309,47.03793],[21.94321,47.03775],[21.94332,47.03759],[21.94343,47.03741],[21.94367,47.037],[21.94382,47.03682],[21.94394,47.0367],[21.94404,47.03661],[21.94419,47.0365],[21.9444,47.03637],[21.94465,47.03622],[21.94508,47.03596],[21.94615,47.03532],[21.94821,47.03407],[21.94863,47.0338],[21.94898,47.03358],[21.94923,47.03344],[21.94962,47.03321],[21.94994,47.03303],[21.95023,47.03286],[21.9508,47.0325],[21.95139,47.03215],[21.95249,47.03147],[21.95355,47.03082],[21.954,47.03053],[21.95456,47.03018],[21.95467,47.03011],[21.95473,47.03005],[21.95474,47.02998],[21.95473,47.02971],[21.95474,47.02962],[21.95476,47.02952],[21.95477,47.02947],[21.9548,47.02943],[21.95487,47.02939],[21.95494,47.02935],[21.95504,47.02934],[21.95512,47.02935],[21.95519,47.02937],[21.95525,47.02939],[21.95531,47.02945],[21.95533,47.0295],[21.95534,47.02957],[21.9553,47.02963],[21.9551,47.02982]]},"properties":{"line":"5","dir":"1","mode":"tram"}},{"type":"Feature","geometry":{"type":"LineString","coordinates":[[21.9551,47.02982],[21.95496,47.02995],[21.95479,47.03008],[21.95434,47.03036],[21.95395,47.03061],[21.95352,47.03089],[21.95331,47.03102],[21.95301,47.03121],[21.95272,47.03139],[21.95232,47.03163],[21.95147,47.03214],[21.95092,47.03247],[21.95002,47.03302],[21.9498,47.03316],[21.94952,47.03331],[21.9491,47.03355],[21.94891,47.03366],[21.94873,47.03378],[21.94851,47.03393],[21.94793,47.03428],[21.94762,47.03447],[21.94732,47.03465],[21.94672,47.03502],[21.9461,47.03539],[21.9458,47.03558],[21.94549,47.03576],[21.94518,47.03594],[21.94489,47.03612],[21.94479,47.03618],[21.94447,47.03636],[21.94418,47.03654],[21.94407,47.03663],[21.94396,47.03673],[21.94371,47.03701],[21.94349,47.03738],[21.94337,47.03758],[21.94324,47.03777],[21.94301,47.03817],[21.94283,47.03851],[21.94266,47.03884],[21.94247,47.03923],[21.94229,47.03955],[21.94217,47.03979],[21.94207,47.04004],[21.94196,47.04034],[21.94191,47.04055],[21.94189,47.04084],[21.94191,47.04119],[21.94193,47.04139],[21.94194,47.04159],[21.94191,47.04215],[21.94191,47.04257],[21.94189,47.04287],[21.94184,47.0435],[21.94172,47.04541],[21.94166,47.0459],[21.94163,47.04645],[21.94159,47.04677],[21.94159,47.04697],[21.94158,47.04705],[21.94157,47.04714],[21.94153,47.04728],[21.94146,47.04741],[21.94141,47.04749],[21.94135,47.04756],[21.94127,47.04766],[21.94115,47.04775],[21.94094,47.04789],[21.94028,47.04821],[21.94,47.04836],[21.93944,47.04864],[21.93921,47.04875],[21.93898,47.04887],[21.93863,47.04905],[21.93853,47.04912],[21.93844,47.04918],[21.93839,47.04924],[21.93833,47.04929],[21.93828,47.04935],[21.93825,47.04941],[21.93823,47.04944],[21.93822,47.04947],[21.9382,47.04951],[21.93819,47.04955],[21.93818,47.04961],[21.93818,47.04968],[21.93819,47.0498],[21.93826,47.05036],[21.93827,47.05059],[21.93829,47.05082],[21.93831,47.05105],[21.93833,47.05129],[21.93834,47.0515],[21.93833,47.05163],[21.93831,47.0519],[21.93826,47.05223],[21.93825,47.05229],[21.93826,47.05242],[21.93831,47.05264],[21.93836,47.05281],[21.9384,47.05294],[21.93842,47.05314],[21.93843,47.05326],[21.93844,47.05339],[21.93842,47.05345],[21.93838,47.0535],[21.93834,47.05355],[21.9383,47.05358],[21.93822,47.05363],[21.93813,47.05368],[21.93799,47.05373],[21.93784,47.05376],[21.93746,47.05381],[21.93677,47.05389],[21.93575,47.05402],[21.93476,47.05414],[21.93417,47.05421],[21.93383,47.05426],[21.93365,47.05431],[21.93348,47.05438],[21.9333,47.05445],[21.93311,47.05451],[21.93283,47.05458],[21.93255,47.05465],[21.93194,47.05477],[21.93105,47.05494],[21.93019,47.05511],[21.92991,47.05516],[21.9297,47.05519],[21.92959,47.0552],[21.92948,47.0552],[21.92936,47.05521],[21.92925,47.05523],[21.92894,47.0553],[21.9282,47.05545],[21.9275,47.05558],[21.92688,47.0557],[21.92577,47.05591],[21.92541,47.05598],[21.92506,47.05606],[21.92487,47.05611],[21.92477,47.05616],[21.92468,47.0562],[21.92421,47.05651],[21.92391,47.05671],[21.92375,47.05678],[21.9236,47.05683],[21.92341,47.05686],[21.92326,47.05687],[21.9231,47.05686],[21.92272,47.05683],[21.92197,47.05677],[21.92132,47.05672],[21.92079,47.05667],[21.92052,47.05665],[21.92025,47.05663],[21.91999,47.05661],[21.91973,47.05657],[21.91945,47.05653],[21.91916,47.05647],[21.91838,47.05633],[21.91778,47.05621],[21.91767,47.05618],[21.91757,47.05613],[21.9175,47.05608],[21.91744,47.05601],[21.91733,47.05591],[21.91728,47.05588],[21.91723,47.05584],[21.91713,47.05578],[21.91706,47.05575],[21.91699,47.05573],[21.91684,47.05568],[21.91655,47.05558]]},"properties":{"line":"6","dir":"0","mode":"tram"}},{"type":"Feature","geometry":{"type":"LineString","coordinates":[[21.91655,47.05558],[21.91606,47.05542],[21.91546,47.05523],[21.91398,47.05476],[21.91258,47.05431],[21.91143,47.05394],[21.91047,47.05364],[21.90899,47.05318],[21.9082,47.05294],[21.9074,47.05268],[21.90709,47.05258],[21.90701,47.05255],[21.90694,47.05251],[21.90687,47.05248],[21.90681,47.05244],[21.90669,47.05236],[21.90652,47.05223],[21.90645,47.05216],[21.90639,47.05208],[21.90622,47.0519],[21.90605,47.05169],[21.90587,47.05149],[21.90571,47.0513],[21.90555,47.0511],[21.90541,47.0509],[21.9053,47.05074],[21.9052,47.05058],[21.90516,47.05051],[21.90513,47.05044],[21.9051,47.05037],[21.90507,47.05031],[21.90495,47.05004],[21.90478,47.04958],[21.90443,47.04865],[21.90431,47.04834],[21.90429,47.04828],[21.90428,47.04822],[21.90429,47.04815],[21.90431,47.04809],[21.90435,47.04803],[21.90441,47.04798],[21.90448,47.04793],[21.90457,47.0479],[21.90466,47.04788],[21.90474,47.04787],[21.90486,47.04787],[21.90497,47.04787],[21.90554,47.04795],[21.90564,47.04796],[21.90569,47.04797],[21.90574,47.04797],[21.90583,47.04797],[21.90689,47.04791],[21.90801,47.04784],[21.90833,47.04782],[21.90851,47.0478],[21.90869,47.04777],[21.90933,47.04766],[21.90971,47.0476],[21.90985,47.04758],[21.90998,47.04756],[21.91025,47.04754],[21.91072,47.04752],[21.91252,47.04746],[21.91341,47.04744],[21.91362,47.04742],[21.91383,47.04738],[21.91429,47.04728],[21.91439,47.04725],[21.91457,47.04721],[21.91569,47.04696],[21.91788,47.04647],[21.92005,47.04599],[21.92116,47.04574],[21.92183,47.04558],[21.92196,47.04554],[21.92207,47.04549],[21.92226,47.04542],[21.92249,47.04536],[21.92293,47.04527],[21.92386,47.04505],[21.92537,47.04472],[21.92687,47.04439],[21.92704,47.04434],[21.92719,47.04428],[21.92732,47.04422],[21.92743,47.04416],[21.92753,47.0441],[21.9276,47.04405],[21.92768,47.04399],[21.92774,47.04393],[21.92785,47.04383],[21.92792,47.04373],[21.92823,47.04326],[21.9288,47.04234],[21.92944,47.04145],[21.92953,47.04132],[21.92966,47.0412],[21.9298,47.04109],[21.92994,47.04099],[21.93004,47.04092],[21.93015,47.04087],[21.93026,47.04081],[21.93037,47.04076],[21.9308,47.04056],[21.93091,47.04051],[21.93096,47.04048],[21.93102,47.04044],[21.93149,47.04002],[21.93158,47.03996],[21.9317,47.03989],[21.93178,47.03985],[21.93187,47.03982],[21.93194,47.0398],[21.93203,47.03978],[21.93214,47.03975],[21.93225,47.03972],[21.93264,47.03965],[21.933,47.03958],[21.93327,47.03952],[21.93346,47.03947],[21.93363,47.03942],[21.93456,47.0392],[21.93834,47.03833],[21.93841,47.03832],[21.93846,47.03832],[21.93851,47.03832],[21.93856,47.03833],[21.93929,47.0386],[21.9397,47.03874],[21.93974,47.03876],[21.93978,47.03878],[21.93981,47.03881],[21.93984,47.03883],[21.93987,47.03886],[21.9399,47.03888],[21.93996,47.03891],[21.9404,47.03907],[21.94049,47.03909],[21.94055,47.0391],[21.94062,47.03911],[21.94086,47.03913],[21.9414,47.03918],[21.94202,47.03924],[21.94221,47.03925],[21.94227,47.03925],[21.94233,47.03923],[21.94236,47.03922],[21.94241,47.03919],[21.94244,47.03917],[21.9425,47.03909],[21.94274,47.03862],[21.94283,47.0384],[21.94309,47.03793],[21.94321,47.03775],[21.94332,47.03759],[21.94343,47.03741],[21.94367,47.037],[21.94382,47.03682],[21.94394,47.0367],[21.94404,47.03661],[21.94419,47.0365],[21.9444,47.03637],[21.94465,47.03622],[21.94508,47.03596],[21.94615,47.03532],[21.94821,47.03407],[21.94863,47.0338],[21.94898,47.03358],[21.94923,47.03344],[21.94962,47.03321],[21.94994,47.03303],[21.95023,47.03286],[21.9508,47.0325],[21.95139,47.03215],[21.95249,47.03147],[21.95355,47.03082],[21.954,47.03053],[21.95456,47.03018],[21.95467,47.03011],[21.95473,47.03005],[21.95474,47.02998],[21.95473,47.02971],[21.95474,47.02962],[21.95476,47.02952],[21.95477,47.02947],[21.9548,47.02943],[21.95487,47.02939],[21.95494,47.02935],[21.95504,47.02934],[21.95512,47.02935],[21.95519,47.02937],[21.95525,47.02939],[21.95531,47.02945],[21.95533,47.0295],[21.95534,47.02957],[21.9553,47.02963],[21.9551,47.02982]]},"properties":{"line":"6","dir":"1","mode":"tram"}},{"type":"Feature","geometry":{"type":"LineString","coordinates":[[21.9551,47.02982],[21.95496,47.02995],[21.95479,47.03008],[21.95434,47.03036],[21.95395,47.03061],[21.95352,47.03089],[21.95331,47.03102],[21.95301,47.03121],[21.95272,47.03139],[21.95232,47.03163],[21.95147,47.03214],[21.95092,47.03247],[21.95002,47.03302],[21.9498,47.03316],[21.94952,47.03331],[21.9491,47.03355],[21.94891,47.03366],[21.94873,47.03378],[21.94851,47.03393],[21.94793,47.03428],[21.94762,47.03447],[21.94732,47.03465],[21.94672,47.03502],[21.9461,47.03539],[21.9458,47.03558],[21.94549,47.03576],[21.94518,47.03594],[21.94489,47.03612],[21.94479,47.03618],[21.9445,47.03635],[21.94435,47.03644],[21.94422,47.03653],[21.94412,47.0366],[21.94402,47.03668],[21.94394,47.03675],[21.94389,47.03681],[21.94378,47.03695],[21.94371,47.03704],[21.94349,47.03741],[21.94328,47.03773],[21.94308,47.03806],[21.94294,47.0383],[21.94289,47.03839],[21.94285,47.03848],[21.94278,47.03864],[21.94271,47.03877],[21.94259,47.03901],[21.9425,47.03916],[21.94247,47.0392],[21.94243,47.03924],[21.94234,47.03927],[21.94225,47.03928],[21.94214,47.03928],[21.94171,47.03924],[21.94126,47.0392],[21.9408,47.03916],[21.94062,47.03914],[21.94054,47.03913],[21.94046,47.03911],[21.9403,47.03906],[21.94001,47.03896],[21.93989,47.03892],[21.93984,47.03889],[21.9398,47.03887],[21.93973,47.03881],[21.93965,47.03876],[21.93929,47.03863],[21.93887,47.03848],[21.9387,47.03842],[21.93858,47.03838],[21.93847,47.03835],[21.93837,47.03836],[21.93828,47.03838],[21.93799,47.03845],[21.93685,47.03872],[21.93436,47.03929],[21.93358,47.03948],[21.93328,47.03956],[21.93299,47.03962],[21.93245,47.03973],[21.93218,47.03978],[21.93206,47.03981],[21.93194,47.03984],[21.93183,47.03988],[21.93173,47.03993],[21.93165,47.03997],[21.93158,47.04002],[21.93152,47.04006],[21.93148,47.0401],[21.93111,47.04043],[21.931,47.04051],[21.93088,47.04058],[21.9306,47.0407],[21.93026,47.04087],[21.93007,47.04097],[21.92989,47.04109],[21.92977,47.04118],[21.92966,47.04128],[21.92957,47.04138],[21.92948,47.04148],[21.92891,47.0423],[21.9285,47.0429],[21.92822,47.04334],[21.92786,47.04391],[21.92776,47.044],[21.92765,47.04408],[21.92756,47.04414],[21.92746,47.0442],[21.92726,47.0443],[21.92709,47.04437],[21.92688,47.04443],[21.92647,47.04452],[21.92563,47.0447],[21.92269,47.04536],[21.92226,47.04547],[21.9221,47.04553],[21.92188,47.04561],[21.92161,47.04568],[21.92096,47.04583],[21.92028,47.04598],[21.91808,47.04647],[21.91404,47.04739],[21.91379,47.04744],[21.91366,47.04746],[21.91353,47.04747],[21.91327,47.04748],[21.91248,47.0475],[21.91091,47.04756],[21.9102,47.04759],[21.90998,47.04761],[21.90977,47.04764],[21.90949,47.04768],[21.90857,47.04782],[21.90834,47.04785],[21.90817,47.04787],[21.90799,47.04788],[21.90763,47.0479],[21.9062,47.04799],[21.90585,47.04801],[21.90576,47.048],[21.90566,47.048],[21.90549,47.04798],[21.90499,47.04791],[21.90492,47.0479],[21.90484,47.0479],[21.90476,47.04791],[21.90468,47.04792],[21.90457,47.04794],[21.90447,47.04798],[21.90442,47.04803],[21.90438,47.04808],[21.90435,47.04812],[21.90434,47.04816],[21.90433,47.04819],[21.90434,47.04823],[21.90436,47.0483],[21.90451,47.04869],[21.90482,47.04955],[21.90495,47.04989],[21.90503,47.05008],[21.90511,47.05027],[21.90518,47.05042],[21.90526,47.05057],[21.90533,47.05069],[21.90541,47.05081],[21.90557,47.05105],[21.90574,47.05127],[21.90623,47.05183],[21.90649,47.05212],[21.90655,47.05218],[21.90661,47.05224],[21.90672,47.05232],[21.90682,47.05239],[21.90691,47.05245],[21.90699,47.0525],[21.90704,47.05252],[21.90708,47.05254],[21.90735,47.05263],[21.90767,47.05273],[21.90823,47.0529],[21.90886,47.0531],[21.90945,47.05329],[21.91008,47.05348],[21.91068,47.05367],[21.91093,47.05375],[21.91144,47.05391],[21.91194,47.05406],[21.91341,47.05453],[21.91419,47.05478],[21.91456,47.0549],[21.91491,47.05501],[21.91583,47.05531],[21.91673,47.0556]]},"properties":{"line":"7","dir":"0","mode":"tram"}},{"type":"Feature","geometry":{"type":"LineString","coordinates":[[21.91671,47.0556],[21.91699,47.05569],[21.9171,47.05572],[21.91721,47.05576],[21.91734,47.05584],[21.91742,47.05591],[21.91747,47.05596],[21.91754,47.05604],[21.91758,47.05608],[21.91763,47.05611],[21.9177,47.05616],[21.9178,47.05619],[21.91838,47.05629],[21.91942,47.05649],[21.91977,47.05655],[21.91998,47.05657],[21.9202,47.05659],[21.92062,47.05663],[21.92168,47.0567],[21.92293,47.05682],[21.92321,47.05684],[21.92332,47.05684],[21.92341,47.05683],[21.92352,47.05682],[21.92362,47.0568],[21.92376,47.05676],[21.92389,47.05669],[21.92427,47.05644],[21.92465,47.0562],[21.92474,47.05615],[21.92483,47.0561],[21.92493,47.05607],[21.92503,47.05604],[21.92521,47.056],[21.92581,47.05588],[21.92659,47.05573],[21.92739,47.05557],[21.92821,47.05541],[21.92865,47.05532],[21.92917,47.05521],[21.92932,47.05518],[21.92957,47.05516],[21.92968,47.05515],[21.92979,47.05513],[21.93032,47.05504],[21.93091,47.05492],[21.93225,47.05467],[21.93251,47.05461],[21.93273,47.05457],[21.93298,47.0545],[21.93323,47.05444],[21.93339,47.05438],[21.93361,47.05428],[21.93372,47.05425],[21.93384,47.05422],[21.93405,47.05419],[21.93448,47.05414],[21.9348,47.0541],[21.93596,47.05396],[21.93713,47.05382],[21.93767,47.05375],[21.93786,47.05372],[21.93802,47.05369],[21.93818,47.0536],[21.93827,47.05352],[21.93833,47.05346],[21.93837,47.0534],[21.93839,47.05334],[21.9384,47.05327],[21.93837,47.05312],[21.93834,47.05297],[21.93829,47.05277],[21.93825,47.05262],[21.93822,47.05247],[21.9382,47.05236],[21.93821,47.05224],[21.93821,47.05214],[21.93822,47.05205],[21.93825,47.05187],[21.93827,47.05167],[21.93828,47.05132],[21.93826,47.05105],[21.93823,47.05078],[21.93818,47.05021],[21.93812,47.04971],[21.93812,47.0496],[21.93814,47.04953],[21.93816,47.04946],[21.9382,47.04939],[21.93825,47.04931],[21.93836,47.04918],[21.93851,47.04906],[21.9387,47.04896],[21.93891,47.04886],[21.93912,47.04875],[21.93953,47.04854],[21.93994,47.04834],[21.94066,47.04797],[21.94107,47.04776],[21.94116,47.04768],[21.94124,47.04761],[21.94131,47.04754],[21.94137,47.04746],[21.94143,47.04735],[21.94148,47.04725],[21.94151,47.04715],[21.94153,47.04701],[21.94155,47.04669],[21.94158,47.04638],[21.94161,47.04601],[21.94165,47.04557],[21.94168,47.04517],[21.94171,47.0447],[21.94177,47.04378],[21.94184,47.04285],[21.94186,47.04247],[21.94186,47.04229],[21.94186,47.042],[21.94187,47.04172],[21.94188,47.04147],[21.94186,47.04122],[21.94184,47.04096],[21.94185,47.04082],[21.94186,47.04067],[21.94188,47.04051],[21.94189,47.04043],[21.94191,47.04035],[21.94201,47.04007],[21.9421,47.03981],[21.94229,47.03945],[21.94248,47.0391],[21.94265,47.03875],[21.94285,47.03837],[21.94305,47.03801],[21.94317,47.03781],[21.94326,47.03767],[21.94352,47.03723],[21.94365,47.03702],[21.94376,47.03688],[21.9438,47.03683],[21.94389,47.03674],[21.94399,47.03665],[21.94411,47.03655],[21.94425,47.03645],[21.94454,47.03627],[21.94484,47.0361],[21.94508,47.03596],[21.94615,47.03532],[21.94821,47.03407],[21.94863,47.0338],[21.94898,47.03358],[21.94923,47.03344],[21.94962,47.03321],[21.94994,47.03303],[21.95023,47.03286],[21.9508,47.0325],[21.95139,47.03215],[21.95249,47.03147],[21.95355,47.03082],[21.954,47.03053],[21.95456,47.03018],[21.95467,47.03011],[21.95473,47.03005],[21.95474,47.02998],[21.95473,47.02971],[21.95474,47.02962],[21.95476,47.02952],[21.95477,47.02947],[21.9548,47.02943],[21.95487,47.02939],[21.95494,47.02935],[21.95504,47.02934],[21.95512,47.02935],[21.95519,47.02937],[21.95525,47.02939],[21.95531,47.02945],[21.95533,47.0295],[21.95534,47.02957],[21.9553,47.02963],[21.9551,47.02982]]},"properties":{"line":"7","dir":"1","mode":"tram"}},{"type":"Feature","geometry":{"type":"LineString","coordinates":[[21.89627,47.06079],[21.89648,47.06037],[21.8966,47.06008],[21.8968,47.05958],[21.89699,47.0591],[21.89718,47.05863],[21.89724,47.05849],[21.8973,47.05836],[21.89743,47.05801],[21.89799,47.05664],[21.89856,47.05528],[21.89862,47.05515],[21.89867,47.05503],[21.89872,47.05498],[21.89878,47.05495],[21.89893,47.05488],[21.89919,47.05478],[21.90042,47.05431],[21.90171,47.05382],[21.90406,47.05289],[21.90597,47.0522],[21.90617,47.05213],[21.9063,47.05212],[21.90645,47.05214],[21.90654,47.05219],[21.90664,47.05224],[21.90682,47.05239],[21.90691,47.05245],[21.90699,47.0525],[21.90704,47.05252],[21.90708,47.05254],[21.90735,47.05263],[21.90767,47.05273],[21.90823,47.0529],[21.90886,47.0531],[21.90945,47.05329],[21.91008,47.05348],[21.91068,47.05367],[21.91093,47.05375],[21.91144,47.05391],[21.91194,47.05406],[21.91341,47.05453],[21.91419,47.05478],[21.91456,47.0549],[21.91491,47.05501],[21.91583,47.05531],[21.91671,47.0556],[21.9169,47.05565],[21.91698,47.05568],[21.91703,47.05571],[21.91708,47.05574],[21.91713,47.05578],[21.91718,47.05587],[21.9172,47.05592],[21.91721,47.05597],[21.91722,47.05609],[21.91726,47.05633],[21.91732,47.05675],[21.91739,47.05716],[21.91741,47.05742],[21.91743,47.05758],[21.91746,47.05803],[21.91748,47.05875],[21.91748,47.0589],[21.9175,47.05903],[21.91752,47.05913],[21.91754,47.05918],[21.91757,47.05925],[21.91761,47.0593],[21.91766,47.05937],[21.91773,47.05946],[21.91781,47.05955],[21.91822,47.06004],[21.91849,47.06036],[21.91869,47.06059],[21.91888,47.06082],[21.91927,47.06128],[21.92011,47.06222],[21.92046,47.06261],[21.92059,47.06279],[21.92068,47.06291],[21.92094,47.06321],[21.9213,47.06358],[21.9216,47.06392],[21.92199,47.06434],[21.92226,47.06466],[21.92254,47.06496],[21.92278,47.06522],[21.92307,47.06555],[21.92326,47.06577],[21.92348,47.06609],[21.9236,47.06627],[21.92376,47.06651],[21.92401,47.06693],[21.92419,47.0673],[21.92433,47.06769],[21.92455,47.06831],[21.9247,47.06882],[21.9248,47.06908],[21.92492,47.06948],[21.92498,47.06971],[21.92508,47.07011],[21.92518,47.07044],[21.92532,47.07082],[21.92536,47.07094],[21.92538,47.07099],[21.9254,47.07106],[21.9254,47.07116],[21.92539,47.07126],[21.92534,47.07145],[21.92529,47.07163],[21.9252,47.07188],[21.92509,47.07213],[21.92506,47.0722],[21.92478,47.07294],[21.92474,47.07306],[21.9247,47.07314],[21.92465,47.07321],[21.92458,47.07328],[21.92451,47.07335],[21.92445,47.0734],[21.92436,47.07345],[21.92429,47.0735],[21.9242,47.07354],[21.92386,47.07371],[21.9237,47.07379],[21.92354,47.07386],[21.92337,47.07393],[21.92319,47.07399],[21.92285,47.07409],[21.92267,47.07415],[21.92249,47.07422],[21.92216,47.07436],[21.92177,47.07454],[21.92118,47.07481],[21.92035,47.07518],[21.91994,47.07536],[21.91952,47.07554],[21.91902,47.07574],[21.91852,47.07593],[21.91812,47.07609],[21.91784,47.07618],[21.91758,47.07629],[21.91745,47.07633],[21.91731,47.07637],[21.91718,47.0764],[21.91704,47.07643],[21.91681,47.07651],[21.9166,47.07659],[21.91621,47.07674],[21.91609,47.07678],[21.916,47.07682],[21.91589,47.07683],[21.91581,47.07683],[21.91573,47.07683],[21.91565,47.07681],[21.91557,47.07678],[21.91546,47.07671],[21.91536,47.07664],[21.91527,47.07658],[21.91522,47.07653],[21.91516,47.07648],[21.91505,47.07638],[21.915,47.07632],[21.91494,47.07626],[21.91483,47.07613],[21.91475,47.076],[21.91472,47.07592],[21.91468,47.07585],[21.91464,47.07571],[21.91461,47.07554],[21.9146,47.07539],[21.91453,47.07481],[21.91451,47.07456],[21.91449,47.07431],[21.91449,47.0742],[21.91448,47.07409],[21.91447,47.07397],[21.91445,47.07391],[21.91442,47.07386],[21.91439,47.07383],[21.91433,47.07379],[21.91426,47.07376],[21.91417,47.07374],[21.91407,47.07373],[21.91389,47.07373],[21.91365,47.07374],[21.91315,47.07376],[21.91233,47.07381],[21.91212,47.07382],[21.91189,47.07383],[21.91145,47.07385],[21.91105,47.07386],[21.91038,47.07387],[21.91013,47.07387],[21.90987,47.0739],[21.90964,47.07392],[21.90941,47.07396],[21.9092,47.07399],[21.90899,47.07403],[21.90854,47.07415],[21.90833,47.07421],[21.90816,47.07429],[21.90809,47.07434],[21.90803,47.07437]]},"properties":{"line":"8","dir":"0","mode":"tram"}},{"type":"Feature","geometry":{"type":"LineString","coordinates":[[21.90743,47.07461],[21.90763,47.07453],[21.90784,47.07444],[21.90797,47.07437],[21.90807,47.07431],[21.90819,47.07424],[21.90833,47.07417],[21.90844,47.07414],[21.90856,47.07411],[21.90878,47.07405],[21.90899,47.07401],[21.9092,47.07396],[21.90937,47.07393],[21.90953,47.07391],[21.90986,47.07387],[21.91016,47.07385],[21.91047,47.07384],[21.91124,47.07383],[21.91166,47.07382],[21.9124,47.07377],[21.91278,47.07375],[21.91314,47.07373],[21.91382,47.0737],[21.9141,47.07369],[21.91419,47.0737],[21.91428,47.07372],[21.91437,47.07376],[21.91445,47.07382],[21.9145,47.0739],[21.91452,47.07399],[21.91453,47.07411],[21.91455,47.07437],[21.91456,47.07463],[21.9146,47.07507],[21.91465,47.07554],[21.91469,47.07572],[21.91476,47.07591],[21.9148,47.076],[21.91485,47.07609],[21.91492,47.07618],[21.91503,47.0763],[21.91513,47.0764],[21.91525,47.07652],[21.91548,47.07668],[21.91562,47.07676],[21.91568,47.07678],[21.91574,47.0768],[21.91586,47.0768],[21.91595,47.0768],[21.91608,47.07676],[21.91641,47.07663],[21.91678,47.07648],[21.91694,47.07643],[21.91705,47.07639],[21.91717,47.07637],[21.91739,47.07632],[21.91762,47.07624],[21.91839,47.07595],[21.91893,47.07574],[21.91948,47.07552],[21.91974,47.07542],[21.91999,47.07531],[21.92025,47.07519],[21.92051,47.07507],[21.92113,47.07479],[21.92228,47.07428],[21.92239,47.07423],[21.92254,47.07417],[21.92277,47.07409],[21.92301,47.07401],[21.92323,47.07394],[21.92336,47.0739],[21.92347,47.07385],[21.92388,47.07366],[21.92428,47.07346],[21.92441,47.07338],[21.92451,47.07331],[21.92459,47.07322],[21.92465,47.07315],[21.92471,47.07301],[21.92488,47.07259],[21.925,47.07227],[21.92512,47.07195],[21.92519,47.07177],[21.92528,47.07144],[21.9253,47.07135],[21.92532,47.07126],[21.92535,47.07113],[21.92534,47.07105],[21.92532,47.07098],[21.92519,47.07063],[21.9251,47.07034],[21.92493,47.06976],[21.92486,47.06946],[21.92477,47.06917],[21.92464,47.06876],[21.9245,47.06837],[21.92432,47.06788],[21.92415,47.06743],[21.92402,47.06713],[21.92386,47.06683],[21.92363,47.0664],[21.92346,47.06615],[21.9233,47.0659],[21.9231,47.06566],[21.92285,47.06537],[21.92241,47.06489],[21.92197,47.0644],[21.92167,47.06405],[21.92155,47.06391],[21.92138,47.0637],[21.92123,47.06354],[21.9211,47.06342],[21.92107,47.0634],[21.92103,47.06337],[21.92091,47.06324],[21.92079,47.06311],[21.92067,47.06297],[21.92057,47.06284],[21.92045,47.06267],[21.92031,47.06251],[21.92002,47.06218],[21.91971,47.06185],[21.91941,47.06151],[21.91899,47.06103],[21.91877,47.06076],[21.91855,47.0605],[21.91807,47.05994],[21.91777,47.05957],[21.91761,47.05938],[21.91752,47.05923],[21.91747,47.05915],[21.91744,47.05905],[21.91743,47.05893],[21.91741,47.05882],[21.9174,47.05803],[21.91739,47.05775],[21.91738,47.05761],[21.91736,47.05747],[21.91732,47.05716],[21.91727,47.0567],[21.91722,47.05646],[21.9172,47.05628],[21.91717,47.05611],[21.91715,47.05596],[21.91714,47.05591],[21.91711,47.05586],[21.91707,47.05581],[21.91701,47.05576],[21.91695,47.05572],[21.91687,47.05569],[21.91671,47.05563],[21.91655,47.05558],[21.91606,47.05542],[21.91546,47.05523],[21.91398,47.05476],[21.91258,47.05431],[21.91143,47.05394],[21.91047,47.05364],[21.90899,47.05318],[21.9082,47.05294],[21.9074,47.05268],[21.90709,47.05258],[21.90701,47.05255],[21.90694,47.05251],[21.90687,47.05248],[21.90681,47.05244],[21.90669,47.05236],[21.90647,47.05223],[21.90636,47.05218],[21.90623,47.05217],[21.90611,47.05219],[21.90598,47.05224],[21.90573,47.05233],[21.90419,47.05292],[21.90325,47.05328],[21.90212,47.05371],[21.90173,47.05386],[21.90132,47.05401],[21.901,47.05413],[21.9007,47.05425],[21.89992,47.05455],[21.89959,47.05468],[21.89927,47.0548],[21.89911,47.05486],[21.89891,47.05493],[21.89885,47.05496],[21.89879,47.05499],[21.89874,47.05503],[21.8987,47.05509],[21.89863,47.05524],[21.89853,47.0555],[21.89837,47.05587],[21.89796,47.05688],[21.89754,47.05788],[21.89746,47.05811],[21.89725,47.05862],[21.89696,47.05934],[21.89664,47.0601],[21.89645,47.06057],[21.89639,47.06072],[21.89632,47.06089],[21.89632,47.06095],[21.89633,47.06103],[21.89634,47.0611],[21.89634,47.06117],[21.8963,47.06122],[21.89625,47.06127],[21.89621,47.06129],[21.89616,47.0613],[21.89607,47.06131],[21.89598,47.0613],[21.89591,47.06126],[21.89586,47.06122],[21.89584,47.06118],[21.89583,47.06114],[21.89585,47.06108],[21.89588,47.06103],[21.89595,47.06098],[21.89603,47.06095],[21.89611,47.06092],[21.89618,47.06089],[21.89624,47.06085],[21.89628,47.06081],[21.89627,47.06079]]},"properties":{"line":"8","dir":"1","mode":"tram"}},{"type":"Feature","geometry":{"type":"LineString","coordinates":[[21.90743,47.07461],[21.90734,47.07469],[21.9071,47.07478],[21.90672,47.07486],[21.90662,47.07488],[21.90653,47.07491],[21.90614,47.07505],[21.90529,47.07538],[21.90449,47.07569],[21.90356,47.07609],[21.90286,47.07642],[21.90226,47.07669],[21.90167,47.07695],[21.90033,47.07756],[21.899,47.07816],[21.89835,47.07844],[21.8977,47.07874],[21.89716,47.07898],[21.8966,47.07924],[21.89549,47.07973],[21.89453,47.08016],[21.89357,47.0806],[21.89234,47.08115],[21.89201,47.0813],[21.89102,47.08175],[21.89051,47.08197],[21.89001,47.08218],[21.88965,47.08233],[21.88835,47.08289],[21.88776,47.08315],[21.88678,47.08359],[21.88568,47.08408],[21.88472,47.08452],[21.8838,47.08493],[21.88288,47.08538],[21.88155,47.08609],[21.88104,47.08638],[21.88036,47.08677],[21.88029,47.08682],[21.88023,47.08687],[21.88019,47.08691],[21.88017,47.08695],[21.88012,47.08703],[21.88006,47.08717]]},"properties":{"line":"9","dir":"0","mode":"tram"}},{"type":"Feature","geometry":{"type":"LineString","coordinates":[[21.87971,47.08708],[21.87994,47.08696],[21.88019,47.08682],[21.88044,47.08669],[21.88086,47.08644],[21.8813,47.08619],[21.88213,47.08573],[21.8825,47.08553],[21.88285,47.08534],[21.88355,47.085],[21.88427,47.08468],[21.88462,47.08452],[21.88514,47.08429],[21.88606,47.08387],[21.88678,47.08355],[21.8875,47.08323],[21.88839,47.08282],[21.8892,47.08247],[21.89009,47.0821],[21.89041,47.08197],[21.89085,47.08178],[21.8917,47.0814],[21.89246,47.08106],[21.89319,47.08073],[21.89398,47.08037],[21.89477,47.08002],[21.89561,47.07964],[21.89608,47.07943],[21.89666,47.07916],[21.89725,47.0789],[21.89754,47.07877],[21.89784,47.07864],[21.89839,47.07839],[21.89907,47.07808],[21.90034,47.07751],[21.90164,47.07693],[21.90228,47.07664],[21.90296,47.07633],[21.90366,47.07601],[21.90441,47.07569],[21.90518,47.07537],[21.90576,47.07515],[21.90636,47.07493],[21.90652,47.07487],[21.90669,47.07482],[21.90711,47.07473],[21.90743,47.07461]]},"properties":{"line":"9","dir":"1","mode":"tram"}}]}