{"type":"FeatureCollection","features":[{"type":"Feature","geometry":{"type":"Point","coordinates":[21.956464,47.045913]},"properties":{"lines":"10, 17, 23, 32, 34, 38","color":"#0059a9","mode":"bus","arr":["10","17","23","32","34","38"],"angle":-76.7}},{"type":"Feature","geometry":{"type":"Point","coordinates":[21.956894,47.047204]},"properties":{"lines":"10, 17, 23, 32, 34, 38","color":"#0059a9","mode":"bus","arr":["10","17","23","32","34","38"],"angle":-78.6,"extra":1,"ei":0}},{"type":"Feature","geometry":{"type":"Point","coordinates":[21.957596,47.048846]},"properties":{"lines":"10, 16T, 23, 32, 34, 38","color":"#0059a9","mode":"bus","arr":["10","16T","23","32","34","38"],"angle":-69.2}},{"type":"Feature","geometry":{"type":"Point","coordinates":[21.957236,47.049968]},"properties":{"lines":"10, 23, 32, 38","color":"#0059a9","mode":"bus","arr":["10","23","32","38"],"angle":36.9}},{"type":"Feature","geometry":{"type":"Point","coordinates":[21.949222,47.052622]},"properties":{"lines":"10, 16T, 23, 32, 38","color":"#0059a9","mode":"bus","arr":["10","16T","23","32","38"],"angle":35.6}},{"type":"Feature","geometry":{"type":"Point","coordinates":[21.955219,47.050454]},"properties":{"lines":"10, 16T, 23, 32, 38","color":"#0059a9","mode":"bus","arr":["10","16T","23","32","38"],"angle":5.2,"extra":1,"ei":0}},{"type":"Feature","geometry":{"type":"Point","coordinates":[21.952614,47.051037]},"properties":{"lines":"10, 16T, 23, 32, 38","color":"#0059a9","mode":"bus","arr":["10","16T","23","32","38"],"angle":30.4,"extra":1,"ei":1}},{"type":"Feature","geometry":{"type":"Point","coordinates":[21.945649,47.054086]},"properties":{"lines":"10, 16T, 23, 32, 38","color":"#0059a9","mode":"bus","arr":["10","16T","23","32","38"],"angle":17.1,"extra":1,"ei":2}},{"type":"Feature","geometry":{"type":"Point","coordinates":[21.942973,47.054577]},"properties":{"lines":"10, 16T, 23, 32, 38","color":"#0059a9","mode":"bus","arr":["10","16T","23","32","38"],"angle":13.4,"extra":1,"ei":3}},{"type":"Feature","geometry":{"type":"Point","coordinates":[21.939928,47.0548]},"properties":{"lines":"10, 16T, 23","color":"#0059a9","mode":"bus","arr":["10","16T","23"],"angle":5.5,"side":-1}},{"type":"Feature","geometry":{"type":"Point","coordinates":[21.939167,47.0533]},"properties":{"lines":"10, 16T, 23, 34, 39, 722","color":"#0059a9","mode":"bus","arr":["10","16T","23","34","39","722"],"angle":-77.2}},{"type":"Feature","geometry":{"type":"Point","coordinates":[21.938839,47.052348]},"properties":{"lines":"10, 16T, 23, 25, 34, 39, 722","color":"#0059a9","mode":"bus","arr":["10","16T","23","25","34","39","722"],"angle":-76.9}},{"type":"Feature","geometry":{"type":"Point","coordinates":[21.935843,47.052014]},"properties":{"lines":"10, 23","color":"#0059a9","mode":"bus","arr":["10","23"],"angle":18.1}},{"type":"Feature","geometry":{"type":"Point","coordinates":[21.937706,47.051604]},"properties":{"lines":"10, 23","color":"#0059a9","mode":"bus","arr":["10","23"],"angle":12.4,"extra":1,"ei":0}},{"type":"Feature","geometry":{"type":"Point","coordinates":[21.933108,47.054013]},"properties":{"lines":"10, 12, 14, 14P, 16T, 23, 24, 28, 29, 30, 36, 42, 43","color":"#0059a9","mode":"bus","arr":["10","12","14","14P","16T","23","24","28","29","30","36","42","43"],"angle":-69.3}},{"type":"Feature","geometry":{"type":"Point","coordinates":[21.938798,47.053884]},"properties":{"lines":"28, 43","color":"#0059a9","mode":"bus","arr":["28","43"],"angle":-48.6,"mi":1}},{"type":"Feature","geometry":{"type":"Point","coordinates":[21.929343,47.055542]},"properties":{"lines":"10, 12, 14, 14P, 23, 24, 28, 36, 42, 43","color":"#0059a9","mode":"bus","arr":["10","12","14","14P","23","24","28","36","42","43"],"angle":34.2}},{"type":"Feature","geometry":{"type":"Point","coordinates":[21.928028,47.054571]},"properties":{"lines":"12, 14, 14P","color":"#0059a9","mode":"bus","arr":["12","14","14P"],"angle":45.1}},{"type":"Feature","geometry":{"type":"Point","coordinates":[21.916096,47.055568]},"properties":{"lines":"10, 19, 24, 28, 29, 30, 31, 33E, 33P, 43","color":"#0059a9","mode":"bus","arr":["10","19","24","28","29","30","31","33E","33P","43"],"angle":-30.7}},{"type":"Feature","geometry":{"type":"Point","coordinates":[21.909267,47.057601]},"properties":{"lines":"10, 19, 31, 33E, 33P, 37","color":"#0059a9","mode":"bus","arr":["10","19","31","33E","33P","37"],"angle":-69.1}},{"type":"Feature","geometry":{"type":"Point","coordinates":[21.911665,47.061671]},"properties":{"lines":"10, 19, 31, 33E, 33P, 37","color":"#0059a9","mode":"bus","arr":["10","19","31","33E","33P","37"],"angle":-69.3,"mi":1}},{"type":"Feature","geometry":{"type":"Point","coordinates":[21.906868,47.053212]},"properties":{"lines":"10, 19, 31, 33E, 33P, 37","color":"#0059a9","mode":"bus","arr":["10","19","31","33E","33P","37"],"angle":-83.7,"mi":2}},{"type":"Feature","geometry":{"type":"Point","coordinates":[21.907783,47.054962]},"properties":{"lines":"10, 19, 31, 33E, 33P, 37","color":"#0059a9","mode":"bus","arr":["10","19","31","33E","33P","37"],"angle":-69.5,"extra":1,"ei":0}},{"type":"Feature","geometry":{"type":"Point","coordinates":[21.910769,47.06025]},"properties":{"lines":"10, 19, 31, 33E, 33P, 37","color":"#0059a9","mode":"bus","arr":["10","19","31","33E","33P","37"],"angle":-67,"extra":1,"ei":1}},{"type":"Feature","geometry":{"type":"Point","coordinates":[21.912216,47.062531]},"properties":{"lines":"31, 33E, 33P, 37","color":"#0059a9","mode":"bus","arr":["31","33E","33P","37"],"angle":17}},{"type":"Feature","geometry":{"type":"Point","coordinates":[21.911193,47.060933]},"properties":{"lines":"31, 33E, 33P, 37","color":"#0059a9","mode":"bus","arr":["31","33E","33P","37"],"angle":-74.3,"mi":1}},{"type":"Feature","geometry":{"type":"Point","coordinates":[21.908548,47.061294]},"properties":{"lines":"10","color":"#0059a9","mode":"bus","arr":["10"],"angle":1.1,"mi":4}},{"type":"Feature","geometry":{"type":"Point","coordinates":[21.903555,47.061813]},"properties":{"lines":"10","color":"#0059a9","mode":"bus","arr":["10"],"angle":1.1,"mi":3}},{"type":"Feature","geometry":{"type":"Point","coordinates":[21.902116,47.060421]},"properties":{"lines":"10","color":"#0059a9","mode":"bus","arr":["10"],"angle":74.4}},{"type":"Feature","geometry":{"type":"Point","coordinates":[21.901566,47.061761]},"properties":{"lines":"10","color":"#0059a9","mode":"bus","arr":["10"],"angle":79.6,"mi":2}},{"type":"Feature","geometry":{"type":"Point","coordinates":[21.897816,47.058243]},"properties":{"lines":"10","color":"#0059a9","mode":"bus","arr":["10"],"angle":-15.8,"mi":1}},{"type":"Feature","geometry":{"type":"Point","coordinates":[21.894918,47.05769]},"properties":{"lines":"10","color":"#0059a9","mode":"bus","arr":["10"],"angle":-16.8,"extra":1,"ei":0}},{"type":"Feature","geometry":{"type":"Point","coordinates":[21.900252,47.058721]},"properties":{"lines":"10","color":"#0059a9","mode":"bus","arr":["10"],"angle":-16.2,"extra":1,"ei":1}},{"type":"Feature","geometry":{"type":"Point","coordinates":[21.892892,47.056199]},"properties":{"lines":"10","color":"#0059a9","mode":"bus","arr":["10"],"angle":-34.7,"mi":5}},{"type":"Feature","geometry":{"type":"Point","coordinates":[21.893592,47.057414]},"properties":{"lines":"10","color":"#0059a9","mode":"bus","arr":["10"],"angle":82.9,"extra":1,"ei":0}},{"type":"Feature","geometry":{"type":"Point","coordinates":[21.892803,47.054837]},"properties":{"lines":"10","color":"#0059a9","mode":"bus","arr":["10"],"angle":74.2,"mi":6}},{"type":"Feature","geometry":{"type":"Point","coordinates":[21.892886,47.053377]},"properties":{"lines":"10","color":"#0059a9","mode":"bus","arr":["10"],"angle":-54.3,"mi":7}},{"type":"Feature","geometry":{"type":"Point","coordinates":[21.890923,47.053679]},"properties":{"lines":"10","color":"#0059a9","mode":"bus","arr":["10"],"angle":29.9,"mi":9}},{"type":"Feature","geometry":{"type":"Point","coordinates":[21.890111,47.055237]},"properties":{"lines":"10","color":"#0059a9","mode":"bus","arr":["10"],"angle":-58.9,"mi":8}},{"type":"Feature","geometry":{"type":"Point","coordinates":[21.913191,47.060736]},"properties":{"lines":"10","color":"#0059a9","mode":"bus","arr":["10"],"angle":26.9,"mi":10}},{"type":"Feature","geometry":{"type":"Point","coordinates":[21.916255,47.057985]},"properties":{"lines":"10","color":"#0059a9","mode":"bus","arr":["10"],"angle":15.5,"mi":12}},{"type":"Feature","geometry":{"type":"Point","coordinates":[21.914818,47.059593]},"properties":{"lines":"10","color":"#0059a9","mode":"bus","arr":["10"],"angle":-88.4,"mi":11}},{"type":"Feature","geometry":{"type":"Point","coordinates":[21.917871,47.054944]},"properties":{"lines":"23, 31, 33, 33E, 33P, 36, 37, RoHu","color":"#0059a9","mode":"bus","arr":["23","31","33","33E","33P","36","37","RoHu"],"angle":69.9,"side":-1}},{"type":"Feature","geometry":{"type":"Point","coordinates":[21.917611,47.055568]},"properties":{"lines":"10, 24, 28, 29, 42, 43","color":"#0059a9","mode":"bus","arr":["10","24","28","29","42","43"],"angle":50.7,"mi":1}},{"type":"Feature","geometry":{"type":"Point","coordinates":[21.923044,47.054752]},"properties":{"lines":"10, 24, 28, 29, 42, 43","color":"#0059a9","mode":"bus","arr":["10","24","28","29","42","43"],"angle":6.5}},{"type":"Feature","geometry":{"type":"Point","coordinates":[21.919167,47.055263]},"properties":{"lines":"10, 24, 28, 29, 42, 43","color":"#0059a9","mode":"bus","arr":["10","24","28","29","42","43"],"angle":14,"extra":1,"ei":0}},{"type":"Feature","geometry":{"type":"Point","coordinates":[21.927203,47.053922]},"properties":{"lines":"10, 24, 28, 29, 42, 43","color":"#0059a9","mode":"bus","arr":["10","24","28","29","42","43"],"angle":18.5,"extra":1,"ei":1}},{"type":"Feature","geometry":{"type":"Point","coordinates":[21.930252,47.053243]},"properties":{"lines":"10, 14, 14P, 24, 28, 29, 30, 42, 43","color":"#0059a9","mode":"bus","arr":["10","14","14P","24","28","29","30","42","43"],"angle":18.1}},{"type":"Feature","geometry":{"type":"Point","coordinates":[21.932122,47.052826]},"properties":{"lines":"10, 14, 14P, 24, 28, 29, 30, 42, 43","color":"#0059a9","mode":"bus","arr":["10","14","14P","24","28","29","30","42","43"],"angle":17.9,"extra":1,"ei":0}},{"type":"Feature","geometry":{"type":"Point","coordinates":[21.94518,47.045852]},"properties":{"lines":"10, 12, 17, 34, 41","color":"#0059a9","mode":"bus","arr":["10","12","17","34","41"],"angle":14.6}},{"type":"Feature","geometry":{"type":"Point","coordinates":[21.943171,47.045971]},"properties":{"lines":"10, 12, 17, 34, 41","color":"#0059a9","mode":"bus","arr":["10","12","17","34","41"],"angle":-6.3,"extra":1,"ei":0}},{"type":"Feature","geometry":{"type":"Point","coordinates":[21.952508,47.044404]},"properties":{"lines":"10, 12, 17, 23, 34, 41","color":"#0059a9","mode":"bus","arr":["10","12","17","23","34","41"],"angle":18.8}},{"type":"Feature","geometry":{"type":"Point","coordinates":[21.950628,47.04484]},"properties":{"lines":"10, 12, 17, 23, 34, 41","color":"#0059a9","mode":"bus","arr":["10","12","17","23","34","41"],"angle":18.8,"extra":1,"ei":0}},{"type":"Feature","geometry":{"type":"Point","coordinates":[21.939113,47.054701]},"properties":{"lines":"11, 13, 15, 17, 28, 32, 38, 43, T8","color":"#0059a9","mode":"bus","arr":["11","13","15","17","28","32","38","43","T8"],"angle":-56.6}},{"type":"Feature","geometry":{"type":"Point","coordinates":[21.93897,47.05392]},"properties":{"lines":"11, 13, 15, 17, 32, 38, T8","color":"#0059a9","mode":"bus","arr":["11","13","15","17","32","38","T8"],"angle":63.2,"side":-1}},{"type":"Feature","geometry":{"type":"Point","coordinates":[21.939996,47.054301]},"properties":{"lines":"11, 28, 29, 30, 43, T8","color":"#0059a9","mode":"bus","arr":["11","28","29","30","43","T8"],"angle":-75.2,"side":-1}},{"type":"Feature","geometry":{"type":"Point","coordinates":[21.940321,47.054789]},"properties":{"lines":"32, 38","color":"#0059a9","mode":"bus","arr":["32","38"],"angle":31.2,"mi":1}},{"type":"Feature","geometry":{"type":"Point","coordinates":[21.940009,47.055489]},"properties":{"lines":"11, 13, 15, 17, 28, 29, 30, 32, 34, 38, 39, 43, 722, T8","color":"#0059a9","mode":"bus","arr":["11","13","15","17","28","29","30","32","34","38","39","43","722","T8"],"angle":-88.1,"side":-1,"mi":2}},{"type":"Feature","geometry":{"type":"Point","coordinates":[21.940121,47.057574]},"properties":{"lines":"11, 13, 15, 17, 28, 29, 30, 32, 34, 38, 39, 43, 722, T8","color":"#0059a9","mode":"bus","arr":["11","13","15","17","28","29","30","32","34","38","39","43","722","T8"],"angle":-86.1,"side":-1}},{"type":"Feature","geometry":{"type":"Point","coordinates":[21.940056,47.056203]},"properties":{"lines":"11, 13, 17, 29, 30, 32, 34, 38, 39, 722, T8","color":"#0059a9","mode":"bus","arr":["11","13","17","29","30","32","34","38","39","722","T8"],"angle":-86.9}},{"type":"Feature","geometry":{"type":"Point","coordinates":[21.940383,47.059079]},"properties":{"lines":"11, 13, 15, 17, 28, 29, 30, 32, 34, 38, 39, 43, 722, T8","color":"#0059a9","mode":"bus","arr":["11","13","15","17","28","29","30","32","34","38","39","43","722","T8"],"angle":77.3,"mi":1}},{"type":"Feature","geometry":{"type":"Point","coordinates":[21.938114,47.058473]},"properties":{"lines":"11, 17, 29, 30, 32, 34, 38, 39, T8","color":"#0059a9","mode":"bus","arr":["11","17","29","30","32","34","38","39","T8"],"angle":-41.4,"mi":5}},{"type":"Feature","geometry":{"type":"Point","coordinates":[21.936685,47.057671]},"properties":{"lines":"11, 17, 29, 30, 32, 34, 38, 39, T8","color":"#0059a9","mode":"bus","arr":["11","17","29","30","32","34","38","39","T8"],"angle":-35.6,"extra":1,"ei":0}},{"type":"Feature","geometry":{"type":"Point","coordinates":[21.935648,47.057918]},"properties":{"lines":"11, 17, 29, 30, 32, 34, 38, 39, T8","color":"#0059a9","mode":"bus","arr":["11","17","29","30","32","34","38","39","T8"],"angle":47.3,"mi":3}},{"type":"Feature","geometry":{"type":"Point","coordinates":[21.932028,47.061919]},"properties":{"lines":"11, 17, 29, 30, 32, 34, 38, 39, T8","color":"#0059a9","mode":"bus","arr":["11","17","29","30","32","34","38","39","T8"],"angle":58.8}},{"type":"Feature","geometry":{"type":"Point","coordinates":[21.934432,47.059221]},"properties":{"lines":"11, 17, 29, 30, 32, 34, 38, 39, T8","color":"#0059a9","mode":"bus","arr":["11","17","29","30","32","34","38","39","T8"],"angle":58.9,"extra":1,"ei":0}},{"type":"Feature","geometry":{"type":"Point","coordinates":[21.933017,47.060845]},"properties":{"lines":"11, 17, 29, 30, 32, 34, 38, 39, T8","color":"#0059a9","mode":"bus","arr":["11","17","29","30","32","34","38","39","T8"],"angle":59.3,"extra":1,"ei":1}},{"type":"Feature","geometry":{"type":"Point","coordinates":[21.930349,47.064151]},"properties":{"lines":"11, 17, 29, 30, 32, 34, 38, 39, T8","color":"#0059a9","mode":"bus","arr":["11","17","29","30","32","34","38","39","T8"],"angle":62.5,"extra":1,"ei":2}},{"type":"Feature","geometry":{"type":"Point","coordinates":[21.92958,47.065823]},"properties":{"lines":"11, 17, 29, 30, 32, 34, 38, 39, T8","color":"#0059a9","mode":"bus","arr":["11","17","29","30","32","34","38","39","T8"],"angle":-49.1,"mi":1}},{"type":"Feature","geometry":{"type":"Point","coordinates":[21.930379,47.066532]},"properties":{"lines":"11, 17, 29, 30, 32, 34, 38, 39, T8","color":"#0059a9","mode":"bus","arr":["11","17","29","30","32","34","38","39","T8"],"angle":-51.9,"mi":2}},{"type":"Feature","geometry":{"type":"Point","coordinates":[21.928115,47.06801]},"properties":{"lines":"11, 17, 29, 30, 32, 34, 38, 39, T8","color":"#0059a9","mode":"bus","arr":["11","17","29","30","32","34","38","39","T8"],"angle":29.4,"mi":4}},{"type":"Feature","geometry":{"type":"Point","coordinates":[21.929658,47.067424]},"properties":{"lines":"11, 17, 29, 30, 32, 34, 38, 39, T8","color":"#0059a9","mode":"bus","arr":["11","17","29","30","32","34","38","39","T8"],"angle":29,"extra":1,"ei":0}},{"type":"Feature","geometry":{"type":"Point","coordinates":[21.92504,47.069622]},"properties":{"lines":"11, 29, 30, 32, 39, T8, T9","color":"#0059a9","mode":"bus","arr":["11","29","30","32","39","T8","T9"],"angle":61.8}},{"type":"Feature","geometry":{"type":"Point","coordinates":[21.925358,47.071442]},"properties":{"lines":"11, 29, 30, 32, 39, 721, T8, T9","color":"#0059a9","mode":"bus","arr":["11","29","30","32","39","721","T8","T9"],"angle":-56.5,"side":-1}},{"type":"Feature","geometry":{"type":"Point","coordinates":[21.92535,47.071686]},"properties":{"lines":"11, 29, 30, 32, 39, 721, T9","color":"#0059a9","mode":"bus","arr":["11","29","30","32","39","721","T9"],"angle":33.9}},{"type":"Feature","geometry":{"type":"Point","coordinates":[21.927345,47.074486]},"properties":{"lines":"11, 29, 30, 32, 39","color":"#0059a9","mode":"bus","arr":["11","29","30","32","39"],"angle":-35,"side":-1}},{"type":"Feature","geometry":{"type":"Point","coordinates":[21.92584,47.073764]},"properties":{"lines":"11, 29, 30, 32, 39","color":"#0059a9","mode":"bus","arr":["11","29","30","32","39"],"angle":-34.7,"extra":1,"ei":0,"side":-1}},{"type":"Feature","geometry":{"type":"Point","coordinates":[21.929202,47.076232]},"properties":{"lines":"11, 18, 22, 29, 30, 32, 39","color":"#0059a9","mode":"bus","arr":["11","18","22","29","30","32","39"],"angle":40.7}},{"type":"Feature","geometry":{"type":"Point","coordinates":[21.92949,47.077478]},"properties":{"lines":"35","color":"#0059a9","mode":"bus","arr":["35"],"angle":-47.4}},{"type":"Feature","geometry":{"type":"Point","coordinates":[21.925134,47.078941]},"properties":{"lines":"11, 18, 22, 29, 30, 32, 35, 39","color":"#0059a9","mode":"bus","arr":["11","18","22","29","30","32","35","39"],"angle":43.9}},{"type":"Feature","geometry":{"type":"Point","coordinates":[21.927469,47.077371]},"properties":{"lines":"11, 18, 22, 29, 30, 32, 35, 39","color":"#0059a9","mode":"bus","arr":["11","18","22","29","30","32","35","39"],"angle":46,"extra":1,"ei":0}},{"type":"Feature","geometry":{"type":"Point","coordinates":[21.923484,47.079997]},"properties":{"lines":"11, 18, 22, 29, 30, 32, 35, 39","color":"#0059a9","mode":"bus","arr":["11","18","22","29","30","32","35","39"],"angle":42.8,"extra":1,"ei":1}},{"type":"Feature","geometry":{"type":"Point","coordinates":[21.920899,47.081655]},"properties":{"lines":"11, 18, 22, 29, 721","color":"#0059a9","mode":"bus","arr":["11","18","22","29","721"],"angle":46.5}},{"type":"Feature","geometry":{"type":"Point","coordinates":[21.91883,47.082994]},"properties":{"lines":"11, 18, 22, 721","color":"#0059a9","mode":"bus","arr":["11","18","22","721"],"angle":-28.4,"mi":1}},{"type":"Feature","geometry":{"type":"Point","coordinates":[21.917546,47.083867]},"properties":{"lines":"11, 18, 22, 721","color":"#0059a9","mode":"bus","arr":["11","18","22","721"],"angle":47.6}},{"type":"Feature","geometry":{"type":"Point","coordinates":[21.91655,47.085188]},"properties":{"lines":"11, 18, 22, 721","color":"#0059a9","mode":"bus","arr":["11","18","22","721"],"angle":44.7,"mi":2}},{"type":"Feature","geometry":{"type":"Point","coordinates":[21.903131,47.094672]},"properties":{"lines":"11, 22, 35","color":"#0059a9","mode":"bus","arr":["11","22","35"],"angle":48.4}},{"type":"Feature","geometry":{"type":"Point","coordinates":[21.895382,47.10281]},"properties":{"lines":"11, 22, 35","color":"#0059a9","mode":"bus","arr":["11","22","35"],"angle":18.5,"extra":1,"ei":0}},{"type":"Feature","geometry":{"type":"Point","coordinates":[21.898004,47.102198]},"properties":{"lines":"11, 22, 35","color":"#0059a9","mode":"bus","arr":["11","22","35"],"angle":19.6,"extra":1,"ei":1}},{"type":"Feature","geometry":{"type":"Point","coordinates":[21.900366,47.101412]},"properties":{"lines":"11, 22, 35","color":"#0059a9","mode":"bus","arr":["11","22","35"],"angle":63.7,"extra":1,"ei":2}},{"type":"Feature","geometry":{"type":"Point","coordinates":[21.901535,47.099699]},"properties":{"lines":"11, 22, 35","color":"#0059a9","mode":"bus","arr":["11","22","35"],"angle":63.9,"extra":1,"ei":3}},{"type":"Feature","geometry":{"type":"Point","coordinates":[21.90265,47.097989]},"properties":{"lines":"11, 22, 35","color":"#0059a9","mode":"bus","arr":["11","22","35"],"angle":-77.6,"extra":1,"ei":4}},{"type":"Feature","geometry":{"type":"Point","coordinates":[21.901449,47.096437]},"properties":{"lines":"11, 22, 35","color":"#0059a9","mode":"bus","arr":["11","22","35"],"angle":79.7,"extra":1,"ei":5}},{"type":"Feature","geometry":{"type":"Point","coordinates":[21.904663,47.093407]},"properties":{"lines":"11, 22, 35","color":"#0059a9","mode":"bus","arr":["11","22","35"],"angle":49.8,"extra":1,"ei":6}},{"type":"Feature","geometry":{"type":"Point","coordinates":[21.906442,47.091959]},"properties":{"lines":"11, 22, 35","color":"#0059a9","mode":"bus","arr":["11","22","35"],"angle":51.4,"extra":1,"ei":7}},{"type":"Feature","geometry":{"type":"Point","coordinates":[21.908079,47.090436]},"properties":{"lines":"11, 22, 35","color":"#0059a9","mode":"bus","arr":["11","22","35"],"angle":56.6,"extra":1,"ei":8}},{"type":"Feature","geometry":{"type":"Point","coordinates":[21.909815,47.088975]},"properties":{"lines":"11, 22, 35","color":"#0059a9","mode":"bus","arr":["11","22","35"],"angle":44.4,"extra":1,"ei":9}},{"type":"Feature","geometry":{"type":"Point","coordinates":[21.911803,47.087658]},"properties":{"lines":"11, 22, 35","color":"#0059a9","mode":"bus","arr":["11","22","35"],"angle":43.3,"extra":1,"ei":10}},{"type":"Feature","geometry":{"type":"Point","coordinates":[21.913795,47.086346]},"properties":{"lines":"11, 22, 35","color":"#0059a9","mode":"bus","arr":["11","22","35"],"angle":44.3,"extra":1,"ei":11}},{"type":"Feature","geometry":{"type":"Point","coordinates":[21.887038,47.103435]},"properties":{"lines":"11","color":"#0059a9","mode":"bus","arr":["11"],"angle":-0.4}},{"type":"Feature","geometry":{"type":"Point","coordinates":[21.881549,47.103427]},"properties":{"lines":"11","color":"#0059a9","mode":"bus","arr":["11"],"angle":-0.1,"extra":1,"ei":0}},{"type":"Feature","geometry":{"type":"Point","coordinates":[21.884321,47.103428]},"properties":{"lines":"11","color":"#0059a9","mode":"bus","arr":["11"],"angle":0.1,"extra":1,"ei":1}},{"type":"Feature","geometry":{"type":"Point","coordinates":[21.889865,47.103435]},"properties":{"lines":"11","color":"#0059a9","mode":"bus","arr":["11"],"angle":0.1,"extra":1,"ei":2}},{"type":"Feature","geometry":{"type":"Point","coordinates":[21.892623,47.103328]},"properties":{"lines":"11","color":"#0059a9","mode":"bus","arr":["11"],"angle":12.7,"extra":1,"ei":3}},{"type":"Feature","geometry":{"type":"Point","coordinates":[21.879012,47.101577]},"properties":{"lines":"11","color":"#0059a9","mode":"bus","arr":["11"],"angle":-66.9,"mi":1}},{"type":"Feature","geometry":{"type":"Point","coordinates":[21.926883,47.074564]},"properties":{"lines":"11, 22, 32, 39","color":"#0059a9","mode":"bus","arr":["11","22","32","39"],"angle":-37.3}},{"type":"Feature","geometry":{"type":"Point","coordinates":[21.928268,47.075267]},"properties":{"lines":"11, 22, 32, 39","color":"#0059a9","mode":"bus","arr":["11","22","32","39"],"angle":-35.8,"extra":1,"ei":0}},{"type":"Feature","geometry":{"type":"Point","coordinates":[21.924767,47.069722]},"properties":{"lines":"11, 19, 22, 32, 39, T8, T9","color":"#0059a9","mode":"bus","arr":["11","19","22","32","39","T8","T9"],"angle":-51.8}},{"type":"Feature","geometry":{"type":"Point","coordinates":[21.924258,47.069441]},"properties":{"lines":"11, 19, 32, 39, T8, T9","color":"#0059a9","mode":"bus","arr":["11","19","32","39","T8","T9"],"angle":-68.7,"side":-1}},{"type":"Feature","geometry":{"type":"Point","coordinates":[21.924991,47.068965]},"properties":{"lines":"11, 17, 26, 27, 27P, 32, 34, 38, 39, 611, 612, T8","color":"#0059a9","mode":"bus","arr":["11","17","26","27","27P","32","34","38","39","611","612","T8"],"angle":14.7}},{"type":"Feature","geometry":{"type":"Point","coordinates":[21.925968,47.068795]},"properties":{"lines":"11, 17, 32, 34, 38, 39, T8","color":"#0059a9","mode":"bus","arr":["11","17","32","34","38","39","T8"],"angle":22,"side":-1,"mi":2}},{"type":"Feature","geometry":{"type":"Point","coordinates":[21.929533,47.066371]},"properties":{"lines":"11, 17, 32, 34, 38, 39, T8","color":"#0059a9","mode":"bus","arr":["11","17","32","34","38","39","T8"],"angle":-17.7,"mi":1}},{"type":"Feature","geometry":{"type":"Point","coordinates":[21.930294,47.061604]},"properties":{"lines":"11, 17, 32, 34, 38, 39, T8","color":"#0059a9","mode":"bus","arr":["11","17","32","34","38","39","T8"],"angle":58.4}},{"type":"Feature","geometry":{"type":"Point","coordinates":[21.928811,47.06525]},"properties":{"lines":"11, 17, 32, 34, 38, 39, T8","color":"#0059a9","mode":"bus","arr":["11","17","32","34","38","39","T8"],"angle":85.2,"extra":1,"ei":0}},{"type":"Feature","geometry":{"type":"Point","coordinates":[21.929032,47.063369]},"properties":{"lines":"11, 17, 32, 34, 38, 39, T8","color":"#0059a9","mode":"bus","arr":["11","17","32","34","38","39","T8"],"angle":77.7,"extra":1,"ei":1}},{"type":"Feature","geometry":{"type":"Point","coordinates":[21.931732,47.060083]},"properties":{"lines":"11, 17, 32, 34, 38, 39, T8","color":"#0059a9","mode":"bus","arr":["11","17","32","34","38","39","T8"],"angle":56.5,"extra":1,"ei":2}},{"type":"Feature","geometry":{"type":"Point","coordinates":[21.933271,47.058514]},"properties":{"lines":"11, 17, 32, 34, 38, 39, T8","color":"#0059a9","mode":"bus","arr":["11","17","32","34","38","39","T8"],"angle":53.4,"extra":1,"ei":3}},{"type":"Feature","geometry":{"type":"Point","coordinates":[21.935125,47.057699]},"properties":{"lines":"11, 17, 32, 34, 38, 39, T8","color":"#0059a9","mode":"bus","arr":["11","17","32","34","38","39","T8"],"angle":37.3,"mi":3}},{"type":"Feature","geometry":{"type":"Point","coordinates":[21.93789,47.056725]},"properties":{"lines":"11, 34, 38, 39","color":"#0059a9","mode":"bus","arr":["11","34","38","39"],"angle":26.1}},{"type":"Feature","geometry":{"type":"Point","coordinates":[21.939601,47.056201]},"properties":{"lines":"11, 34, 38, 39","color":"#0059a9","mode":"bus","arr":["11","34","38","39"],"angle":35.9,"extra":1,"ei":0,"side":-1}},{"type":"Feature","geometry":{"type":"Point","coordinates":[21.939822,47.055545]},"properties":{"lines":"11, 13, 15, 17, 28, 32, 34, 38, 39, 43, 722, T8","color":"#0059a9","mode":"bus","arr":["11","13","15","17","28","32","34","38","39","43","722","T8"],"angle":-88.1}},{"type":"Feature","geometry":{"type":"Point","coordinates":[21.960387,47.025491]},"properties":{"lines":"12","color":"#0059a9","mode":"bus","arr":["12"],"angle":-23.1}},{"type":"Feature","geometry":{"type":"Point","coordinates":[21.959395,47.025193]},"properties":{"lines":"12","color":"#0059a9","mode":"bus","arr":["12"],"angle":20.9,"mi":1}},{"type":"Feature","geometry":{"type":"Point","coordinates":[21.956385,47.02897]},"properties":{"lines":"12","color":"#0059a9","mode":"bus","arr":["12"],"angle":-72,"side":-1,"mi":3}},{"type":"Feature","geometry":{"type":"Point","coordinates":[21.961517,47.026651]},"properties":{"lines":"12","color":"#0059a9","mode":"bus","arr":["12"],"angle":-16.2,"mi":2}},{"type":"Feature","geometry":{"type":"Point","coordinates":[21.958827,47.02571]},"properties":{"lines":"12, 511, 512, 513, 514, 515, 516, 517","color":"#0059a9","mode":"bus","arr":["12","511","512","513","514","515","516","517"],"angle":74.9}},{"type":"Feature","geometry":{"type":"Point","coordinates":[21.957227,47.027635]},"properties":{"lines":"12, 25, 511, 512, 513, 514, 515, 516, 517, 531","color":"#0059a9","mode":"bus","arr":["12","25","511","512","513","514","515","516","517","531"],"angle":61.2}},{"type":"Feature","geometry":{"type":"Point","coordinates":[21.958064,47.026557]},"properties":{"lines":"12, 25, 511, 512, 513, 514, 515, 516, 517, 531","color":"#0059a9","mode":"bus","arr":["12","25","511","512","513","514","515","516","517","531"],"angle":68,"extra":1,"ei":0}},{"type":"Feature","geometry":{"type":"Point","coordinates":[21.957539,47.029555]},"properties":{"lines":"12, 31, 33, 33E, 38, 41","color":"#0059a9","mode":"bus","arr":["12","31","33","33E","38","41"],"angle":-24}},{"type":"Feature","geometry":{"type":"Point","coordinates":[21.958254,47.032732]},"properties":{"lines":"12, 31, 33, 33E, 38, 41","color":"#0059a9","mode":"bus","arr":["12","31","33","33E","38","41"],"angle":81.5,"mi":1}},{"type":"Feature","geometry":{"type":"Point","coordinates":[21.958475,47.031048]},"properties":{"lines":"12, 31, 33, 33E, 38, 41","color":"#0059a9","mode":"bus","arr":["12","31","33","33E","38","41"],"angle":89.5,"extra":1,"ei":0}},{"type":"Feature","geometry":{"type":"Point","coordinates":[21.957246,47.034689]},"properties":{"lines":"12, 31, 33, 33E, 38, 41","color":"#0059a9","mode":"bus","arr":["12","31","33","33E","38","41"],"angle":60.4,"extra":1,"ei":1}},{"type":"Feature","geometry":{"type":"Point","coordinates":[21.956855,47.035174]},"properties":{"lines":"12, 31, 38, 41","color":"#0059a9","mode":"bus","arr":["12","31","38","41"],"angle":-47.1}},{"type":"Feature","geometry":{"type":"Point","coordinates":[21.955877,47.035888]},"properties":{"lines":"12, 38, 41","color":"#0059a9","mode":"bus","arr":["12","38","41"],"angle":14.9,"mi":2}},{"type":"Feature","geometry":{"type":"Point","coordinates":[21.955035,47.036548]},"properties":{"lines":"12, 38, 41","color":"#0059a9","mode":"bus","arr":["12","38","41"],"angle":53.8,"mi":1}},{"type":"Feature","geometry":{"type":"Point","coordinates":[21.955518,47.038095]},"properties":{"lines":"12, 38, 41","color":"#0059a9","mode":"bus","arr":["12","38","41"],"angle":-50.1}},{"type":"Feature","geometry":{"type":"Point","coordinates":[21.955462,47.041353]},"properties":{"lines":"12, 38, 41","color":"#0059a9","mode":"bus","arr":["12","38","41"],"angle":-77.1,"mi":3}},{"type":"Feature","geometry":{"type":"Point","coordinates":[21.955144,47.040026]},"properties":{"lines":"12, 38, 41","color":"#0059a9","mode":"bus","arr":["12","38","41"],"angle":82.4,"extra":1,"ei":0}},{"type":"Feature","geometry":{"type":"Point","coordinates":[21.939337,47.048912]},"properties":{"lines":"12, 17, 34, 36, 39, 41","color":"#0059a9","mode":"bus","arr":["12","17","34","36","39","41"],"angle":38.2}},{"type":"Feature","geometry":{"type":"Point","coordinates":[21.938369,47.049427]},"properties":{"lines":"12, 13, 15, 36, 41","color":"#0059a9","mode":"bus","arr":["12","13","15","36","41"],"angle":-7.7}},{"type":"Feature","geometry":{"type":"Point","coordinates":[21.935132,47.050933]},"properties":{"lines":"12, 16T, 36, 41","color":"#0059a9","mode":"bus","arr":["12","16T","36","41"],"angle":15.1}},{"type":"Feature","geometry":{"type":"Point","coordinates":[21.936955,47.050371]},"properties":{"lines":"12, 16T, 36, 41","color":"#0059a9","mode":"bus","arr":["12","16T","36","41"],"angle":57.3,"extra":1,"ei":0}},{"type":"Feature","geometry":{"type":"Point","coordinates":[21.931792,47.051537]},"properties":{"lines":"12, 16T, 36, 41","color":"#0059a9","mode":"bus","arr":["12","16T","36","41"],"angle":14.3,"extra":1,"ei":1}},{"type":"Feature","geometry":{"type":"Point","coordinates":[21.932045,47.052162]},"properties":{"lines":"12, 16T, 36","color":"#0059a9","mode":"bus","arr":["12","16T","36"],"angle":-73}},{"type":"Feature","geometry":{"type":"Point","coordinates":[21.927331,47.051978]},"properties":{"lines":"12, 14, 14P, 30","color":"#0059a9","mode":"bus","arr":["12","14","14P","30"],"angle":-66.7}},{"type":"Feature","geometry":{"type":"Point","coordinates":[21.927685,47.049812]},"properties":{"lines":"12, 23, 31, 36, 37","color":"#0059a9","mode":"bus","arr":["12","23","31","36","37"],"angle":27.2}},{"type":"Feature","geometry":{"type":"Point","coordinates":[21.931676,47.046854]},"properties":{"lines":"12, 23, 31, 36, 37, 41","color":"#0059a9","mode":"bus","arr":["12","23","31","36","37","41"],"angle":57.5}},{"type":"Feature","geometry":{"type":"Point","coordinates":[21.93003,47.048621]},"properties":{"lines":"12, 23, 31, 36, 37, 41","color":"#0059a9","mode":"bus","arr":["12","23","31","36","37","41"],"angle":57.1,"extra":1,"ei":0}},{"type":"Feature","geometry":{"type":"Point","coordinates":[21.932985,47.045425]},"properties":{"lines":"12, 23, 31, 36, 37, 41","color":"#0059a9","mode":"bus","arr":["12","23","31","36","37","41"],"angle":58.1,"extra":1,"ei":1}},{"type":"Feature","geometry":{"type":"Point","coordinates":[21.937224,47.046537]},"properties":{"lines":"12, 36, 41","color":"#0059a9","mode":"bus","arr":["12","36","41"],"angle":-59.9}},{"type":"Feature","geometry":{"type":"Point","coordinates":[21.935979,47.045093]},"properties":{"lines":"12, 36, 41","color":"#0059a9","mode":"bus","arr":["12","36","41"],"angle":-59.3,"extra":1,"ei":0}},{"type":"Feature","geometry":{"type":"Point","coordinates":[21.938776,47.048354]},"properties":{"lines":"12, 36, 41","color":"#0059a9","mode":"bus","arr":["12","36","41"],"angle":-59.8,"extra":1,"ei":1}},{"type":"Feature","geometry":{"type":"Point","coordinates":[21.968813,47.067723]},"properties":{"lines":"13","color":"#0059a9","mode":"bus","arr":["13"],"angle":-19}},{"type":"Feature","geometry":{"type":"Point","coordinates":[21.966025,47.066849]},"properties":{"lines":"13","color":"#0059a9","mode":"bus","arr":["13"],"angle":-35.7,"extra":1,"ei":0}},{"type":"Feature","geometry":{"type":"Point","coordinates":[21.970788,47.068658]},"properties":{"lines":"13","color":"#0059a9","mode":"bus","arr":["13"],"angle":-51.5,"extra":1,"ei":1}},{"type":"Feature","geometry":{"type":"Point","coordinates":[21.945916,47.062311]},"properties":{"lines":"13, 722","color":"#0059a9","mode":"bus","arr":["13","722"],"angle":-39.1,"mi":3}},{"type":"Feature","geometry":{"type":"Point","coordinates":[21.959001,47.065493]},"properties":{"lines":"13, 722","color":"#0059a9","mode":"bus","arr":["13","722"],"angle":-10.9,"mi":2}},{"type":"Feature","geometry":{"type":"Point","coordinates":[21.963655,47.066045]},"properties":{"lines":"13, 722","color":"#0059a9","mode":"bus","arr":["13","722"],"angle":9.5,"extra":1,"ei":0}},{"type":"Feature","geometry":{"type":"Point","coordinates":[21.960969,47.065845]},"properties":{"lines":"13, 722","color":"#0059a9","mode":"bus","arr":["13","722"],"angle":-19.5,"extra":1,"ei":1}},{"type":"Feature","geometry":{"type":"Point","coordinates":[21.955641,47.064849]},"properties":{"lines":"13, 722","color":"#0059a9","mode":"bus","arr":["13","722"],"angle":-24.9,"extra":1,"ei":2}},{"type":"Feature","geometry":{"type":"Point","coordinates":[21.951354,47.063869]},"properties":{"lines":"13, 722","color":"#0059a9","mode":"bus","arr":["13","722"],"angle":-16.5,"extra":1,"ei":0}},{"type":"Feature","geometry":{"type":"Point","coordinates":[21.948672,47.063402]},"properties":{"lines":"13, 722","color":"#0059a9","mode":"bus","arr":["13","722"],"angle":-20.7,"extra":1,"ei":1}},{"type":"Feature","geometry":{"type":"Point","coordinates":[21.943935,47.061496]},"properties":{"lines":"13, 722","color":"#0059a9","mode":"bus","arr":["13","722"],"angle":-40,"extra":1,"ei":2}},{"type":"Feature","geometry":{"type":"Point","coordinates":[21.941977,47.06016]},"properties":{"lines":"13, 722","color":"#0059a9","mode":"bus","arr":["13","722"],"angle":-46.5,"extra":1,"ei":3}},{"type":"Feature","geometry":{"type":"Point","coordinates":[21.95627,47.06589]},"properties":{"lines":"13, 722","color":"#0059a9","mode":"bus","arr":["13","722"],"angle":-23.8,"mi":1}},{"type":"Feature","geometry":{"type":"Point","coordinates":[21.959254,47.065981]},"properties":{"lines":"13, 722","color":"#0059a9","mode":"bus","arr":["13","722"],"angle":13.5,"extra":1,"ei":0}},{"type":"Feature","geometry":{"type":"Point","coordinates":[21.954046,47.065192]},"properties":{"lines":"13, 722","color":"#0059a9","mode":"bus","arr":["13","722"],"angle":-15.4,"extra":1,"ei":1}},{"type":"Feature","geometry":{"type":"Point","coordinates":[21.952573,47.064387]},"properties":{"lines":"13, 722","color":"#0059a9","mode":"bus","arr":["13","722"],"angle":25.6}},{"type":"Feature","geometry":{"type":"Point","coordinates":[21.940016,47.05769]},"properties":{"lines":"13, 15, 17, 28, 32, 43, 722, T8","color":"#0059a9","mode":"bus","arr":["13","15","17","28","32","43","722","T8"],"angle":-87.7}},{"type":"Feature","geometry":{"type":"Point","coordinates":[21.939921,47.053829]},"properties":{"lines":"13, 15, 16T, 17, 32, 38","color":"#0059a9","mode":"bus","arr":["13","15","16T","17","32","38"],"angle":-16.4,"side":-1}},{"type":"Feature","geometry":{"type":"Point","coordinates":[21.939447,47.053377]},"properties":{"lines":"13, 15","color":"#0059a9","mode":"bus","arr":["13","15"],"angle":-69.4,"side":-1}},{"type":"Feature","geometry":{"type":"Point","coordinates":[21.939246,47.053146]},"properties":{"lines":"13, 15, 17, 34, 39, 722","color":"#0059a9","mode":"bus","arr":["13","15","17","34","39","722"],"angle":-76.8,"mi":1}},{"type":"Feature","geometry":{"type":"Point","coordinates":[21.938569,47.050276]},"properties":{"lines":"13, 15, 17, 34, 39, 722","color":"#0059a9","mode":"bus","arr":["13","15","17","34","39","722"],"angle":-86.8,"side":-1}},{"type":"Feature","geometry":{"type":"Point","coordinates":[21.920796,47.043969]},"properties":{"lines":"14, 14P, 30, 33, 33E","color":"#0059a9","mode":"bus","arr":["14","14P","30","33","33E"],"angle":-59.3}},{"type":"Feature","geometry":{"type":"Point","coordinates":[21.924142,47.047842]},"properties":{"lines":"14, 14P, 30, 33, 33E","color":"#0059a9","mode":"bus","arr":["14","14P","30","33","33E"],"angle":-66.9,"mi":1}},{"type":"Feature","geometry":{"type":"Point","coordinates":[21.923005,47.046525]},"properties":{"lines":"14, 14P, 30, 33, 33E","color":"#0059a9","mode":"bus","arr":["14","14P","30","33","33E"],"angle":-57.6,"extra":1,"ei":0}},{"type":"Feature","geometry":{"type":"Point","coordinates":[21.925408,47.049915]},"properties":{"lines":"14, 14P, 30, 33, 33E","color":"#0059a9","mode":"bus","arr":["14","14P","30","33","33E"],"angle":-60.3,"extra":1,"ei":1,"side":-1}},{"type":"Feature","geometry":{"type":"Point","coordinates":[21.924268,47.058432]},"properties":{"lines":"14, 14P, 42","color":"#0059a9","mode":"bus","arr":["14","14P","42"],"angle":36.9}},{"type":"Feature","geometry":{"type":"Point","coordinates":[21.927376,47.056732]},"properties":{"lines":"14, 14P, 42","color":"#0059a9","mode":"bus","arr":["14","14P","42"],"angle":46.1,"extra":1,"ei":0}},{"type":"Feature","geometry":{"type":"Point","coordinates":[21.920666,47.060053]},"properties":{"lines":"14, 14P, 42","color":"#0059a9","mode":"bus","arr":["14","14P","42"],"angle":29.4,"extra":1,"ei":1}},{"type":"Feature","geometry":{"type":"Point","coordinates":[21.918623,47.060834]},"properties":{"lines":"14, 14P","color":"#0059a9","mode":"bus","arr":["14","14P"],"angle":29.6}},{"type":"Feature","geometry":{"type":"Point","coordinates":[21.913189,47.062716]},"properties":{"lines":"14, 14P","color":"#0059a9","mode":"bus","arr":["14","14P"],"angle":28.3,"mi":1}},{"type":"Feature","geometry":{"type":"Point","coordinates":[21.91504,47.06206]},"properties":{"lines":"14, 14P, 29, 30","color":"#0059a9","mode":"bus","arr":["14","14P","29","30"],"angle":25.3}},{"type":"Feature","geometry":{"type":"Point","coordinates":[21.912612,47.063329]},"properties":{"lines":"14, 14P, 31, 33E, 33P, 37","color":"#0059a9","mode":"bus","arr":["14","14P","31","33E","33P","37"],"angle":-89.4,"side":-1}},{"type":"Feature","geometry":{"type":"Point","coordinates":[21.910571,47.064603]},"properties":{"lines":"14, 14P, 29, 30, 31, 33E, 33P, 37","color":"#0059a9","mode":"bus","arr":["14","14P","29","30","31","33E","33P","37"],"angle":35.8}},{"type":"Feature","geometry":{"type":"Point","coordinates":[21.912143,47.063832]},"properties":{"lines":"14, 14P, 29, 30, 31, 33E, 33P, 37","color":"#0059a9","mode":"bus","arr":["14","14P","29","30","31","33E","33P","37"],"angle":38.5,"extra":1,"ei":0}},{"type":"Feature","geometry":{"type":"Point","coordinates":[21.905521,47.066964]},"properties":{"lines":"14, 14P, 19, 29, 30, 31, 33E, 33P, 37","color":"#0059a9","mode":"bus","arr":["14","14P","19","29","30","31","33E","33P","37"],"angle":33.1}},{"type":"Feature","geometry":{"type":"Point","coordinates":[21.907607,47.066003]},"properties":{"lines":"14, 14P, 19, 29, 30, 31, 33E, 33P, 37","color":"#0059a9","mode":"bus","arr":["14","14P","19","29","30","31","33E","33P","37"],"angle":34.6,"extra":1,"ei":0}},{"type":"Feature","geometry":{"type":"Point","coordinates":[21.903019,47.068123]},"properties":{"lines":"14, 14P, 19, 29, 30, 31, 33E, 33P, 37","color":"#0059a9","mode":"bus","arr":["14","14P","19","29","30","31","33E","33P","37"],"angle":34.9,"extra":1,"ei":1}},{"type":"Feature","geometry":{"type":"Point","coordinates":[21.902111,47.068851]},"properties":{"lines":"14, 14P, 19, 37","color":"#0059a9","mode":"bus","arr":["14","14P","19","37"],"angle":89.9}},{"type":"Feature","geometry":{"type":"Point","coordinates":[21.904469,47.071181]},"properties":{"lines":"14, 14P, 19, 31, 33E, 33P, 37","color":"#0059a9","mode":"bus","arr":["14","14P","19","31","33E","33P","37"],"angle":-43.9,"side":-1}},{"type":"Feature","geometry":{"type":"Point","coordinates":[21.902837,47.069973]},"properties":{"lines":"14, 14P, 19, 31, 33E, 33P, 37","color":"#0059a9","mode":"bus","arr":["14","14P","19","31","33E","33P","37"],"angle":-58,"extra":1,"ei":0,"side":-1}},{"type":"Feature","geometry":{"type":"Point","coordinates":[21.906641,47.072707]},"properties":{"lines":"14, 14P, 19, 31, 33E, 33P, 37","color":"#0059a9","mode":"bus","arr":["14","14P","19","31","33E","33P","37"],"angle":-60,"extra":1,"ei":1,"side":-1}},{"type":"Feature","geometry":{"type":"Point","coordinates":[21.907136,47.073541]},"properties":{"lines":"14, 14P","color":"#0059a9","mode":"bus","arr":["14","14P"],"angle":-73}},{"type":"Feature","geometry":{"type":"Point","coordinates":[21.90835,47.076753]},"properties":{"lines":"14, 14P, 42","color":"#0059a9","mode":"bus","arr":["14","14P","42"],"angle":-58,"side":-1}},{"type":"Feature","geometry":{"type":"Point","coordinates":[21.907715,47.07487]},"properties":{"lines":"14, 14P, 42","color":"#0059a9","mode":"bus","arr":["14","14P","42"],"angle":-81.6,"extra":1,"ei":0,"side":-1}},{"type":"Feature","geometry":{"type":"Point","coordinates":[21.909743,47.078271]},"properties":{"lines":"14, 14P, 42","color":"#0059a9","mode":"bus","arr":["14","14P","42"],"angle":-58,"extra":1,"ei":1,"side":-1}},{"type":"Feature","geometry":{"type":"Point","coordinates":[21.910903,47.079356]},"properties":{"lines":"42","color":"#0059a9","mode":"bus","arr":["42"],"angle":-45.7,"side":-1,"mi":2}},{"type":"Feature","geometry":{"type":"Point","coordinates":[21.907536,47.074676]},"properties":{"lines":"14, 14P, 29, 30, 42, T9","color":"#0059a9","mode":"bus","arr":["14","14P","29","30","42","T9"],"angle":-75,"side":-1}},{"type":"Feature","geometry":{"type":"Point","coordinates":[21.907053,47.073594]},"properties":{"lines":"14, 14P, 29, 30","color":"#0059a9","mode":"bus","arr":["14","14P","29","30"],"angle":-74.1}},{"type":"Feature","geometry":{"type":"Point","coordinates":[21.904195,47.071125]},"properties":{"lines":"14, 14P, 29, 30, 31, 33E, 33P, 37","color":"#0059a9","mode":"bus","arr":["14","14P","29","30","31","33E","33P","37"],"angle":-44.6,"mi":2}},{"type":"Feature","geometry":{"type":"Point","coordinates":[21.906097,47.072409]},"properties":{"lines":"14, 14P, 29, 30, 31, 33E, 33P, 37","color":"#0059a9","mode":"bus","arr":["14","14P","29","30","31","33E","33P","37"],"angle":-48,"extra":1,"ei":0}},{"type":"Feature","geometry":{"type":"Point","coordinates":[21.902409,47.06961]},"properties":{"lines":"14, 14P, 29, 30, 31, 33E, 33P, 37","color":"#0059a9","mode":"bus","arr":["14","14P","29","30","31","33E","33P","37"],"angle":-59.8,"extra":1,"ei":1}},{"type":"Feature","geometry":{"type":"Point","coordinates":[21.912491,47.063313]},"properties":{"lines":"14, 14P, 29, 30, 31, 33E, 33P, 37","color":"#0059a9","mode":"bus","arr":["14","14P","29","30","31","33E","33P","37"],"angle":84.9,"side":-1,"mi":1}},{"type":"Feature","geometry":{"type":"Point","coordinates":[21.913511,47.027665]},"properties":{"lines":"14P, 29, 41","color":"#0059a9","mode":"bus","arr":["14P","29","41"],"angle":-75.7,"mi":4}},{"type":"Feature","geometry":{"type":"Point","coordinates":[21.924407,47.03433]},"properties":{"lines":"14P, 29, 41","color":"#0059a9","mode":"bus","arr":["14P","29","41"],"angle":0.7,"side":-1,"mi":3}},{"type":"Feature","geometry":{"type":"Point","coordinates":[21.912368,47.038042]},"properties":{"lines":"14P, 29, 41","color":"#0059a9","mode":"bus","arr":["14P","29","41"],"angle":67.6,"mi":5}},{"type":"Feature","geometry":{"type":"Point","coordinates":[21.9177,47.036099]},"properties":{"lines":"14P, 29, 41","color":"#0059a9","mode":"bus","arr":["14P","29","41"],"angle":17.4}},{"type":"Feature","geometry":{"type":"Point","coordinates":[21.912699,47.037767]},"properties":{"lines":"14P, 29, 41","color":"#0059a9","mode":"bus","arr":["14P","29","41"],"angle":36.9,"extra":1,"ei":0}},{"type":"Feature","geometry":{"type":"Point","coordinates":[21.91497,47.036698]},"properties":{"lines":"14P, 29, 41","color":"#0059a9","mode":"bus","arr":["14P","29","41"],"angle":22.8,"extra":1,"ei":1}},{"type":"Feature","geometry":{"type":"Point","coordinates":[21.920259,47.035568]},"properties":{"lines":"14P, 29, 41","color":"#0059a9","mode":"bus","arr":["14P","29","41"],"angle":16.5,"extra":1,"ei":2}},{"type":"Feature","geometry":{"type":"Point","coordinates":[21.922924,47.035047]},"properties":{"lines":"14P, 29, 41","color":"#0059a9","mode":"bus","arr":["14P","29","41"],"angle":16.1,"extra":1,"ei":3}},{"type":"Feature","geometry":{"type":"Point","coordinates":[21.922129,47.029314]},"properties":{"lines":"14P, 29, 41","color":"#0059a9","mode":"bus","arr":["14P","29","41"],"angle":-62.5,"mi":1}},{"type":"Feature","geometry":{"type":"Point","coordinates":[21.914955,47.028121]},"properties":{"lines":"14P, 29, 41","color":"#0059a9","mode":"bus","arr":["14P","29","41"],"angle":15.3,"mi":2}},{"type":"Feature","geometry":{"type":"Point","coordinates":[21.924111,47.033386]},"properties":{"lines":"14P, 29, 41","color":"#0059a9","mode":"bus","arr":["14P","29","41"],"angle":-78.4,"extra":1,"ei":0}},{"type":"Feature","geometry":{"type":"Point","coordinates":[21.923482,47.031548]},"properties":{"lines":"14P, 29, 41","color":"#0059a9","mode":"bus","arr":["14P","29","41"],"angle":-72.8,"extra":1,"ei":1}},{"type":"Feature","geometry":{"type":"Point","coordinates":[21.921201,47.028115]},"properties":{"lines":"14P, 29, 41","color":"#0059a9","mode":"bus","arr":["14P","29","41"],"angle":-62.6,"extra":1,"ei":2}},{"type":"Feature","geometry":{"type":"Point","coordinates":[21.919201,47.0273]},"properties":{"lines":"14P, 29, 41","color":"#0059a9","mode":"bus","arr":["14P","29","41"],"angle":16.2,"extra":1,"ei":3}},{"type":"Feature","geometry":{"type":"Point","coordinates":[21.914966,47.04035]},"properties":{"lines":"14P, 30, 41","color":"#0059a9","mode":"bus","arr":["14P","30","41"],"angle":-57.9}},{"type":"Feature","geometry":{"type":"Point","coordinates":[21.918024,47.042169]},"properties":{"lines":"14P, 30, 41","color":"#0059a9","mode":"bus","arr":["14P","30","41"],"angle":0.6,"mi":1}},{"type":"Feature","geometry":{"type":"Point","coordinates":[21.913673,47.039096]},"properties":{"lines":"14P, 41","color":"#0059a9","mode":"bus","arr":["14P","41"],"angle":-45.2}},{"type":"Feature","geometry":{"type":"Point","coordinates":[21.945882,47.055065]},"properties":{"lines":"15, 28, 43","color":"#0059a9","mode":"bus","arr":["15","28","43"],"angle":16.5}},{"type":"Feature","geometry":{"type":"Point","coordinates":[21.941146,47.056026]},"properties":{"lines":"15, 28, 43","color":"#0059a9","mode":"bus","arr":["15","28","43"],"angle":15.4,"mi":1}},{"type":"Feature","geometry":{"type":"Point","coordinates":[21.94393,47.055463]},"properties":{"lines":"15, 28, 43","color":"#0059a9","mode":"bus","arr":["15","28","43"],"angle":16.7,"extra":1,"ei":0}},{"type":"Feature","geometry":{"type":"Point","coordinates":[21.949636,47.054788]},"properties":{"lines":"15","color":"#0059a9","mode":"bus","arr":["15"],"angle":-11.7}},{"type":"Feature","geometry":{"type":"Point","coordinates":[21.953146,47.053683]},"properties":{"lines":"15","color":"#0059a9","mode":"bus","arr":["15"],"angle":37,"mi":1}},{"type":"Feature","geometry":{"type":"Point","coordinates":[21.982343,47.050143]},"properties":{"lines":"15","color":"#0059a9","mode":"bus","arr":["15"],"angle":39.6}},{"type":"Feature","geometry":{"type":"Point","coordinates":[21.956938,47.052817]},"properties":{"lines":"15","color":"#0059a9","mode":"bus","arr":["15"],"angle":28.8,"extra":1,"ei":0}},{"type":"Feature","geometry":{"type":"Point","coordinates":[21.959564,47.052511]},"properties":{"lines":"15","color":"#0059a9","mode":"bus","arr":["15"],"angle":-7.7,"extra":1,"ei":1}},{"type":"Feature","geometry":{"type":"Point","coordinates":[21.962317,47.052694]},"properties":{"lines":"15","color":"#0059a9","mode":"bus","arr":["15"],"angle":3.8,"extra":1,"ei":2}},{"type":"Feature","geometry":{"type":"Point","coordinates":[21.964928,47.052098]},"properties":{"lines":"15","color":"#0059a9","mode":"bus","arr":["15"],"angle":14.5,"extra":1,"ei":3}},{"type":"Feature","geometry":{"type":"Point","coordinates":[21.967684,47.051998]},"properties":{"lines":"15","color":"#0059a9","mode":"bus","arr":["15"],"angle":-0.3,"extra":1,"ei":4}},{"type":"Feature","geometry":{"type":"Point","coordinates":[21.970453,47.05193]},"properties":{"lines":"15","color":"#0059a9","mode":"bus","arr":["15"],"angle":3.7,"extra":1,"ei":5}},{"type":"Feature","geometry":{"type":"Point","coordinates":[21.973132,47.052228]},"properties":{"lines":"15","color":"#0059a9","mode":"bus","arr":["15"],"angle":-26.7,"extra":1,"ei":6}},{"type":"Feature","geometry":{"type":"Point","coordinates":[21.975753,47.052769]},"properties":{"lines":"15","color":"#0059a9","mode":"bus","arr":["15"],"angle":-4.8,"extra":1,"ei":7}},{"type":"Feature","geometry":{"type":"Point","coordinates":[21.978507,47.052741]},"properties":{"lines":"15","color":"#0059a9","mode":"bus","arr":["15"],"angle":12.2,"extra":1,"ei":8}},{"type":"Feature","geometry":{"type":"Point","coordinates":[21.980769,47.051825]},"properties":{"lines":"15","color":"#0059a9","mode":"bus","arr":["15"],"angle":51.7,"extra":1,"ei":9}},{"type":"Feature","geometry":{"type":"Point","coordinates":[21.984798,47.049658]},"properties":{"lines":"15","color":"#0059a9","mode":"bus","arr":["15"],"angle":18.1,"extra":1,"ei":10}},{"type":"Feature","geometry":{"type":"Point","coordinates":[21.987485,47.049596]},"properties":{"lines":"15","color":"#0059a9","mode":"bus","arr":["15"],"angle":-11.5,"extra":1,"ei":11}},{"type":"Feature","geometry":{"type":"Point","coordinates":[21.989995,47.050307]},"properties":{"lines":"15","color":"#0059a9","mode":"bus","arr":["15"],"angle":-39.3,"extra":1,"ei":12}},{"type":"Feature","geometry":{"type":"Point","coordinates":[21.992146,47.051494]},"properties":{"lines":"15","color":"#0059a9","mode":"bus","arr":["15"],"angle":-25.8,"extra":1,"ei":13}},{"type":"Feature","geometry":{"type":"Point","coordinates":[21.99478,47.05204]},"properties":{"lines":"15","color":"#0059a9","mode":"bus","arr":["15"],"angle":-12.9,"extra":1,"ei":14}},{"type":"Feature","geometry":{"type":"Point","coordinates":[21.99739,47.052669]},"properties":{"lines":"15","color":"#0059a9","mode":"bus","arr":["15"],"angle":-16.4,"extra":1,"ei":15}},{"type":"Feature","geometry":{"type":"Point","coordinates":[22.000039,47.052937]},"properties":{"lines":"15","color":"#0059a9","mode":"bus","arr":["15"],"angle":-30,"extra":1,"ei":16}},{"type":"Feature","geometry":{"type":"Point","coordinates":[22.001083,47.054592]},"properties":{"lines":"15","color":"#0059a9","mode":"bus","arr":["15"],"angle":-77.2,"extra":1,"ei":17}},{"type":"Feature","geometry":{"type":"Point","coordinates":[22.001695,47.056434]},"properties":{"lines":"15","color":"#0059a9","mode":"bus","arr":["15"],"angle":-77.2,"extra":1,"ei":18}},{"type":"Feature","geometry":{"type":"Point","coordinates":[22.001828,47.058303]},"properties":{"lines":"15","color":"#0059a9","mode":"bus","arr":["15"],"angle":85.1,"extra":1,"ei":19}},{"type":"Feature","geometry":{"type":"Point","coordinates":[22.012822,47.058998]},"properties":{"lines":"15","color":"#0059a9","mode":"bus","arr":["15"],"angle":-12.8}},{"type":"Feature","geometry":{"type":"Point","coordinates":[22.003297,47.059965]},"properties":{"lines":"15","color":"#0059a9","mode":"bus","arr":["15"],"angle":-19.1,"extra":1,"ei":0}},{"type":"Feature","geometry":{"type":"Point","coordinates":[22.006047,47.059984]},"properties":{"lines":"15","color":"#0059a9","mode":"bus","arr":["15"],"angle":7.5,"extra":1,"ei":1}},{"type":"Feature","geometry":{"type":"Point","coordinates":[22.008502,47.059145]},"properties":{"lines":"15","color":"#0059a9","mode":"bus","arr":["15"],"angle":30.4,"extra":1,"ei":2}},{"type":"Feature","geometry":{"type":"Point","coordinates":[22.011164,47.058693]},"properties":{"lines":"15","color":"#0059a9","mode":"bus","arr":["15"],"angle":-4.9,"extra":1,"ei":3}},{"type":"Feature","geometry":{"type":"Point","coordinates":[22.016482,47.059204]},"properties":{"lines":"15","color":"#0059a9","mode":"bus","arr":["15"],"angle":9.7,"extra":1,"ei":4}},{"type":"Feature","geometry":{"type":"Point","coordinates":[22.018801,47.058283]},"properties":{"lines":"15","color":"#0059a9","mode":"bus","arr":["15"],"angle":22.4,"extra":1,"ei":5}},{"type":"Feature","geometry":{"type":"Point","coordinates":[22.021562,47.058405]},"properties":{"lines":"15","color":"#0059a9","mode":"bus","arr":["15"],"angle":-10.7,"extra":1,"ei":6}},{"type":"Feature","geometry":{"type":"Point","coordinates":[22.028597,47.062084]},"properties":{"lines":"15","color":"#0059a9","mode":"bus","arr":["15"],"angle":-51}},{"type":"Feature","geometry":{"type":"Point","coordinates":[22.024527,47.059546]},"properties":{"lines":"15","color":"#0059a9","mode":"bus","arr":["15"],"angle":-38.2,"extra":1,"ei":0}},{"type":"Feature","geometry":{"type":"Point","coordinates":[22.026518,47.060776]},"properties":{"lines":"15","color":"#0059a9","mode":"bus","arr":["15"],"angle":-20.2,"extra":1,"ei":1}},{"type":"Feature","geometry":{"type":"Point","coordinates":[22.029625,47.063713]},"properties":{"lines":"15","color":"#0059a9","mode":"bus","arr":["15"],"angle":-79.5,"extra":1,"ei":2}},{"type":"Feature","geometry":{"type":"Point","coordinates":[22.030743,47.065431]},"properties":{"lines":"15","color":"#0059a9","mode":"bus","arr":["15"],"angle":-60.8,"extra":1,"ei":3}},{"type":"Feature","geometry":{"type":"Point","coordinates":[21.947954,47.051696]},"properties":{"lines":"16T, 17, 32, 38","color":"#0059a9","mode":"bus","arr":["16T","17","32","38"],"angle":42.9}},{"type":"Feature","geometry":{"type":"Point","coordinates":[21.941592,47.053729]},"properties":{"lines":"16T, 17, 32, 38","color":"#0059a9","mode":"bus","arr":["16T","17","32","38"],"angle":10.5,"extra":1,"ei":0}},{"type":"Feature","geometry":{"type":"Point","coordinates":[21.944346,47.053522]},"properties":{"lines":"16T, 17, 32, 38","color":"#0059a9","mode":"bus","arr":["16T","17","32","38"],"angle":5.1,"extra":1,"ei":1}},{"type":"Feature","geometry":{"type":"Point","coordinates":[21.946605,47.052532]},"properties":{"lines":"16T, 17, 32, 38","color":"#0059a9","mode":"bus","arr":["16T","17","32","38"],"angle":42,"extra":1,"ei":2}},{"type":"Feature","geometry":{"type":"Point","coordinates":[21.950981,47.050272]},"properties":{"lines":"16T, 17, 32, 38","color":"#0059a9","mode":"bus","arr":["16T","17","32","38"],"angle":18.1,"extra":1,"ei":3}},{"type":"Feature","geometry":{"type":"Point","coordinates":[21.953502,47.049501]},"properties":{"lines":"16T, 17, 32, 38","color":"#0059a9","mode":"bus","arr":["16T","17","32","38"],"angle":24.6,"extra":1,"ei":4}},{"type":"Feature","geometry":{"type":"Point","coordinates":[21.956387,47.048519]},"properties":{"lines":"16T, 17, 32, 34, 38","color":"#0059a9","mode":"bus","arr":["16T","17","32","34","38"],"angle":35.7}},{"type":"Feature","geometry":{"type":"Point","coordinates":[21.957603,47.050259]},"properties":{"lines":"16T, 34","color":"#0059a9","mode":"bus","arr":["16T","34"],"angle":88.2,"mi":2}},{"type":"Feature","geometry":{"type":"Point","coordinates":[21.966145,47.045609]},"properties":{"lines":"16T, 34","color":"#0059a9","mode":"bus","arr":["16T","34"],"angle":-34.6}},{"type":"Feature","geometry":{"type":"Point","coordinates":[21.959435,47.050849]},"properties":{"lines":"16T, 34","color":"#0059a9","mode":"bus","arr":["16T","34"],"angle":9.1,"side":-1,"mi":1}},{"type":"Feature","geometry":{"type":"Point","coordinates":[21.961398,47.04946]},"properties":{"lines":"16T, 34","color":"#0059a9","mode":"bus","arr":["16T","34"],"angle":64.6,"extra":1,"ei":0}},{"type":"Feature","geometry":{"type":"Point","coordinates":[21.962698,47.047797]},"properties":{"lines":"16T, 34","color":"#0059a9","mode":"bus","arr":["16T","34"],"angle":52.8,"extra":1,"ei":1}},{"type":"Feature","geometry":{"type":"Point","coordinates":[21.964669,47.046476]},"properties":{"lines":"16T, 34","color":"#0059a9","mode":"bus","arr":["16T","34"],"angle":42.1,"extra":1,"ei":2}},{"type":"Feature","geometry":{"type":"Point","coordinates":[21.973533,47.042351]},"properties":{"lines":"16T, 34","color":"#0059a9","mode":"bus","arr":["16T","34"],"angle":36.7,"mi":4}},{"type":"Feature","geometry":{"type":"Point","coordinates":[21.967391,47.045174]},"properties":{"lines":"16T, 34","color":"#0059a9","mode":"bus","arr":["16T","34"],"angle":25.7,"extra":1,"ei":0}},{"type":"Feature","geometry":{"type":"Point","coordinates":[21.969798,47.04425]},"properties":{"lines":"16T, 34","color":"#0059a9","mode":"bus","arr":["16T","34"],"angle":36.4,"extra":1,"ei":1}},{"type":"Feature","geometry":{"type":"Point","coordinates":[21.972018,47.043119]},"properties":{"lines":"16T, 34","color":"#0059a9","mode":"bus","arr":["16T","34"],"angle":36.9,"extra":1,"ei":2}},{"type":"Feature","geometry":{"type":"Point","coordinates":[21.976462,47.040861]},"properties":{"lines":"16T, 34","color":"#0059a9","mode":"bus","arr":["16T","34"],"angle":36.8,"extra":1,"ei":3}},{"type":"Feature","geometry":{"type":"Point","coordinates":[21.978676,47.039724]},"properties":{"lines":"16T, 34","color":"#0059a9","mode":"bus","arr":["16T","34"],"angle":37.2,"extra":1,"ei":4}},{"type":"Feature","geometry":{"type":"Point","coordinates":[21.983659,47.037213]},"properties":{"lines":"16T","color":"#0059a9","mode":"bus","arr":["16T"],"angle":31.9,"mi":9}},{"type":"Feature","geometry":{"type":"Point","coordinates":[21.992204,47.036483]},"properties":{"lines":"16T","color":"#0059a9","mode":"bus","arr":["16T"],"angle":-3.2}},{"type":"Feature","geometry":{"type":"Point","coordinates":[21.995238,47.036616]},"properties":{"lines":"16T","color":"#0059a9","mode":"bus","arr":["16T"],"angle":-85.9,"mi":1}},{"type":"Feature","geometry":{"type":"Point","coordinates":[21.981683,47.038166]},"properties":{"lines":"16T","color":"#0059a9","mode":"bus","arr":["16T"],"angle":37.6,"extra":1,"ei":0}},{"type":"Feature","geometry":{"type":"Point","coordinates":[21.986389,47.036234]},"properties":{"lines":"16T","color":"#0059a9","mode":"bus","arr":["16T"],"angle":1.9,"extra":1,"ei":1}},{"type":"Feature","geometry":{"type":"Point","coordinates":[21.98979,47.036408]},"properties":{"lines":"16T","color":"#0059a9","mode":"bus","arr":["16T"],"angle":-3.1,"extra":1,"ei":0}},{"type":"Feature","geometry":{"type":"Point","coordinates":[21.989075,47.036151]},"properties":{"lines":"16T","color":"#0059a9","mode":"bus","arr":["16T"],"angle":-85.6,"side":-1,"mi":3}},{"type":"Feature","geometry":{"type":"Point","coordinates":[21.996842,47.037369]},"properties":{"lines":"16T","color":"#0059a9","mode":"bus","arr":["16T"],"angle":-3.4,"mi":4}},{"type":"Feature","geometry":{"type":"Point","coordinates":[21.99064,47.033982]},"properties":{"lines":"16T","color":"#0059a9","mode":"bus","arr":["16T"],"angle":61.4,"mi":2}},{"type":"Feature","geometry":{"type":"Point","coordinates":[21.994557,47.031597]},"properties":{"lines":"16T","color":"#0059a9","mode":"bus","arr":["16T"],"angle":28.9,"mi":7}},{"type":"Feature","geometry":{"type":"Point","coordinates":[21.991495,47.032839]},"properties":{"lines":"16T","color":"#0059a9","mode":"bus","arr":["16T"],"angle":68.3,"extra":1,"ei":0}},{"type":"Feature","geometry":{"type":"Point","coordinates":[21.992926,47.031587]},"properties":{"lines":"16T","color":"#0059a9","mode":"bus","arr":["16T"],"angle":-16.1,"side":-1,"mi":6}},{"type":"Feature","geometry":{"type":"Point","coordinates":[21.998189,47.038255]},"properties":{"lines":"16T","color":"#0059a9","mode":"bus","arr":["16T"],"angle":88.2,"mi":8}},{"type":"Feature","geometry":{"type":"Point","coordinates":[21.998127,47.039575]},"properties":{"lines":"16T","color":"#0059a9","mode":"bus","arr":["16T"],"angle":88,"extra":1,"ei":0}},{"type":"Feature","geometry":{"type":"Point","coordinates":[21.997403,47.036709]},"properties":{"lines":"16T","color":"#0059a9","mode":"bus","arr":["16T"],"angle":0.6,"mi":5}},{"type":"Feature","geometry":{"type":"Point","coordinates":[21.958075,47.050853]},"properties":{"lines":"16T, 34","color":"#0059a9","mode":"bus","arr":["16T","34"],"angle":-22,"mi":3}},{"type":"Feature","geometry":{"type":"Point","coordinates":[21.938589,47.051591]},"properties":{"lines":"16T, 25, 34, 39, 722","color":"#0059a9","mode":"bus","arr":["16T","25","34","39","722"],"angle":-78.1,"side":-1}},{"type":"Feature","geometry":{"type":"Point","coordinates":[21.959204,47.043154]},"properties":{"lines":"17, 32","color":"#0059a9","mode":"bus","arr":["17","32"],"angle":10.8}},{"type":"Feature","geometry":{"type":"Point","coordinates":[21.917809,47.072032]},"properties":{"lines":"17, 26, 27, 27P, 33, 34, 36, 38, 42, 611, 612, RoHu","color":"#0059a9","mode":"bus","arr":["17","26","27","27P","33","34","36","38","42","611","612","RoHu"],"angle":33,"side":-1}},{"type":"Feature","geometry":{"type":"Point","coordinates":[21.922241,47.070143]},"properties":{"lines":"17, 26, 27, 27P, 33, 34, 36, 38, 42, 611, 612, RoHu","color":"#0059a9","mode":"bus","arr":["17","26","27","27P","33","34","36","38","42","611","612","RoHu"],"angle":27.5,"side":-1,"mi":1}},{"type":"Feature","geometry":{"type":"Point","coordinates":[21.91522,47.073262]},"properties":{"lines":"17, 26, 27, 27P, 33, 34, 36, 38, 42, 611, 612, RoHu","color":"#0059a9","mode":"bus","arr":["17","26","27","27P","33","34","36","38","42","611","612","RoHu"],"angle":30.2,"mi":3}},{"type":"Feature","geometry":{"type":"Point","coordinates":[21.925173,47.069383]},"properties":{"lines":"17, 26, 27, 27P, 33, 34, 36, 38, 42, 611, 612, RoHu","color":"#0059a9","mode":"bus","arr":["17","26","27","27P","33","34","36","38","42","611","612","RoHu"],"angle":35.7,"side":-1,"mi":2}},{"type":"Feature","geometry":{"type":"Point","coordinates":[21.917604,47.072249]},"properties":{"lines":"17, 22, 26, 27, 27P, 33, 34, 36, 38, 42, 611, 612, RoHu","color":"#0059a9","mode":"bus","arr":["17","22","26","27","27P","33","34","36","38","42","611","612","RoHu"],"angle":32.7}},{"type":"Feature","geometry":{"type":"Point","coordinates":[21.92245,47.070172]},"properties":{"lines":"17, 22, 26, 27, 27P, 33, 34, 36, 38, 42, 611, 612, RoHu","color":"#0059a9","mode":"bus","arr":["17","22","26","27","27P","33","34","36","38","42","611","612","RoHu"],"angle":28.2,"mi":1}},{"type":"Feature","geometry":{"type":"Point","coordinates":[21.920754,47.070833]},"properties":{"lines":"17, 22, 26, 27, 27P, 33, 34, 36, 38, 42, 611, 612, RoHu","color":"#0059a9","mode":"bus","arr":["17","22","26","27","27P","33","34","36","38","42","611","612","RoHu"],"angle":31.6,"extra":1,"ei":0}},{"type":"Feature","geometry":{"type":"Point","coordinates":[21.916014,47.072935]},"properties":{"lines":"17, 22, 26, 27, 27P, 33, 34, 36, 38, 42, 611, 612, RoHu","color":"#0059a9","mode":"bus","arr":["17","22","26","27","27P","33","34","36","38","42","611","612","RoHu"],"angle":32.8,"extra":1,"ei":0}},{"type":"Feature","geometry":{"type":"Point","coordinates":[21.914034,47.07358]},"properties":{"lines":"17, 26, 27, 27P, 31, 33, 33E, 33P, 34, 36, 37, 38, 42, 611, 612, RoHu","color":"#0059a9","mode":"bus","arr":["17","26","27","27P","31","33","33E","33P","34","36","37","38","42","611","612","RoHu"],"angle":1.8,"side":-1}},{"type":"Feature","geometry":{"type":"Point","coordinates":[21.907418,47.074526]},"properties":{"lines":"17, 26, 27, 27P, 29, 30, 35, 36, 38, 39, 42, T9","color":"#0059a9","mode":"bus","arr":["17","26","27","27P","29","30","35","36","38","39","42","T9"],"angle":29.2}},{"type":"Feature","geometry":{"type":"Point","coordinates":[21.904727,47.075409]},"properties":{"lines":"17, 26, 27, 27P, 31, 32, 33, 33E, 33P, 34, 35, 36, 37, 38, 39, 611, 612, RoHu","color":"#0059a9","mode":"bus","arr":["17","26","27","27P","31","32","33","33E","33P","34","35","36","37","38","39","611","612","RoHu"],"angle":28.9,"side":-1}},{"type":"Feature","geometry":{"type":"Point","coordinates":[21.896658,47.078945]},"properties":{"lines":"26, 27, 27P, 31, 32, 33, 33E, 33P, 34, 35, 36, 37, 38, 39, 611, 612, RoHu","color":"#0059a9","mode":"bus","arr":["26","27","27P","31","32","33","33E","33P","34","35","36","37","38","39","611","612","RoHu"],"angle":35,"side":-1}},{"type":"Feature","geometry":{"type":"Point","coordinates":[21.889828,47.082033]},"properties":{"lines":"26, 27, 27P, 31, 32, 33, 33E, 33P, 34, 35, 36, 37, 38, 39, 611, 612, RoHu","color":"#0059a9","mode":"bus","arr":["26","27","27P","31","32","33","33E","33P","34","35","36","37","38","39","611","612","RoHu"],"angle":-89.8,"mi":1}},{"type":"Feature","geometry":{"type":"Point","coordinates":[21.902348,47.076415]},"properties":{"lines":"26, 27, 27P, 31, 32, 33, 33E, 33P, 34, 35, 36, 37, 38, 39, 611, 612, RoHu","color":"#0059a9","mode":"bus","arr":["26","27","27P","31","32","33","33E","33P","34","35","36","37","38","39","611","612","RoHu"],"angle":33.9,"extra":1,"ei":0,"side":-1}},{"type":"Feature","geometry":{"type":"Point","coordinates":[21.90004,47.077461]},"properties":{"lines":"26, 27, 27P, 31, 32, 33, 33E, 33P, 34, 35, 36, 37, 38, 39, 611, 612, RoHu","color":"#0059a9","mode":"bus","arr":["26","27","27P","31","32","33","33E","33P","34","35","36","37","38","39","611","612","RoHu"],"angle":33.4,"extra":1,"ei":1,"side":-1}},{"type":"Feature","geometry":{"type":"Point","coordinates":[21.893101,47.080577]},"properties":{"lines":"26, 27, 27P, 31, 32, 33, 33E, 33P, 34, 35, 36, 37, 38, 39, 611, 612, RoHu","color":"#0059a9","mode":"bus","arr":["26","27","27P","31","32","33","33E","33P","34","35","36","37","38","39","611","612","RoHu"],"angle":33.1,"extra":1,"ei":2,"side":-1}},{"type":"Feature","geometry":{"type":"Point","coordinates":[21.902643,47.076039]},"properties":{"lines":"17","color":"#0059a9","mode":"bus","arr":["17"],"angle":-51.1}},{"type":"Feature","geometry":{"type":"Point","coordinates":[21.902948,47.076016]},"properties":{"lines":"17","color":"#0059a9","mode":"bus","arr":["17"],"angle":-6.2,"side":-1,"mi":1}},{"type":"Feature","geometry":{"type":"Point","coordinates":[21.906833,47.074595]},"properties":{"lines":"17, 26, 27, 27P, 32, 33, 34, 35, 36, 38, 39, 611, 612, RoHu","color":"#0059a9","mode":"bus","arr":["17","26","27","27P","32","33","34","35","36","38","39","611","612","RoHu"],"angle":30.4,"side":-1}},{"type":"Feature","geometry":{"type":"Point","coordinates":[21.908555,47.073935]},"properties":{"lines":"17, 26, 27, 27P, 32, 33, 34, 35, 36, 38, 39, 42, 611, 612, RoHu, T9","color":"#0059a9","mode":"bus","arr":["17","26","27","27P","32","33","34","35","36","38","39","42","611","612","RoHu","T9"],"angle":24.8,"side":-1}},{"type":"Feature","geometry":{"type":"Point","coordinates":[21.911343,47.073613]},"properties":{"lines":"17, 19, 26, 27, 27P, 31, 32, 33, 33E, 33P, 34, 35, 36, 37, 38, 39, 42, 611, 612, RoHu, T9","color":"#0059a9","mode":"bus","arr":["17","19","26","27","27P","31","32","33","33E","33P","34","35","36","37","38","39","42","611","612","RoHu","T9"],"angle":3.4,"side":-1}},{"type":"Feature","geometry":{"type":"Point","coordinates":[21.913509,47.073511]},"properties":{"lines":"17, 19, 26, 27, 31, 32, 33, 33E, 33P, 34, 35, 36, 37, 38, 39, 42, 611, 612, T9","color":"#0059a9","mode":"bus","arr":["17","19","26","27","31","32","33","33E","33P","34","35","36","37","38","39","42","611","612","T9"],"angle":6.4,"side":-1}},{"type":"Feature","geometry":{"type":"Point","coordinates":[21.915214,47.073148]},"properties":{"lines":"17, 26, 27, 33, 34, 36, 38, 42, 611, 612","color":"#0059a9","mode":"bus","arr":["17","26","27","33","34","36","38","42","611","612"],"angle":30.4,"side":-1}},{"type":"Feature","geometry":{"type":"Point","coordinates":[21.934308,47.071859]},"properties":{"lines":"18","color":"#0059a9","mode":"bus","arr":["18"],"angle":60.2,"mi":1}},{"type":"Feature","geometry":{"type":"Point","coordinates":[21.934016,47.071968]},"properties":{"lines":"18","color":"#0059a9","mode":"bus","arr":["18"],"angle":59.5,"side":-1}},{"type":"Feature","geometry":{"type":"Point","coordinates":[21.93428,47.071848]},"properties":{"lines":"22","color":"#0059a9","mode":"bus","arr":["22"],"angle":59.5,"mi":1}},{"type":"Feature","geometry":{"type":"Point","coordinates":[21.93183,47.074234]},"properties":{"lines":"18, 22","color":"#0059a9","mode":"bus","arr":["18","22"],"angle":53.8}},{"type":"Feature","geometry":{"type":"Point","coordinates":[21.920981,47.087373]},"properties":{"lines":"18, 35, 721","color":"#0059a9","mode":"bus","arr":["18","35","721"],"angle":-24.6}},{"type":"Feature","geometry":{"type":"Point","coordinates":[21.925138,47.088714]},"properties":{"lines":"18, 35, 721","color":"#0059a9","mode":"bus","arr":["18","35","721"],"angle":-24.4,"extra":1,"ei":0}},{"type":"Feature","geometry":{"type":"Point","coordinates":[21.922621,47.087923]},"properties":{"lines":"18, 35, 721","color":"#0059a9","mode":"bus","arr":["18","35","721"],"angle":-25.7,"extra":1,"ei":1}},{"type":"Feature","geometry":{"type":"Point","coordinates":[21.917611,47.086307]},"properties":{"lines":"18, 35, 721","color":"#0059a9","mode":"bus","arr":["18","35","721"],"angle":-25.2,"extra":1,"ei":2}},{"type":"Feature","geometry":{"type":"Point","coordinates":[21.927241,47.08347]},"properties":{"lines":"18, 35","color":"#0059a9","mode":"bus","arr":["18","35"],"angle":85}},{"type":"Feature","geometry":{"type":"Point","coordinates":[21.926689,47.088136]},"properties":{"lines":"18, 35","color":"#0059a9","mode":"bus","arr":["18","35"],"angle":85.6,"extra":1,"ei":0}},{"type":"Feature","geometry":{"type":"Point","coordinates":[21.926773,47.086252]},"properties":{"lines":"18, 35","color":"#0059a9","mode":"bus","arr":["18","35"],"angle":80.4,"extra":1,"ei":1}},{"type":"Feature","geometry":{"type":"Point","coordinates":[21.92845,47.080822]},"properties":{"lines":"18, 35","color":"#0059a9","mode":"bus","arr":["18","35"],"angle":85.2,"extra":1,"ei":2}},{"type":"Feature","geometry":{"type":"Point","coordinates":[21.929677,47.079152]},"properties":{"lines":"18, 35","color":"#0059a9","mode":"bus","arr":["18","35"],"angle":56.3,"extra":1,"ei":3}},{"type":"Feature","geometry":{"type":"Point","coordinates":[21.9418,47.077894]},"properties":{"lines":"18","color":"#0059a9","mode":"bus","arr":["18"],"angle":-29.6,"mi":3}},{"type":"Feature","geometry":{"type":"Point","coordinates":[21.931658,47.077849]},"properties":{"lines":"18","color":"#0059a9","mode":"bus","arr":["18"],"angle":61.6,"mi":2}},{"type":"Feature","geometry":{"type":"Point","coordinates":[21.946374,47.082282]},"properties":{"lines":"18","color":"#0059a9","mode":"bus","arr":["18"],"angle":-67.8,"extra":1,"ei":0}},{"type":"Feature","geometry":{"type":"Point","coordinates":[21.945333,47.080532]},"properties":{"lines":"18","color":"#0059a9","mode":"bus","arr":["18"],"angle":-68,"extra":1,"ei":1}},{"type":"Feature","geometry":{"type":"Point","coordinates":[21.943675,47.07904]},"properties":{"lines":"18","color":"#0059a9","mode":"bus","arr":["18"],"angle":-47.2,"extra":1,"ei":2}},{"type":"Feature","geometry":{"type":"Point","coordinates":[21.938865,47.07749]},"properties":{"lines":"18","color":"#0059a9","mode":"bus","arr":["18"],"angle":-21.4,"extra":1,"ei":3}},{"type":"Feature","geometry":{"type":"Point","coordinates":[21.936492,47.076574]},"properties":{"lines":"18","color":"#0059a9","mode":"bus","arr":["18"],"angle":-10.3,"extra":1,"ei":4}},{"type":"Feature","geometry":{"type":"Point","coordinates":[21.9338,47.076896]},"properties":{"lines":"18","color":"#0059a9","mode":"bus","arr":["18"],"angle":15.1,"extra":1,"ei":5}},{"type":"Feature","geometry":{"type":"Point","coordinates":[21.903554,47.041748]},"properties":{"lines":"19, 23","color":"#0059a9","mode":"bus","arr":["19","23"],"angle":-79.2,"mi":1}},{"type":"Feature","geometry":{"type":"Point","coordinates":[21.901219,47.041486]},"properties":{"lines":"19, 23","color":"#0059a9","mode":"bus","arr":["19","23"],"angle":-49.5,"side":-1,"mi":2}},{"type":"Feature","geometry":{"type":"Point","coordinates":[21.902452,47.042342]},"properties":{"lines":"19, 23","color":"#0059a9","mode":"bus","arr":["19","23"],"angle":-84.7,"side":-1}},{"type":"Feature","geometry":{"type":"Point","coordinates":[21.902651,47.043969]},"properties":{"lines":"19, 23, 24, 28","color":"#0059a9","mode":"bus","arr":["19","23","24","28"],"angle":-75.3,"side":-1}},{"type":"Feature","geometry":{"type":"Point","coordinates":[21.904271,47.047998]},"properties":{"lines":"19, 23, 24, 28, 29, 43","color":"#0059a9","mode":"bus","arr":["19","23","24","28","29","43"],"angle":-70.9}},{"type":"Feature","geometry":{"type":"Point","coordinates":[21.905646,47.051058]},"properties":{"lines":"19, 24, 28, 29, 37, 43, RoHu","color":"#0059a9","mode":"bus","arr":["19","24","28","29","37","43","RoHu"],"angle":-63.2,"side":-1}},{"type":"Feature","geometry":{"type":"Point","coordinates":[21.910098,47.062414]},"properties":{"lines":"19","color":"#0059a9","mode":"bus","arr":["19"],"angle":14.7,"mi":2}},{"type":"Feature","geometry":{"type":"Point","coordinates":[21.908414,47.0647]},"properties":{"lines":"19","color":"#0059a9","mode":"bus","arr":["19"],"angle":-73.4,"mi":1}},{"type":"Feature","geometry":{"type":"Point","coordinates":[21.908311,47.06331]},"properties":{"lines":"19","color":"#0059a9","mode":"bus","arr":["19"],"angle":-89.3}},{"type":"Feature","geometry":{"type":"Point","coordinates":[21.908362,47.073627]},"properties":{"lines":"19, 31, 33E, 33P, 37","color":"#0059a9","mode":"bus","arr":["19","31","33E","33P","37"],"angle":-17.3,"side":-1}},{"type":"Feature","geometry":{"type":"Point","coordinates":[21.905386,47.051001]},"properties":{"lines":"19, 24, 28, 29, 30, 43","color":"#0059a9","mode":"bus","arr":["19","24","28","29","30","43"],"angle":-64.5}},{"type":"Feature","geometry":{"type":"Point","coordinates":[21.904374,47.04871]},"properties":{"lines":"19, 23, 24, 28, 29, 30, 43","color":"#0059a9","mode":"bus","arr":["19","23","24","28","29","30","43"],"angle":-75.7}},{"type":"Feature","geometry":{"type":"Point","coordinates":[21.903726,47.047015]},"properties":{"lines":"19, 23, 24, 28, 29, 30","color":"#0059a9","mode":"bus","arr":["19","23","24","28","29","30"],"angle":-74.4}},{"type":"Feature","geometry":{"type":"Point","coordinates":[21.914939,47.073412]},"properties":{"lines":"22","color":"#0059a9","mode":"bus","arr":["22"],"angle":43.9}},{"type":"Feature","geometry":{"type":"Point","coordinates":[21.895656,47.112377]},"properties":{"lines":"22","color":"#0059a9","mode":"bus","arr":["22"],"angle":-35.2,"mi":2}},{"type":"Feature","geometry":{"type":"Point","coordinates":[21.894583,47.112212]},"properties":{"lines":"22","color":"#0059a9","mode":"bus","arr":["22"],"angle":46.1,"mi":1}},{"type":"Feature","geometry":{"type":"Point","coordinates":[21.89406,47.111408]},"properties":{"lines":"22","color":"#0059a9","mode":"bus","arr":["22"],"angle":-42.2}},{"type":"Feature","geometry":{"type":"Point","coordinates":[21.895403,47.112231]},"properties":{"lines":"22","color":"#0059a9","mode":"bus","arr":["22"],"angle":-27.6,"extra":1,"ei":0}},{"type":"Feature","geometry":{"type":"Point","coordinates":[21.934042,47.072002]},"properties":{"lines":"22","color":"#0059a9","mode":"bus","arr":["22"],"angle":58.2,"side":-1}},{"type":"Feature","geometry":{"type":"Point","coordinates":[21.918507,47.078825]},"properties":{"lines":"22, 29, 30, 32, 35, 39, 721","color":"#0059a9","mode":"bus","arr":["22","29","30","32","35","39","721"],"angle":-46.3}},{"type":"Feature","geometry":{"type":"Point","coordinates":[21.916794,47.077602]},"properties":{"lines":"22, 29, 30, 32, 35, 39, 721","color":"#0059a9","mode":"bus","arr":["22","29","30","32","35","39","721"],"angle":-45.8,"extra":1,"ei":0}},{"type":"Feature","geometry":{"type":"Point","coordinates":[21.920622,47.080334]},"properties":{"lines":"22, 29, 30, 32, 35, 39, 721","color":"#0059a9","mode":"bus","arr":["22","29","30","32","35","39","721"],"angle":-45.8,"extra":1,"ei":1}},{"type":"Feature","geometry":{"type":"Point","coordinates":[21.921451,47.080919]},"properties":{"lines":"22, 30, 32, 35, 39, 721","color":"#0059a9","mode":"bus","arr":["22","30","32","35","39","721"],"angle":-46.6}},{"type":"Feature","geometry":{"type":"Point","coordinates":[21.895177,47.107776]},"properties":{"lines":"22","color":"#0059a9","mode":"bus","arr":["22"],"angle":-80.1,"mi":3}},{"type":"Feature","geometry":{"type":"Point","coordinates":[21.894384,47.104348]},"properties":{"lines":"22","color":"#0059a9","mode":"bus","arr":["22"],"angle":-80.5,"extra":1,"ei":0,"side":-1}},{"type":"Feature","geometry":{"type":"Point","coordinates":[21.895916,47.111197]},"properties":{"lines":"22","color":"#0059a9","mode":"bus","arr":["22"],"angle":-80.8,"extra":1,"ei":0}},{"type":"Feature","geometry":{"type":"Point","coordinates":[21.895556,47.109335]},"properties":{"lines":"22","color":"#0059a9","mode":"bus","arr":["22"],"angle":-81.2,"extra":1,"ei":1}},{"type":"Feature","geometry":{"type":"Point","coordinates":[21.894591,47.10562]},"properties":{"lines":"22","color":"#0059a9","mode":"bus","arr":["22"],"angle":-77,"extra":1,"ei":2}},{"type":"Feature","geometry":{"type":"Point","coordinates":[21.905359,47.04982]},"properties":{"lines":"23","color":"#0059a9","mode":"bus","arr":["23"],"angle":-14.5}},{"type":"Feature","geometry":{"type":"Point","coordinates":[21.918954,47.052021]},"properties":{"lines":"23","color":"#0059a9","mode":"bus","arr":["23"],"angle":-5.6,"side":-1}},{"type":"Feature","geometry":{"type":"Point","coordinates":[21.915724,47.051518]},"properties":{"lines":"23, 37, RoHu","color":"#0059a9","mode":"bus","arr":["23","37","RoHu"],"angle":-12.7,"mi":1}},{"type":"Feature","geometry":{"type":"Point","coordinates":[21.908733,47.050397]},"properties":{"lines":"23, 37, RoHu","color":"#0059a9","mode":"bus","arr":["23","37","RoHu"],"angle":-13.5}},{"type":"Feature","geometry":{"type":"Point","coordinates":[21.910731,47.050715]},"properties":{"lines":"23, 37, RoHu","color":"#0059a9","mode":"bus","arr":["23","37","RoHu"],"angle":-13.7,"extra":1,"ei":0}},{"type":"Feature","geometry":{"type":"Point","coordinates":[21.913574,47.051177]},"properties":{"lines":"23, 37, RoHu","color":"#0059a9","mode":"bus","arr":["23","37","RoHu"],"angle":-13.8,"extra":1,"ei":0}},{"type":"Feature","geometry":{"type":"Point","coordinates":[21.918947,47.052092]},"properties":{"lines":"23, 37, RoHu","color":"#0059a9","mode":"bus","arr":["23","37","RoHu"],"angle":-23.3,"extra":1,"ei":1}},{"type":"Feature","geometry":{"type":"Point","coordinates":[21.919484,47.05151]},"properties":{"lines":"23, 31, 33, 33E, 36, 37","color":"#0059a9","mode":"bus","arr":["23","31","33","33E","36","37"],"angle":70.3}},{"type":"Feature","geometry":{"type":"Point","coordinates":[21.922179,47.050396]},"properties":{"lines":"23, 31, 33, 33E, 36, 37","color":"#0059a9","mode":"bus","arr":["23","31","33","33E","36","37"],"angle":9.4,"mi":1}},{"type":"Feature","geometry":{"type":"Point","coordinates":[21.925234,47.050097]},"properties":{"lines":"23, 31, 36, 37","color":"#0059a9","mode":"bus","arr":["23","31","36","37"],"angle":3.4,"mi":1}},{"type":"Feature","geometry":{"type":"Point","coordinates":[21.926067,47.050237]},"properties":{"lines":"23, 31, 36, 37","color":"#0059a9","mode":"bus","arr":["23","31","36","37"],"angle":-13.3,"side":-1}},{"type":"Feature","geometry":{"type":"Point","coordinates":[21.938349,47.041674]},"properties":{"lines":"23, 31, 33, 33E","color":"#0059a9","mode":"bus","arr":["23","31","33","33E"],"angle":37.3,"mi":1}},{"type":"Feature","geometry":{"type":"Point","coordinates":[21.936671,47.04254]},"properties":{"lines":"23, 31, 33, 33E","color":"#0059a9","mode":"bus","arr":["23","31","33","33E"],"angle":37.4,"extra":1,"ei":0}},{"type":"Feature","geometry":{"type":"Point","coordinates":[21.941485,47.041128]},"properties":{"lines":"23, 31, 33, 33E","color":"#0059a9","mode":"bus","arr":["23","31","33","33E"],"angle":-6.1,"extra":1,"ei":1}},{"type":"Feature","geometry":{"type":"Point","coordinates":[21.941817,47.041135]},"properties":{"lines":"23","color":"#0059a9","mode":"bus","arr":["23"],"angle":-2.6,"mi":1}},{"type":"Feature","geometry":{"type":"Point","coordinates":[21.942592,47.041915]},"properties":{"lines":"23, 31, 33, 33E","color":"#0059a9","mode":"bus","arr":["23","31","33","33E"],"angle":-33.2}},{"type":"Feature","geometry":{"type":"Point","coordinates":[21.945938,47.043703]},"properties":{"lines":"23","color":"#0059a9","mode":"bus","arr":["23"],"angle":-37.1}},{"type":"Feature","geometry":{"type":"Point","coordinates":[21.94417,47.042773]},"properties":{"lines":"23","color":"#0059a9","mode":"bus","arr":["23"],"angle":-38.8,"extra":1,"ei":0}},{"type":"Feature","geometry":{"type":"Point","coordinates":[21.948635,47.045007]},"properties":{"lines":"23","color":"#0059a9","mode":"bus","arr":["23"],"angle":-31.9,"extra":1,"ei":1,"side":-1}},{"type":"Feature","geometry":{"type":"Point","coordinates":[21.918707,47.053151]},"properties":{"lines":"23, 31, 33, 33E, 36, 37, RoHu","color":"#0059a9","mode":"bus","arr":["23","31","33","33E","36","37","RoHu"],"angle":72}},{"type":"Feature","geometry":{"type":"Point","coordinates":[21.90192,47.043654]},"properties":{"lines":"24","color":"#0059a9","mode":"bus","arr":["24"],"angle":26.7,"mi":1}},{"type":"Feature","geometry":{"type":"Point","coordinates":[21.900444,47.043435]},"properties":{"lines":"24","color":"#0059a9","mode":"bus","arr":["24"],"angle":15}},{"type":"Feature","geometry":{"type":"Point","coordinates":[21.928832,47.02361]},"properties":{"lines":"25","color":"#0059a9","mode":"bus","arr":["25"],"angle":-28.6,"mi":7}},{"type":"Feature","geometry":{"type":"Point","coordinates":[21.925408,47.022384]},"properties":{"lines":"25","color":"#0059a9","mode":"bus","arr":["25"],"angle":-27.1,"extra":1,"ei":0}},{"type":"Feature","geometry":{"type":"Point","coordinates":[21.932738,47.02506]},"properties":{"lines":"25","color":"#0059a9","mode":"bus","arr":["25"],"angle":-28.5,"extra":1,"ei":1}},{"type":"Feature","geometry":{"type":"Point","coordinates":[21.923959,47.023799]},"properties":{"lines":"25","color":"#0059a9","mode":"bus","arr":["25"],"angle":85.5,"mi":9}},{"type":"Feature","geometry":{"type":"Point","coordinates":[21.92642,47.028319]},"properties":{"lines":"25","color":"#0059a9","mode":"bus","arr":["25"],"angle":-54.6,"mi":1}},{"type":"Feature","geometry":{"type":"Point","coordinates":[21.931344,47.03136]},"properties":{"lines":"25","color":"#0059a9","mode":"bus","arr":["25"],"angle":-42.2}},{"type":"Feature","geometry":{"type":"Point","coordinates":[21.924523,47.026423]},"properties":{"lines":"25","color":"#0059a9","mode":"bus","arr":["25"],"angle":-56.1,"extra":1,"ei":0}},{"type":"Feature","geometry":{"type":"Point","coordinates":[21.927839,47.029438]},"properties":{"lines":"25","color":"#0059a9","mode":"bus","arr":["25"],"angle":-43,"extra":1,"ei":1}},{"type":"Feature","geometry":{"type":"Point","coordinates":[21.924672,47.026224]},"properties":{"lines":"25","color":"#0059a9","mode":"bus","arr":["25"],"angle":84.9,"mi":6}},{"type":"Feature","geometry":{"type":"Point","coordinates":[21.933189,47.031964]},"properties":{"lines":"25","color":"#0059a9","mode":"bus","arr":["25"],"angle":20.6,"side":-1,"mi":2}},{"type":"Feature","geometry":{"type":"Point","coordinates":[21.933472,47.032064]},"properties":{"lines":"25","color":"#0059a9","mode":"bus","arr":["25"],"angle":43.2,"mi":3}},{"type":"Feature","geometry":{"type":"Point","coordinates":[21.930083,47.033301]},"properties":{"lines":"25","color":"#0059a9","mode":"bus","arr":["25"],"angle":-74.9,"mi":4}},{"type":"Feature","geometry":{"type":"Point","coordinates":[21.930878,47.035236]},"properties":{"lines":"25","color":"#0059a9","mode":"bus","arr":["25"],"angle":-74.3,"extra":1,"ei":0}},{"type":"Feature","geometry":{"type":"Point","coordinates":[21.929401,47.031596]},"properties":{"lines":"25","color":"#0059a9","mode":"bus","arr":["25"],"angle":-74.9,"extra":1,"ei":1}},{"type":"Feature","geometry":{"type":"Point","coordinates":[21.939989,47.02948]},"properties":{"lines":"25","color":"#0059a9","mode":"bus","arr":["25"],"angle":46.6,"side":-1,"mi":8}},{"type":"Feature","geometry":{"type":"Point","coordinates":[21.935312,47.031344]},"properties":{"lines":"25","color":"#0059a9","mode":"bus","arr":["25"],"angle":24.2,"extra":1,"ei":0,"side":-1}},{"type":"Feature","geometry":{"type":"Point","coordinates":[21.937819,47.030538]},"properties":{"lines":"25","color":"#0059a9","mode":"bus","arr":["25"],"angle":26.1,"extra":1,"ei":1,"side":-1}},{"type":"Feature","geometry":{"type":"Point","coordinates":[21.941759,47.027951]},"properties":{"lines":"25","color":"#0059a9","mode":"bus","arr":["25"],"angle":51.9,"extra":1,"ei":2,"side":-1}},{"type":"Feature","geometry":{"type":"Point","coordinates":[21.943635,47.026564]},"properties":{"lines":"25","color":"#0059a9","mode":"bus","arr":["25"],"angle":47.1,"extra":1,"ei":3,"side":-1}},{"type":"Feature","geometry":{"type":"Point","coordinates":[21.951106,47.024587]},"properties":{"lines":"25, 531","color":"#0059a9","mode":"bus","arr":["25","531"],"angle":-16.2,"side":-1}},{"type":"Feature","geometry":{"type":"Point","coordinates":[21.945423,47.025279]},"properties":{"lines":"25, 531","color":"#0059a9","mode":"bus","arr":["25","531"],"angle":44.1,"extra":1,"ei":0,"side":-1}},{"type":"Feature","geometry":{"type":"Point","coordinates":[21.947792,47.024355]},"properties":{"lines":"25, 531","color":"#0059a9","mode":"bus","arr":["25","531"],"angle":12.4,"extra":1,"ei":1,"side":-1}},{"type":"Feature","geometry":{"type":"Point","coordinates":[21.953194,47.024999]},"properties":{"lines":"25, 531","color":"#0059a9","mode":"bus","arr":["25","531"],"angle":-16.2,"extra":1,"ei":2,"side":-1}},{"type":"Feature","geometry":{"type":"Point","coordinates":[21.955879,47.025444]},"properties":{"lines":"25, 531","color":"#0059a9","mode":"bus","arr":["25","531"],"angle":-15.2,"extra":1,"ei":3,"side":-1}},{"type":"Feature","geometry":{"type":"Point","coordinates":[21.955757,47.028903]},"properties":{"lines":"25, 38, 41, 511, 512, 513, 514, 515, 516, 517, 531","color":"#0059a9","mode":"bus","arr":["25","38","41","511","512","513","514","515","516","517","531"],"angle":-33.2,"side":-1}},{"type":"Feature","geometry":{"type":"Point","coordinates":[21.955661,47.029165]},"properties":{"lines":"25, 38, 511, 512, 513, 514, 515, 516, 517, 531","color":"#0059a9","mode":"bus","arr":["25","38","511","512","513","514","515","516","517","531"],"angle":-80}},{"type":"Feature","geometry":{"type":"Point","coordinates":[21.930691,47.033609]},"properties":{"lines":"25","color":"#0059a9","mode":"bus","arr":["25"],"angle":-77.3,"mi":5}},{"type":"Feature","geometry":{"type":"Point","coordinates":[21.882855,47.084728]},"properties":{"lines":"26, 27, 27P, 31, 32, 33, 33E, 33P, 34, 35, 611, 612, RoHu","color":"#0059a9","mode":"bus","arr":["26","27","27P","31","32","33","33E","33P","34","35","611","612","RoHu"],"angle":39.8}},{"type":"Feature","geometry":{"type":"Point","coordinates":[21.878444,47.087255]},"properties":{"lines":"26, 27, 27P, 31, 32, 33, 33E, 33P, 34, 35, 611, 612, RoHu","color":"#0059a9","mode":"bus","arr":["26","27","27P","31","32","33","33E","33P","34","35","611","612","RoHu"],"angle":40.3,"extra":1,"ei":0,"side":-1}},{"type":"Feature","geometry":{"type":"Point","coordinates":[21.880561,47.086036]},"properties":{"lines":"26, 27, 27P, 31, 32, 33, 33E, 33P, 34, 35, 611, 612, RoHu","color":"#0059a9","mode":"bus","arr":["26","27","27P","31","32","33","33E","33P","34","35","611","612","RoHu"],"angle":39.4,"extra":1,"ei":1,"side":-1}},{"type":"Feature","geometry":{"type":"Point","coordinates":[21.884914,47.083705]},"properties":{"lines":"26, 27, 27P, 31, 32, 33, 33E, 33P, 34, 35, 611, 612, RoHu","color":"#0059a9","mode":"bus","arr":["26","27","27P","31","32","33","33E","33P","34","35","611","612","RoHu"],"angle":33.8,"extra":1,"ei":2}},{"type":"Feature","geometry":{"type":"Point","coordinates":[21.887207,47.082645]},"properties":{"lines":"26, 27, 27P, 31, 32, 33, 33E, 33P, 34, 35, 611, 612, RoHu","color":"#0059a9","mode":"bus","arr":["26","27","27P","31","32","33","33E","33P","34","35","611","612","RoHu"],"angle":37.1,"extra":1,"ei":3}},{"type":"Feature","geometry":{"type":"Point","coordinates":[21.874998,47.089235]},"properties":{"lines":"26, 33, 33E, 33P, 34, 35","color":"#0059a9","mode":"bus","arr":["26","33","33E","33P","34","35"],"angle":40.1,"side":-1}},{"type":"Feature","geometry":{"type":"Point","coordinates":[21.864678,47.093891]},"properties":{"lines":"26","color":"#0059a9","mode":"bus","arr":["26"],"angle":40.4}},{"type":"Feature","geometry":{"type":"Point","coordinates":[21.870414,47.088395]},"properties":{"lines":"26, 33, 33E, 33P, 34, 35","color":"#0059a9","mode":"bus","arr":["26","33","33E","33P","34","35"],"angle":-50.7,"mi":1}},{"type":"Feature","geometry":{"type":"Point","coordinates":[21.868826,47.08707]},"properties":{"lines":"26, 33, 33E, 33P, 34, 35","color":"#0059a9","mode":"bus","arr":["26","33","33E","33P","34","35"],"angle":-50.8,"extra":1,"ei":0}},{"type":"Feature","geometry":{"type":"Point","coordinates":[21.872355,47.089983]},"properties":{"lines":"26, 33, 33E, 33P, 34, 35","color":"#0059a9","mode":"bus","arr":["26","33","33E","33P","34","35"],"angle":-51.1,"extra":1,"ei":1}},{"type":"Feature","geometry":{"type":"Point","coordinates":[21.882113,47.083128]},"properties":{"lines":"33, 33E, 33P, 34, 35","color":"#0059a9","mode":"bus","arr":["33","33E","33P","34","35"],"angle":-49.6}},{"type":"Feature","geometry":{"type":"Point","coordinates":[21.8809,47.082147]},"properties":{"lines":"33, 33E, 33P, 34, 35","color":"#0059a9","mode":"bus","arr":["33","33E","33P","34","35"],"angle":-50,"extra":1,"ei":0}},{"type":"Feature","geometry":{"type":"Point","coordinates":[21.876533,47.081558]},"properties":{"lines":"27, 27P, 31, 32","color":"#0059a9","mode":"bus","arr":["27","27P","31","32"],"angle":31.5,"mi":1}},{"type":"Feature","geometry":{"type":"Point","coordinates":[21.879752,47.081224]},"properties":{"lines":"27, 27P, 31, 32","color":"#0059a9","mode":"bus","arr":["27","27P","31","32"],"angle":-49.1,"extra":1,"ei":0}},{"type":"Feature","geometry":{"type":"Point","coordinates":[21.873123,47.083341]},"properties":{"lines":"27, 27P, 31, 32","color":"#0059a9","mode":"bus","arr":["27","27P","31","32"],"angle":40.5,"extra":1,"ei":1}},{"type":"Feature","geometry":{"type":"Point","coordinates":[21.870137,47.085088]},"properties":{"lines":"27, 27P, 31, 32, 33, 33E, 33P, 34, 35","color":"#0059a9","mode":"bus","arr":["27","27P","31","32","33","33E","33P","34","35"],"angle":40.7,"mi":2}},{"type":"Feature","geometry":{"type":"Point","coordinates":[21.867554,47.086559]},"properties":{"lines":"26, 27, 27P, 31, 32","color":"#0059a9","mode":"bus","arr":["26","27","27P","31","32"],"angle":39.3}},{"type":"Feature","geometry":{"type":"Point","coordinates":[21.864804,47.08814]},"properties":{"lines":"26, 27P, 31, 32","color":"#0059a9","mode":"bus","arr":["26","27P","31","32"],"angle":40.3}},{"type":"Feature","geometry":{"type":"Point","coordinates":[21.866651,47.085897]},"properties":{"lines":"26, 27, 27P, 31, 32","color":"#0059a9","mode":"bus","arr":["26","27","27P","31","32"],"angle":39.8,"mi":1}},{"type":"Feature","geometry":{"type":"Point","coordinates":[21.866945,47.085445]},"properties":{"lines":"26, 27P","color":"#0059a9","mode":"bus","arr":["26","27P"],"angle":38.5,"side":-1}},{"type":"Feature","geometry":{"type":"Point","coordinates":[21.868448,47.085472]},"properties":{"lines":"27, 27P, 31, 32","color":"#0059a9","mode":"bus","arr":["27","27P","31","32"],"angle":-49.1}},{"type":"Feature","geometry":{"type":"Point","coordinates":[21.861259,47.088519]},"properties":{"lines":"27P, 31, 32","color":"#0059a9","mode":"bus","arr":["27P","31","32"],"angle":-50.7,"mi":1}},{"type":"Feature","geometry":{"type":"Point","coordinates":[21.86505,47.091661]},"properties":{"lines":"26","color":"#0059a9","mode":"bus","arr":["26"],"angle":-50.3,"mi":1}},{"type":"Feature","geometry":{"type":"Point","coordinates":[21.863314,47.090237]},"properties":{"lines":"26","color":"#0059a9","mode":"bus","arr":["26"],"angle":-50.3,"extra":1,"ei":0}},{"type":"Feature","geometry":{"type":"Point","coordinates":[21.866861,47.093141]},"properties":{"lines":"26","color":"#0059a9","mode":"bus","arr":["26"],"angle":-50.2,"extra":1,"ei":1}},{"type":"Feature","geometry":{"type":"Point","coordinates":[21.866564,47.094446]},"properties":{"lines":"26, 36, 37, 38, 39, 611, 612, RoHu","color":"#0059a9","mode":"bus","arr":["26","36","37","38","39","611","612","RoHu"],"angle":40.1,"side":-1}},{"type":"Feature","geometry":{"type":"Point","coordinates":[21.925419,47.069082]},"properties":{"lines":"26, 27, 27P, 33, 36, 42, 611, 612, RoHu, T9","color":"#0059a9","mode":"bus","arr":["26","27","27P","33","36","42","611","612","RoHu","T9"],"angle":-74.6}},{"type":"Feature","geometry":{"type":"Point","coordinates":[21.875927,47.086721]},"properties":{"lines":"27, 27P, 31, 32, 33, 33E, 33P, 34, 35","color":"#0059a9","mode":"bus","arr":["27","27P","31","32","33","33E","33P","34","35"],"angle":-49.5}},{"type":"Feature","geometry":{"type":"Point","coordinates":[21.874661,47.085727]},"properties":{"lines":"27, 27P, 31, 32, 33, 33E, 33P, 34, 35","color":"#0059a9","mode":"bus","arr":["27","27P","31","32","33","33E","33P","34","35"],"angle":-49,"extra":1,"ei":0}},{"type":"Feature","geometry":{"type":"Point","coordinates":[21.873385,47.084698]},"properties":{"lines":"33, 33E, 33P, 34, 35","color":"#0059a9","mode":"bus","arr":["33","33E","33P","34","35"],"angle":-50,"mi":1}},{"type":"Feature","geometry":{"type":"Point","coordinates":[21.87758,47.083777]},"properties":{"lines":"27, 27P, 31, 32, 33, 33E, 33P, 34, 35","color":"#0059a9","mode":"bus","arr":["27","27P","31","32","33","33E","33P","34","35"],"angle":41,"mi":1}},{"type":"Feature","geometry":{"type":"Point","coordinates":[21.875535,47.084973]},"properties":{"lines":"27, 27P, 31, 32, 33, 33E, 33P, 34, 35","color":"#0059a9","mode":"bus","arr":["27","27P","31","32","33","33E","33P","34","35"],"angle":39.6,"extra":1,"ei":0}},{"type":"Feature","geometry":{"type":"Point","coordinates":[21.879724,47.082499]},"properties":{"lines":"27, 27P, 31, 32, 33, 33E, 33P, 34, 35","color":"#0059a9","mode":"bus","arr":["27","27P","31","32","33","33E","33P","34","35"],"angle":41.4,"extra":1,"ei":1}},{"type":"Feature","geometry":{"type":"Point","coordinates":[21.86299,47.085831]},"properties":{"lines":"27P, 31, 32","color":"#0059a9","mode":"bus","arr":["27P","31","32"],"angle":40.3}},{"type":"Feature","geometry":{"type":"Point","coordinates":[21.861148,47.086907]},"properties":{"lines":"27P, 31, 32","color":"#0059a9","mode":"bus","arr":["27P","31","32"],"angle":40.7,"extra":1,"ei":0}},{"type":"Feature","geometry":{"type":"Point","coordinates":[21.865376,47.084464]},"properties":{"lines":"27P, 31, 32","color":"#0059a9","mode":"bus","arr":["27P","31","32"],"angle":40,"extra":1,"ei":1}},{"type":"Feature","geometry":{"type":"Point","coordinates":[21.914253,47.073322]},"properties":{"lines":"27P, RoHu","color":"#0059a9","mode":"bus","arr":["27P","RoHu"],"angle":17.4,"side":-1}},{"type":"Feature","geometry":{"type":"Point","coordinates":[21.898822,47.033999]},"properties":{"lines":"28","color":"#0059a9","mode":"bus","arr":["28"],"angle":-76.8,"mi":1}},{"type":"Feature","geometry":{"type":"Point","coordinates":[21.901355,47.040824]},"properties":{"lines":"28","color":"#0059a9","mode":"bus","arr":["28"],"angle":-74.8,"extra":1,"ei":0}},{"type":"Feature","geometry":{"type":"Point","coordinates":[21.900632,47.039001]},"properties":{"lines":"28","color":"#0059a9","mode":"bus","arr":["28"],"angle":-75,"extra":1,"ei":1}},{"type":"Feature","geometry":{"type":"Point","coordinates":[21.899914,47.037177]},"properties":{"lines":"28","color":"#0059a9","mode":"bus","arr":["28"],"angle":-75.5,"extra":1,"ei":2}},{"type":"Feature","geometry":{"type":"Point","coordinates":[21.899269,47.035341]},"properties":{"lines":"28","color":"#0059a9","mode":"bus","arr":["28"],"angle":-78,"extra":1,"ei":3}},{"type":"Feature","geometry":{"type":"Point","coordinates":[21.897989,47.031666]},"properties":{"lines":"28","color":"#0059a9","mode":"bus","arr":["28"],"angle":-75.1,"extra":1,"ei":4}},{"type":"Feature","geometry":{"type":"Point","coordinates":[21.897355,47.029828]},"properties":{"lines":"28","color":"#0059a9","mode":"bus","arr":["28"],"angle":-78,"extra":1,"ei":5}},{"type":"Feature","geometry":{"type":"Point","coordinates":[21.896852,47.027971]},"properties":{"lines":"28","color":"#0059a9","mode":"bus","arr":["28"],"angle":-80.7,"extra":1,"ei":6}},{"type":"Feature","geometry":{"type":"Point","coordinates":[21.898523,47.032822]},"properties":{"lines":"28","color":"#0059a9","mode":"bus","arr":["28"],"angle":-76.7,"extra":1,"ei":0,"side":-1}},{"type":"Feature","geometry":{"type":"Point","coordinates":[21.896762,47.026163]},"properties":{"lines":"28","color":"#0059a9","mode":"bus","arr":["28"],"angle":64}},{"type":"Feature","geometry":{"type":"Point","coordinates":[21.941892,47.055746]},"properties":{"lines":"28, 43","color":"#0059a9","mode":"bus","arr":["28","43"],"angle":6,"side":-1}},{"type":"Feature","geometry":{"type":"Point","coordinates":[21.91227,47.040547]},"properties":{"lines":"29","color":"#0059a9","mode":"bus","arr":["29"],"angle":79.2}},{"type":"Feature","geometry":{"type":"Point","coordinates":[21.909109,47.045328]},"properties":{"lines":"29","color":"#0059a9","mode":"bus","arr":["29"],"angle":24.7,"mi":1}},{"type":"Feature","geometry":{"type":"Point","coordinates":[21.911452,47.04318]},"properties":{"lines":"29","color":"#0059a9","mode":"bus","arr":["29"],"angle":78.6,"extra":1,"ei":0}},{"type":"Feature","geometry":{"type":"Point","coordinates":[21.905074,47.046055]},"properties":{"lines":"29","color":"#0059a9","mode":"bus","arr":["29"],"angle":10.4,"extra":1,"ei":1}},{"type":"Feature","geometry":{"type":"Point","coordinates":[21.92128,47.081132]},"properties":{"lines":"29, 721","color":"#0059a9","mode":"bus","arr":["29","721"],"angle":84.4,"side":-1}},{"type":"Feature","geometry":{"type":"Point","coordinates":[21.906938,47.075255]},"properties":{"lines":"29, 30, 42, T9","color":"#0059a9","mode":"bus","arr":["29","30","42","T9"],"angle":-58.9}},{"type":"Feature","geometry":{"type":"Point","coordinates":[21.918251,47.060916]},"properties":{"lines":"29, 30","color":"#0059a9","mode":"bus","arr":["29","30"],"angle":41.8,"side":-1}},{"type":"Feature","geometry":{"type":"Point","coordinates":[21.911969,47.040482]},"properties":{"lines":"29, 30","color":"#0059a9","mode":"bus","arr":["29","30"],"angle":79.3,"side":-1,"mi":1}},{"type":"Feature","geometry":{"type":"Point","coordinates":[21.906617,47.045618]},"properties":{"lines":"29, 30","color":"#0059a9","mode":"bus","arr":["29","30"],"angle":9,"side":-1,"mi":2}},{"type":"Feature","geometry":{"type":"Point","coordinates":[21.91128,47.043368]},"properties":{"lines":"29, 30","color":"#0059a9","mode":"bus","arr":["29","30"],"angle":77.4,"side":-1}},{"type":"Feature","geometry":{"type":"Point","coordinates":[21.90953,47.042582]},"properties":{"lines":"30","color":"#0059a9","mode":"bus","arr":["30"],"angle":23.6}},{"type":"Feature","geometry":{"type":"Point","coordinates":[21.910183,47.044235]},"properties":{"lines":"30","color":"#0059a9","mode":"bus","arr":["30"],"angle":81.8,"extra":1,"ei":0}},{"type":"Feature","geometry":{"type":"Point","coordinates":[21.956129,47.02921]},"properties":{"lines":"31, 33, 33E","color":"#0059a9","mode":"bus","arr":["31","33","33E"],"angle":5.9}},{"type":"Feature","geometry":{"type":"Point","coordinates":[21.941953,47.041015]},"properties":{"lines":"31, 33, 33E","color":"#0059a9","mode":"bus","arr":["31","33","33E"],"angle":45,"side":-1,"mi":1}},{"type":"Feature","geometry":{"type":"Point","coordinates":[21.947097,47.035017]},"properties":{"lines":"31","color":"#0059a9","mode":"bus","arr":["31"],"angle":58.9}},{"type":"Feature","geometry":{"type":"Point","coordinates":[21.940274,47.042304]},"properties":{"lines":"31, 33, 33E","color":"#0059a9","mode":"bus","arr":["31","33","33E"],"angle":-1.9}},{"type":"Feature","geometry":{"type":"Point","coordinates":[21.928596,47.049651]},"properties":{"lines":"31, 37","color":"#0059a9","mode":"bus","arr":["31","37"],"angle":0.8}},{"type":"Feature","geometry":{"type":"Point","coordinates":[21.923073,47.051116]},"properties":{"lines":"31, 33, 33E, 37","color":"#0059a9","mode":"bus","arr":["31","33","33E","37"],"angle":11.4}},{"type":"Feature","geometry":{"type":"Point","coordinates":[21.924899,47.050735]},"properties":{"lines":"31, 33, 33E, 37","color":"#0059a9","mode":"bus","arr":["31","33","33E","37"],"angle":24.1,"extra":1,"ei":0}},{"type":"Feature","geometry":{"type":"Point","coordinates":[21.917757,47.055508]},"properties":{"lines":"31, 33, 33E, 33P, 37","color":"#0059a9","mode":"bus","arr":["31","33","33E","33P","37"],"angle":75.6}},{"type":"Feature","geometry":{"type":"Point","coordinates":[21.906448,47.073987]},"properties":{"lines":"31, 33E, 33P, 37","color":"#0059a9","mode":"bus","arr":["31","33E","33P","37"],"angle":74,"side":-1}},{"type":"Feature","geometry":{"type":"Point","coordinates":[21.95635,47.029101]},"properties":{"lines":"31, 33, 33E, 38, 41","color":"#0059a9","mode":"bus","arr":["31","33","33E","38","41"],"angle":-26,"side":-1}},{"type":"Feature","geometry":{"type":"Point","coordinates":[21.955915,47.043803]},"properties":{"lines":"32, 38","color":"#0059a9","mode":"bus","arr":["32","38"],"angle":62.8}},{"type":"Feature","geometry":{"type":"Point","coordinates":[21.941194,47.054648]},"properties":{"lines":"32, 38","color":"#0059a9","mode":"bus","arr":["32","38"],"angle":4.5}},{"type":"Feature","geometry":{"type":"Point","coordinates":[21.921754,47.080815]},"properties":{"lines":"32, 35, 39","color":"#0059a9","mode":"bus","arr":["32","35","39"],"angle":0.1,"side":-1}},{"type":"Feature","geometry":{"type":"Point","coordinates":[21.932479,47.041613]},"properties":{"lines":"33, 33E, 41","color":"#0059a9","mode":"bus","arr":["33","33E","41"],"angle":-52.7}},{"type":"Feature","geometry":{"type":"Point","coordinates":[21.925474,47.041256]},"properties":{"lines":"33, 33E, 41","color":"#0059a9","mode":"bus","arr":["33","33E","41"],"angle":19.8,"mi":1}},{"type":"Feature","geometry":{"type":"Point","coordinates":[21.920907,47.04213]},"properties":{"lines":"33, 33E, 41","color":"#0059a9","mode":"bus","arr":["33","33E","41"],"angle":1.2,"extra":1,"ei":0}},{"type":"Feature","geometry":{"type":"Point","coordinates":[21.923588,47.041766]},"properties":{"lines":"33, 33E, 41","color":"#0059a9","mode":"bus","arr":["33","33E","41"],"angle":22.4,"extra":1,"ei":1}},{"type":"Feature","geometry":{"type":"Point","coordinates":[21.928789,47.040461]},"properties":{"lines":"33, 33E, 41","color":"#0059a9","mode":"bus","arr":["33","33E","41"],"angle":19.4,"extra":1,"ei":2}},{"type":"Feature","geometry":{"type":"Point","coordinates":[21.925155,47.049919]},"properties":{"lines":"33, 33E","color":"#0059a9","mode":"bus","arr":["33","33E"],"angle":64.4,"side":-1}},{"type":"Feature","geometry":{"type":"Point","coordinates":[21.956097,47.049665]},"properties":{"lines":"34","color":"#0059a9","mode":"bus","arr":["34"],"angle":-71.2}},{"type":"Feature","geometry":{"type":"Point","coordinates":[21.955576,47.043894]},"properties":{"lines":"34","color":"#0059a9","mode":"bus","arr":["34"],"angle":-34.4,"mi":1}},{"type":"Feature","geometry":{"type":"Point","coordinates":[21.939501,47.054503]},"properties":{"lines":"34, 39, 722","color":"#0059a9","mode":"bus","arr":["34","39","722"],"angle":-66.6,"side":-1}},{"type":"Feature","geometry":{"type":"Point","coordinates":[21.880755,47.086212]},"properties":{"lines":"36, 37, 38, 39","color":"#0059a9","mode":"bus","arr":["36","37","38","39"],"angle":33.7,"side":-1}},{"type":"Feature","geometry":{"type":"Point","coordinates":[21.878822,47.087335]},"properties":{"lines":"36, 37, 38, 39","color":"#0059a9","mode":"bus","arr":["36","37","38","39"],"angle":40.4,"extra":1,"ei":0}},{"type":"Feature","geometry":{"type":"Point","coordinates":[21.883158,47.084996]},"properties":{"lines":"36, 37, 38, 39","color":"#0059a9","mode":"bus","arr":["36","37","38","39"],"angle":34.6,"extra":1,"ei":1,"side":-1}},{"type":"Feature","geometry":{"type":"Point","coordinates":[21.869457,47.092877]},"properties":{"lines":"36, 37, 38, 39, 611, 612, RoHu","color":"#0059a9","mode":"bus","arr":["36","37","38","39","611","612","RoHu"],"angle":39.5}},{"type":"Feature","geometry":{"type":"Point","coordinates":[21.876483,47.08891]},"properties":{"lines":"36, 37, 38, 39, 611, 612, RoHu","color":"#0059a9","mode":"bus","arr":["36","37","38","39","611","612","RoHu"],"angle":40.3,"extra":1,"ei":0}},{"type":"Feature","geometry":{"type":"Point","coordinates":[21.874371,47.090133]},"properties":{"lines":"36, 37, 38, 39, 611, 612, RoHu","color":"#0059a9","mode":"bus","arr":["36","37","38","39","611","612","RoHu"],"angle":40.3,"extra":1,"ei":1}},{"type":"Feature","geometry":{"type":"Point","coordinates":[21.872203,47.091301]},"properties":{"lines":"36, 37, 38, 39, 611, 612, RoHu","color":"#0059a9","mode":"bus","arr":["36","37","38","39","611","612","RoHu"],"angle":40.3,"extra":1,"ei":2}},{"type":"Feature","geometry":{"type":"Point","coordinates":[21.867967,47.093738]},"properties":{"lines":"36, 37, 38, 39, 611, 612, RoHu","color":"#0059a9","mode":"bus","arr":["36","37","38","39","611","612","RoHu"],"angle":40.2,"extra":1,"ei":3}},{"type":"Feature","geometry":{"type":"Point","coordinates":[21.865846,47.094954]},"properties":{"lines":"36, 37, 38, 39, 611, 612, RoHu","color":"#0059a9","mode":"bus","arr":["36","37","38","39","611","612","RoHu"],"angle":40.1,"extra":1,"ei":4}},{"type":"Feature","geometry":{"type":"Point","coordinates":[21.863718,47.096164]},"properties":{"lines":"36, 37, 38, 39, 611, 612, RoHu","color":"#0059a9","mode":"bus","arr":["36","37","38","39","611","612","RoHu"],"angle":39.7,"extra":1,"ei":5}},{"type":"Feature","geometry":{"type":"Point","coordinates":[21.861589,47.097374]},"properties":{"lines":"36, 37, 38, 39, 611, 612, RoHu","color":"#0059a9","mode":"bus","arr":["36","37","38","39","611","612","RoHu"],"angle":35.4,"extra":1,"ei":6}},{"type":"Feature","geometry":{"type":"Point","coordinates":[21.834266,47.103718]},"properties":{"lines":"611, 612, RoHu","color":"#0059a9","mode":"bus","arr":["611","612","RoHu"],"angle":24.4,"side":-1,"mi":3}},{"type":"Feature","geometry":{"type":"Point","coordinates":[21.819719,47.109177]},"properties":{"lines":"611, 612, RoHu","color":"#0059a9","mode":"bus","arr":["611","612","RoHu"],"angle":30.7,"mi":1}},{"type":"Feature","geometry":{"type":"Point","coordinates":[21.848439,47.10026]},"properties":{"lines":"611, 612, RoHu","color":"#0059a9","mode":"bus","arr":["611","612","RoHu"],"angle":10.5,"side":-1,"mi":2}},{"type":"Feature","geometry":{"type":"Point","coordinates":[21.857727,47.098936]},"properties":{"lines":"611, 612, RoHu","color":"#0059a9","mode":"bus","arr":["611","612","RoHu"],"angle":21.3,"mi":1}},{"type":"Feature","geometry":{"type":"Point","coordinates":[21.855424,47.099437]},"properties":{"lines":"611, 612, RoHu","color":"#0059a9","mode":"bus","arr":["611","612","RoHu"],"angle":-87.2}},{"type":"Feature","geometry":{"type":"Point","coordinates":[21.852741,47.099787]},"properties":{"lines":"611, 612, RoHu","color":"#0059a9","mode":"bus","arr":["611","612","RoHu"],"angle":8.4,"extra":1,"ei":0}},{"type":"Feature","geometry":{"type":"Point","coordinates":[21.844569,47.100833]},"properties":{"lines":"611, 612, RoHu","color":"#0059a9","mode":"bus","arr":["611","612","RoHu"],"angle":12.4,"extra":1,"ei":1}},{"type":"Feature","geometry":{"type":"Point","coordinates":[21.841227,47.10164]},"properties":{"lines":"611, 612, RoHu","color":"#0059a9","mode":"bus","arr":["611","612","RoHu"],"angle":24.7,"extra":1,"ei":0}},{"type":"Feature","geometry":{"type":"Point","coordinates":[21.838707,47.102426]},"properties":{"lines":"611, 612, RoHu","color":"#0059a9","mode":"bus","arr":["611","612","RoHu"],"angle":25.2,"extra":1,"ei":1}},{"type":"Feature","geometry":{"type":"Point","coordinates":[21.836184,47.103208]},"properties":{"lines":"611, 612, RoHu","color":"#0059a9","mode":"bus","arr":["611","612","RoHu"],"angle":24.3,"extra":1,"ei":2}},{"type":"Feature","geometry":{"type":"Point","coordinates":[21.831128,47.104758]},"properties":{"lines":"611, 612, RoHu","color":"#0059a9","mode":"bus","arr":["611","612","RoHu"],"angle":24.5,"extra":1,"ei":3}},{"type":"Feature","geometry":{"type":"Point","coordinates":[21.828634,47.105581]},"properties":{"lines":"611, 612, RoHu","color":"#0059a9","mode":"bus","arr":["611","612","RoHu"],"angle":29,"extra":1,"ei":4}},{"type":"Feature","geometry":{"type":"Point","coordinates":[21.824046,47.107415]},"properties":{"lines":"611, 612, RoHu","color":"#0059a9","mode":"bus","arr":["611","612","RoHu"],"angle":30.8,"extra":1,"ei":0}},{"type":"Feature","geometry":{"type":"Point","coordinates":[21.821669,47.108386]},"properties":{"lines":"611, 612, RoHu","color":"#0059a9","mode":"bus","arr":["611","612","RoHu"],"angle":30.8,"extra":1,"ei":1}},{"type":"Feature","geometry":{"type":"Point","coordinates":[21.816902,47.110315]},"properties":{"lines":"611, 612, RoHu","color":"#0059a9","mode":"bus","arr":["611","612","RoHu"],"angle":29.9,"extra":1,"ei":2}},{"type":"Feature","geometry":{"type":"Point","coordinates":[21.814529,47.11129]},"properties":{"lines":"611, 612, RoHu","color":"#0059a9","mode":"bus","arr":["611","612","RoHu"],"angle":34.1,"extra":1,"ei":3}},{"type":"Feature","geometry":{"type":"Point","coordinates":[21.886228,47.083593]},"properties":{"lines":"36, 37, 38, 39","color":"#0059a9","mode":"bus","arr":["36","37","38","39"],"angle":33.6,"side":-1,"mi":1}},{"type":"Feature","geometry":{"type":"Point","coordinates":[21.931186,47.050751]},"properties":{"lines":"41","color":"#0059a9","mode":"bus","arr":["41"],"angle":-71.3}},{"type":"Feature","geometry":{"type":"Point","coordinates":[21.930046,47.049812]},"properties":{"lines":"41","color":"#0059a9","mode":"bus","arr":["41"],"angle":-15.5,"mi":1}},{"type":"Feature","geometry":{"type":"Point","coordinates":[21.919332,47.060607]},"properties":{"lines":"42","color":"#0059a9","mode":"bus","arr":["42"],"angle":37.2}},{"type":"Feature","geometry":{"type":"Point","coordinates":[21.907846,47.073545]},"properties":{"lines":"42","color":"#0059a9","mode":"bus","arr":["42"],"angle":-12,"mi":4}},{"type":"Feature","geometry":{"type":"Point","coordinates":[21.906593,47.085924]},"properties":{"lines":"42","color":"#0059a9","mode":"bus","arr":["42"],"angle":75.1,"side":-1,"mi":1}},{"type":"Feature","geometry":{"type":"Point","coordinates":[21.90679,47.073924]},"properties":{"lines":"42, T9","color":"#0059a9","mode":"bus","arr":["42","T9"],"angle":21.3}},{"type":"Feature","geometry":{"type":"Point","coordinates":[21.906778,47.074439]},"properties":{"lines":"42, T9","color":"#0059a9","mode":"bus","arr":["42","T9"],"angle":-25.3,"side":-1,"mi":1}},{"type":"Feature","geometry":{"type":"Point","coordinates":[21.907176,47.085429]},"properties":{"lines":"42","color":"#0059a9","mode":"bus","arr":["42"],"angle":75.2}},{"type":"Feature","geometry":{"type":"Point","coordinates":[21.901963,47.089585]},"properties":{"lines":"42","color":"#0059a9","mode":"bus","arr":["42"],"angle":29.4,"extra":1,"ei":0}},{"type":"Feature","geometry":{"type":"Point","coordinates":[21.904368,47.088646]},"properties":{"lines":"42","color":"#0059a9","mode":"bus","arr":["42"],"angle":30.3,"extra":1,"ei":1}},{"type":"Feature","geometry":{"type":"Point","coordinates":[21.906247,47.087305]},"properties":{"lines":"42","color":"#0059a9","mode":"bus","arr":["42"],"angle":61.1,"extra":1,"ei":2}},{"type":"Feature","geometry":{"type":"Point","coordinates":[21.9079,47.083708]},"properties":{"lines":"42","color":"#0059a9","mode":"bus","arr":["42"],"angle":73.9,"extra":1,"ei":3}},{"type":"Feature","geometry":{"type":"Point","coordinates":[21.908721,47.081904]},"properties":{"lines":"42","color":"#0059a9","mode":"bus","arr":["42"],"angle":72.1,"extra":1,"ei":4}},{"type":"Feature","geometry":{"type":"Point","coordinates":[21.909557,47.080257]},"properties":{"lines":"42","color":"#0059a9","mode":"bus","arr":["42"],"angle":15.3,"extra":1,"ei":5}},{"type":"Feature","geometry":{"type":"Point","coordinates":[21.897753,47.084924]},"properties":{"lines":"42","color":"#0059a9","mode":"bus","arr":["42"],"angle":30.6,"mi":3}},{"type":"Feature","geometry":{"type":"Point","coordinates":[21.899938,47.089128]},"properties":{"lines":"42","color":"#0059a9","mode":"bus","arr":["42"],"angle":-56.5,"extra":1,"ei":0}},{"type":"Feature","geometry":{"type":"Point","coordinates":[21.898409,47.087552]},"properties":{"lines":"42","color":"#0059a9","mode":"bus","arr":["42"],"angle":-56.5,"extra":1,"ei":1}},{"type":"Feature","geometry":{"type":"Point","coordinates":[21.896882,47.085976]},"properties":{"lines":"42","color":"#0059a9","mode":"bus","arr":["42"],"angle":-56.8,"extra":1,"ei":2}},{"type":"Feature","geometry":{"type":"Point","coordinates":[21.900079,47.085732]},"properties":{"lines":"42","color":"#0059a9","mode":"bus","arr":["42"],"angle":-56.6,"extra":1,"ei":3}},{"type":"Feature","geometry":{"type":"Point","coordinates":[21.901603,47.087309]},"properties":{"lines":"42","color":"#0059a9","mode":"bus","arr":["42"],"angle":-56.6,"extra":1,"ei":4}},{"type":"Feature","geometry":{"type":"Point","coordinates":[21.903128,47.088886]},"properties":{"lines":"42","color":"#0059a9","mode":"bus","arr":["42"],"angle":-56.7,"extra":1,"ei":5}},{"type":"Feature","geometry":{"type":"Point","coordinates":[21.902673,47.046683]},"properties":{"lines":"43","color":"#0059a9","mode":"bus","arr":["43"],"angle":-26.3,"mi":3}},{"type":"Feature","geometry":{"type":"Point","coordinates":[21.894638,47.047619]},"properties":{"lines":"43","color":"#0059a9","mode":"bus","arr":["43"],"angle":19.5,"side":-1}},{"type":"Feature","geometry":{"type":"Point","coordinates":[21.883126,47.05038]},"properties":{"lines":"43","color":"#0059a9","mode":"bus","arr":["43"],"angle":18.9,"mi":1}},{"type":"Feature","geometry":{"type":"Point","coordinates":[21.89932,47.046868]},"properties":{"lines":"43","color":"#0059a9","mode":"bus","arr":["43"],"angle":8.5,"extra":1,"ei":0}},{"type":"Feature","geometry":{"type":"Point","coordinates":[21.896606,47.047232]},"properties":{"lines":"43","color":"#0059a9","mode":"bus","arr":["43"],"angle":17.4,"extra":1,"ei":1}},{"type":"Feature","geometry":{"type":"Point","coordinates":[21.891417,47.048553]},"properties":{"lines":"43","color":"#0059a9","mode":"bus","arr":["43"],"angle":20.9,"extra":1,"ei":2}},{"type":"Feature","geometry":{"type":"Point","coordinates":[21.888814,47.049202]},"properties":{"lines":"43","color":"#0059a9","mode":"bus","arr":["43"],"angle":19.7,"extra":1,"ei":3}},{"type":"Feature","geometry":{"type":"Point","coordinates":[21.881423,47.050793]},"properties":{"lines":"43","color":"#0059a9","mode":"bus","arr":["43"],"angle":19.9,"extra":1,"ei":0}},{"type":"Feature","geometry":{"type":"Point","coordinates":[21.879814,47.050539]},"properties":{"lines":"43","color":"#0059a9","mode":"bus","arr":["43"],"angle":-70.1,"mi":2}},{"type":"Feature","geometry":{"type":"Point","coordinates":[21.970562,47.007926]},"properties":{"lines":"511, 512, 513, 514, 515, 516, 517","color":"#0059a9","mode":"bus","arr":["511","512","513","514","515","516","517"],"angle":29.6}},{"type":"Feature","geometry":{"type":"Point","coordinates":[21.962254,47.020842]},"properties":{"lines":"511, 512, 513, 514, 515, 516, 517","color":"#0059a9","mode":"bus","arr":["511","512","513","514","515","516","517"],"angle":67.5,"side":-1}},{"type":"Feature","geometry":{"type":"Point","coordinates":[21.959187,47.02508]},"properties":{"lines":"511, 512, 513, 514, 515, 516, 517","color":"#0059a9","mode":"bus","arr":["511","512","513","514","515","516","517"],"angle":62.5,"extra":1,"ei":0,"side":-1}},{"type":"Feature","geometry":{"type":"Point","coordinates":[21.960477,47.023408]},"properties":{"lines":"511, 512, 513, 514, 515, 516, 517","color":"#0059a9","mode":"bus","arr":["511","512","513","514","515","516","517"],"angle":62.1,"extra":1,"ei":1,"side":-1}},{"type":"Feature","geometry":{"type":"Point","coordinates":[21.963339,47.018118]},"properties":{"lines":"511, 512, 513, 514, 515, 516, 517","color":"#0059a9","mode":"bus","arr":["511","512","513","514","515","516","517"],"angle":77.9,"extra":1,"ei":2,"side":-1}},{"type":"Feature","geometry":{"type":"Point","coordinates":[21.963976,47.01628]},"properties":{"lines":"511, 512, 513, 514, 515, 516, 517","color":"#0059a9","mode":"bus","arr":["511","512","513","514","515","516","517"],"angle":73.1,"extra":1,"ei":3,"side":-1}},{"type":"Feature","geometry":{"type":"Point","coordinates":[21.965087,47.014287]},"properties":{"lines":"511, 512, 513, 514, 515, 516, 517","color":"#0059a9","mode":"bus","arr":["511","512","513","514","515","516","517"],"angle":66.9,"extra":1,"ei":0,"side":-1}},{"type":"Feature","geometry":{"type":"Point","coordinates":[21.966229,47.012567]},"properties":{"lines":"511, 512, 513, 514, 515, 516, 517","color":"#0059a9","mode":"bus","arr":["511","512","513","514","515","516","517"],"angle":65.4,"extra":1,"ei":1,"side":-1}},{"type":"Feature","geometry":{"type":"Point","coordinates":[21.967357,47.010842]},"properties":{"lines":"511, 512, 513, 514, 515, 516, 517","color":"#0059a9","mode":"bus","arr":["511","512","513","514","515","516","517"],"angle":66.6,"extra":1,"ei":2,"side":-1}},{"type":"Feature","geometry":{"type":"Point","coordinates":[21.97908,47.003174]},"properties":{"lines":"511, 512, 513, 514, 515, 516, 517","color":"#0059a9","mode":"bus","arr":["511","512","513","514","515","516","517"],"angle":49.7,"extra":1,"ei":0}},{"type":"Feature","geometry":{"type":"Point","coordinates":[21.976999,47.004403]},"properties":{"lines":"511, 512, 513, 514, 515, 516, 517","color":"#0059a9","mode":"bus","arr":["511","512","513","514","515","516","517"],"angle":34.2,"extra":1,"ei":1}},{"type":"Feature","geometry":{"type":"Point","coordinates":[21.97476,47.005516]},"properties":{"lines":"511, 512, 513, 514, 515, 516, 517","color":"#0059a9","mode":"bus","arr":["511","512","513","514","515","516","517"],"angle":39,"extra":1,"ei":2}},{"type":"Feature","geometry":{"type":"Point","coordinates":[21.972732,47.006804]},"properties":{"lines":"511, 512, 513, 514, 515, 516, 517","color":"#0059a9","mode":"bus","arr":["511","512","513","514","515","516","517"],"angle":44,"extra":1,"ei":3}},{"type":"Feature","geometry":{"type":"Point","coordinates":[21.968547,47.009192]},"properties":{"lines":"511, 512, 513, 514, 515, 516, 517","color":"#0059a9","mode":"bus","arr":["511","512","513","514","515","516","517"],"angle":61.4,"extra":1,"ei":4}},{"type":"Feature","geometry":{"type":"Point","coordinates":[21.979911,46.999795]},"properties":{"lines":"511, 513, 515, 516, 517","color":"#0059a9","mode":"bus","arr":["511","513","515","516","517"],"angle":-49.1,"mi":1}},{"type":"Feature","geometry":{"type":"Point","coordinates":[21.980808,47.0017]},"properties":{"lines":"511, 513, 515, 516, 517","color":"#0059a9","mode":"bus","arr":["511","513","515","516","517"],"angle":62.9,"extra":1,"ei":0,"side":-1}},{"type":"Feature","geometry":{"type":"Point","coordinates":[21.979428,46.998262]},"properties":{"lines":"511, 513, 515, 516, 517","color":"#0059a9","mode":"bus","arr":["511","513","515","516","517"],"angle":-84.1,"extra":1,"ei":1}},{"type":"Feature","geometry":{"type":"Point","coordinates":[21.976688,46.992131]},"properties":{"lines":"511","color":"#0059a9","mode":"bus","arr":["511"],"angle":-69.2,"mi":2}},{"type":"Feature","geometry":{"type":"Point","coordinates":[21.97874,46.986229]},"properties":{"lines":"511","color":"#0059a9","mode":"bus","arr":["511"],"angle":-15.8}},{"type":"Feature","geometry":{"type":"Point","coordinates":[21.97861,46.995667]},"properties":{"lines":"511","color":"#0059a9","mode":"bus","arr":["511"],"angle":-70.3,"extra":1,"ei":0}},{"type":"Feature","geometry":{"type":"Point","coordinates":[21.977628,46.993901]},"properties":{"lines":"511","color":"#0059a9","mode":"bus","arr":["511"],"angle":-69.2,"extra":1,"ei":1}},{"type":"Feature","geometry":{"type":"Point","coordinates":[21.975899,46.990365]},"properties":{"lines":"511","color":"#0059a9","mode":"bus","arr":["511"],"angle":-60.2,"extra":1,"ei":2}},{"type":"Feature","geometry":{"type":"Point","coordinates":[21.975786,46.988606]},"properties":{"lines":"511","color":"#0059a9","mode":"bus","arr":["511"],"angle":73.3,"extra":1,"ei":3}},{"type":"Feature","geometry":{"type":"Point","coordinates":[21.976709,46.98655]},"properties":{"lines":"511","color":"#0059a9","mode":"bus","arr":["511"],"angle":74.8,"extra":1,"ei":0}},{"type":"Feature","geometry":{"type":"Point","coordinates":[21.981069,46.987175]},"properties":{"lines":"511","color":"#0059a9","mode":"bus","arr":["511"],"angle":-42.6,"extra":1,"ei":1}},{"type":"Feature","geometry":{"type":"Point","coordinates":[21.983687,46.986523]},"properties":{"lines":"511","color":"#0059a9","mode":"bus","arr":["511"],"angle":50.4,"mi":1}},{"type":"Feature","geometry":{"type":"Point","coordinates":[21.983552,46.991607]},"properties":{"lines":"511, 513, 515, 516, 517","color":"#0059a9","mode":"bus","arr":["511","513","515","516","517"],"angle":81.3}},{"type":"Feature","geometry":{"type":"Point","coordinates":[21.985508,46.986388]},"properties":{"lines":"511, 513, 515, 516, 517","color":"#0059a9","mode":"bus","arr":["511","513","515","516","517"],"angle":89.9,"extra":1,"ei":0}},{"type":"Feature","geometry":{"type":"Point","coordinates":[21.98489,46.988205]},"properties":{"lines":"511, 513, 515, 516, 517","color":"#0059a9","mode":"bus","arr":["511","513","515","516","517"],"angle":65.2,"extra":1,"ei":1}},{"type":"Feature","geometry":{"type":"Point","coordinates":[21.983908,46.989965]},"properties":{"lines":"511, 513, 515, 516, 517","color":"#0059a9","mode":"bus","arr":["511","513","515","516","517"],"angle":79.3,"extra":1,"ei":2}},{"type":"Feature","geometry":{"type":"Point","coordinates":[21.983109,46.993703]},"properties":{"lines":"511, 513, 515, 516, 517","color":"#0059a9","mode":"bus","arr":["511","513","515","516","517"],"angle":82.7,"extra":1,"ei":3}},{"type":"Feature","geometry":{"type":"Point","coordinates":[21.982828,46.99557]},"properties":{"lines":"511, 513, 515, 516, 517","color":"#0059a9","mode":"bus","arr":["511","513","515","516","517"],"angle":62.1,"extra":1,"ei":4}},{"type":"Feature","geometry":{"type":"Point","coordinates":[21.980351,46.996288]},"properties":{"lines":"511, 513, 515, 516, 517","color":"#0059a9","mode":"bus","arr":["511","513","515","516","517"],"angle":14.7,"extra":1,"ei":5}},{"type":"Feature","geometry":{"type":"Point","coordinates":[21.985823,46.984091]},"properties":{"lines":"513, 515, 516, 517","color":"#0059a9","mode":"bus","arr":["513","515","516","517"],"angle":70}},{"type":"Feature","geometry":{"type":"Point","coordinates":[21.986509,46.982121]},"properties":{"lines":"513, 515, 516, 517","color":"#0059a9","mode":"bus","arr":["513","515","516","517"],"angle":77.8,"mi":1}},{"type":"Feature","geometry":{"type":"Point","coordinates":[21.988954,47.001182]},"properties":{"lines":"512, 514","color":"#0059a9","mode":"bus","arr":["512","514"],"angle":8.5,"mi":2}},{"type":"Feature","geometry":{"type":"Point","coordinates":[21.980975,47.001806]},"properties":{"lines":"512, 514","color":"#0059a9","mode":"bus","arr":["512","514"],"angle":47.8,"extra":1,"ei":0}},{"type":"Feature","geometry":{"type":"Point","coordinates":[21.983527,47.001293]},"properties":{"lines":"512, 514","color":"#0059a9","mode":"bus","arr":["512","514"],"angle":2.4,"extra":1,"ei":1}},{"type":"Feature","geometry":{"type":"Point","coordinates":[21.986297,47.001227]},"properties":{"lines":"512, 514","color":"#0059a9","mode":"bus","arr":["512","514"],"angle":1.1,"extra":1,"ei":2}},{"type":"Feature","geometry":{"type":"Point","coordinates":[21.990891,46.999838]},"properties":{"lines":"512, 514","color":"#0059a9","mode":"bus","arr":["512","514"],"angle":55.8,"extra":1,"ei":3}},{"type":"Feature","geometry":{"type":"Point","coordinates":[21.992918,46.998562]},"properties":{"lines":"512, 514","color":"#0059a9","mode":"bus","arr":["512","514"],"angle":39.5,"extra":1,"ei":4}},{"type":"Feature","geometry":{"type":"Point","coordinates":[21.995232,46.997532]},"properties":{"lines":"512, 514","color":"#0059a9","mode":"bus","arr":["512","514"],"angle":27.5,"extra":1,"ei":5}},{"type":"Feature","geometry":{"type":"Point","coordinates":[21.997979,46.997025]},"properties":{"lines":"512, 514","color":"#0059a9","mode":"bus","arr":["512","514"],"angle":10.3}},{"type":"Feature","geometry":{"type":"Point","coordinates":[21.999258,46.9967]},"properties":{"lines":"512, 514","color":"#0059a9","mode":"bus","arr":["512","514"],"angle":64,"side":-1,"mi":1}},{"type":"Feature","geometry":{"type":"Point","coordinates":[21.990124,47.00116]},"properties":{"lines":"512","color":"#0059a9","mode":"bus","arr":["512"],"angle":-82.6,"mi":1}},{"type":"Feature","geometry":{"type":"Point","coordinates":[22.003765,47.000274]},"properties":{"lines":"512","color":"#0059a9","mode":"bus","arr":["512"],"angle":-5.1,"mi":2}},{"type":"Feature","geometry":{"type":"Point","coordinates":[22.002132,46.999583]},"properties":{"lines":"512","color":"#0059a9","mode":"bus","arr":["512"],"angle":-46.5,"extra":1,"ei":0}},{"type":"Feature","geometry":{"type":"Point","coordinates":[21.993929,47.004028]},"properties":{"lines":"512","color":"#0059a9","mode":"bus","arr":["512"],"angle":31.4}},{"type":"Feature","geometry":{"type":"Point","coordinates":[22.000027,46.999835]},"properties":{"lines":"512","color":"#0059a9","mode":"bus","arr":["512"],"angle":44.6,"extra":1,"ei":0}},{"type":"Feature","geometry":{"type":"Point","coordinates":[21.99808,47.001179]},"properties":{"lines":"512","color":"#0059a9","mode":"bus","arr":["512"],"angle":46.3,"extra":1,"ei":1}},{"type":"Feature","geometry":{"type":"Point","coordinates":[21.996184,47.002556]},"properties":{"lines":"512","color":"#0059a9","mode":"bus","arr":["512"],"angle":46,"extra":1,"ei":2}},{"type":"Feature","geometry":{"type":"Point","coordinates":[21.991693,47.004632]},"properties":{"lines":"512","color":"#0059a9","mode":"bus","arr":["512"],"angle":7.3,"extra":1,"ei":3}},{"type":"Feature","geometry":{"type":"Point","coordinates":[21.98936,47.003814]},"properties":{"lines":"512","color":"#0059a9","mode":"bus","arr":["512"],"angle":-66.1,"extra":1,"ei":4}},{"type":"Feature","geometry":{"type":"Point","coordinates":[21.990302,47.00222]},"properties":{"lines":"512","color":"#0059a9","mode":"bus","arr":["512"],"angle":-84.8,"extra":1,"ei":5}},{"type":"Feature","geometry":{"type":"Point","coordinates":[21.973506,46.970989]},"properties":{"lines":"513","color":"#0059a9","mode":"bus","arr":["513"],"angle":74.4}},{"type":"Feature","geometry":{"type":"Point","coordinates":[21.981014,46.980808]},"properties":{"lines":"513","color":"#0059a9","mode":"bus","arr":["513"],"angle":10.5}},{"type":"Feature","geometry":{"type":"Point","coordinates":[21.974674,46.965819]},"properties":{"lines":"513","color":"#0059a9","mode":"bus","arr":["513"],"angle":77.9,"extra":1,"ei":0}},{"type":"Feature","geometry":{"type":"Point","coordinates":[21.974536,46.967679]},"properties":{"lines":"513","color":"#0059a9","mode":"bus","arr":["513"],"angle":80.3,"extra":1,"ei":1}},{"type":"Feature","geometry":{"type":"Point","coordinates":[21.974037,46.969536]},"properties":{"lines":"513","color":"#0059a9","mode":"bus","arr":["513"],"angle":78.8,"extra":1,"ei":2}},{"type":"Feature","geometry":{"type":"Point","coordinates":[21.972956,46.973231]},"properties":{"lines":"513","color":"#0059a9","mode":"bus","arr":["513"],"angle":-89.2,"extra":1,"ei":3}},{"type":"Feature","geometry":{"type":"Point","coordinates":[21.973985,46.974918]},"properties":{"lines":"513","color":"#0059a9","mode":"bus","arr":["513"],"angle":-47.7,"extra":1,"ei":4}},{"type":"Feature","geometry":{"type":"Point","coordinates":[21.975841,46.9763]},"properties":{"lines":"513","color":"#0059a9","mode":"bus","arr":["513"],"angle":-55.1,"extra":1,"ei":5,"side":-1}},{"type":"Feature","geometry":{"type":"Point","coordinates":[21.976908,46.977455]},"properties":{"lines":"513","color":"#0059a9","mode":"bus","arr":["513"],"angle":-58.9,"extra":1,"ei":0}},{"type":"Feature","geometry":{"type":"Point","coordinates":[21.978396,46.979048]},"properties":{"lines":"513","color":"#0059a9","mode":"bus","arr":["513"],"angle":-52.8,"extra":1,"ei":1}},{"type":"Feature","geometry":{"type":"Point","coordinates":[21.98251,46.980208]},"properties":{"lines":"513","color":"#0059a9","mode":"bus","arr":["513"],"angle":22.1,"extra":1,"ei":2}},{"type":"Feature","geometry":{"type":"Point","coordinates":[21.985129,46.980553]},"properties":{"lines":"513","color":"#0059a9","mode":"bus","arr":["513"],"angle":-40.2,"extra":1,"ei":3}},{"type":"Feature","geometry":{"type":"Point","coordinates":[21.985906,46.982197]},"properties":{"lines":"513","color":"#0059a9","mode":"bus","arr":["513"],"angle":-83.2,"extra":1,"ei":4}},{"type":"Feature","geometry":{"type":"Point","coordinates":[21.982136,46.958308]},"properties":{"lines":"513","color":"#0059a9","mode":"bus","arr":["513"],"angle":-39.6}},{"type":"Feature","geometry":{"type":"Point","coordinates":[21.976346,46.965072]},"properties":{"lines":"513","color":"#0059a9","mode":"bus","arr":["513"],"angle":12.9,"extra":1,"ei":0}},{"type":"Feature","geometry":{"type":"Point","coordinates":[21.978167,46.963705]},"properties":{"lines":"513","color":"#0059a9","mode":"bus","arr":["513"],"angle":58.6,"extra":1,"ei":1}},{"type":"Feature","geometry":{"type":"Point","coordinates":[21.979109,46.961943]},"properties":{"lines":"513","color":"#0059a9","mode":"bus","arr":["513"],"angle":67.3,"extra":1,"ei":2}},{"type":"Feature","geometry":{"type":"Point","coordinates":[21.980963,46.960553]},"properties":{"lines":"513","color":"#0059a9","mode":"bus","arr":["513"],"angle":51,"extra":1,"ei":3}},{"type":"Feature","geometry":{"type":"Point","coordinates":[21.978354,46.959396]},"properties":{"lines":"513","color":"#0059a9","mode":"bus","arr":["513"],"angle":52,"extra":1,"ei":4}},{"type":"Feature","geometry":{"type":"Point","coordinates":[21.976667,46.96089]},"properties":{"lines":"513","color":"#0059a9","mode":"bus","arr":["513"],"angle":44.8,"extra":1,"ei":5}},{"type":"Feature","geometry":{"type":"Point","coordinates":[21.975284,46.962473]},"properties":{"lines":"513","color":"#0059a9","mode":"bus","arr":["513"],"angle":56.8,"extra":1,"ei":6}},{"type":"Feature","geometry":{"type":"Point","coordinates":[21.974799,46.964269]},"properties":{"lines":"513","color":"#0059a9","mode":"bus","arr":["513"],"angle":-77.2,"extra":1,"ei":7}},{"type":"Feature","geometry":{"type":"Point","coordinates":[22.002113,46.978649]},"properties":{"lines":"514","color":"#0059a9","mode":"bus","arr":["514"],"angle":64.3}},{"type":"Feature","geometry":{"type":"Point","coordinates":[21.994428,46.995614]},"properties":{"lines":"514","color":"#0059a9","mode":"bus","arr":["514"],"angle":-85.9,"mi":2}},{"type":"Feature","geometry":{"type":"Point","coordinates":[21.997041,46.987209]},"properties":{"lines":"514","color":"#0059a9","mode":"bus","arr":["514"],"angle":55.9,"extra":1,"ei":0}},{"type":"Feature","geometry":{"type":"Point","coordinates":[21.999133,46.986029]},"properties":{"lines":"514","color":"#0059a9","mode":"bus","arr":["514"],"angle":51.1,"extra":1,"ei":1}},{"type":"Feature","geometry":{"type":"Point","coordinates":[21.999668,46.98419]},"properties":{"lines":"514","color":"#0059a9","mode":"bus","arr":["514"],"angle":85.2,"extra":1,"ei":2}},{"type":"Feature","geometry":{"type":"Point","coordinates":[22.000199,46.982342]},"properties":{"lines":"514","color":"#0059a9","mode":"bus","arr":["514"],"angle":81.8,"extra":1,"ei":3}},{"type":"Feature","geometry":{"type":"Point","coordinates":[22.001031,46.980545]},"properties":{"lines":"514","color":"#0059a9","mode":"bus","arr":["514"],"angle":70.7,"extra":1,"ei":4}},{"type":"Feature","geometry":{"type":"Point","coordinates":[22.003822,46.977383]},"properties":{"lines":"514","color":"#0059a9","mode":"bus","arr":["514"],"angle":34,"extra":1,"ei":5}},{"type":"Feature","geometry":{"type":"Point","coordinates":[22.006141,46.976357]},"properties":{"lines":"514","color":"#0059a9","mode":"bus","arr":["514"],"angle":32.1,"extra":1,"ei":6}},{"type":"Feature","geometry":{"type":"Point","coordinates":[22.008604,46.975491]},"properties":{"lines":"514","color":"#0059a9","mode":"bus","arr":["514"],"angle":27.5,"extra":1,"ei":7}},{"type":"Feature","geometry":{"type":"Point","coordinates":[22.010843,46.97443]},"properties":{"lines":"514","color":"#0059a9","mode":"bus","arr":["514"],"angle":49.1,"extra":1,"ei":8}},{"type":"Feature","geometry":{"type":"Point","coordinates":[22.013201,46.973898]},"properties":{"lines":"514","color":"#0059a9","mode":"bus","arr":["514"],"angle":-40.3,"extra":1,"ei":9}},{"type":"Feature","geometry":{"type":"Point","coordinates":[21.993062,46.990713]},"properties":{"lines":"514","color":"#0059a9","mode":"bus","arr":["514"],"angle":88.2,"mi":1}},{"type":"Feature","geometry":{"type":"Point","coordinates":[21.994597,46.99385]},"properties":{"lines":"514","color":"#0059a9","mode":"bus","arr":["514"],"angle":-66.3,"extra":1,"ei":0}},{"type":"Feature","geometry":{"type":"Point","coordinates":[21.993242,46.992243]},"properties":{"lines":"514","color":"#0059a9","mode":"bus","arr":["514"],"angle":-73,"extra":1,"ei":1}},{"type":"Feature","geometry":{"type":"Point","coordinates":[21.994237,46.988938]},"properties":{"lines":"514","color":"#0059a9","mode":"bus","arr":["514"],"angle":8.4,"extra":1,"ei":2}},{"type":"Feature","geometry":{"type":"Point","coordinates":[21.996772,46.98824]},"properties":{"lines":"514","color":"#0059a9","mode":"bus","arr":["514"],"angle":32.8,"extra":1,"ei":3}},{"type":"Feature","geometry":{"type":"Point","coordinates":[22.017123,46.972855]},"properties":{"lines":"514","color":"#0059a9","mode":"bus","arr":["514"],"angle":39.1}},{"type":"Feature","geometry":{"type":"Point","coordinates":[22.019139,46.972332]},"properties":{"lines":"514","color":"#0059a9","mode":"bus","arr":["514"],"angle":-12.8,"extra":1,"ei":0}},{"type":"Feature","geometry":{"type":"Point","coordinates":[22.014935,46.974475]},"properties":{"lines":"514","color":"#0059a9","mode":"bus","arr":["514"],"angle":41.9,"extra":1,"ei":1}},{"type":"Feature","geometry":{"type":"Point","coordinates":[21.995543,46.99167]},"properties":{"lines":"514","color":"#0059a9","mode":"bus","arr":["514"],"angle":-78.9}},{"type":"Feature","geometry":{"type":"Point","coordinates":[21.995075,46.989823]},"properties":{"lines":"514","color":"#0059a9","mode":"bus","arr":["514"],"angle":-80.4,"extra":1,"ei":0}},{"type":"Feature","geometry":{"type":"Point","coordinates":[21.996153,46.993526]},"properties":{"lines":"514","color":"#0059a9","mode":"bus","arr":["514"],"angle":-76.7,"extra":1,"ei":1}},{"type":"Feature","geometry":{"type":"Point","coordinates":[21.985993,46.973652]},"properties":{"lines":"515, 516, 517","color":"#0059a9","mode":"bus","arr":["515","516","517"],"angle":65.5}},{"type":"Feature","geometry":{"type":"Point","coordinates":[21.986424,46.981048]},"properties":{"lines":"515, 516, 517","color":"#0059a9","mode":"bus","arr":["515","516","517"],"angle":-85.4,"extra":1,"ei":0}},{"type":"Feature","geometry":{"type":"Point","coordinates":[21.985724,46.979258]},"properties":{"lines":"515, 516, 517","color":"#0059a9","mode":"bus","arr":["515","516","517"],"angle":-57.7,"extra":1,"ei":1}},{"type":"Feature","geometry":{"type":"Point","coordinates":[21.984105,46.977746]},"properties":{"lines":"515, 516, 517","color":"#0059a9","mode":"bus","arr":["515","516","517"],"angle":-77.4,"extra":1,"ei":2}},{"type":"Feature","geometry":{"type":"Point","coordinates":[21.984748,46.97593]},"properties":{"lines":"515, 516, 517","color":"#0059a9","mode":"bus","arr":["515","516","517"],"angle":69.8,"extra":1,"ei":3}},{"type":"Feature","geometry":{"type":"Point","coordinates":[21.987054,46.97252]},"properties":{"lines":"515, 516, 517","color":"#0059a9","mode":"bus","arr":["515","516","517"],"angle":54.6,"extra":1,"ei":4}},{"type":"Feature","geometry":{"type":"Point","coordinates":[21.988858,46.971098]},"properties":{"lines":"515, 516, 517","color":"#0059a9","mode":"bus","arr":["515","516","517"],"angle":41.8,"extra":1,"ei":5}},{"type":"Feature","geometry":{"type":"Point","coordinates":[21.990755,46.969726]},"properties":{"lines":"515, 516, 517","color":"#0059a9","mode":"bus","arr":["515","516","517"],"angle":56.3,"extra":1,"ei":6}},{"type":"Feature","geometry":{"type":"Point","coordinates":[21.992019,46.968046]},"properties":{"lines":"515, 516, 517","color":"#0059a9","mode":"bus","arr":["515","516","517"],"angle":62,"extra":1,"ei":7}},{"type":"Feature","geometry":{"type":"Point","coordinates":[21.993678,46.966539]},"properties":{"lines":"515, 516, 517","color":"#0059a9","mode":"bus","arr":["515","516","517"],"angle":55.8,"extra":1,"ei":8}},{"type":"Feature","geometry":{"type":"Point","coordinates":[22.017947,46.949534]},"properties":{"lines":"515, 516, 517","color":"#0059a9","mode":"bus","arr":["515","516","517"],"angle":35.1}},{"type":"Feature","geometry":{"type":"Point","coordinates":[21.994446,46.965589]},"properties":{"lines":"515, 516, 517","color":"#0059a9","mode":"bus","arr":["515","516","517"],"angle":61.8,"extra":1,"ei":0}},{"type":"Feature","geometry":{"type":"Point","coordinates":[21.995914,46.963992]},"properties":{"lines":"515, 516, 517","color":"#0059a9","mode":"bus","arr":["515","516","517"],"angle":52.3,"extra":1,"ei":1}},{"type":"Feature","geometry":{"type":"Point","coordinates":[21.997611,46.962499]},"properties":{"lines":"515, 516, 517","color":"#0059a9","mode":"bus","arr":["515","516","517"],"angle":52.2,"extra":1,"ei":2}},{"type":"Feature","geometry":{"type":"Point","coordinates":[21.999511,46.961129]},"properties":{"lines":"515, 516, 517","color":"#0059a9","mode":"bus","arr":["515","516","517"],"angle":43.7,"extra":1,"ei":3}},{"type":"Feature","geometry":{"type":"Point","coordinates":[22.001396,46.959746]},"properties":{"lines":"515, 516, 517","color":"#0059a9","mode":"bus","arr":["515","516","517"],"angle":49.2,"extra":1,"ei":4}},{"type":"Feature","geometry":{"type":"Point","coordinates":[22.003302,46.958375]},"properties":{"lines":"515, 516, 517","color":"#0059a9","mode":"bus","arr":["515","516","517"],"angle":44.5,"extra":1,"ei":5}},{"type":"Feature","geometry":{"type":"Point","coordinates":[22.005337,46.957093]},"properties":{"lines":"515, 516, 517","color":"#0059a9","mode":"bus","arr":["515","516","517"],"angle":43.8,"extra":1,"ei":6}},{"type":"Feature","geometry":{"type":"Point","coordinates":[22.007323,46.955777]},"properties":{"lines":"515, 516, 517","color":"#0059a9","mode":"bus","arr":["515","516","517"],"angle":43.7,"extra":1,"ei":7}},{"type":"Feature","geometry":{"type":"Point","coordinates":[22.009314,46.954462]},"properties":{"lines":"515, 516, 517","color":"#0059a9","mode":"bus","arr":["515","516","517"],"angle":42.6,"extra":1,"ei":8}},{"type":"Feature","geometry":{"type":"Point","coordinates":[22.011374,46.953199]},"properties":{"lines":"515, 516, 517","color":"#0059a9","mode":"bus","arr":["515","516","517"],"angle":41.8,"extra":1,"ei":9}},{"type":"Feature","geometry":{"type":"Point","coordinates":[22.013434,46.951935]},"properties":{"lines":"515, 516, 517","color":"#0059a9","mode":"bus","arr":["515","516","517"],"angle":42,"extra":1,"ei":10}},{"type":"Feature","geometry":{"type":"Point","coordinates":[22.015539,46.950707]},"properties":{"lines":"515, 516, 517","color":"#0059a9","mode":"bus","arr":["515","516","517"],"angle":37.1,"extra":1,"ei":11}},{"type":"Feature","geometry":{"type":"Point","coordinates":[22.020023,46.948487]},"properties":{"lines":"515, 516, 517","color":"#0059a9","mode":"bus","arr":["515","516","517"],"angle":36.8,"extra":1,"ei":12}},{"type":"Feature","geometry":{"type":"Point","coordinates":[22.022047,46.947202]},"properties":{"lines":"515, 516, 517","color":"#0059a9","mode":"bus","arr":["515","516","517"],"angle":46.5,"extra":1,"ei":13}},{"type":"Feature","geometry":{"type":"Point","coordinates":[22.024082,46.945944]},"properties":{"lines":"515, 516, 517","color":"#0059a9","mode":"bus","arr":["515","516","517"],"angle":26.5,"extra":1,"ei":14}},{"type":"Feature","geometry":{"type":"Point","coordinates":[22.026609,46.945167]},"properties":{"lines":"515, 516, 517","color":"#0059a9","mode":"bus","arr":["515","516","517"],"angle":24.1,"extra":1,"ei":15}},{"type":"Feature","geometry":{"type":"Point","coordinates":[22.028982,46.944223]},"properties":{"lines":"515, 516, 517","color":"#0059a9","mode":"bus","arr":["515","516","517"],"angle":41.7,"extra":1,"ei":16}},{"type":"Feature","geometry":{"type":"Point","coordinates":[22.031024,46.942946]},"properties":{"lines":"515, 516, 517","color":"#0059a9","mode":"bus","arr":["515","516","517"],"angle":43,"extra":1,"ei":17}},{"type":"Feature","geometry":{"type":"Point","coordinates":[22.033202,46.941797]},"properties":{"lines":"515, 516, 517","color":"#0059a9","mode":"bus","arr":["515","516","517"],"angle":27.8,"extra":1,"ei":18}},{"type":"Feature","geometry":{"type":"Point","coordinates":[22.035483,46.940729]},"properties":{"lines":"515, 516, 517","color":"#0059a9","mode":"bus","arr":["515","516","517"],"angle":36.8,"extra":1,"ei":19}},{"type":"Feature","geometry":{"type":"Point","coordinates":[22.037701,46.939597]},"properties":{"lines":"515, 516, 517","color":"#0059a9","mode":"bus","arr":["515","516","517"],"angle":36.8,"extra":1,"ei":20}},{"type":"Feature","geometry":{"type":"Point","coordinates":[22.039631,46.938263]},"properties":{"lines":"515, 516, 517","color":"#0059a9","mode":"bus","arr":["515","516","517"],"angle":54.4,"extra":1,"ei":21}},{"type":"Feature","geometry":{"type":"Point","coordinates":[22.041206,46.936709]},"properties":{"lines":"515, 516, 517","color":"#0059a9","mode":"bus","arr":["515","516","517"],"angle":55.8,"extra":1,"ei":22}},{"type":"Feature","geometry":{"type":"Point","coordinates":[22.042578,46.935072]},"properties":{"lines":"515, 516, 517","color":"#0059a9","mode":"bus","arr":["515","516","517"],"angle":64.6,"extra":1,"ei":23}},{"type":"Feature","geometry":{"type":"Point","coordinates":[22.056532,46.932389]},"properties":{"lines":"515, 517","color":"#0059a9","mode":"bus","arr":["515","517"],"angle":2.4}},{"type":"Feature","geometry":{"type":"Point","coordinates":[22.044647,46.933546]},"properties":{"lines":"515, 517","color":"#0059a9","mode":"bus","arr":["515","517"],"angle":18.7,"extra":1,"ei":0}},{"type":"Feature","geometry":{"type":"Point","coordinates":[22.047311,46.933073]},"properties":{"lines":"515, 517","color":"#0059a9","mode":"bus","arr":["515","517"],"angle":20.2,"extra":1,"ei":1}},{"type":"Feature","geometry":{"type":"Point","coordinates":[22.050033,46.932746]},"properties":{"lines":"515, 517","color":"#0059a9","mode":"bus","arr":["515","517"],"angle":4.7,"extra":1,"ei":2}},{"type":"Feature","geometry":{"type":"Point","coordinates":[22.052671,46.933249]},"properties":{"lines":"515, 517","color":"#0059a9","mode":"bus","arr":["515","517"],"angle":-10.3,"extra":1,"ei":3}},{"type":"Feature","geometry":{"type":"Point","coordinates":[22.060643,46.932201]},"properties":{"lines":"515, 517","color":"#0059a9","mode":"bus","arr":["515","517"],"angle":23.4,"extra":1,"ei":4}},{"type":"Feature","geometry":{"type":"Point","coordinates":[22.063181,46.931441]},"properties":{"lines":"515, 517","color":"#0059a9","mode":"bus","arr":["515","517"],"angle":23.7,"extra":1,"ei":5}},{"type":"Feature","geometry":{"type":"Point","coordinates":[22.065857,46.931052]},"properties":{"lines":"515, 517","color":"#0059a9","mode":"bus","arr":["515","517"],"angle":0,"extra":1,"ei":6}},{"type":"Feature","geometry":{"type":"Point","coordinates":[22.068621,46.93115]},"properties":{"lines":"515, 517","color":"#0059a9","mode":"bus","arr":["515","517"],"angle":-6.7,"extra":1,"ei":7}},{"type":"Feature","geometry":{"type":"Point","coordinates":[22.057568,46.950824]},"properties":{"lines":"515, 517","color":"#0059a9","mode":"bus","arr":["515","517"],"angle":-15.5}},{"type":"Feature","geometry":{"type":"Point","coordinates":[22.038729,46.939801]},"properties":{"lines":"515, 517","color":"#0059a9","mode":"bus","arr":["515","517"],"angle":70.4,"extra":1,"ei":0}},{"type":"Feature","geometry":{"type":"Point","coordinates":[22.038219,46.941648]},"properties":{"lines":"515, 517","color":"#0059a9","mode":"bus","arr":["515","517"],"angle":82.8,"extra":1,"ei":1}},{"type":"Feature","geometry":{"type":"Point","coordinates":[22.039813,46.942596]},"properties":{"lines":"515, 517","color":"#0059a9","mode":"bus","arr":["515","517"],"angle":-10.8,"extra":1,"ei":2}},{"type":"Feature","geometry":{"type":"Point","coordinates":[22.042531,46.942967]},"properties":{"lines":"515, 517","color":"#0059a9","mode":"bus","arr":["515","517"],"angle":-11.4,"extra":1,"ei":3}},{"type":"Feature","geometry":{"type":"Point","coordinates":[22.045248,46.943342]},"properties":{"lines":"515, 517","color":"#0059a9","mode":"bus","arr":["515","517"],"angle":-11.4,"extra":1,"ei":4}},{"type":"Feature","geometry":{"type":"Point","coordinates":[22.047965,46.943716]},"properties":{"lines":"515, 517","color":"#0059a9","mode":"bus","arr":["515","517"],"angle":-11.4,"extra":1,"ei":5}},{"type":"Feature","geometry":{"type":"Point","coordinates":[22.050649,46.94416]},"properties":{"lines":"515, 517","color":"#0059a9","mode":"bus","arr":["515","517"],"angle":-32.8,"extra":1,"ei":6}},{"type":"Feature","geometry":{"type":"Point","coordinates":[22.052418,46.945605]},"properties":{"lines":"515, 517","color":"#0059a9","mode":"bus","arr":["515","517"],"angle":-54.5,"extra":1,"ei":7}},{"type":"Feature","geometry":{"type":"Point","coordinates":[22.054003,46.947154]},"properties":{"lines":"515, 517","color":"#0059a9","mode":"bus","arr":["515","517"],"angle":-55.4,"extra":1,"ei":8}},{"type":"Feature","geometry":{"type":"Point","coordinates":[22.055572,46.948708]},"properties":{"lines":"515, 517","color":"#0059a9","mode":"bus","arr":["515","517"],"angle":-63.2,"extra":1,"ei":9}},{"type":"Feature","geometry":{"type":"Point","coordinates":[22.061486,46.951011]},"properties":{"lines":"515, 517","color":"#0059a9","mode":"bus","arr":["515","517"],"angle":17.2,"extra":1,"ei":10}},{"type":"Feature","geometry":{"type":"Point","coordinates":[22.064206,46.950729]},"properties":{"lines":"515, 517","color":"#0059a9","mode":"bus","arr":["515","517"],"angle":-6.5,"extra":1,"ei":11}},{"type":"Feature","geometry":{"type":"Point","coordinates":[22.064533,46.953404]},"properties":{"lines":"515, 517","color":"#0059a9","mode":"bus","arr":["515","517"],"angle":49.9,"extra":1,"ei":12}},{"type":"Feature","geometry":{"type":"Point","coordinates":[22.063178,46.955022]},"properties":{"lines":"515, 517","color":"#0059a9","mode":"bus","arr":["515","517"],"angle":66.4,"extra":1,"ei":13}},{"type":"Feature","geometry":{"type":"Point","coordinates":[22.062733,46.956816]},"properties":{"lines":"515, 517","color":"#0059a9","mode":"bus","arr":["515","517"],"angle":-77,"extra":1,"ei":14}},{"type":"Feature","geometry":{"type":"Point","coordinates":[22.063334,46.958659]},"properties":{"lines":"515, 517","color":"#0059a9","mode":"bus","arr":["515","517"],"angle":-80.4,"extra":1,"ei":15}},{"type":"Feature","geometry":{"type":"Point","coordinates":[22.063501,46.960541]},"properties":{"lines":"515, 517","color":"#0059a9","mode":"bus","arr":["515","517"],"angle":89.3,"extra":1,"ei":16}},{"type":"Feature","geometry":{"type":"Point","coordinates":[22.063503,46.962429]},"properties":{"lines":"515, 517","color":"#0059a9","mode":"bus","arr":["515","517"],"angle":-89.2,"extra":1,"ei":17}},{"type":"Feature","geometry":{"type":"Point","coordinates":[22.063608,46.964316]},"properties":{"lines":"515, 517","color":"#0059a9","mode":"bus","arr":["515","517"],"angle":-87.6,"extra":1,"ei":18}},{"type":"Feature","geometry":{"type":"Point","coordinates":[22.052121,46.926093]},"properties":{"lines":"516, 517","color":"#0059a9","mode":"bus","arr":["516","517"],"angle":18.6}},{"type":"Feature","geometry":{"type":"Point","coordinates":[22.043822,46.933264]},"properties":{"lines":"516, 517","color":"#0059a9","mode":"bus","arr":["516","517"],"angle":63.8,"extra":1,"ei":0}},{"type":"Feature","geometry":{"type":"Point","coordinates":[22.045087,46.931585]},"properties":{"lines":"516, 517","color":"#0059a9","mode":"bus","arr":["516","517"],"angle":60.5,"extra":1,"ei":1}},{"type":"Feature","geometry":{"type":"Point","coordinates":[22.046536,46.929975]},"properties":{"lines":"516, 517","color":"#0059a9","mode":"bus","arr":["516","517"],"angle":58.5,"extra":1,"ei":2}},{"type":"Feature","geometry":{"type":"Point","coordinates":[22.047991,46.928369]},"properties":{"lines":"516, 517","color":"#0059a9","mode":"bus","arr":["516","517"],"angle":49.9,"extra":1,"ei":3}},{"type":"Feature","geometry":{"type":"Point","coordinates":[22.050081,46.927143]},"properties":{"lines":"516, 517","color":"#0059a9","mode":"bus","arr":["516","517"],"angle":31.3,"extra":1,"ei":4}},{"type":"Feature","geometry":{"type":"Point","coordinates":[22.054101,46.925479]},"properties":{"lines":"516, 517","color":"#0059a9","mode":"bus","arr":["516","517"],"angle":-40.4,"extra":1,"ei":5}},{"type":"Feature","geometry":{"type":"Point","coordinates":[22.051954,46.924306]},"properties":{"lines":"516, 517","color":"#0059a9","mode":"bus","arr":["516","517"],"angle":-54.1,"extra":1,"ei":6}},{"type":"Feature","geometry":{"type":"Point","coordinates":[22.051318,46.922675]},"properties":{"lines":"516, 517","color":"#0059a9","mode":"bus","arr":["516","517"],"angle":57.9,"extra":1,"ei":7}},{"type":"Feature","geometry":{"type":"Point","coordinates":[22.052081,46.920885]},"properties":{"lines":"516, 517","color":"#0059a9","mode":"bus","arr":["516","517"],"angle":-84.3,"extra":1,"ei":8}},{"type":"Feature","geometry":{"type":"Point","coordinates":[22.051807,46.919034]},"properties":{"lines":"516, 517","color":"#0059a9","mode":"bus","arr":["516","517"],"angle":70.8,"extra":1,"ei":9}},{"type":"Feature","geometry":{"type":"Point","coordinates":[22.005737,46.914521]},"properties":{"lines":"516, 517","color":"#0059a9","mode":"bus","arr":["516","517"],"angle":-25.3}},{"type":"Feature","geometry":{"type":"Point","coordinates":[22.050991,46.91837]},"properties":{"lines":"516, 517","color":"#0059a9","mode":"bus","arr":["516","517"],"angle":56.4,"extra":1,"ei":0}},{"type":"Feature","geometry":{"type":"Point","coordinates":[22.049609,46.919751]},"properties":{"lines":"516, 517","color":"#0059a9","mode":"bus","arr":["516","517"],"angle":-30.6,"extra":1,"ei":1}},{"type":"Feature","geometry":{"type":"Point","coordinates":[22.047237,46.918863]},"properties":{"lines":"516, 517","color":"#0059a9","mode":"bus","arr":["516","517"],"angle":-29.7,"extra":1,"ei":2}},{"type":"Feature","geometry":{"type":"Point","coordinates":[22.044539,46.918532]},"properties":{"lines":"516, 517","color":"#0059a9","mode":"bus","arr":["516","517"],"angle":4.3,"extra":1,"ei":3}},{"type":"Feature","geometry":{"type":"Point","coordinates":[22.041869,46.919025]},"properties":{"lines":"516, 517","color":"#0059a9","mode":"bus","arr":["516","517"],"angle":15.8,"extra":1,"ei":4}},{"type":"Feature","geometry":{"type":"Point","coordinates":[22.039362,46.91982]},"properties":{"lines":"516, 517","color":"#0059a9","mode":"bus","arr":["516","517"],"angle":27.2,"extra":1,"ei":5}},{"type":"Feature","geometry":{"type":"Point","coordinates":[22.036784,46.920478]},"properties":{"lines":"516, 517","color":"#0059a9","mode":"bus","arr":["516","517"],"angle":12.4,"extra":1,"ei":6}},{"type":"Feature","geometry":{"type":"Point","coordinates":[22.034019,46.920474]},"properties":{"lines":"516, 517","color":"#0059a9","mode":"bus","arr":["516","517"],"angle":-6.4,"extra":1,"ei":7}},{"type":"Feature","geometry":{"type":"Point","coordinates":[22.031303,46.920167]},"properties":{"lines":"516, 517","color":"#0059a9","mode":"bus","arr":["516","517"],"angle":1.7,"extra":1,"ei":8}},{"type":"Feature","geometry":{"type":"Point","coordinates":[22.028538,46.920287]},"properties":{"lines":"516, 517","color":"#0059a9","mode":"bus","arr":["516","517"],"angle":12.5,"extra":1,"ei":9}},{"type":"Feature","geometry":{"type":"Point","coordinates":[22.025835,46.920461]},"properties":{"lines":"516, 517","color":"#0059a9","mode":"bus","arr":["516","517"],"angle":-13,"extra":1,"ei":10}},{"type":"Feature","geometry":{"type":"Point","coordinates":[22.023561,46.921098]},"properties":{"lines":"516, 517","color":"#0059a9","mode":"bus","arr":["516","517"],"angle":11.8,"extra":1,"ei":11}},{"type":"Feature","geometry":{"type":"Point","coordinates":[22.021286,46.920173]},"properties":{"lines":"516, 517","color":"#0059a9","mode":"bus","arr":["516","517"],"angle":-43.1,"extra":1,"ei":12}},{"type":"Feature","geometry":{"type":"Point","coordinates":[22.019368,46.918811]},"properties":{"lines":"516, 517","color":"#0059a9","mode":"bus","arr":["516","517"],"angle":-51.3,"extra":1,"ei":13}},{"type":"Feature","geometry":{"type":"Point","coordinates":[22.018359,46.917176]},"properties":{"lines":"516, 517","color":"#0059a9","mode":"bus","arr":["516","517"],"angle":-66.5,"extra":1,"ei":14}},{"type":"Feature","geometry":{"type":"Point","coordinates":[22.016067,46.916124]},"properties":{"lines":"516, 517","color":"#0059a9","mode":"bus","arr":["516","517"],"angle":-30.5,"extra":1,"ei":15}},{"type":"Feature","geometry":{"type":"Point","coordinates":[22.013678,46.915173]},"properties":{"lines":"516, 517","color":"#0059a9","mode":"bus","arr":["516","517"],"angle":-31.7,"extra":1,"ei":16}},{"type":"Feature","geometry":{"type":"Point","coordinates":[22.011503,46.915679]},"properties":{"lines":"516, 517","color":"#0059a9","mode":"bus","arr":["516","517"],"angle":18.1,"extra":1,"ei":17}},{"type":"Feature","geometry":{"type":"Point","coordinates":[22.008758,46.915543]},"properties":{"lines":"516, 517","color":"#0059a9","mode":"bus","arr":["516","517"],"angle":-17.1,"extra":1,"ei":18}},{"type":"Feature","geometry":{"type":"Point","coordinates":[22.003639,46.914398]},"properties":{"lines":"516, 517","color":"#0059a9","mode":"bus","arr":["516","517"],"angle":4.5,"extra":1,"ei":19}},{"type":"Feature","geometry":{"type":"Point","coordinates":[22.000868,46.914384]},"properties":{"lines":"516, 517","color":"#0059a9","mode":"bus","arr":["516","517"],"angle":-0.5,"extra":1,"ei":20}},{"type":"Feature","geometry":{"type":"Point","coordinates":[21.998096,46.914385]},"properties":{"lines":"516, 517","color":"#0059a9","mode":"bus","arr":["516","517"],"angle":0.9,"extra":1,"ei":21}},{"type":"Feature","geometry":{"type":"Point","coordinates":[21.996047,46.913404]},"properties":{"lines":"516, 517","color":"#0059a9","mode":"bus","arr":["516","517"],"angle":-58.3,"extra":1,"ei":22}},{"type":"Feature","geometry":{"type":"Point","coordinates":[21.994641,46.911778]},"properties":{"lines":"516, 517","color":"#0059a9","mode":"bus","arr":["516","517"],"angle":-58.6,"extra":1,"ei":23}},{"type":"Feature","geometry":{"type":"Point","coordinates":[21.993592,46.91004]},"properties":{"lines":"516, 517","color":"#0059a9","mode":"bus","arr":["516","517"],"angle":-59.8,"extra":1,"ei":24}},{"type":"Feature","geometry":{"type":"Point","coordinates":[21.991315,46.909004]},"properties":{"lines":"516, 517","color":"#0059a9","mode":"bus","arr":["516","517"],"angle":-29.8,"extra":1,"ei":25}},{"type":"Feature","geometry":{"type":"Point","coordinates":[21.988811,46.908248]},"properties":{"lines":"516, 517","color":"#0059a9","mode":"bus","arr":["516","517"],"angle":-35.9,"extra":1,"ei":26}},{"type":"Feature","geometry":{"type":"Point","coordinates":[21.986789,46.907024]},"properties":{"lines":"516, 517","color":"#0059a9","mode":"bus","arr":["516","517"],"angle":-54.8,"extra":1,"ei":27}},{"type":"Feature","geometry":{"type":"Point","coordinates":[21.984949,46.905625]},"properties":{"lines":"516, 517","color":"#0059a9","mode":"bus","arr":["516","517"],"angle":-46.1,"extra":1,"ei":28}},{"type":"Feature","geometry":{"type":"Point","coordinates":[21.983206,46.904159]},"properties":{"lines":"516, 517","color":"#0059a9","mode":"bus","arr":["516","517"],"angle":-51.4,"extra":1,"ei":29}},{"type":"Feature","geometry":{"type":"Point","coordinates":[21.981524,46.902657]},"properties":{"lines":"516, 517","color":"#0059a9","mode":"bus","arr":["516","517"],"angle":-52.7,"extra":1,"ei":30}},{"type":"Feature","geometry":{"type":"Point","coordinates":[21.980099,46.901057]},"properties":{"lines":"516, 517","color":"#0059a9","mode":"bus","arr":["516","517"],"angle":-75.2,"extra":1,"ei":31}},{"type":"Feature","geometry":{"type":"Point","coordinates":[21.980187,46.899177]},"properties":{"lines":"516, 517","color":"#0059a9","mode":"bus","arr":["516","517"],"angle":86.3,"extra":1,"ei":32}},{"type":"Feature","geometry":{"type":"Point","coordinates":[21.980099,46.897329]},"properties":{"lines":"516, 517","color":"#0059a9","mode":"bus","arr":["516","517"],"angle":-57.2,"extra":1,"ei":33}},{"type":"Feature","geometry":{"type":"Point","coordinates":[21.978178,46.895984]},"properties":{"lines":"516, 517","color":"#0059a9","mode":"bus","arr":["516","517"],"angle":-30.9,"extra":1,"ei":34}},{"type":"Feature","geometry":{"type":"Point","coordinates":[21.976337,46.89467]},"properties":{"lines":"516, 517","color":"#0059a9","mode":"bus","arr":["516","517"],"angle":-48.5,"extra":1,"ei":35}},{"type":"Feature","geometry":{"type":"Point","coordinates":[21.974216,46.893459]},"properties":{"lines":"516, 517","color":"#0059a9","mode":"bus","arr":["516","517"],"angle":-31,"extra":1,"ei":36}},{"type":"Feature","geometry":{"type":"Point","coordinates":[21.971799,46.892536]},"properties":{"lines":"516, 517","color":"#0059a9","mode":"bus","arr":["516","517"],"angle":-32.4,"extra":1,"ei":37}},{"type":"Feature","geometry":{"type":"Point","coordinates":[21.971172,46.890447]},"properties":{"lines":"516, 517","color":"#0059a9","mode":"bus","arr":["516","517"],"angle":1.8}},{"type":"Feature","geometry":{"type":"Point","coordinates":[21.944216,47.024153]},"properties":{"lines":"531","color":"#0059a9","mode":"bus","arr":["531"],"angle":75.8,"mi":3}},{"type":"Feature","geometry":{"type":"Point","coordinates":[21.944106,47.027434]},"properties":{"lines":"531","color":"#0059a9","mode":"bus","arr":["531"],"angle":-55.9}},{"type":"Feature","geometry":{"type":"Point","coordinates":[21.945093,47.028428]},"properties":{"lines":"531","color":"#0059a9","mode":"bus","arr":["531"],"angle":-56.4,"extra":1,"ei":0}},{"type":"Feature","geometry":{"type":"Point","coordinates":[21.945142,47.021714]},"properties":{"lines":"531","color":"#0059a9","mode":"bus","arr":["531"],"angle":73.5,"extra":1,"ei":0}},{"type":"Feature","geometry":{"type":"Point","coordinates":[21.943719,47.025364]},"properties":{"lines":"531","color":"#0059a9","mode":"bus","arr":["531"],"angle":73.7,"extra":1,"ei":1}},{"type":"Feature","geometry":{"type":"Point","coordinates":[21.944816,47.029101]},"properties":{"lines":"531","color":"#0059a9","mode":"bus","arr":["531"],"angle":36.5,"mi":4}},{"type":"Feature","geometry":{"type":"Point","coordinates":[21.942628,47.027471]},"properties":{"lines":"531","color":"#0059a9","mode":"bus","arr":["531"],"angle":-41.4,"mi":1}},{"type":"Feature","geometry":{"type":"Point","coordinates":[21.943796,47.028452]},"properties":{"lines":"531","color":"#0059a9","mode":"bus","arr":["531"],"angle":-69.3,"extra":1,"ei":0}},{"type":"Feature","geometry":{"type":"Point","coordinates":[21.941031,47.024772]},"properties":{"lines":"531","color":"#0059a9","mode":"bus","arr":["531"],"angle":2.6,"mi":2}},{"type":"Feature","geometry":{"type":"Point","coordinates":[21.947959,47.009443]},"properties":{"lines":"531","color":"#0059a9","mode":"bus","arr":["531"],"angle":82.3}},{"type":"Feature","geometry":{"type":"Point","coordinates":[21.950688,46.999104]},"properties":{"lines":"531","color":"#0059a9","mode":"bus","arr":["531"],"angle":66.9,"extra":1,"ei":0}},{"type":"Feature","geometry":{"type":"Point","coordinates":[21.949769,47.000881]},"properties":{"lines":"531","color":"#0059a9","mode":"bus","arr":["531"],"angle":77.7,"extra":1,"ei":1}},{"type":"Feature","geometry":{"type":"Point","coordinates":[21.949322,47.002743]},"properties":{"lines":"531","color":"#0059a9","mode":"bus","arr":["531"],"angle":82.6,"extra":1,"ei":2}},{"type":"Feature","geometry":{"type":"Point","coordinates":[21.948959,47.004616]},"properties":{"lines":"531","color":"#0059a9","mode":"bus","arr":["531"],"angle":82.2,"extra":1,"ei":3}},{"type":"Feature","geometry":{"type":"Point","coordinates":[21.948565,47.006485]},"properties":{"lines":"531","color":"#0059a9","mode":"bus","arr":["531"],"angle":81.9,"extra":1,"ei":4}},{"type":"Feature","geometry":{"type":"Point","coordinates":[21.947389,47.012094]},"properties":{"lines":"531","color":"#0059a9","mode":"bus","arr":["531"],"angle":81.5,"extra":1,"ei":5}},{"type":"Feature","geometry":{"type":"Point","coordinates":[21.947001,47.013963]},"properties":{"lines":"531","color":"#0059a9","mode":"bus","arr":["531"],"angle":82.6,"extra":1,"ei":6}},{"type":"Feature","geometry":{"type":"Point","coordinates":[21.946619,47.015834]},"properties":{"lines":"531","color":"#0059a9","mode":"bus","arr":["531"],"angle":81.7,"extra":1,"ei":7}},{"type":"Feature","geometry":{"type":"Point","coordinates":[21.946222,47.017703]},"properties":{"lines":"531","color":"#0059a9","mode":"bus","arr":["531"],"angle":81.5,"extra":1,"ei":8}},{"type":"Feature","geometry":{"type":"Point","coordinates":[21.94581,47.019571]},"properties":{"lines":"531","color":"#0059a9","mode":"bus","arr":["531"],"angle":80.7,"extra":1,"ei":9}},{"type":"Feature","geometry":{"type":"Point","coordinates":[21.946597,46.995731]},"properties":{"lines":"531","color":"#0059a9","mode":"bus","arr":["531"],"angle":-44.6}},{"type":"Feature","geometry":{"type":"Point","coordinates":[21.949873,46.998089]},"properties":{"lines":"531","color":"#0059a9","mode":"bus","arr":["531"],"angle":-16.9,"extra":1,"ei":0}},{"type":"Feature","geometry":{"type":"Point","coordinates":[21.947965,46.996745]},"properties":{"lines":"531","color":"#0059a9","mode":"bus","arr":["531"],"angle":-47.1,"extra":1,"ei":1}},{"type":"Feature","geometry":{"type":"Point","coordinates":[21.944019,46.994098]},"properties":{"lines":"531","color":"#0059a9","mode":"bus","arr":["531"],"angle":-43.9,"extra":1,"ei":2}},{"type":"Feature","geometry":{"type":"Point","coordinates":[21.839227,47.100256]},"properties":{"lines":"611, 612","color":"#0059a9","mode":"bus","arr":["611","612"],"angle":-68.1,"mi":2}},{"type":"Feature","geometry":{"type":"Point","coordinates":[21.836774,47.09723]},"properties":{"lines":"611, 612","color":"#0059a9","mode":"bus","arr":["611","612"],"angle":-52.1}},{"type":"Feature","geometry":{"type":"Point","coordinates":[21.834982,47.095881]},"properties":{"lines":"611, 612","color":"#0059a9","mode":"bus","arr":["611","612"],"angle":-57.6,"mi":1}},{"type":"Feature","geometry":{"type":"Point","coordinates":[21.82563,47.106801]},"properties":{"lines":"611, 612, RoHu","color":"#0059a9","mode":"bus","arr":["611","612","RoHu"],"angle":18}},{"type":"Feature","geometry":{"type":"Point","coordinates":[21.812781,47.113403]},"properties":{"lines":"611, 612, RoHu","color":"#0059a9","mode":"bus","arr":["611","612","RoHu"],"angle":51.5,"mi":2}},{"type":"Feature","geometry":{"type":"Point","coordinates":[21.814034,47.11233]},"properties":{"lines":"611, 612, RoHu","color":"#0059a9","mode":"bus","arr":["611","612","RoHu"],"angle":53.3,"extra":1,"ei":0}},{"type":"Feature","geometry":{"type":"Point","coordinates":[21.810638,47.115437]},"properties":{"lines":"612, RoHu","color":"#0059a9","mode":"bus","arr":["612","RoHu"],"angle":78.5}},{"type":"Feature","geometry":{"type":"Point","coordinates":[21.819939,47.109004]},"properties":{"lines":"612, RoHu","color":"#0059a9","mode":"bus","arr":["612","RoHu"],"angle":31,"side":-1}},{"type":"Feature","geometry":{"type":"Point","coordinates":[21.824501,47.107158]},"properties":{"lines":"612, RoHu","color":"#0059a9","mode":"bus","arr":["612","RoHu"],"angle":30.6,"extra":1,"ei":0,"side":-1}},{"type":"Feature","geometry":{"type":"Point","coordinates":[21.822114,47.108118]},"properties":{"lines":"612, RoHu","color":"#0059a9","mode":"bus","arr":["612","RoHu"],"angle":30.6,"extra":1,"ei":1,"side":-1}},{"type":"Feature","geometry":{"type":"Point","coordinates":[21.817346,47.110046]},"properties":{"lines":"612, RoHu","color":"#0059a9","mode":"bus","arr":["612","RoHu"],"angle":30.4,"extra":1,"ei":2,"side":-1}},{"type":"Feature","geometry":{"type":"Point","coordinates":[21.814967,47.111015]},"properties":{"lines":"612, RoHu","color":"#0059a9","mode":"bus","arr":["612","RoHu"],"angle":31.8,"extra":1,"ei":3,"side":-1}},{"type":"Feature","geometry":{"type":"Point","coordinates":[21.815512,47.116022]},"properties":{"lines":"612","color":"#0059a9","mode":"bus","arr":["612"],"angle":33.4}},{"type":"Feature","geometry":{"type":"Point","coordinates":[21.818963,47.115067]},"properties":{"lines":"612","color":"#0059a9","mode":"bus","arr":["612"],"angle":10.5,"extra":1,"ei":0}},{"type":"Feature","geometry":{"type":"Point","coordinates":[21.811196,47.11579]},"properties":{"lines":"612","color":"#0059a9","mode":"bus","arr":["612"],"angle":-22.4,"extra":1,"ei":1}},{"type":"Feature","geometry":{"type":"Point","coordinates":[21.804855,47.117017]},"properties":{"lines":"RoHu","color":"#0059a9","mode":"bus","arr":["RoHu"],"angle":39.6,"mi":2}},{"type":"Feature","geometry":{"type":"Point","coordinates":[21.809236,47.115514]},"properties":{"lines":"RoHu","color":"#0059a9","mode":"bus","arr":["RoHu"],"angle":-5.3,"extra":1,"ei":0}},{"type":"Feature","geometry":{"type":"Point","coordinates":[21.806653,47.115951]},"properties":{"lines":"RoHu","color":"#0059a9","mode":"bus","arr":["RoHu"],"angle":41,"extra":1,"ei":1}},{"type":"Feature","geometry":{"type":"Point","coordinates":[21.801878,47.117652]},"properties":{"lines":"RoHu","color":"#0059a9","mode":"bus","arr":["RoHu"],"angle":12.2,"extra":1,"ei":2}},{"type":"Feature","geometry":{"type":"Point","coordinates":[21.799546,47.117152]},"properties":{"lines":"RoHu","color":"#0059a9","mode":"bus","arr":["RoHu"],"angle":-53.1,"extra":1,"ei":3}},{"type":"Feature","geometry":{"type":"Point","coordinates":[21.823314,47.129486]},"properties":{"lines":"612","color":"#0059a9","mode":"bus","arr":["612"],"angle":-32.6}},{"type":"Feature","geometry":{"type":"Point","coordinates":[21.820371,47.115835]},"properties":{"lines":"612","color":"#0059a9","mode":"bus","arr":["612"],"angle":84.5,"extra":1,"ei":0}},{"type":"Feature","geometry":{"type":"Point","coordinates":[21.819914,47.117697]},"properties":{"lines":"612","color":"#0059a9","mode":"bus","arr":["612"],"angle":80,"extra":1,"ei":1}},{"type":"Feature","geometry":{"type":"Point","coordinates":[21.819425,47.119556]},"properties":{"lines":"612","color":"#0059a9","mode":"bus","arr":["612"],"angle":83.2,"extra":1,"ei":2}},{"type":"Feature","geometry":{"type":"Point","coordinates":[21.819908,47.121401]},"properties":{"lines":"612","color":"#0059a9","mode":"bus","arr":["612"],"angle":-81.6,"extra":1,"ei":3}},{"type":"Feature","geometry":{"type":"Point","coordinates":[21.820421,47.123252]},"properties":{"lines":"612","color":"#0059a9","mode":"bus","arr":["612"],"angle":-72,"extra":1,"ei":4}},{"type":"Feature","geometry":{"type":"Point","coordinates":[21.820981,47.125096]},"properties":{"lines":"612","color":"#0059a9","mode":"bus","arr":["612"],"angle":-81.5,"extra":1,"ei":5}},{"type":"Feature","geometry":{"type":"Point","coordinates":[21.821488,47.126951]},"properties":{"lines":"612","color":"#0059a9","mode":"bus","arr":["612"],"angle":-77.6,"extra":1,"ei":6}},{"type":"Feature","geometry":{"type":"Point","coordinates":[21.82178,47.128767]},"properties":{"lines":"612","color":"#0059a9","mode":"bus","arr":["612"],"angle":-47.3,"extra":1,"ei":7}},{"type":"Feature","geometry":{"type":"Point","coordinates":[21.826243,47.130977]},"properties":{"lines":"612","color":"#0059a9","mode":"bus","arr":["612"],"angle":-47.3,"extra":1,"ei":8}},{"type":"Feature","geometry":{"type":"Point","coordinates":[21.828122,47.132365]},"properties":{"lines":"612","color":"#0059a9","mode":"bus","arr":["612"],"angle":-48.6,"extra":1,"ei":9}},{"type":"Feature","geometry":{"type":"Point","coordinates":[21.829118,47.134103]},"properties":{"lines":"612","color":"#0059a9","mode":"bus","arr":["612"],"angle":-74.6,"extra":1,"ei":10}},{"type":"Feature","geometry":{"type":"Point","coordinates":[21.829866,47.135922]},"properties":{"lines":"612","color":"#0059a9","mode":"bus","arr":["612"],"angle":-73.6,"extra":1,"ei":11}},{"type":"Feature","geometry":{"type":"Point","coordinates":[21.830975,47.13765]},"properties":{"lines":"612","color":"#0059a9","mode":"bus","arr":["612"],"angle":-64.8,"extra":1,"ei":12}},{"type":"Feature","geometry":{"type":"Point","coordinates":[21.83217,47.139354]},"properties":{"lines":"612","color":"#0059a9","mode":"bus","arr":["612"],"angle":-64.1,"extra":1,"ei":13}},{"type":"Feature","geometry":{"type":"Point","coordinates":[21.833319,47.141072]},"properties":{"lines":"612","color":"#0059a9","mode":"bus","arr":["612"],"angle":-65.6,"extra":1,"ei":14}},{"type":"Feature","geometry":{"type":"Point","coordinates":[21.83959,47.154512]},"properties":{"lines":"612","color":"#0059a9","mode":"bus","arr":["612"],"angle":-49}},{"type":"Feature","geometry":{"type":"Point","coordinates":[21.834523,47.143042]},"properties":{"lines":"612","color":"#0059a9","mode":"bus","arr":["612"],"angle":72,"extra":1,"ei":0}},{"type":"Feature","geometry":{"type":"Point","coordinates":[21.833111,47.144645]},"properties":{"lines":"612","color":"#0059a9","mode":"bus","arr":["612"],"angle":57.2,"extra":1,"ei":1}},{"type":"Feature","geometry":{"type":"Point","coordinates":[21.832658,47.14633]},"properties":{"lines":"612","color":"#0059a9","mode":"bus","arr":["612"],"angle":-66,"extra":1,"ei":2}},{"type":"Feature","geometry":{"type":"Point","coordinates":[21.833818,47.148045]},"properties":{"lines":"612","color":"#0059a9","mode":"bus","arr":["612"],"angle":-64.3,"extra":1,"ei":3}},{"type":"Feature","geometry":{"type":"Point","coordinates":[21.834998,47.149753]},"properties":{"lines":"612","color":"#0059a9","mode":"bus","arr":["612"],"angle":-65.3,"extra":1,"ei":4}},{"type":"Feature","geometry":{"type":"Point","coordinates":[21.836181,47.151461]},"properties":{"lines":"612","color":"#0059a9","mode":"bus","arr":["612"],"angle":-64.8,"extra":1,"ei":5}},{"type":"Feature","geometry":{"type":"Point","coordinates":[21.837776,47.152997]},"properties":{"lines":"612","color":"#0059a9","mode":"bus","arr":["612"],"angle":-50.9,"extra":1,"ei":6}},{"type":"Feature","geometry":{"type":"Point","coordinates":[21.841362,47.155876]},"properties":{"lines":"612","color":"#0059a9","mode":"bus","arr":["612"],"angle":-49.6,"extra":1,"ei":7}},{"type":"Feature","geometry":{"type":"Point","coordinates":[21.841295,47.157576]},"properties":{"lines":"612","color":"#0059a9","mode":"bus","arr":["612"],"angle":65.7,"extra":1,"ei":8}},{"type":"Feature","geometry":{"type":"Point","coordinates":[21.83999,47.159238]},"properties":{"lines":"612","color":"#0059a9","mode":"bus","arr":["612"],"angle":58,"extra":1,"ei":9}},{"type":"Feature","geometry":{"type":"Point","coordinates":[21.838523,47.160841]},"properties":{"lines":"612","color":"#0059a9","mode":"bus","arr":["612"],"angle":58.5,"extra":1,"ei":10}},{"type":"Feature","geometry":{"type":"Point","coordinates":[21.83755,47.162588]},"properties":{"lines":"612","color":"#0059a9","mode":"bus","arr":["612"],"angle":82.7,"extra":1,"ei":11}},{"type":"Feature","geometry":{"type":"Point","coordinates":[21.837218,47.16446]},"properties":{"lines":"612","color":"#0059a9","mode":"bus","arr":["612"],"angle":76,"extra":1,"ei":12}},{"type":"Feature","geometry":{"type":"Point","coordinates":[21.837637,47.166205]},"properties":{"lines":"612","color":"#0059a9","mode":"bus","arr":["612"],"angle":-53.7,"extra":1,"ei":13}},{"type":"Feature","geometry":{"type":"Point","coordinates":[21.835958,47.168233]},"properties":{"lines":"612","color":"#0059a9","mode":"bus","arr":["612"],"angle":51.3}},{"type":"Feature","geometry":{"type":"Point","coordinates":[21.837434,47.167539]},"properties":{"lines":"612","color":"#0059a9","mode":"bus","arr":["612"],"angle":27.3,"extra":1,"ei":0}},{"type":"Feature","geometry":{"type":"Point","coordinates":[21.928654,47.071013]},"properties":{"lines":"T8","color":"#0059a9","mode":"bus","arr":["T8"],"angle":15.6}},{"type":"Feature","geometry":{"type":"Point","coordinates":[21.926475,47.099658]},"properties":{"lines":"721","color":"#0059a9","mode":"bus","arr":["721"],"angle":54.1}},{"type":"Feature","geometry":{"type":"Point","coordinates":[21.925248,47.093092]},"properties":{"lines":"721","color":"#0059a9","mode":"bus","arr":["721"],"angle":69.7,"mi":1}},{"type":"Feature","geometry":{"type":"Point","coordinates":[21.926303,47.090113]},"properties":{"lines":"721","color":"#0059a9","mode":"bus","arr":["721"],"angle":81.4,"extra":1,"ei":0}},{"type":"Feature","geometry":{"type":"Point","coordinates":[21.925735,47.09196]},"properties":{"lines":"721","color":"#0059a9","mode":"bus","arr":["721"],"angle":73.8,"extra":1,"ei":1}},{"type":"Feature","geometry":{"type":"Point","coordinates":[21.923606,47.095407]},"properties":{"lines":"721","color":"#0059a9","mode":"bus","arr":["721"],"angle":73.3,"extra":1,"ei":2}},{"type":"Feature","geometry":{"type":"Point","coordinates":[21.928254,47.10742]},"properties":{"lines":"721","color":"#0059a9","mode":"bus","arr":["721"],"angle":87,"extra":1,"ei":0}},{"type":"Feature","geometry":{"type":"Point","coordinates":[21.928468,47.105537]},"properties":{"lines":"721","color":"#0059a9","mode":"bus","arr":["721"],"angle":85.5,"extra":1,"ei":1}},{"type":"Feature","geometry":{"type":"Point","coordinates":[21.92872,47.103657]},"properties":{"lines":"721","color":"#0059a9","mode":"bus","arr":["721"],"angle":84.1,"extra":1,"ei":2}},{"type":"Feature","geometry":{"type":"Point","coordinates":[21.927788,47.101976]},"properties":{"lines":"721","color":"#0059a9","mode":"bus","arr":["721"],"angle":-43.4,"extra":1,"ei":3}},{"type":"Feature","geometry":{"type":"Point","coordinates":[21.925671,47.09841]},"properties":{"lines":"721","color":"#0059a9","mode":"bus","arr":["721"],"angle":89.4,"extra":1,"ei":4}},{"type":"Feature","geometry":{"type":"Point","coordinates":[21.924399,47.097058]},"properties":{"lines":"721","color":"#0059a9","mode":"bus","arr":["721"],"angle":-87.8,"extra":1,"ei":5}},{"type":"Feature","geometry":{"type":"Point","coordinates":[21.967523,47.12663]},"properties":{"lines":"721","color":"#0059a9","mode":"bus","arr":["721"],"angle":-31.1}},{"type":"Feature","geometry":{"type":"Point","coordinates":[21.929234,47.10897]},"properties":{"lines":"721","color":"#0059a9","mode":"bus","arr":["721"],"angle":-17.4,"extra":1,"ei":0}},{"type":"Feature","geometry":{"type":"Point","coordinates":[21.931939,47.109384]},"properties":{"lines":"721","color":"#0059a9","mode":"bus","arr":["721"],"angle":-13,"extra":1,"ei":1}},{"type":"Feature","geometry":{"type":"Point","coordinates":[21.934427,47.110149]},"properties":{"lines":"721","color":"#0059a9","mode":"bus","arr":["721"],"angle":-37.8,"extra":1,"ei":2}},{"type":"Feature","geometry":{"type":"Point","coordinates":[21.936633,47.111292]},"properties":{"lines":"721","color":"#0059a9","mode":"bus","arr":["721"],"angle":-37.1,"extra":1,"ei":3}},{"type":"Feature","geometry":{"type":"Point","coordinates":[21.938844,47.112431]},"properties":{"lines":"721","color":"#0059a9","mode":"bus","arr":["721"],"angle":-37.2,"extra":1,"ei":4}},{"type":"Feature","geometry":{"type":"Point","coordinates":[21.941051,47.113574]},"properties":{"lines":"721","color":"#0059a9","mode":"bus","arr":["721"],"angle":-37.2,"extra":1,"ei":5}},{"type":"Feature","geometry":{"type":"Point","coordinates":[21.943237,47.114735]},"properties":{"lines":"721","color":"#0059a9","mode":"bus","arr":["721"],"angle":-37,"extra":1,"ei":6}},{"type":"Feature","geometry":{"type":"Point","coordinates":[21.945446,47.115877]},"properties":{"lines":"721","color":"#0059a9","mode":"bus","arr":["721"],"angle":-37.3,"extra":1,"ei":7}},{"type":"Feature","geometry":{"type":"Point","coordinates":[21.947666,47.117007]},"properties":{"lines":"721","color":"#0059a9","mode":"bus","arr":["721"],"angle":-36.6,"extra":1,"ei":8}},{"type":"Feature","geometry":{"type":"Point","coordinates":[21.949851,47.118165]},"properties":{"lines":"721","color":"#0059a9","mode":"bus","arr":["721"],"angle":-45.7,"extra":1,"ei":9}},{"type":"Feature","geometry":{"type":"Point","coordinates":[21.952008,47.119268]},"properties":{"lines":"721","color":"#0059a9","mode":"bus","arr":["721"],"angle":-28.8,"extra":1,"ei":10}},{"type":"Feature","geometry":{"type":"Point","coordinates":[21.954609,47.119902]},"properties":{"lines":"721","color":"#0059a9","mode":"bus","arr":["721"],"angle":-15.1,"extra":1,"ei":11}},{"type":"Feature","geometry":{"type":"Point","coordinates":[21.957273,47.120421]},"properties":{"lines":"721","color":"#0059a9","mode":"bus","arr":["721"],"angle":-16.3,"extra":1,"ei":12}},{"type":"Feature","geometry":{"type":"Point","coordinates":[21.959758,47.121191]},"properties":{"lines":"721","color":"#0059a9","mode":"bus","arr":["721"],"angle":-45.3,"extra":1,"ei":13}},{"type":"Feature","geometry":{"type":"Point","coordinates":[21.961531,47.122643]},"properties":{"lines":"721","color":"#0059a9","mode":"bus","arr":["721"],"angle":-50,"extra":1,"ei":14}},{"type":"Feature","geometry":{"type":"Point","coordinates":[21.963313,47.12409]},"properties":{"lines":"721","color":"#0059a9","mode":"bus","arr":["721"],"angle":-50,"extra":1,"ei":15}},{"type":"Feature","geometry":{"type":"Point","coordinates":[21.965114,47.125524]},"properties":{"lines":"721","color":"#0059a9","mode":"bus","arr":["721"],"angle":-44.1,"extra":1,"ei":16}},{"type":"Feature","geometry":{"type":"Point","coordinates":[21.96977,47.127562]},"properties":{"lines":"721","color":"#0059a9","mode":"bus","arr":["721"],"angle":-31.9,"extra":1,"ei":17}},{"type":"Feature","geometry":{"type":"Point","coordinates":[21.972123,47.12856]},"properties":{"lines":"721","color":"#0059a9","mode":"bus","arr":["721"],"angle":-31.9,"extra":1,"ei":18}},{"type":"Feature","geometry":{"type":"Point","coordinates":[21.974627,47.129313]},"properties":{"lines":"721","color":"#0059a9","mode":"bus","arr":["721"],"angle":-10.5,"extra":1,"ei":19}},{"type":"Feature","geometry":{"type":"Point","coordinates":[21.977354,47.129652]},"properties":{"lines":"721","color":"#0059a9","mode":"bus","arr":["721"],"angle":-10.3,"extra":1,"ei":20}},{"type":"Feature","geometry":{"type":"Point","coordinates":[21.979999,47.130198]},"properties":{"lines":"721","color":"#0059a9","mode":"bus","arr":["721"],"angle":-21.5,"extra":1,"ei":21}},{"type":"Feature","geometry":{"type":"Point","coordinates":[21.98258,47.130886]},"properties":{"lines":"721","color":"#0059a9","mode":"bus","arr":["721"],"angle":-23.9,"extra":1,"ei":22}},{"type":"Feature","geometry":{"type":"Point","coordinates":[21.984734,47.132052]},"properties":{"lines":"721","color":"#0059a9","mode":"bus","arr":["721"],"angle":-43,"extra":1,"ei":23}},{"type":"Feature","geometry":{"type":"Point","coordinates":[21.986768,47.133335]},"properties":{"lines":"721","color":"#0059a9","mode":"bus","arr":["721"],"angle":-43.3,"extra":1,"ei":24}},{"type":"Feature","geometry":{"type":"Point","coordinates":[21.988836,47.134591]},"properties":{"lines":"721","color":"#0059a9","mode":"bus","arr":["721"],"angle":-33.8,"extra":1,"ei":25}},{"type":"Feature","geometry":{"type":"Point","coordinates":[21.991302,47.13545]},"properties":{"lines":"721","color":"#0059a9","mode":"bus","arr":["721"],"angle":-19.1,"extra":1,"ei":26}},{"type":"Feature","geometry":{"type":"Point","coordinates":[21.993731,47.136042]},"properties":{"lines":"721","color":"#0059a9","mode":"bus","arr":["721"],"angle":-47.2,"extra":1,"ei":27}},{"type":"Feature","geometry":{"type":"Point","coordinates":[21.995789,47.137293]},"properties":{"lines":"721","color":"#0059a9","mode":"bus","arr":["721"],"angle":-26.9,"extra":1,"ei":28}},{"type":"Feature","geometry":{"type":"Point","coordinates":[21.997924,47.138463]},"properties":{"lines":"721","color":"#0059a9","mode":"bus","arr":["721"],"angle":-61.6,"extra":1,"ei":29}},{"type":"Feature","geometry":{"type":"Point","coordinates":[21.997232,47.140203]},"properties":{"lines":"721","color":"#0059a9","mode":"bus","arr":["721"],"angle":78.8,"extra":1,"ei":30}},{"type":"Feature","geometry":{"type":"Point","coordinates":[21.99768,47.142028]},"properties":{"lines":"721","color":"#0059a9","mode":"bus","arr":["721"],"angle":-69.1,"extra":1,"ei":31}},{"type":"Feature","geometry":{"type":"Point","coordinates":[21.998893,47.143722]},"properties":{"lines":"721","color":"#0059a9","mode":"bus","arr":["721"],"angle":-62.2,"extra":1,"ei":32}},{"type":"Feature","geometry":{"type":"Point","coordinates":[22.000066,47.14543]},"properties":{"lines":"721","color":"#0059a9","mode":"bus","arr":["721"],"angle":-73.3,"extra":1,"ei":33}},{"type":"Feature","geometry":{"type":"Point","coordinates":[21.98654,47.129755]},"properties":{"lines":"721","color":"#0059a9","mode":"bus","arr":["721"],"angle":28.3,"mi":1}},{"type":"Feature","geometry":{"type":"Point","coordinates":[21.984288,47.130585]},"properties":{"lines":"721","color":"#0059a9","mode":"bus","arr":["721"],"angle":28.8,"extra":1,"ei":0}},{"type":"Feature","geometry":{"type":"Point","coordinates":[21.98916,47.128784]},"properties":{"lines":"721","color":"#0059a9","mode":"bus","arr":["721"],"angle":34.1,"extra":1,"ei":1}},{"type":"Feature","geometry":{"type":"Point","coordinates":[21.990941,47.124282]},"properties":{"lines":"721","color":"#0059a9","mode":"bus","arr":["721"],"angle":46.9}},{"type":"Feature","geometry":{"type":"Point","coordinates":[21.989696,47.127358]},"properties":{"lines":"721","color":"#0059a9","mode":"bus","arr":["721"],"angle":-81.4,"extra":1,"ei":0}},{"type":"Feature","geometry":{"type":"Point","coordinates":[21.989421,47.12549]},"properties":{"lines":"721","color":"#0059a9","mode":"bus","arr":["721"],"angle":71.1,"extra":1,"ei":1}},{"type":"Feature","geometry":{"type":"Point","coordinates":[21.993234,47.122787]},"properties":{"lines":"721","color":"#0059a9","mode":"bus","arr":["721"],"angle":21.8,"extra":1,"ei":2}},{"type":"Feature","geometry":{"type":"Point","coordinates":[21.995906,47.122333]},"properties":{"lines":"721","color":"#0059a9","mode":"bus","arr":["721"],"angle":27.8,"extra":1,"ei":3}},{"type":"Feature","geometry":{"type":"Point","coordinates":[22.05908,47.154527]},"properties":{"lines":"721","color":"#0059a9","mode":"bus","arr":["721"],"angle":-2.5}},{"type":"Feature","geometry":{"type":"Point","coordinates":[22.000262,47.147492]},"properties":{"lines":"721","color":"#0059a9","mode":"bus","arr":["721"],"angle":-69.8,"extra":1,"ei":0}},{"type":"Feature","geometry":{"type":"Point","coordinates":[22.001742,47.149086]},"properties":{"lines":"721","color":"#0059a9","mode":"bus","arr":["721"],"angle":-59.1,"extra":1,"ei":1}},{"type":"Feature","geometry":{"type":"Point","coordinates":[22.003297,47.150648]},"properties":{"lines":"721","color":"#0059a9","mode":"bus","arr":["721"],"angle":-56.2,"extra":1,"ei":2}},{"type":"Feature","geometry":{"type":"Point","coordinates":[22.004679,47.15228]},"properties":{"lines":"721","color":"#0059a9","mode":"bus","arr":["721"],"angle":-59.7,"extra":1,"ei":3}},{"type":"Feature","geometry":{"type":"Point","coordinates":[22.0062,47.153859]},"properties":{"lines":"721","color":"#0059a9","mode":"bus","arr":["721"],"angle":-57,"extra":1,"ei":4}},{"type":"Feature","geometry":{"type":"Point","coordinates":[22.007439,47.155534]},"properties":{"lines":"721","color":"#0059a9","mode":"bus","arr":["721"],"angle":-53.3,"extra":1,"ei":5}},{"type":"Feature","geometry":{"type":"Point","coordinates":[22.009475,47.156656]},"properties":{"lines":"721","color":"#0059a9","mode":"bus","arr":["721"],"angle":-15.3,"extra":1,"ei":6}},{"type":"Feature","geometry":{"type":"Point","coordinates":[22.012224,47.156745]},"properties":{"lines":"721","color":"#0059a9","mode":"bus","arr":["721"],"angle":6.7,"extra":1,"ei":7}},{"type":"Feature","geometry":{"type":"Point","coordinates":[22.014984,47.156599]},"properties":{"lines":"721","color":"#0059a9","mode":"bus","arr":["721"],"angle":-0.7,"extra":1,"ei":8}},{"type":"Feature","geometry":{"type":"Point","coordinates":[22.016786,47.155581]},"properties":{"lines":"721","color":"#0059a9","mode":"bus","arr":["721"],"angle":-9.3,"extra":1,"ei":9}},{"type":"Feature","geometry":{"type":"Point","coordinates":[22.019516,47.155764]},"properties":{"lines":"721","color":"#0059a9","mode":"bus","arr":["721"],"angle":-6.3,"extra":1,"ei":10}},{"type":"Feature","geometry":{"type":"Point","coordinates":[22.02197,47.15646]},"properties":{"lines":"721","color":"#0059a9","mode":"bus","arr":["721"],"angle":-50.6,"extra":1,"ei":11}},{"type":"Feature","geometry":{"type":"Point","coordinates":[22.024496,47.156943]},"properties":{"lines":"721","color":"#0059a9","mode":"bus","arr":["721"],"angle":-14.6,"extra":1,"ei":12}},{"type":"Feature","geometry":{"type":"Point","coordinates":[22.027001,47.157666]},"properties":{"lines":"721","color":"#0059a9","mode":"bus","arr":["721"],"angle":4.1,"extra":1,"ei":13}},{"type":"Feature","geometry":{"type":"Point","coordinates":[22.029685,47.157218]},"properties":{"lines":"721","color":"#0059a9","mode":"bus","arr":["721"],"angle":26.1,"extra":1,"ei":14}},{"type":"Feature","geometry":{"type":"Point","coordinates":[22.03223,47.156558]},"properties":{"lines":"721","color":"#0059a9","mode":"bus","arr":["721"],"angle":25.3,"extra":1,"ei":15}},{"type":"Feature","geometry":{"type":"Point","coordinates":[22.032619,47.154761]},"properties":{"lines":"721","color":"#0059a9","mode":"bus","arr":["721"],"angle":54,"extra":1,"ei":16}},{"type":"Feature","geometry":{"type":"Point","coordinates":[22.035172,47.155226]},"properties":{"lines":"721","color":"#0059a9","mode":"bus","arr":["721"],"angle":-24.5,"extra":1,"ei":17}},{"type":"Feature","geometry":{"type":"Point","coordinates":[22.037764,47.155887]},"properties":{"lines":"721","color":"#0059a9","mode":"bus","arr":["721"],"angle":-10.1,"extra":1,"ei":18}},{"type":"Feature","geometry":{"type":"Point","coordinates":[22.040487,47.155644]},"properties":{"lines":"721","color":"#0059a9","mode":"bus","arr":["721"],"angle":15.1,"extra":1,"ei":19}},{"type":"Feature","geometry":{"type":"Point","coordinates":[22.043239,47.155549]},"properties":{"lines":"721","color":"#0059a9","mode":"bus","arr":["721"],"angle":4.1,"extra":1,"ei":20}},{"type":"Feature","geometry":{"type":"Point","coordinates":[22.046004,47.155411]},"properties":{"lines":"721","color":"#0059a9","mode":"bus","arr":["721"],"angle":4.5,"extra":1,"ei":21}},{"type":"Feature","geometry":{"type":"Point","coordinates":[22.048768,47.155268]},"properties":{"lines":"721","color":"#0059a9","mode":"bus","arr":["721"],"angle":4.2,"extra":1,"ei":22}},{"type":"Feature","geometry":{"type":"Point","coordinates":[22.051533,47.155127]},"properties":{"lines":"721","color":"#0059a9","mode":"bus","arr":["721"],"angle":4.1,"extra":1,"ei":23}},{"type":"Feature","geometry":{"type":"Point","coordinates":[22.054293,47.154963]},"properties":{"lines":"721","color":"#0059a9","mode":"bus","arr":["721"],"angle":6,"extra":1,"ei":24}},{"type":"Feature","geometry":{"type":"Point","coordinates":[22.056619,47.154847]},"properties":{"lines":"721","color":"#0059a9","mode":"bus","arr":["721"],"angle":35.8,"extra":1,"ei":25}},{"type":"Feature","geometry":{"type":"Point","coordinates":[22.062018,47.154696]},"properties":{"lines":"721","color":"#0059a9","mode":"bus","arr":["721"],"angle":-17.6,"extra":1,"ei":26}},{"type":"Feature","geometry":{"type":"Point","coordinates":[22.064566,47.155435]},"properties":{"lines":"721","color":"#0059a9","mode":"bus","arr":["721"],"angle":-27.8,"extra":1,"ei":27}},{"type":"Feature","geometry":{"type":"Point","coordinates":[22.066383,47.15683]},"properties":{"lines":"721","color":"#0059a9","mode":"bus","arr":["721"],"angle":-64.4,"extra":1,"ei":28}},{"type":"Feature","geometry":{"type":"Point","coordinates":[22.068611,47.157171]},"properties":{"lines":"721","color":"#0059a9","mode":"bus","arr":["721"],"angle":11.4,"extra":1,"ei":29}},{"type":"Feature","geometry":{"type":"Point","coordinates":[22.071261,47.157535]},"properties":{"lines":"721","color":"#0059a9","mode":"bus","arr":["721"],"angle":-16.1,"extra":1,"ei":30}},{"type":"Feature","geometry":{"type":"Point","coordinates":[22.073993,47.15778]},"properties":{"lines":"721","color":"#0059a9","mode":"bus","arr":["721"],"angle":8.9,"extra":1,"ei":31}},{"type":"Feature","geometry":{"type":"Point","coordinates":[22.076498,47.157221]},"properties":{"lines":"721","color":"#0059a9","mode":"bus","arr":["721"],"angle":-13,"extra":1,"ei":32}},{"type":"Feature","geometry":{"type":"Point","coordinates":[22.079079,47.157877]},"properties":{"lines":"721","color":"#0059a9","mode":"bus","arr":["721"],"angle":-2.5,"extra":1,"ei":33}},{"type":"Feature","geometry":{"type":"Point","coordinates":[22.081846,47.157779]},"properties":{"lines":"721","color":"#0059a9","mode":"bus","arr":["721"],"angle":1.6,"extra":1,"ei":34}},{"type":"Feature","geometry":{"type":"Point","coordinates":[22.084512,47.15737]},"properties":{"lines":"721","color":"#0059a9","mode":"bus","arr":["721"],"angle":0.3,"extra":1,"ei":35}},{"type":"Feature","geometry":{"type":"Point","coordinates":[22.08725,47.157153]},"properties":{"lines":"721","color":"#0059a9","mode":"bus","arr":["721"],"angle":15.1,"extra":1,"ei":36}},{"type":"Feature","geometry":{"type":"Point","coordinates":[22.089985,47.156977]},"properties":{"lines":"721","color":"#0059a9","mode":"bus","arr":["721"],"angle":-7.9,"extra":1,"ei":37}},{"type":"Feature","geometry":{"type":"Point","coordinates":[22.092702,47.157174]},"properties":{"lines":"721","color":"#0059a9","mode":"bus","arr":["721"],"angle":13.6,"extra":1,"ei":38}},{"type":"Feature","geometry":{"type":"Point","coordinates":[22.095225,47.156404]},"properties":{"lines":"721","color":"#0059a9","mode":"bus","arr":["721"],"angle":27.6,"extra":1,"ei":39}},{"type":"Feature","geometry":{"type":"Point","coordinates":[22.097536,47.155405]},"properties":{"lines":"721","color":"#0059a9","mode":"bus","arr":["721"],"angle":54,"extra":1,"ei":40}},{"type":"Feature","geometry":{"type":"Point","coordinates":[22.099573,47.154156]},"properties":{"lines":"721","color":"#0059a9","mode":"bus","arr":["721"],"angle":28.6,"extra":1,"ei":41}},{"type":"Feature","geometry":{"type":"Point","coordinates":[22.101782,47.153052]},"properties":{"lines":"721","color":"#0059a9","mode":"bus","arr":["721"],"angle":43.7,"extra":1,"ei":42}},{"type":"Feature","geometry":{"type":"Point","coordinates":[22.103244,47.151474]},"properties":{"lines":"721","color":"#0059a9","mode":"bus","arr":["721"],"angle":66.5,"extra":1,"ei":43}},{"type":"Feature","geometry":{"type":"Point","coordinates":[22.104485,47.149788]},"properties":{"lines":"721","color":"#0059a9","mode":"bus","arr":["721"],"angle":59.6,"extra":1,"ei":44}},{"type":"Feature","geometry":{"type":"Point","coordinates":[22.106534,47.148677]},"properties":{"lines":"721","color":"#0059a9","mode":"bus","arr":["721"],"angle":22.8,"extra":1,"ei":45}},{"type":"Feature","geometry":{"type":"Point","coordinates":[22.109162,47.148167]},"properties":{"lines":"721","color":"#0059a9","mode":"bus","arr":["721"],"angle":1.1,"extra":1,"ei":46}},{"type":"Feature","geometry":{"type":"Point","coordinates":[22.111862,47.148011]},"properties":{"lines":"721","color":"#0059a9","mode":"bus","arr":["721"],"angle":38.2,"extra":1,"ei":47}},{"type":"Feature","geometry":{"type":"Point","coordinates":[22.113356,47.146667]},"properties":{"lines":"721","color":"#0059a9","mode":"bus","arr":["721"],"angle":-74.3,"extra":1,"ei":48}},{"type":"Feature","geometry":{"type":"Point","coordinates":[22.113331,47.144891]},"properties":{"lines":"721","color":"#0059a9","mode":"bus","arr":["721"],"angle":69,"extra":1,"ei":49}},{"type":"Feature","geometry":{"type":"Point","coordinates":[22.114043,47.143088]},"properties":{"lines":"721","color":"#0059a9","mode":"bus","arr":["721"],"angle":-82.2,"extra":1,"ei":50}},{"type":"Feature","geometry":{"type":"Point","coordinates":[22.112635,47.141526]},"properties":{"lines":"721","color":"#0059a9","mode":"bus","arr":["721"],"angle":-32.4,"extra":1,"ei":51}},{"type":"Feature","geometry":{"type":"Point","coordinates":[21.970279,47.072638]},"properties":{"lines":"722","color":"#0059a9","mode":"bus","arr":["722"],"angle":-67.6}},{"type":"Feature","geometry":{"type":"Point","coordinates":[21.974466,47.07838]},"properties":{"lines":"722","color":"#0059a9","mode":"bus","arr":["722"],"angle":-75,"extra":1,"ei":0}},{"type":"Feature","geometry":{"type":"Point","coordinates":[21.97299,47.076795]},"properties":{"lines":"722","color":"#0059a9","mode":"bus","arr":["722"],"angle":-53.9,"extra":1,"ei":1}},{"type":"Feature","geometry":{"type":"Point","coordinates":[21.971855,47.075112]},"properties":{"lines":"722","color":"#0059a9","mode":"bus","arr":["722"],"angle":-74.5,"extra":1,"ei":2}},{"type":"Feature","geometry":{"type":"Point","coordinates":[21.968584,47.069993]},"properties":{"lines":"722","color":"#0059a9","mode":"bus","arr":["722"],"angle":-48.6,"extra":1,"ei":3}},{"type":"Feature","geometry":{"type":"Point","coordinates":[21.966919,47.068485]},"properties":{"lines":"722","color":"#0059a9","mode":"bus","arr":["722"],"angle":-55.6,"extra":1,"ei":4}},{"type":"Feature","geometry":{"type":"Point","coordinates":[21.965634,47.066844]},"properties":{"lines":"722","color":"#0059a9","mode":"bus","arr":["722"],"angle":-65.9,"extra":1,"ei":5}},{"type":"Feature","geometry":{"type":"Point","coordinates":[21.971934,47.085444]},"properties":{"lines":"722","color":"#0059a9","mode":"bus","arr":["722"],"angle":81.7}},{"type":"Feature","geometry":{"type":"Point","coordinates":[21.974085,47.080199]},"properties":{"lines":"722","color":"#0059a9","mode":"bus","arr":["722"],"angle":68.5,"extra":1,"ei":0}},{"type":"Feature","geometry":{"type":"Point","coordinates":[21.973487,47.081963]},"properties":{"lines":"722","color":"#0059a9","mode":"bus","arr":["722"],"angle":-88.5,"extra":1,"ei":1}},{"type":"Feature","geometry":{"type":"Point","coordinates":[21.972718,47.083673]},"properties":{"lines":"722","color":"#0059a9","mode":"bus","arr":["722"],"angle":61.9,"extra":1,"ei":2}},{"type":"Feature","geometry":{"type":"Point","coordinates":[21.97257,47.087243]},"properties":{"lines":"722","color":"#0059a9","mode":"bus","arr":["722"],"angle":-57.5,"extra":1,"ei":3}},{"type":"Feature","geometry":{"type":"Point","coordinates":[21.973063,47.089071]},"properties":{"lines":"722","color":"#0059a9","mode":"bus","arr":["722"],"angle":-72.6,"extra":1,"ei":4}},{"type":"Feature","geometry":{"type":"Point","coordinates":[21.973659,47.090391]},"properties":{"lines":"722","color":"#0059a9","mode":"bus","arr":["722"],"angle":-86.7,"extra":1,"ei":5}},{"type":"Feature","geometry":{"type":"Point","coordinates":[21.979652,47.090304]},"properties":{"lines":"722","color":"#0059a9","mode":"bus","arr":["722"],"angle":-56,"mi":1}},{"type":"Feature","geometry":{"type":"Point","coordinates":[21.9754,47.089743]},"properties":{"lines":"722","color":"#0059a9","mode":"bus","arr":["722"],"angle":-19.7,"extra":1,"ei":0}},{"type":"Feature","geometry":{"type":"Point","coordinates":[21.976585,47.09091]},"properties":{"lines":"722","color":"#0059a9","mode":"bus","arr":["722"],"angle":16.6,"extra":1,"ei":1}},{"type":"Feature","geometry":{"type":"Point","coordinates":[21.920086,47.071226]},"properties":{"lines":"RoHu","color":"#0059a9","mode":"bus","arr":["RoHu"],"angle":31.2,"mi":1}},{"type":"Feature","geometry":{"type":"Point","coordinates":[21.798559,47.116859]},"properties":{"lines":"RoHu","color":"#0059a9","mode":"bus","arr":["RoHu"],"angle":-33.5,"mi":1}},{"type":"Feature","geometry":{"type":"Point","coordinates":[21.792922,47.118752]},"properties":{"lines":"RoHu","color":"#0059a9","mode":"bus","arr":["RoHu"],"angle":24.4,"extra":1,"ei":0}},{"type":"Feature","geometry":{"type":"Point","coordinates":[21.795428,47.117945]},"properties":{"lines":"RoHu","color":"#0059a9","mode":"bus","arr":["RoHu"],"angle":26.8,"extra":1,"ei":1}},{"type":"Feature","geometry":{"type":"Point","coordinates":[21.796685,47.117075]},"properties":{"lines":"RoHu","color":"#0059a9","mode":"bus","arr":["RoHu"],"angle":11.4,"extra":1,"ei":2}},{"type":"Feature","geometry":{"type":"Point","coordinates":[21.778728,47.122793]},"properties":{"lines":"RoHu","color":"#0059a9","mode":"bus","arr":["RoHu"],"angle":26.1,"mi":3}},{"type":"Feature","geometry":{"type":"Point","coordinates":[21.789496,47.119612]},"properties":{"lines":"RoHu","color":"#0059a9","mode":"bus","arr":["RoHu"],"angle":24.2}},{"type":"Feature","geometry":{"type":"Point","coordinates":[21.787749,47.119845]},"properties":{"lines":"RoHu","color":"#0059a9","mode":"bus","arr":["RoHu"],"angle":23.3,"extra":1,"ei":0}},{"type":"Feature","geometry":{"type":"Point","coordinates":[21.767423,47.126582]},"properties":{"lines":"RoHu","color":"#0059a9","mode":"bus","arr":["RoHu"],"angle":26,"extra":1,"ei":0}},{"type":"Feature","geometry":{"type":"Point","coordinates":[21.769909,47.125746]},"properties":{"lines":"RoHu","color":"#0059a9","mode":"bus","arr":["RoHu"],"angle":26.5,"extra":1,"ei":1}},{"type":"Feature","geometry":{"type":"Point","coordinates":[21.772392,47.124907]},"properties":{"lines":"RoHu","color":"#0059a9","mode":"bus","arr":["RoHu"],"angle":26.1,"extra":1,"ei":2}},{"type":"Feature","geometry":{"type":"Point","coordinates":[21.774881,47.124076]},"properties":{"lines":"RoHu","color":"#0059a9","mode":"bus","arr":["RoHu"],"angle":26.1,"extra":1,"ei":3}},{"type":"Feature","geometry":{"type":"Point","coordinates":[21.782357,47.121595]},"properties":{"lines":"RoHu","color":"#0059a9","mode":"bus","arr":["RoHu"],"angle":25.9,"extra":1,"ei":4}},{"type":"Feature","geometry":{"type":"Point","coordinates":[21.784844,47.12076]},"properties":{"lines":"RoHu","color":"#0059a9","mode":"bus","arr":["RoHu"],"angle":26.4,"extra":1,"ei":5}},{"type":"Feature","geometry":{"type":"Point","coordinates":[21.757576,47.123944]},"properties":{"lines":"RoHu","color":"#0059a9","mode":"bus","arr":["RoHu"],"angle":-6.6}},{"type":"Feature","geometry":{"type":"Point","coordinates":[21.764574,47.126685]},"properties":{"lines":"RoHu","color":"#0059a9","mode":"bus","arr":["RoHu"],"angle":0.1,"extra":1,"ei":0}},{"type":"Feature","geometry":{"type":"Point","coordinates":[21.761803,47.126665]},"properties":{"lines":"RoHu","color":"#0059a9","mode":"bus","arr":["RoHu"],"angle":-4.8,"extra":1,"ei":1}},{"type":"Feature","geometry":{"type":"Point","coordinates":[21.759641,47.125998]},"properties":{"lines":"RoHu","color":"#0059a9","mode":"bus","arr":["RoHu"],"angle":-89.9,"extra":1,"ei":2}},{"type":"Feature","geometry":{"type":"Point","coordinates":[21.753786,47.124407]},"properties":{"lines":"RoHu","color":"#0059a9","mode":"bus","arr":["RoHu"],"angle":5.1,"extra":1,"ei":3}},{"type":"Feature","geometry":{"type":"Point","coordinates":[21.751032,47.12453]},"properties":{"lines":"RoHu","color":"#0059a9","mode":"bus","arr":["RoHu"],"angle":17.7,"extra":1,"ei":4}},{"type":"Feature","geometry":{"type":"Point","coordinates":[21.748463,47.125239]},"properties":{"lines":"RoHu","color":"#0059a9","mode":"bus","arr":["RoHu"],"angle":22.3,"extra":1,"ei":5}},{"type":"Feature","geometry":{"type":"Point","coordinates":[21.732061,47.128863]},"properties":{"lines":"RoHu","color":"#0059a9","mode":"bus","arr":["RoHu"],"angle":-0.4}},{"type":"Feature","geometry":{"type":"Point","coordinates":[21.745412,47.126087]},"properties":{"lines":"RoHu","color":"#0059a9","mode":"bus","arr":["RoHu"],"angle":22.1,"extra":1,"ei":0}},{"type":"Feature","geometry":{"type":"Point","coordinates":[21.742844,47.126798]},"properties":{"lines":"RoHu","color":"#0059a9","mode":"bus","arr":["RoHu"],"angle":22.1,"extra":1,"ei":1}},{"type":"Feature","geometry":{"type":"Point","coordinates":[21.740279,47.127514]},"properties":{"lines":"RoHu","color":"#0059a9","mode":"bus","arr":["RoHu"],"angle":22.8,"extra":1,"ei":2}},{"type":"Feature","geometry":{"type":"Point","coordinates":[21.737712,47.128227]},"properties":{"lines":"RoHu","color":"#0059a9","mode":"bus","arr":["RoHu"],"angle":20.6,"extra":1,"ei":3}},{"type":"Feature","geometry":{"type":"Point","coordinates":[21.735073,47.128799]},"properties":{"lines":"RoHu","color":"#0059a9","mode":"bus","arr":["RoHu"],"angle":14.3,"extra":1,"ei":4}},{"type":"Feature","geometry":{"type":"Point","coordinates":[21.729542,47.128846]},"properties":{"lines":"RoHu","color":"#0059a9","mode":"bus","arr":["RoHu"],"angle":-3.5,"extra":1,"ei":5}},{"type":"Feature","geometry":{"type":"Point","coordinates":[21.726808,47.12854]},"properties":{"lines":"RoHu","color":"#0059a9","mode":"bus","arr":["RoHu"],"angle":-5.7,"extra":1,"ei":6}},{"type":"Feature","geometry":{"type":"Point","coordinates":[21.724038,47.128562]},"properties":{"lines":"RoHu","color":"#0059a9","mode":"bus","arr":["RoHu"],"angle":3.8,"extra":1,"ei":7}},{"type":"Feature","geometry":{"type":"Point","coordinates":[21.721404,47.129115]},"properties":{"lines":"RoHu","color":"#0059a9","mode":"bus","arr":["RoHu"],"angle":19.4,"extra":1,"ei":8}},{"type":"Feature","geometry":{"type":"Point","coordinates":[21.718677,47.12936]},"properties":{"lines":"RoHu","color":"#0059a9","mode":"bus","arr":["RoHu"],"angle":-1.7,"extra":1,"ei":9}},{"type":"Feature","geometry":{"type":"Point","coordinates":[21.716377,47.130442]},"properties":{"lines":"RoHu","color":"#0059a9","mode":"bus","arr":["RoHu"],"angle":77.2,"mi":2}},{"type":"Feature","geometry":{"type":"Point","coordinates":[21.715578,47.131573]},"properties":{"lines":"RoHu","color":"#0059a9","mode":"bus","arr":["RoHu"],"angle":-18.3,"mi":1}},{"type":"Feature","geometry":{"type":"Point","coordinates":[21.715433,47.133797]},"properties":{"lines":"RoHu","color":"#0059a9","mode":"bus","arr":["RoHu"],"angle":-80.8}},{"type":"Feature","geometry":{"type":"Point","coordinates":[21.715206,47.132427]},"properties":{"lines":"RoHu","color":"#0059a9","mode":"bus","arr":["RoHu"],"angle":-87.7,"extra":1,"ei":0}},{"type":"Feature","geometry":{"type":"Point","coordinates":[21.719028,47.135611]},"properties":{"lines":"RoHu","color":"#0059a9","mode":"bus","arr":["RoHu"],"angle":12.7,"mi":3}},{"type":"Feature","geometry":{"type":"Point","coordinates":[21.717339,47.135877]},"properties":{"lines":"RoHu","color":"#0059a9","mode":"bus","arr":["RoHu"],"angle":13.2,"extra":1,"ei":0}},{"type":"Feature","geometry":{"type":"Point","coordinates":[21.922337,47.06542]},"properties":{"lines":"RoHu","color":"#0059a9","mode":"bus","arr":["RoHu"],"angle":-80.2}},{"type":"Feature","geometry":{"type":"Point","coordinates":[21.898449,47.055769]},"properties":{"lines":"2, 8","color":"#d6212b","mode":"tram","arr":["2","8"],"angle":74.6}},{"type":"Feature","geometry":{"type":"Point","coordinates":[21.896313,47.06113]},"properties":{"lines":"2, 8","color":"#d6212b","mode":"tram","arr":["2","8"],"angle":69.9,"extra":1,"ei":0}},{"type":"Feature","geometry":{"type":"Point","coordinates":[21.896996,47.059315]},"properties":{"lines":"2, 8","color":"#d6212b","mode":"tram","arr":["2","8"],"angle":73.8,"extra":1,"ei":1}},{"type":"Feature","geometry":{"type":"Point","coordinates":[21.897747,47.057497]},"properties":{"lines":"2, 8","color":"#d6212b","mode":"tram","arr":["2","8"],"angle":74.5,"extra":1,"ei":2}},{"type":"Feature","geometry":{"type":"Point","coordinates":[21.900292,47.054412]},"properties":{"lines":"2, 8","color":"#d6212b","mode":"tram","arr":["2","8"],"angle":29,"extra":1,"ei":3}},{"type":"Feature","geometry":{"type":"Point","coordinates":[21.902707,47.053485]},"properties":{"lines":"2, 8","color":"#d6212b","mode":"tram","arr":["2","8"],"angle":29.3,"extra":1,"ei":4}},{"type":"Feature","geometry":{"type":"Point","coordinates":[21.90512,47.052556]},"properties":{"lines":"2, 8","color":"#d6212b","mode":"tram","arr":["2","8"],"angle":29.7,"extra":1,"ei":5}},{"type":"Feature","geometry":{"type":"Point","coordinates":[21.89879,47.054965]},"properties":{"lines":"2, 8","color":"#d6212b","mode":"tram","arr":["2","8"],"angle":49.5,"mi":1}},{"type":"Feature","geometry":{"type":"Point","coordinates":[21.896704,47.059894]},"properties":{"lines":"2, 8","color":"#d6212b","mode":"tram","arr":["2","8"],"angle":73.7,"extra":1,"ei":0}},{"type":"Feature","geometry":{"type":"Point","coordinates":[21.897464,47.058078]},"properties":{"lines":"2, 8","color":"#d6212b","mode":"tram","arr":["2","8"],"angle":74.1,"extra":1,"ei":1}},{"type":"Feature","geometry":{"type":"Point","coordinates":[21.898208,47.056259]},"properties":{"lines":"2, 8","color":"#d6212b","mode":"tram","arr":["2","8"],"angle":74.4,"extra":1,"ei":2}},{"type":"Feature","geometry":{"type":"Point","coordinates":[21.901872,47.053766]},"properties":{"lines":"2, 8","color":"#d6212b","mode":"tram","arr":["2","8"],"angle":29.4,"extra":1,"ei":3}},{"type":"Feature","geometry":{"type":"Point","coordinates":[21.904292,47.052844]},"properties":{"lines":"2, 8","color":"#d6212b","mode":"tram","arr":["2","8"],"angle":29.4,"extra":1,"ei":4}},{"type":"Feature","geometry":{"type":"Point","coordinates":[21.907002,47.052506]},"properties":{"lines":"2, 5, 7, 8","color":"#d6212b","mode":"tram","arr":["2","5","7","8","24","28","29","31","33E","33P","37","43","RoHu"],"busLines":"24, 28, 29, 31, 33E, 33P, 37, 43, RoHu","angle":-35.4}},{"type":"Feature","geometry":{"type":"Point","coordinates":[21.912237,47.054174]},"properties":{"lines":"2, 5, 7, 8","color":"#d6212b","mode":"tram","arr":["2","5","7","8","10","19","24","28","29","30","31","33E","33P","37","43","RoHu"],"busLines":"10, 19, 24, 28, 29, 30, 31, 33E, 33P, 37, 43, RoHu","angle":-25,"side":-1}},{"type":"Feature","geometry":{"type":"Point","coordinates":[21.908776,47.053078]},"properties":{"lines":"2, 5, 7, 8","color":"#d6212b","mode":"tram","arr":["2","5","7","8","10","19","24","28","29","30","31","33E","33P","37","43","RoHu"],"busLines":"10, 19, 24, 28, 29, 30, 31, 33E, 33P, 37, 43, RoHu","angle":-24.2,"extra":1,"ei":0,"side":-1}},{"type":"Feature","geometry":{"type":"Point","coordinates":[21.913802,47.054672]},"properties":{"lines":"2, 5, 7, 8","color":"#d6212b","mode":"tram","arr":["2","5","7","8","10","19","24","28","29","30","31","33E","33P","37","43","RoHu"],"busLines":"10, 19, 24, 28, 29, 30, 31, 33E, 33P, 37, 43, RoHu","angle":-25,"extra":1,"ei":1,"side":-1}},{"type":"Feature","geometry":{"type":"Point","coordinates":[21.91631,47.055477]},"properties":{"lines":"2, 5, 7, 8","color":"#d6212b","mode":"tram","arr":["2","5","7","8","10","19","24","28","29","30","31","33E","33P","37","43","RoHu"],"busLines":"10, 19, 24, 28, 29, 30, 31, 33E, 33P, 37, 43, RoHu","angle":-24.8,"extra":1,"ei":2,"side":-1}},{"type":"Feature","geometry":{"type":"Point","coordinates":[21.917392,47.055896]},"properties":{"lines":"2, 7","color":"#d6212b","mode":"tram","arr":["2","7","RoHu"],"busLines":"RoHu","angle":-47.5}},{"type":"Feature","geometry":{"type":"Point","coordinates":[21.923343,47.056833]},"properties":{"lines":"2, 4, 7","color":"#d6212b","mode":"tram","arr":["2","4","7","10","23","24","28","36","43"],"busLines":"10, 23, 24, 28, 36, 43","angle":4.9}},{"type":"Feature","geometry":{"type":"Point","coordinates":[21.919089,47.056407]},"properties":{"lines":"2, 4, 7","color":"#d6212b","mode":"tram","arr":["2","4","7","10","23","24","28","36","43"],"busLines":"10, 23, 24, 28, 36, 43","angle":-14.6,"extra":1,"ei":0}},{"type":"Feature","geometry":{"type":"Point","coordinates":[21.926884,47.055694]},"properties":{"lines":"2, 4, 7","color":"#d6212b","mode":"tram","arr":["2","4","7","10","23","24","28","36","43"],"busLines":"10, 23, 24, 28, 36, 43","angle":15.3,"extra":1,"ei":1}},{"type":"Feature","geometry":{"type":"Point","coordinates":[21.929139,47.05526]},"properties":{"lines":"2, 4, 7","color":"#d6212b","mode":"tram","arr":["2","4","7"],"angle":14.4}},{"type":"Feature","geometry":{"type":"Point","coordinates":[21.931519,47.054803]},"properties":{"lines":"2, 4, 7","color":"#d6212b","mode":"tram","arr":["2","4","7","10","12","14","14P","23","24","28","36","42","43"],"busLines":"10, 12, 14, 14P, 23, 24, 28, 36, 42, 43","angle":15.5,"side":-1}},{"type":"Feature","geometry":{"type":"Point","coordinates":[21.935934,47.053946]},"properties":{"lines":"2, 4, 7","color":"#d6212b","mode":"tram","arr":["2","4","7","16T","28","29","30","43"],"busLines":"16T, 28, 29, 30, 43","angle":10.4,"side":-1}},{"type":"Feature","geometry":{"type":"Point","coordinates":[21.937916,47.053705]},"properties":{"lines":"2, 4, 7","color":"#d6212b","mode":"tram","arr":["2","4","7","16T","28","29","30","43"],"busLines":"16T, 28, 29, 30, 43","angle":11.2,"extra":1,"ei":0,"side":-1}},{"type":"Feature","geometry":{"type":"Point","coordinates":[21.938302,47.052673]},"properties":{"lines":"2, 4, 7","color":"#d6212b","mode":"tram","arr":["2","4","7"],"angle":-83.5,"mi":1}},{"type":"Feature","geometry":{"type":"Point","coordinates":[21.938242,47.05099]},"properties":{"lines":"2, 4, 7","color":"#d6212b","mode":"tram","arr":["2","4","7","10","16T","25","34","39","722"],"busLines":"10, 16T, 25, 34, 39, 722","angle":-86.3}},{"type":"Feature","geometry":{"type":"Point","coordinates":[21.93816,47.050205]},"properties":{"lines":"2, 4, 7","color":"#d6212b","mode":"tram","arr":["2","4","7","10","15","16T","25","34","39","722"],"busLines":"10, 15, 16T, 25, 34, 39, 722","angle":-86.1}},{"type":"Feature","geometry":{"type":"Point","coordinates":[21.938356,47.049123]},"properties":{"lines":"2, 4, 7","color":"#d6212b","mode":"tram","arr":["2","4","7","25","39"],"busLines":"25, 39","angle":52.3,"side":-1}},{"type":"Feature","geometry":{"type":"Point","coordinates":[21.939114,47.048692]},"properties":{"lines":"2, 4, 7","color":"#d6212b","mode":"tram","arr":["2","4","7","10","12","25","34","36","39","41"],"busLines":"10, 12, 25, 34, 36, 39, 41","angle":35.8,"side":-1}},{"type":"Feature","geometry":{"type":"Point","coordinates":[21.939653,47.048432]},"properties":{"lines":"2, 4, 7","color":"#d6212b","mode":"tram","arr":["2","4","7","12","25","36","39","41"],"busLines":"12, 25, 36, 39, 41","angle":34.1,"side":-1}},{"type":"Feature","geometry":{"type":"Point","coordinates":[21.941547,47.04725]},"properties":{"lines":"2, 4, 7","color":"#d6212b","mode":"tram","arr":["2","4","7","10","12","17","25","34","36","39","41"],"busLines":"10, 12, 17, 25, 34, 36, 39, 41","angle":74.7,"side":-1}},{"type":"Feature","geometry":{"type":"Point","coordinates":[21.941666,47.045995]},"properties":{"lines":"2, 4, 7","color":"#d6212b","mode":"tram","arr":["2","4","7","10","12","17","25","34","36","39","41"],"busLines":"10, 12, 17, 25, 34, 36, 39, 41","angle":87.5,"extra":1,"ei":0,"side":-1}},{"type":"Feature","geometry":{"type":"Point","coordinates":[21.94183,47.043772]},"properties":{"lines":"2, 4, 7","color":"#d6212b","mode":"tram","arr":["2","4","7","25","36","39"],"busLines":"25, 36, 39","angle":87.2,"side":-1}},{"type":"Feature","geometry":{"type":"Point","coordinates":[21.941927,47.041414]},"properties":{"lines":"2, 4, 7","color":"#d6212b","mode":"tram","arr":["2","4","7","23","25","31","33","33E","36","39"],"busLines":"23, 25, 31, 33, 33E, 36, 39","angle":-87.7}},{"type":"Feature","geometry":{"type":"Point","coordinates":[21.941938,47.040515]},"properties":{"lines":"2, 4, 7","color":"#d6212b","mode":"tram","arr":["2","4","7","25","31","33","33E","36","39"],"busLines":"25, 31, 33, 33E, 36, 39","angle":84.3,"side":-1}},{"type":"Feature","geometry":{"type":"Point","coordinates":[21.942175,47.0398]},"properties":{"lines":"2, 4, 7","color":"#d6212b","mode":"tram","arr":["2","4","7"],"angle":73.1,"side":-1}},{"type":"Feature","geometry":{"type":"Point","coordinates":[21.922193,47.045485]},"properties":{"lines":"2, 5, 7","color":"#d6212b","mode":"tram","arr":["2","5","7"],"angle":24.6,"side":-1}},{"type":"Feature","geometry":{"type":"Point","coordinates":[21.94072,47.039139]},"properties":{"lines":"2, 5, 7","color":"#d6212b","mode":"tram","arr":["2","5","7"],"angle":-12.6,"extra":1,"ei":0}},{"type":"Feature","geometry":{"type":"Point","coordinates":[21.938288,47.038368]},"properties":{"lines":"2, 5, 7","color":"#d6212b","mode":"tram","arr":["2","5","7"],"angle":8.2,"extra":1,"ei":1}},{"type":"Feature","geometry":{"type":"Point","coordinates":[21.935665,47.038978]},"properties":{"lines":"2, 5, 7","color":"#d6212b","mode":"tram","arr":["2","5","7"],"angle":18.8,"extra":1,"ei":2}},{"type":"Feature","geometry":{"type":"Point","coordinates":[21.933047,47.039597]},"properties":{"lines":"2, 5, 7","color":"#d6212b","mode":"tram","arr":["2","5","7"],"angle":17.5,"extra":1,"ei":3}},{"type":"Feature","geometry":{"type":"Point","coordinates":[21.930806,47.040593]},"properties":{"lines":"2, 5, 7","color":"#d6212b","mode":"tram","arr":["2","5","7"],"angle":37.5,"extra":1,"ei":4}},{"type":"Feature","geometry":{"type":"Point","coordinates":[21.929079,47.042013]},"properties":{"lines":"2, 5, 7","color":"#d6212b","mode":"tram","arr":["2","5","7"],"angle":64.4,"extra":1,"ei":5}},{"type":"Feature","geometry":{"type":"Point","coordinates":[21.927929,47.043731]},"properties":{"lines":"2, 5, 7","color":"#d6212b","mode":"tram","arr":["2","5","7"],"angle":64.1,"extra":1,"ei":6}},{"type":"Feature","geometry":{"type":"Point","coordinates":[21.925663,47.044683]},"properties":{"lines":"2, 5, 7","color":"#d6212b","mode":"tram","arr":["2","5","7"],"angle":18.5,"extra":1,"ei":7}},{"type":"Feature","geometry":{"type":"Point","coordinates":[21.920438,47.045933]},"properties":{"lines":"2, 5, 7","color":"#d6212b","mode":"tram","arr":["2","5","7"],"angle":18.5,"extra":1,"ei":8}},{"type":"Feature","geometry":{"type":"Point","coordinates":[21.917809,47.04653]},"properties":{"lines":"2, 5, 7","color":"#d6212b","mode":"tram","arr":["2","5","7"],"angle":18.4,"extra":1,"ei":9}},{"type":"Feature","geometry":{"type":"Point","coordinates":[21.915179,47.047127]},"properties":{"lines":"2, 5, 7","color":"#d6212b","mode":"tram","arr":["2","5","7"],"angle":18.4,"extra":1,"ei":10}},{"type":"Feature","geometry":{"type":"Point","coordinates":[21.912488,47.047511]},"properties":{"lines":"2, 5, 7","color":"#d6212b","mode":"tram","arr":["2","5","7"],"angle":2.2,"extra":1,"ei":11}},{"type":"Feature","geometry":{"type":"Point","coordinates":[21.909725,47.047628]},"properties":{"lines":"2, 5, 7","color":"#d6212b","mode":"tram","arr":["2","5","7"],"angle":11.5,"extra":1,"ei":12}},{"type":"Feature","geometry":{"type":"Point","coordinates":[21.906997,47.047934]},"properties":{"lines":"2, 5, 7","color":"#d6212b","mode":"tram","arr":["2","5","7"],"angle":5.2,"extra":1,"ei":13}},{"type":"Feature","geometry":{"type":"Point","coordinates":[21.904352,47.048083]},"properties":{"lines":"2, 5, 7","color":"#d6212b","mode":"tram","arr":["2","5","7"],"angle":65.3,"extra":1,"ei":14}},{"type":"Feature","geometry":{"type":"Point","coordinates":[21.904933,47.049914]},"properties":{"lines":"2, 5, 7","color":"#d6212b","mode":"tram","arr":["2","5","7"],"angle":-74.7,"extra":1,"ei":15}},{"type":"Feature","geometry":{"type":"Point","coordinates":[21.906038,47.051637]},"properties":{"lines":"2, 5, 7","color":"#d6212b","mode":"tram","arr":["2","5","7"],"angle":-59.9,"extra":1,"ei":16}},{"type":"Feature","geometry":{"type":"Point","coordinates":[21.948009,47.034202]},"properties":{"lines":"4, 5, 6, 7","color":"#d6212b","mode":"tram","arr":["4","5","6","7","25","31","33","33E"],"busLines":"25, 31, 33, 33E","angle":41.5,"side":-1}},{"type":"Feature","geometry":{"type":"Point","coordinates":[21.942993,47.038246]},"properties":{"lines":"4, 5, 6, 7","color":"#d6212b","mode":"tram","arr":["4","5","6","7","25","31","33","33E"],"busLines":"25, 31, 33, 33E","angle":70,"extra":1,"ei":0,"side":-1}},{"type":"Feature","geometry":{"type":"Point","coordinates":[21.944152,47.036542]},"properties":{"lines":"4, 5, 6, 7","color":"#d6212b","mode":"tram","arr":["4","5","6","7","25","31","33","33E"],"busLines":"25, 31, 33, 33E","angle":47.4,"extra":1,"ei":1,"side":-1}},{"type":"Feature","geometry":{"type":"Point","coordinates":[21.946218,47.035283]},"properties":{"lines":"4, 5, 6, 7","color":"#d6212b","mode":"tram","arr":["4","5","6","7","25","31","33","33E"],"busLines":"25, 31, 33, 33E","angle":41.5,"extra":1,"ei":2,"side":-1}},{"type":"Feature","geometry":{"type":"Point","coordinates":[21.950355,47.032771]},"properties":{"lines":"4, 5, 6, 7","color":"#d6212b","mode":"tram","arr":["4","5","6","7","25","31","33","33E"],"busLines":"25, 31, 33, 33E","angle":39.4,"extra":1,"ei":3,"side":-1}},{"type":"Feature","geometry":{"type":"Point","coordinates":[21.952446,47.031531]},"properties":{"lines":"4, 5, 6, 7","color":"#d6212b","mode":"tram","arr":["4","5","6","7","25","31","33","33E"],"busLines":"25, 31, 33, 33E","angle":41.9,"extra":1,"ei":4,"side":-1}},{"type":"Feature","geometry":{"type":"Point","coordinates":[21.954495,47.030259]},"properties":{"lines":"4, 5, 6, 7","color":"#d6212b","mode":"tram","arr":["4","5","6","7","25","31","33","33E"],"busLines":"25, 31, 33, 33E","angle":44.2,"extra":1,"ei":5,"side":-1}},{"type":"Feature","geometry":{"type":"Point","coordinates":[21.954821,47.029463]},"properties":{"lines":"4, 5, 6, 7","color":"#d6212b","mode":"tram","arr":["4","5","6","7"],"angle":60.2}},{"type":"Feature","geometry":{"type":"Point","coordinates":[21.948329,47.034052]},"properties":{"lines":"4, 5, 6, 7","color":"#d6212b","mode":"tram","arr":["4","5","6","7","25","31","33","33E"],"busLines":"25, 31, 33, 33E","angle":41.7,"side":-1,"mi":1}},{"type":"Feature","geometry":{"type":"Point","coordinates":[21.954641,47.030204]},"properties":{"lines":"4, 5, 6, 7","color":"#d6212b","mode":"tram","arr":["4","5","6","7","25","31","33","33E"],"busLines":"25, 31, 33, 33E","angle":45,"extra":1,"ei":0,"side":-1}},{"type":"Feature","geometry":{"type":"Point","coordinates":[21.952594,47.031478]},"properties":{"lines":"4, 5, 6, 7","color":"#d6212b","mode":"tram","arr":["4","5","6","7","25","31","33","33E"],"busLines":"25, 31, 33, 33E","angle":41.9,"extra":1,"ei":1,"side":-1}},{"type":"Feature","geometry":{"type":"Point","coordinates":[21.950508,47.032721]},"properties":{"lines":"4, 5, 6, 7","color":"#d6212b","mode":"tram","arr":["4","5","6","7","25","31","33","33E"],"busLines":"25, 31, 33, 33E","angle":39.3,"extra":1,"ei":2,"side":-1}},{"type":"Feature","geometry":{"type":"Point","coordinates":[21.946369,47.035233]},"properties":{"lines":"4, 5, 6, 7","color":"#d6212b","mode":"tram","arr":["4","5","6","7","25","31","33","33E"],"busLines":"25, 31, 33, 33E","angle":41.5,"extra":1,"ei":3,"side":-1}},{"type":"Feature","geometry":{"type":"Point","coordinates":[21.944301,47.03649]},"properties":{"lines":"4, 5, 6, 7","color":"#d6212b","mode":"tram","arr":["4","5","6","7","25","31","33","33E"],"busLines":"25, 31, 33, 33E","angle":44.7,"extra":1,"ei":4,"side":-1}},{"type":"Feature","geometry":{"type":"Point","coordinates":[21.943086,47.038167]},"properties":{"lines":"4, 5, 6, 7","color":"#d6212b","mode":"tram","arr":["4","5","6","7","25","31","33","33E"],"busLines":"25, 31, 33, 33E","angle":69.8,"extra":1,"ei":5,"side":-1}},{"type":"Feature","geometry":{"type":"Point","coordinates":[21.906404,47.052059]},"properties":{"lines":"5, 7","color":"#d6212b","mode":"tram","arr":["5","7"],"angle":-57.7,"side":-1}},{"type":"Feature","geometry":{"type":"Point","coordinates":[21.942229,47.03978]},"properties":{"lines":"4, 6","color":"#d6212b","mode":"tram","arr":["4","6"],"angle":73.1,"side":-1}},{"type":"Feature","geometry":{"type":"Point","coordinates":[21.941974,47.040602]},"properties":{"lines":"4, 6","color":"#d6212b","mode":"tram","arr":["4","6","25","31","33","33E","36","39"],"busLines":"25, 31, 33, 33E, 36, 39","angle":85.6,"side":-1}},{"type":"Feature","geometry":{"type":"Point","coordinates":[21.941972,47.041388]},"properties":{"lines":"4, 6","color":"#d6212b","mode":"tram","arr":["4","6","23","25","31","33","33E","36","39"],"busLines":"23, 25, 31, 33, 33E, 36, 39","angle":-87.5}},{"type":"Feature","geometry":{"type":"Point","coordinates":[21.941867,47.043747]},"properties":{"lines":"4, 6","color":"#d6212b","mode":"tram","arr":["4","6","25","36","39"],"busLines":"25, 36, 39","angle":87.4,"side":-1}},{"type":"Feature","geometry":{"type":"Point","coordinates":[21.941552,47.047334]},"properties":{"lines":"4, 6","color":"#d6212b","mode":"tram","arr":["4","6","10","12","17","25","34","36","39","41"],"busLines":"10, 12, 17, 25, 34, 36, 39, 41","angle":71.2,"side":-1}},{"type":"Feature","geometry":{"type":"Point","coordinates":[21.940281,47.04821]},"properties":{"lines":"4, 6","color":"#d6212b","mode":"tram","arr":["4","6","10","12","17","25","34","36","39","41"],"busLines":"10, 12, 17, 25, 34, 36, 39, 41","angle":32.1,"extra":1,"ei":0,"side":-1}},{"type":"Feature","geometry":{"type":"Point","coordinates":[21.939341,47.048625]},"properties":{"lines":"4, 6","color":"#d6212b","mode":"tram","arr":["4","6","10","12","25","34","36","39","41"],"busLines":"10, 12, 25, 34, 36, 39, 41","angle":35.3,"side":-1}},{"type":"Feature","geometry":{"type":"Point","coordinates":[21.938436,47.04911]},"properties":{"lines":"4, 6","color":"#d6212b","mode":"tram","arr":["4","6","10","25","34","39"],"busLines":"10, 25, 34, 39","angle":51,"side":-1}},{"type":"Feature","geometry":{"type":"Point","coordinates":[21.938201,47.050072]},"properties":{"lines":"4, 6","color":"#d6212b","mode":"tram","arr":["4","6","10","15","16T","25","34","39","722"],"busLines":"10, 15, 16T, 25, 34, 39, 722","angle":-85.9}},{"type":"Feature","geometry":{"type":"Point","coordinates":[21.938266,47.050858]},"properties":{"lines":"4, 6","color":"#d6212b","mode":"tram","arr":["4","6","10","16T","25","34","39","722"],"busLines":"10, 16T, 25, 34, 39, 722","angle":-87.2}},{"type":"Feature","geometry":{"type":"Point","coordinates":[21.938307,47.051419]},"properties":{"lines":"4, 6","color":"#d6212b","mode":"tram","arr":["4","6","10"],"busLines":"10","angle":-88.2}},{"type":"Feature","geometry":{"type":"Point","coordinates":[21.938337,47.052654]},"properties":{"lines":"4, 6","color":"#d6212b","mode":"tram","arr":["4","6"],"angle":-83.6,"mi":1}},{"type":"Feature","geometry":{"type":"Point","coordinates":[21.935877,47.053992]},"properties":{"lines":"4, 6","color":"#d6212b","mode":"tram","arr":["4","6","16T","28","29","30","43"],"busLines":"16T, 28, 29, 30, 43","angle":10.5}},{"type":"Feature","geometry":{"type":"Point","coordinates":[21.931617,47.05482]},"properties":{"lines":"4, 6","color":"#d6212b","mode":"tram","arr":["4","6","10","12","14","14P","23","24","28","36","42","43"],"busLines":"10, 12, 14, 14P, 23, 24, 28, 36, 42, 43","angle":15.2}},{"type":"Feature","geometry":{"type":"Point","coordinates":[21.929077,47.055306]},"properties":{"lines":"4, 6","color":"#d6212b","mode":"tram","arr":["4","6"],"angle":15.1}},{"type":"Feature","geometry":{"type":"Point","coordinates":[21.923318,47.056854]},"properties":{"lines":"4, 6","color":"#d6212b","mode":"tram","arr":["4","6","10","23","24","28","36","43"],"busLines":"10, 23, 24, 28, 36, 43","angle":2.1}},{"type":"Feature","geometry":{"type":"Point","coordinates":[21.92711,47.055687]},"properties":{"lines":"4, 6","color":"#d6212b","mode":"tram","arr":["4","6","10","23","24","28","36","43"],"busLines":"10, 23, 24, 28, 36, 43","angle":14.9,"extra":1,"ei":0}},{"type":"Feature","geometry":{"type":"Point","coordinates":[21.919312,47.056477]},"properties":{"lines":"4, 6","color":"#d6212b","mode":"tram","arr":["4","6","10","23","24","28","36","43"],"busLines":"10, 23, 24, 28, 36, 43","angle":-14.9,"extra":1,"ei":1}},{"type":"Feature","geometry":{"type":"Point","coordinates":[21.917395,47.056267]},"properties":{"lines":"4","color":"#d6212b","mode":"tram","arr":["4"],"angle":44.2}},{"type":"Feature","geometry":{"type":"Point","coordinates":[21.917395,47.056201]},"properties":{"lines":"4","color":"#d6212b","mode":"tram","arr":["4"],"angle":33.1,"mi":1}},{"type":"Feature","geometry":{"type":"Point","coordinates":[21.91719,47.056081]},"properties":{"lines":"5, 8","color":"#d6212b","mode":"tram","arr":["5","8"],"angle":-81.2,"mi":1}},{"type":"Feature","geometry":{"type":"Point","coordinates":[21.917145,47.056018]},"properties":{"lines":"5, 8","color":"#d6212b","mode":"tram","arr":["5","8"],"angle":-76.9}},{"type":"Feature","geometry":{"type":"Point","coordinates":[21.917364,47.057139]},"properties":{"lines":"4, 5, 8","color":"#d6212b","mode":"tram","arr":["4","5","8","10","19","29","30","33","36","42","RoHu","T9"],"busLines":"10, 19, 29, 30, 33, 36, 42, RoHu, T9","angle":-83.3,"mi":1}},{"type":"Feature","geometry":{"type":"Point","coordinates":[21.917618,47.059205]},"properties":{"lines":"4, 5, 8","color":"#d6212b","mode":"tram","arr":["4","5","8","19","29","30","33","36","42","RoHu","T9"],"busLines":"19, 29, 30, 33, 36, 42, RoHu, T9","angle":-69.5,"side":-1,"mi":1}},{"type":"Feature","geometry":{"type":"Point","coordinates":[21.918595,47.060403]},"properties":{"lines":"4, 5, 8","color":"#d6212b","mode":"tram","arr":["4","5","8","19","29","30","33","36","42","RoHu","T9"],"busLines":"19, 29, 30, 33, 36, 42, RoHu, T9","angle":-60.3,"extra":1,"ei":0,"side":-1}},{"type":"Feature","geometry":{"type":"Point","coordinates":[21.922188,47.064544]},"properties":{"lines":"4, 5, 8","color":"#d6212b","mode":"tram","arr":["4","5","8","19","33","36","42","RoHu","T9"],"busLines":"19, 33, 36, 42, RoHu, T9","angle":-58.5,"side":-1}},{"type":"Feature","geometry":{"type":"Point","coordinates":[21.919353,47.061299]},"properties":{"lines":"4, 5, 8","color":"#d6212b","mode":"tram","arr":["4","5","8","19","33","36","42","RoHu","T9"],"busLines":"19, 33, 36, 42, RoHu, T9","angle":-60,"extra":1,"ei":0,"side":-1}},{"type":"Feature","geometry":{"type":"Point","coordinates":[21.92074,47.062934]},"properties":{"lines":"4, 5, 8","color":"#d6212b","mode":"tram","arr":["4","5","8","19","33","36","42","RoHu","T9"],"busLines":"19, 33, 36, 42, RoHu, T9","angle":-59.9,"extra":1,"ei":1}},{"type":"Feature","geometry":{"type":"Point","coordinates":[21.923529,47.066195]},"properties":{"lines":"4, 5, 8","color":"#d6212b","mode":"tram","arr":["4","5","8","19","33","36","42","RoHu","T9"],"busLines":"19, 33, 36, 42, RoHu, T9","angle":-66,"extra":1,"ei":2,"side":-1}},{"type":"Feature","geometry":{"type":"Point","coordinates":[21.924407,47.067982]},"properties":{"lines":"4, 5, 8","color":"#d6212b","mode":"tram","arr":["4","5","8","19","33","36","42","RoHu","T9"],"busLines":"19, 33, 36, 42, RoHu, T9","angle":-77.4,"extra":1,"ei":3}},{"type":"Feature","geometry":{"type":"Point","coordinates":[21.924846,47.069343]},"properties":{"lines":"4, 5, 8","color":"#d6212b","mode":"tram","arr":["4","5","8"],"angle":-78,"mi":1}},{"type":"Feature","geometry":{"type":"Point","coordinates":[21.925162,47.070446]},"properties":{"lines":"4, 5, 8","color":"#d6212b","mode":"tram","arr":["4","5","8","11","19","22","29","30","32","39","T8","T9"],"busLines":"11, 19, 22, 29, 30, 32, 39, T8, T9","angle":-76.9,"side":-1}},{"type":"Feature","geometry":{"type":"Point","coordinates":[21.925282,47.071547]},"properties":{"lines":"4, 5, 8","color":"#d6212b","mode":"tram","arr":["4","5","8","11","19","22","32","39","721","T9"],"busLines":"11, 19, 22, 32, 39, 721, T9","angle":78,"side":-1,"mi":1}},{"type":"Feature","geometry":{"type":"Point","coordinates":[21.92493,47.07253]},"properties":{"lines":"4, 5, 8","color":"#d6212b","mode":"tram","arr":["4","5","8","11","19","22","29","30","32","39","721","T9"],"busLines":"11, 19, 22, 29, 30, 32, 39, 721, T9","angle":76.1}},{"type":"Feature","geometry":{"type":"Point","coordinates":[21.920212,47.075243]},"properties":{"lines":"4, 5, 8","color":"#d6212b","mode":"tram","arr":["4","5","8","19","721","T9"],"busLines":"19, 721, T9","angle":33.8}},{"type":"Feature","geometry":{"type":"Point","coordinates":[21.923236,47.073968]},"properties":{"lines":"4, 5, 8","color":"#d6212b","mode":"tram","arr":["4","5","8","19","721","T9"],"busLines":"19, 721, T9","angle":23.5,"extra":1,"ei":0}},{"type":"Feature","geometry":{"type":"Point","coordinates":[21.918531,47.075954]},"properties":{"lines":"4, 5, 8","color":"#d6212b","mode":"tram","arr":["4","5","8","19","721","T9"],"busLines":"19, 721, T9","angle":29.1,"extra":1,"ei":1}},{"type":"Feature","geometry":{"type":"Point","coordinates":[21.916063,47.076804]},"properties":{"lines":"4, 5, 8","color":"#d6212b","mode":"tram","arr":["4","5","8","19","721","T9"],"busLines":"19, 721, T9","angle":22.4,"extra":1,"ei":2,"side":-1}},{"type":"Feature","geometry":{"type":"Point","coordinates":[21.914552,47.075397]},"properties":{"lines":"4, 5, 8","color":"#d6212b","mode":"tram","arr":["4","5","8","19","22","29","30","32","35","39","T9"],"busLines":"19, 22, 29, 30, 32, 35, 39, T9","angle":-85.6,"mi":1}},{"type":"Feature","geometry":{"type":"Point","coordinates":[21.914444,47.07414]},"properties":{"lines":"4, 5, 8","color":"#d6212b","mode":"tram","arr":["4","5","8","19","22","29","30","32","35","39","T9"],"busLines":"19, 22, 29, 30, 32, 35, 39, T9","angle":-87.3,"extra":1,"ei":0}},{"type":"Feature","geometry":{"type":"Point","coordinates":[21.91412,47.073727]},"properties":{"lines":"4, 5, 8","color":"#d6212b","mode":"tram","arr":["4","5","8","29","30","32","35","39","T9"],"busLines":"29, 30, 32, 35, 39, T9","angle":-14.5,"mi":1}},{"type":"Feature","geometry":{"type":"Point","coordinates":[21.91084,47.073855]},"properties":{"lines":"4, 5, 8","color":"#d6212b","mode":"tram","arr":["4","5","8","17","26","27","27P","29","30","31","32","33","33E","33P","34","35","36","37","38","39","42","611","612","RoHu","T9"],"busLines":"17, 26, 27, 27P, 29, 30, 31, 32, 33, 33E, 33P, 34, 35, 36, 37, 38, 39, 42, 611, 612, RoHu, T9","angle":2,"mi":1}},{"type":"Feature","geometry":{"type":"Point","coordinates":[21.910681,47.07383]},"properties":{"lines":"4, 5, 8","color":"#d6212b","mode":"tram","arr":["4","5","8","17","26","27","27P","29","30","31","32","33","33E","33P","34","35","36","37","38","39","42","611","612","RoHu","T9"],"busLines":"17, 26, 27, 27P, 29, 30, 31, 32, 33, 33E, 33P, 34, 35, 36, 37, 38, 39, 42, 611, 612, RoHu, T9","angle":2.6}},{"type":"Feature","geometry":{"type":"Point","coordinates":[21.908726,47.074067]},"properties":{"lines":"4, 5, 8","color":"#d6212b","mode":"tram","arr":["4","5","8","17","26","27","27P","29","30","31","32","33","33E","33P","34","35","36","37","38","39","42","611","612","RoHu","T9"],"busLines":"17, 26, 27, 27P, 29, 30, 31, 32, 33, 33E, 33P, 34, 35, 36, 37, 38, 39, 42, 611, 612, RoHu, T9","angle":21,"extra":1,"ei":0}},{"type":"Feature","geometry":{"type":"Point","coordinates":[21.914362,47.073758]},"properties":{"lines":"4, 5, 8","color":"#d6212b","mode":"tram","arr":["4","5","8","29","30","32","35","39","T9"],"busLines":"29, 30, 32, 35, 39, T9","angle":-43.6}},{"type":"Feature","geometry":{"type":"Point","coordinates":[21.914589,47.075421]},"properties":{"lines":"4, 5, 8","color":"#d6212b","mode":"tram","arr":["4","5","8","19","22","29","30","32","35","39","T9"],"busLines":"19, 22, 29, 30, 32, 35, 39, T9","angle":-84.6}},{"type":"Feature","geometry":{"type":"Point","coordinates":[21.915446,47.07662]},"properties":{"lines":"4, 5, 8","color":"#d6212b","mode":"tram","arr":["4","5","8","19","22","29","30","32","35","39","T9"],"busLines":"19, 22, 29, 30, 32, 35, 39, T9","angle":-45.5,"extra":1,"ei":0,"side":-1}},{"type":"Feature","geometry":{"type":"Point","coordinates":[21.920164,47.075232]},"properties":{"lines":"4, 5, 8","color":"#d6212b","mode":"tram","arr":["4","5","8","19","721","T9"],"busLines":"19, 721, T9","angle":34.2,"mi":1}},{"type":"Feature","geometry":{"type":"Point","coordinates":[21.917053,47.076405]},"properties":{"lines":"4, 5, 8","color":"#d6212b","mode":"tram","arr":["4","5","8","19","721","T9"],"busLines":"19, 721, T9","angle":23.3,"extra":1,"ei":0}},{"type":"Feature","geometry":{"type":"Point","coordinates":[21.921804,47.074477]},"properties":{"lines":"4, 5, 8","color":"#d6212b","mode":"tram","arr":["4","5","8","19","721","T9"],"busLines":"19, 721, T9","angle":33.9,"extra":1,"ei":1}},{"type":"Feature","geometry":{"type":"Point","coordinates":[21.924184,47.073525]},"properties":{"lines":"4, 5, 8","color":"#d6212b","mode":"tram","arr":["4","5","8","19","721","T9"],"busLines":"19, 721, T9","angle":37.2,"extra":1,"ei":2}},{"type":"Feature","geometry":{"type":"Point","coordinates":[21.924894,47.072523]},"properties":{"lines":"4, 5, 8","color":"#d6212b","mode":"tram","arr":["4","5","8","11","19","22","29","30","32","39","721","T9"],"busLines":"11, 19, 22, 29, 30, 32, 39, 721, T9","angle":75.7,"mi":1}},{"type":"Feature","geometry":{"type":"Point","coordinates":[21.92525,47.071541]},"properties":{"lines":"4, 5, 8","color":"#d6212b","mode":"tram","arr":["4","5","8","11","19","22","32","39","721","T9"],"busLines":"11, 19, 22, 32, 39, 721, T9","angle":77.7}},{"type":"Feature","geometry":{"type":"Point","coordinates":[21.925126,47.07044]},"properties":{"lines":"4, 5, 8","color":"#d6212b","mode":"tram","arr":["4","5","8","11","19","22","29","30","32","39","T8","T9"],"busLines":"11, 19, 22, 29, 30, 32, 39, T8, T9","angle":-77,"side":-1,"mi":1}},{"type":"Feature","geometry":{"type":"Point","coordinates":[21.924803,47.069338]},"properties":{"lines":"4, 5, 8","color":"#d6212b","mode":"tram","arr":["4","5","8"],"angle":-77.7}},{"type":"Feature","geometry":{"type":"Point","coordinates":[21.922131,47.064542]},"properties":{"lines":"4, 5, 8","color":"#d6212b","mode":"tram","arr":["4","5","8","19","33","36","42","RoHu","T9"],"busLines":"19, 33, 36, 42, RoHu, T9","angle":-58.7,"mi":1}},{"type":"Feature","geometry":{"type":"Point","coordinates":[21.924359,47.067977]},"properties":{"lines":"4, 5, 8","color":"#d6212b","mode":"tram","arr":["4","5","8","19","33","36","42","RoHu","T9"],"busLines":"19, 33, 36, 42, RoHu, T9","angle":-77.7,"extra":1,"ei":0}},{"type":"Feature","geometry":{"type":"Point","coordinates":[21.923468,47.066194]},"properties":{"lines":"4, 5, 8","color":"#d6212b","mode":"tram","arr":["4","5","8","19","33","36","42","RoHu","T9"],"busLines":"19, 33, 36, 42, RoHu, T9","angle":-65.2,"extra":1,"ei":1}},{"type":"Feature","geometry":{"type":"Point","coordinates":[21.920703,47.062923]},"properties":{"lines":"4, 5, 8","color":"#d6212b","mode":"tram","arr":["4","5","8","19","33","36","42","RoHu","T9"],"busLines":"19, 33, 36, 42, RoHu, T9","angle":-59.5,"extra":1,"ei":2}},{"type":"Feature","geometry":{"type":"Point","coordinates":[21.919302,47.061293]},"properties":{"lines":"4, 5, 8","color":"#d6212b","mode":"tram","arr":["4","5","8","19","33","36","42","RoHu","T9"],"busLines":"19, 33, 36, 42, RoHu, T9","angle":-59.6,"extra":1,"ei":3}},{"type":"Feature","geometry":{"type":"Point","coordinates":[21.917559,47.059204]},"properties":{"lines":"4, 5, 8","color":"#d6212b","mode":"tram","arr":["4","5","8","19","29","30","33","36","42","RoHu","T9"],"busLines":"19, 29, 30, 33, 36, 42, RoHu, T9","angle":-70.4}},{"type":"Feature","geometry":{"type":"Point","coordinates":[21.917412,47.057843]},"properties":{"lines":"4, 5, 8","color":"#d6212b","mode":"tram","arr":["4","5","8","19","29","30","33","36","42","RoHu","T9"],"busLines":"19, 29, 30, 33, 36, 42, RoHu, T9","angle":-87,"extra":1,"ei":0,"side":-1}},{"type":"Feature","geometry":{"type":"Point","coordinates":[21.917309,47.057081]},"properties":{"lines":"4, 5, 8","color":"#d6212b","mode":"tram","arr":["4","5","8","10","19","29","30","33","36","42","RoHu","T9"],"busLines":"10, 19, 29, 30, 33, 36, 42, RoHu, T9","angle":-84.1}},{"type":"Feature","geometry":{"type":"Point","coordinates":[21.912015,47.054142]},"properties":{"lines":"5, 6, 8","color":"#d6212b","mode":"tram","arr":["5","6","8","10","19","24","28","29","30","31","33E","33P","37","43","RoHu"],"busLines":"10, 19, 24, 28, 29, 30, 31, 33E, 33P, 37, 43, RoHu","angle":-25.2,"side":-1}},{"type":"Feature","geometry":{"type":"Point","coordinates":[21.915619,47.055289]},"properties":{"lines":"5, 6, 8","color":"#d6212b","mode":"tram","arr":["5","6","8","10","19","24","28","29","30","31","33E","33P","37","43","RoHu"],"busLines":"10, 19, 24, 28, 29, 30, 31, 33E, 33P, 37, 43, RoHu","angle":-24.8,"extra":1,"ei":0,"side":-1}},{"type":"Feature","geometry":{"type":"Point","coordinates":[21.908081,47.052895]},"properties":{"lines":"5, 6, 8","color":"#d6212b","mode":"tram","arr":["5","6","8","10","19","24","28","29","30","31","33E","33P","37","43","RoHu"],"busLines":"10, 19, 24, 28, 29, 30, 31, 33E, 33P, 37, 43, RoHu","angle":-24.3,"extra":1,"ei":1,"side":-1}},{"type":"Feature","geometry":{"type":"Point","coordinates":[21.90681,47.05244]},"properties":{"lines":"5, 6, 8","color":"#d6212b","mode":"tram","arr":["5","6","8","24","28","29","31","33E","33P","37","43","RoHu"],"busLines":"24, 28, 29, 31, 33E, 33P, 37, 43, RoHu","angle":-40.9}},{"type":"Feature","geometry":{"type":"Point","coordinates":[21.922103,47.045483]},"properties":{"lines":"5, 6","color":"#d6212b","mode":"tram","arr":["5","6"],"angle":25.1,"side":-1}},{"type":"Feature","geometry":{"type":"Point","coordinates":[21.905799,47.051428]},"properties":{"lines":"5, 6","color":"#d6212b","mode":"tram","arr":["5","6"],"angle":-59.7,"extra":1,"ei":0}},{"type":"Feature","geometry":{"type":"Point","coordinates":[21.904791,47.049676]},"properties":{"lines":"5, 6","color":"#d6212b","mode":"tram","arr":["5","6"],"angle":-75.7,"extra":1,"ei":1}},{"type":"Feature","geometry":{"type":"Point","coordinates":[21.904537,47.047903]},"properties":{"lines":"5, 6","color":"#d6212b","mode":"tram","arr":["5","6"],"angle":28.4,"extra":1,"ei":2}},{"type":"Feature","geometry":{"type":"Point","coordinates":[21.907284,47.047885]},"properties":{"lines":"5, 6","color":"#d6212b","mode":"tram","arr":["5","6"],"angle":5.2,"extra":1,"ei":3}},{"type":"Feature","geometry":{"type":"Point","coordinates":[21.910009,47.047564]},"properties":{"lines":"5, 6","color":"#d6212b","mode":"tram","arr":["5","6"],"angle":7.7,"extra":1,"ei":4}},{"type":"Feature","geometry":{"type":"Point","coordinates":[21.912778,47.047468]},"properties":{"lines":"5, 6","color":"#d6212b","mode":"tram","arr":["5","6"],"angle":2.3,"extra":1,"ei":5}},{"type":"Feature","geometry":{"type":"Point","coordinates":[21.915452,47.047025]},"properties":{"lines":"5, 6","color":"#d6212b","mode":"tram","arr":["5","6"],"angle":18.3,"extra":1,"ei":6,"side":-1}},{"type":"Feature","geometry":{"type":"Point","coordinates":[21.918084,47.046432]},"properties":{"lines":"5, 6","color":"#d6212b","mode":"tram","arr":["5","6"],"angle":18.3,"extra":1,"ei":7}},{"type":"Feature","geometry":{"type":"Point","coordinates":[21.925942,47.044593]},"properties":{"lines":"5, 6","color":"#d6212b","mode":"tram","arr":["5","6"],"angle":18.3,"extra":1,"ei":8}},{"type":"Feature","geometry":{"type":"Point","coordinates":[21.928036,47.043508]},"properties":{"lines":"5, 6","color":"#d6212b","mode":"tram","arr":["5","6"],"angle":65.7,"extra":1,"ei":9}},{"type":"Feature","geometry":{"type":"Point","coordinates":[21.929184,47.041788]},"properties":{"lines":"5, 6","color":"#d6212b","mode":"tram","arr":["5","6"],"angle":64.2,"extra":1,"ei":10}},{"type":"Feature","geometry":{"type":"Point","coordinates":[21.931018,47.040424]},"properties":{"lines":"5, 6","color":"#d6212b","mode":"tram","arr":["5","6"],"angle":46.1,"extra":1,"ei":11,"side":-1}},{"type":"Feature","geometry":{"type":"Point","coordinates":[21.933326,47.03951]},"properties":{"lines":"5, 6","color":"#d6212b","mode":"tram","arr":["5","6"],"angle":19.6,"extra":1,"ei":12}},{"type":"Feature","geometry":{"type":"Point","coordinates":[21.935942,47.038887]},"properties":{"lines":"5, 6","color":"#d6212b","mode":"tram","arr":["5","6"],"angle":18.9,"extra":1,"ei":13}},{"type":"Feature","geometry":{"type":"Point","coordinates":[21.938572,47.038328]},"properties":{"lines":"5, 6","color":"#d6212b","mode":"tram","arr":["5","6"],"angle":-9.7,"extra":1,"ei":14}},{"type":"Feature","geometry":{"type":"Point","coordinates":[21.941009,47.039141]},"properties":{"lines":"5, 6","color":"#d6212b","mode":"tram","arr":["5","6"],"angle":-8,"extra":1,"ei":15}},{"type":"Feature","geometry":{"type":"Point","coordinates":[21.917359,47.055919]},"properties":{"lines":"6","color":"#d6212b","mode":"tram","arr":["6"],"angle":-48.1}},{"type":"Feature","geometry":{"type":"Point","coordinates":[21.883762,47.084898]},"properties":{"lines":"9","color":"#d6212b","mode":"tram","arr":["9","36","37","38","39"],"busLines":"36, 37, 38, 39","angle":34.5}},{"type":"Feature","geometry":{"type":"Point","coordinates":[21.881012,47.086351]},"properties":{"lines":"9","color":"#d6212b","mode":"tram","arr":["9","36","37","38","39"],"busLines":"36, 37, 38, 39","angle":40.3,"extra":1,"ei":0}},{"type":"Feature","geometry":{"type":"Point","coordinates":[21.885521,47.084164]},"properties":{"lines":"9","color":"#d6212b","mode":"tram","arr":["9","36","37","38","39"],"busLines":"36, 37, 38, 39","angle":31.3,"extra":1,"ei":1}},{"type":"Feature","geometry":{"type":"Point","coordinates":[21.887845,47.083135]},"properties":{"lines":"9","color":"#d6212b","mode":"tram","arr":["9","36","37","38","39"],"busLines":"36, 37, 38, 39","angle":33.2,"extra":1,"ei":2}},{"type":"Feature","geometry":{"type":"Point","coordinates":[21.892185,47.081249]},"properties":{"lines":"9","color":"#d6212b","mode":"tram","arr":["9"],"angle":33.4}},{"type":"Feature","geometry":{"type":"Point","coordinates":[21.889038,47.082611]},"properties":{"lines":"9","color":"#d6212b","mode":"tram","arr":["9"],"angle":32.1,"extra":1,"ei":0}},{"type":"Feature","geometry":{"type":"Point","coordinates":[21.893693,47.080561]},"properties":{"lines":"9","color":"#d6212b","mode":"tram","arr":["9"],"angle":33.9,"extra":1,"ei":1}},{"type":"Feature","geometry":{"type":"Point","coordinates":[21.896007,47.079521]},"properties":{"lines":"9","color":"#d6212b","mode":"tram","arr":["9"],"angle":33.4,"extra":1,"ei":2}},{"type":"Feature","geometry":{"type":"Point","coordinates":[21.899621,47.077905]},"properties":{"lines":"9","color":"#d6212b","mode":"tram","arr":["9","26","27","27P","31","32","33","33E","33P","34","35","36","37","38","39","611","612","RoHu"],"busLines":"26, 27, 27P, 31, 32, 33, 33E, 33P, 34, 35, 36, 37, 38, 39, 611, 612, RoHu","angle":33.3,"mi":1}},{"type":"Feature","geometry":{"type":"Point","coordinates":[21.897606,47.078805]},"properties":{"lines":"9","color":"#d6212b","mode":"tram","arr":["9","26","27","27P","31","32","33","33E","33P","34","35","36","37","38","39","611","612","RoHu"],"busLines":"26, 27, 27P, 31, 32, 33, 33E, 33P, 34, 35, 36, 37, 38, 39, 611, 612, RoHu","angle":33.4,"extra":1,"ei":0}},{"type":"Feature","geometry":{"type":"Point","coordinates":[21.902225,47.076716]},"properties":{"lines":"9","color":"#d6212b","mode":"tram","arr":["9","26","27","27P","31","32","33","33E","33P","34","35","36","37","38","39","611","612","RoHu"],"busLines":"26, 27, 27P, 31, 32, 33, 33E, 33P, 34, 35, 36, 37, 38, 39, 611, 612, RoHu","angle":33.3,"extra":1,"ei":1}},{"type":"Feature","geometry":{"type":"Point","coordinates":[21.904573,47.07567]},"properties":{"lines":"9","color":"#d6212b","mode":"tram","arr":["9","17","26","27","27P","31","32","33","33E","33P","34","35","36","37","38","39","611","612","RoHu"],"busLines":"17, 26, 27, 27P, 31, 32, 33, 33E, 33P, 34, 35, 36, 37, 38, 39, 611, 612, RoHu","angle":32.2}},{"type":"Feature","geometry":{"type":"Point","coordinates":[21.906321,47.074992]},"properties":{"lines":"9","color":"#d6212b","mode":"tram","arr":["9","17","26","27","27P","31","32","33","33E","33P","34","35","36","37","38","39","611","612","RoHu"],"busLines":"17, 26, 27, 27P, 31, 32, 33, 33E, 33P, 34, 35, 36, 37, 38, 39, 611, 612, RoHu","angle":28.1,"extra":1,"ei":0}},{"type":"Feature","geometry":{"type":"Point","coordinates":[21.906977,47.074808]},"properties":{"lines":"9","color":"#d6212b","mode":"tram","arr":["9","17","26","27","27P","29","30","31","32","33","33E","33P","34","35","36","37","38","39","42","611","612","RoHu","T9"],"busLines":"17, 26, 27, 27P, 29, 30, 31, 32, 33, 33E, 33P, 34, 35, 36, 37, 38, 39, 42, 611, 612, RoHu, T9","angle":25.9}},{"type":"Feature","geometry":{"type":"Point","coordinates":[21.904556,47.075641]},"properties":{"lines":"9","color":"#d6212b","mode":"tram","arr":["9","17","26","27","27P","31","32","33","33E","33P","34","35","36","37","38","39","611","612","RoHu"],"busLines":"17, 26, 27, 27P, 31, 32, 33, 33E, 33P, 34, 35, 36, 37, 38, 39, 611, 612, RoHu","angle":32.2,"mi":1}},{"type":"Feature","geometry":{"type":"Point","coordinates":[21.902863,47.076383]},"properties":{"lines":"9","color":"#d6212b","mode":"tram","arr":["9","17","26","27","27P","31","32","33","33E","33P","34","35","36","37","38","39","611","612","RoHu"],"busLines":"17, 26, 27, 27P, 31, 32, 33, 33E, 33P, 34, 35, 36, 37, 38, 39, 611, 612, RoHu","angle":33.5,"extra":1,"ei":0}},{"type":"Feature","geometry":{"type":"Point","coordinates":[21.899453,47.077923]},"properties":{"lines":"9","color":"#d6212b","mode":"tram","arr":["9","26","27","27P","31","32","33","33E","33P","34","35","36","37","38","39","611","612","RoHu"],"busLines":"26, 27, 27P, 31, 32, 33, 33E, 33P, 34, 35, 36, 37, 38, 39, 611, 612, RoHu","angle":33.4}},{"type":"Feature","geometry":{"type":"Point","coordinates":[21.901603,47.076959]},"properties":{"lines":"9","color":"#d6212b","mode":"tram","arr":["9","26","27","27P","31","32","33","33E","33P","34","35","36","37","38","39","611","612","RoHu"],"busLines":"26, 27, 27P, 31, 32, 33, 33E, 33P, 34, 35, 36, 37, 38, 39, 611, 612, RoHu","angle":33.5,"extra":1,"ei":0}},{"type":"Feature","geometry":{"type":"Point","coordinates":[21.896975,47.079038]},"properties":{"lines":"9","color":"#d6212b","mode":"tram","arr":["9","26","27","27P","31","32","33","33E","33P","34","35","36","37","38","39","611","612","RoHu"],"busLines":"26, 27, 27P, 31, 32, 33, 33E, 33P, 34, 35, 36, 37, 38, 39, 611, 612, RoHu","angle":32.6,"extra":1,"ei":1}},{"type":"Feature","geometry":{"type":"Point","coordinates":[21.892977,47.08083]},"properties":{"lines":"9","color":"#d6212b","mode":"tram","arr":["9"],"angle":33.5,"mi":1}},{"type":"Feature","geometry":{"type":"Point","coordinates":[21.894987,47.079925]},"properties":{"lines":"9","color":"#d6212b","mode":"tram","arr":["9"],"angle":33.5,"extra":1,"ei":0}},{"type":"Feature","geometry":{"type":"Point","coordinates":[21.890368,47.082014]},"properties":{"lines":"9","color":"#d6212b","mode":"tram","arr":["9"],"angle":31.9,"extra":1,"ei":1}},{"type":"Feature","geometry":{"type":"Point","coordinates":[21.889242,47.082484]},"properties":{"lines":"9","color":"#d6212b","mode":"tram","arr":["9","26","27","27P","31","32","33","33E","33P","34","35","36","37","38","39","611","612","RoHu"],"busLines":"26, 27, 27P, 31, 32, 33, 33E, 33P, 34, 35, 36, 37, 38, 39, 611, 612, RoHu","angle":31.5,"mi":2}},{"type":"Feature","geometry":{"type":"Point","coordinates":[21.884021,47.084735]},"properties":{"lines":"9","color":"#d6212b","mode":"tram","arr":["9","36","37","38","39"],"busLines":"36, 37, 38, 39","angle":32.7,"mi":1}},{"type":"Feature","geometry":{"type":"Point","coordinates":[21.887518,47.083234]},"properties":{"lines":"9","color":"#d6212b","mode":"tram","arr":["9","36","37","38","39"],"busLines":"36, 37, 38, 39","angle":33.8,"extra":1,"ei":0}},{"type":"Feature","geometry":{"type":"Point","coordinates":[21.880706,47.086468]},"properties":{"lines":"9","color":"#d6212b","mode":"tram","arr":["9","36","37","38","39"],"busLines":"36, 37, 38, 39","angle":39.8,"extra":1,"ei":1}}]}