{"type":"FeatureCollection","features":[{"type":"Feature","geometry":{"type":"Point","coordinates":[21.955858,47.044198]},"properties":{"name":"Complex Seleusului","lines":"10, 23, 32, 34, 38","arr":["10","23","32","34","38"],"terminus":1,"mode":"bus","color":"#0059a9","colorDark":"#00294f","angle":101.7,"snapDist":3,"label":1}},{"type":"Feature","geometry":{"type":"Point","coordinates":[21.957017,47.04768]},"properties":{"name":"Seleusului nr.16","lines":"10, 23, 32, 34","arr":["10","23","32","34"],"terminus":0,"mode":"bus","color":"#0059a9","colorDark":"#00294f","angle":99.6,"snapDist":6,"label":1}},{"type":"Feature","geometry":{"type":"Point","coordinates":[21.951484,47.051536]},"properties":{"name":"Maresal Averescu","lines":"10, 16T, 23, 32, 38","arr":["10","16T","23","32","38"],"terminus":0,"mode":"bus","color":"#0059a9","colorDark":"#00294f","angle":35.3,"snapDist":6,"label":1}},{"type":"Feature","geometry":{"type":"Point","coordinates":[21.942155,47.054671]},"properties":{"name":"Pod Maresal Averescu","lines":"10, 16T, 23, 32, 38","arr":["10","16T","23","32","38"],"terminus":0,"mode":"bus","color":"#0059a9","colorDark":"#00294f","angle":4.1,"snapDist":3,"label":1}},{"type":"Feature","geometry":{"type":"Point","coordinates":[21.939024,47.052877]},"properties":{"name":"Casa de Cultura","lines":"10, 13, 15, 16T, 23, 25, 34, 39, 722","arr":["10","13","15","16T","23","25","34","39","722"],"terminus":1,"mode":"bus","color":"#0059a9","colorDark":"#00294f","angle":283.5,"snapDist":5,"label":1}},{"type":"Feature","geometry":{"type":"Point","coordinates":[21.936904,47.051769]},"properties":{"name":"Piata 1 Decembrie/Bloc Turn","lines":"10","arr":["10"],"terminus":0,"mode":"bus","color":"#0059a9","colorDark":"#00294f","angle":18.9,"snapDist":4,"label":0}},{"type":"Feature","geometry":{"type":"Point","coordinates":[21.932745,47.053351]},"properties":{"name":"Parc 1 Decembrie","lines":"10, 12, 14, 14P, 16T, 23, 24, 28, 29, 30, 36, 42, 43","arr":["10","12","14","14P","16T","23","24","28","29","30","36","42","43"],"terminus":1,"mode":"bus","color":"#0059a9","colorDark":"#00294f","angle":109.2,"snapDist":6,"label":1}},{"type":"Feature","geometry":{"type":"Point","coordinates":[21.926075,47.055859]},"properties":{"name":"Piata Unirii","lines":"10, 23, 24, 43","arr":["10","23","24","43"],"terminus":0,"mode":"bus","color":"#0059a9","colorDark":"#00294f","angle":15,"snapDist":4,"label":1}},{"type":"Feature","geometry":{"type":"Point","coordinates":[21.922675,47.056807]},"properties":{"name":"Primariei Partium","lines":"10, 23, 24, 43","arr":["10","23","24","43"],"terminus":0,"mode":"bus","color":"#0059a9","colorDark":"#00294f","angle":354.1,"snapDist":4,"label":1}},{"type":"Feature","geometry":{"type":"Point","coordinates":[21.915398,47.055335]},"properties":{"name":"Calea Aradului nr.9","lines":"10, 19, 24, 28, 29, 30, 31, 33E, 33P, 43","arr":["10","19","24","28","29","30","31","33E","33P","43"],"terminus":1,"mode":"bus","color":"#0059a9","colorDark":"#00294f","angle":335.9,"snapDist":1,"label":1}},{"type":"Feature","geometry":{"type":"Point","coordinates":[21.909319,47.057693]},"properties":{"name":"Onestilor nr.15B","lines":"10, 19, 31, 33E, 37","arr":["10","19","31","33E","37"],"terminus":0,"mode":"bus","color":"#0059a9","colorDark":"#00294f","angle":111,"snapDist":6,"label":1}},{"type":"Feature","geometry":{"type":"Point","coordinates":[21.911779,47.061869]},"properties":{"name":"Onestilor","lines":"10, 19, 31, 33E, 33P, 37","arr":["10","19","31","33E","33P","37"],"terminus":0,"mode":"bus","color":"#0059a9","colorDark":"#00294f","angle":110.6,"snapDist":6,"label":1}},{"type":"Feature","geometry":{"type":"Point","coordinates":[21.901856,47.061831]},"properties":{"name":"Barcaului II","lines":"10","arr":["10"],"terminus":0,"mode":"bus","color":"#0059a9","colorDark":"#00294f","angle":0.9,"snapDist":6,"label":1}},{"type":"Feature","geometry":{"type":"Point","coordinates":[21.901443,47.058957]},"properties":{"name":"Hategului","lines":"10","arr":["10"],"terminus":0,"mode":"bus","color":"#0059a9","colorDark":"#00294f","angle":344.4,"snapDist":4,"label":1}},{"type":"Feature","geometry":{"type":"Point","coordinates":[21.898072,47.058293]},"properties":{"name":"Lipovei","lines":"10","arr":["10"],"terminus":0,"mode":"bus","color":"#0059a9","colorDark":"#00294f","angle":343.9,"snapDist":7,"label":1}},{"type":"Feature","geometry":{"type":"Point","coordinates":[21.893855,47.05747]},"properties":{"name":"Episcop I. Darabant II","lines":"10","arr":["10"],"terminus":0,"mode":"bus","color":"#0059a9","colorDark":"#00294f","angle":343.1,"snapDist":6,"label":1}},{"type":"Feature","geometry":{"type":"Point","coordinates":[21.892776,47.054902]},"properties":{"name":"Magheranului nr.8","lines":"10","arr":["10"],"terminus":0,"mode":"bus","color":"#0059a9","colorDark":"#00294f","angle":254.2,"snapDist":4,"label":1}},{"type":"Feature","geometry":{"type":"Point","coordinates":[21.890129,47.053989]},"properties":{"name":"Densusianu","lines":"10","arr":["10"],"terminus":1,"mode":"bus","color":"#0059a9","colorDark":"#00294f","angle":29.7,"snapDist":4,"label":1}},{"type":"Feature","geometry":{"type":"Point","coordinates":[21.894011,47.057502]},"properties":{"name":"Episcop I. Darabant","lines":"10","arr":["10"],"terminus":0,"mode":"bus","color":"#0059a9","colorDark":"#00294f","angle":163.1,"snapDist":2,"label":1}},{"type":"Feature","geometry":{"type":"Point","coordinates":[21.896724,47.058036]},"properties":{"name":"Lipovei III","lines":"10","arr":["10"],"terminus":0,"mode":"bus","color":"#0059a9","colorDark":"#00294f","angle":164.6,"snapDist":3,"label":1}},{"type":"Feature","geometry":{"type":"Point","coordinates":[21.902959,47.059258]},"properties":{"name":"Piata Devei","lines":"10","arr":["10"],"terminus":0,"mode":"bus","color":"#0059a9","colorDark":"#00294f","angle":83.1,"snapDist":7,"label":1}},{"type":"Feature","geometry":{"type":"Point","coordinates":[21.90182,47.06118]},"properties":{"name":"Greierului II","lines":"10","arr":["10"],"terminus":0,"mode":"bus","color":"#0059a9","colorDark":"#00294f","angle":84.3,"snapDist":4,"label":1}},{"type":"Feature","geometry":{"type":"Point","coordinates":[21.905397,47.061336]},"properties":{"name":"Barcaului III","lines":"10","arr":["10"],"terminus":0,"mode":"bus","color":"#0059a9","colorDark":"#00294f","angle":181,"snapDist":5,"label":1}},{"type":"Feature","geometry":{"type":"Point","coordinates":[21.91465,47.058666]},"properties":{"name":"Kaufland Iosia","lines":"10","arr":["10"],"terminus":0,"mode":"bus","color":"#0059a9","colorDark":"#00294f","angle":277.6,"snapDist":10,"label":1}},{"type":"Feature","geometry":{"type":"Point","coordinates":[21.918095,47.055377]},"properties":{"name":"Centrul Istoric 1","lines":"10, 24, 28, 29, 42, 43","arr":["10","24","28","29","42","43"],"terminus":0,"mode":"bus","color":"#0059a9","colorDark":"#00294f","angle":186.6,"snapDist":3,"label":1}},{"type":"Feature","geometry":{"type":"Point","coordinates":[21.922526,47.054769]},"properties":{"name":"Centrul Istoric 2","lines":"10, 24, 28, 29, 42, 43","arr":["10","24","28","29","42","43"],"terminus":0,"mode":"bus","color":"#0059a9","colorDark":"#00294f","angle":181.7,"snapDist":2,"label":1}},{"type":"Feature","geometry":{"type":"Point","coordinates":[21.928862,47.05355]},"properties":{"name":"Biserica cu Luna","lines":"10, 14, 14P, 24, 28, 29, 30, 42, 43","arr":["10","14","14P","24","28","29","30","42","43"],"terminus":0,"mode":"bus","color":"#0059a9","colorDark":"#00294f","angle":197.9,"snapDist":6,"label":1}},{"type":"Feature","geometry":{"type":"Point","coordinates":[21.936588,47.051843]},"properties":{"name":"Piata 1 Decembrie/Bloc Turn","lines":"10, 23","arr":["10","23"],"terminus":1,"mode":"bus","color":"#0059a9","colorDark":"#00294f","angle":198.9,"snapDist":7,"label":1}},{"type":"Feature","geometry":{"type":"Point","coordinates":[21.942693,47.045935]},"properties":{"name":"Muntele Gaina","lines":"10, 12, 34, 41","arr":["10","12","34","41"],"terminus":0,"mode":"bus","color":"#0059a9","colorDark":"#00294f","angle":173.7,"snapDist":6,"label":1}},{"type":"Feature","geometry":{"type":"Point","coordinates":[21.939001,47.054448]},"properties":{"name":"Piata Emanuil Gojdu","lines":"11, 28, 43, T8","arr":["11","28","43","T8"],"terminus":1,"mode":"bus","color":"#0059a9","colorDark":"#00294f","angle":280.6,"snapDist":7,"label":1}},{"type":"Feature","geometry":{"type":"Point","coordinates":[21.940068,47.059347]},"properties":{"name":"General Magheru nr. 22","lines":"11, 13, 15, 17, 29, 30, 32, 34, 38, 39, T8","arr":["11","13","15","17","29","30","32","34","38","39","T8"],"terminus":0,"mode":"bus","color":"#0059a9","colorDark":"#00294f","angle":48,"snapDist":1,"label":1}},{"type":"Feature","geometry":{"type":"Point","coordinates":[21.935617,47.05794]},"properties":{"name":"Parcul Traian nr. 10","lines":"11, 17, 29, 30, 32, 34, 38, 39, T8","arr":["11","17","29","30","32","34","38","39","T8"],"terminus":0,"mode":"bus","color":"#0059a9","colorDark":"#00294f","angle":45.6,"snapDist":0,"label":1}},{"type":"Feature","geometry":{"type":"Point","coordinates":[21.932051,47.061893]},"properties":{"name":"Mihai Eminescu nr. 25","lines":"11, 17, 29, 30, 32, 34, 38, 39, T8","arr":["11","17","29","30","32","34","38","39","T8"],"terminus":0,"mode":"bus","color":"#0059a9","colorDark":"#00294f","angle":57.4,"snapDist":5,"label":1}},{"type":"Feature","geometry":{"type":"Point","coordinates":[21.930151,47.067238]},"properties":{"name":"Palatul Baroc","lines":"11, 17, 29, 30, 32, 34, 38, 39, T8","arr":["11","17","29","30","32","34","38","39","T8"],"terminus":0,"mode":"bus","color":"#0059a9","colorDark":"#00294f","angle":28.9,"snapDist":7,"label":1}},{"type":"Feature","geometry":{"type":"Point","coordinates":[21.925825,47.07155]},"properties":{"name":"Parc Olosig","lines":"11, 30, 32, 39, 721, T8, T9","arr":["11","30","32","39","721","T8","T9"],"terminus":0,"mode":"bus","color":"#0059a9","colorDark":"#00294f","angle":16,"snapDist":5,"label":0}},{"type":"Feature","geometry":{"type":"Point","coordinates":[21.927211,47.077549]},"properties":{"name":"Zimbrului","lines":"11, 18, 29, 30, 32, 35, 39","arr":["11","18","29","30","32","35","39"],"terminus":0,"mode":"bus","color":"#0059a9","colorDark":"#00294f","angle":45.1,"snapDist":11,"label":1}},{"type":"Feature","geometry":{"type":"Point","coordinates":[21.920432,47.082004]},"properties":{"name":"Transilvaniei","lines":"11, 18, 22, 29, 721","arr":["11","18","22","29","721"],"terminus":0,"mode":"bus","color":"#0059a9","colorDark":"#00294f","angle":47.6,"snapDist":8,"label":1}},{"type":"Feature","geometry":{"type":"Point","coordinates":[21.914057,47.086172]},"properties":{"name":"Directia Sanitar-Veterinara","lines":"11, 22","arr":["11","22"],"terminus":0,"mode":"bus","color":"#0059a9","colorDark":"#00294f","angle":44.2,"snapDist":11,"label":1}},{"type":"Feature","geometry":{"type":"Point","coordinates":[21.908453,47.090049]},"properties":{"name":"Matei Corvin nr.15","lines":"11, 22, 35","arr":["11","22","35"],"terminus":0,"mode":"bus","color":"#0059a9","colorDark":"#00294f","angle":56.6,"snapDist":8,"label":1}},{"type":"Feature","geometry":{"type":"Point","coordinates":[21.903094,47.094699]},"properties":{"name":"Matei Corvin nr.81","lines":"11, 22, 35","arr":["11","22","35"],"terminus":0,"mode":"bus","color":"#0059a9","colorDark":"#00294f","angle":47.8,"snapDist":12,"label":1}},{"type":"Feature","geometry":{"type":"Point","coordinates":[21.901102,47.10033]},"properties":{"name":"Matei Corvin nr.149","lines":"11, 22, 35","arr":["11","22","35"],"terminus":0,"mode":"bus","color":"#0059a9","colorDark":"#00294f","angle":65.1,"snapDist":8,"label":1}},{"type":"Feature","geometry":{"type":"Point","coordinates":[21.896655,47.10251]},"properties":{"name":"Matei Corvin nr.195","lines":"11, 22, 35","arr":["11","22","35"],"terminus":0,"mode":"bus","color":"#0059a9","colorDark":"#00294f","angle":19,"snapDist":5,"label":1}},{"type":"Feature","geometry":{"type":"Point","coordinates":[21.892532,47.103341]},"properties":{"name":"Suisului","lines":"11","arr":["11"],"terminus":0,"mode":"bus","color":"#0059a9","colorDark":"#00294f","angle":12.4,"snapDist":10,"label":0}},{"type":"Feature","geometry":{"type":"Point","coordinates":[21.887877,47.103437]},"properties":{"name":"Manastirea Buna Vestire","lines":"11","arr":["11"],"terminus":0,"mode":"bus","color":"#0059a9","colorDark":"#00294f","angle":0.1,"snapDist":10,"label":1}},{"type":"Feature","geometry":{"type":"Point","coordinates":[21.882666,47.103429]},"properties":{"name":"Biserica Ortodoxa","lines":"11","arr":["11"],"terminus":0,"mode":"bus","color":"#0059a9","colorDark":"#00294f","angle":359.9,"snapDist":5,"label":1}},{"type":"Feature","geometry":{"type":"Point","coordinates":[21.87781,47.099742]},"properties":{"name":"Gara Episcopia","lines":"11","arr":["11"],"terminus":1,"mode":"bus","color":"#0059a9","colorDark":"#00294f","angle":299.1,"snapDist":5,"label":1}},{"type":"Feature","geometry":{"type":"Point","coordinates":[21.881353,47.103427]},"properties":{"name":"Biserica Ortodoxa","lines":"11","arr":["11"],"terminus":0,"mode":"bus","color":"#0059a9","colorDark":"#00294f","angle":179.9,"snapDist":1,"label":0}},{"type":"Feature","geometry":{"type":"Point","coordinates":[21.886797,47.103433]},"properties":{"name":"Manastire Buna Vestire","lines":"11","arr":["11"],"terminus":0,"mode":"bus","color":"#0059a9","colorDark":"#00294f","angle":179.7,"snapDist":1,"label":1}},{"type":"Feature","geometry":{"type":"Point","coordinates":[21.89373,47.103146]},"properties":{"name":"Suisului","lines":"11","arr":["11"],"terminus":0,"mode":"bus","color":"#0059a9","colorDark":"#00294f","angle":187.5,"snapDist":6,"label":0}},{"type":"Feature","geometry":{"type":"Point","coordinates":[21.89842,47.102089]},"properties":{"name":"Matei Corvin nr.168","lines":"11, 22, 35","arr":["11","22","35"],"terminus":0,"mode":"bus","color":"#0059a9","colorDark":"#00294f","angle":201.1,"snapDist":4,"label":1}},{"type":"Feature","geometry":{"type":"Point","coordinates":[21.901936,47.099158]},"properties":{"name":"Matei Corvin nr.120","lines":"11, 22, 35","arr":["11","22","35"],"terminus":0,"mode":"bus","color":"#0059a9","colorDark":"#00294f","angle":243.4,"snapDist":8,"label":1}},{"type":"Feature","geometry":{"type":"Point","coordinates":[21.90182,47.095788]},"properties":{"name":"Matei Corvin nr.98","lines":"11, 22, 35","arr":["11","22","35"],"terminus":0,"mode":"bus","color":"#0059a9","colorDark":"#00294f","angle":236.3,"snapDist":4,"label":1}},{"type":"Feature","geometry":{"type":"Point","coordinates":[21.908263,47.090246]},"properties":{"name":"Matei Corvin nr.24","lines":"11, 22, 35","arr":["11","22","35"],"terminus":0,"mode":"bus","color":"#0059a9","colorDark":"#00294f","angle":236.6,"snapDist":8,"label":1}},{"type":"Feature","geometry":{"type":"Point","coordinates":[21.913964,47.086234]},"properties":{"name":"Directia Sanitar-Veterinara II","lines":"11, 22","arr":["11","22"],"terminus":0,"mode":"bus","color":"#0059a9","colorDark":"#00294f","angle":224.2,"snapDist":9,"label":1}},{"type":"Feature","geometry":{"type":"Point","coordinates":[21.92049,47.08196]},"properties":{"name":"Transilvaniei","lines":"11, 18, 22, 29, 721","arr":["11","18","22","29","721"],"terminus":0,"mode":"bus","color":"#0059a9","colorDark":"#00294f","angle":227.6,"snapDist":6,"label":0}},{"type":"Feature","geometry":{"type":"Point","coordinates":[21.927283,47.077499]},"properties":{"name":"Zimbrului","lines":"11, 18, 22, 32, 35, 39","arr":["11","18","22","32","35","39"],"terminus":0,"mode":"bus","color":"#0059a9","colorDark":"#00294f","angle":225.1,"snapDist":7,"label":0}},{"type":"Feature","geometry":{"type":"Point","coordinates":[21.925209,47.071476]},"properties":{"name":"Parc Olosig","lines":"11, 19, 22, 32, 39, 721, T9","arr":["11","19","22","32","39","721","T9"],"terminus":1,"mode":"bus","color":"#0059a9","colorDark":"#00294f","angle":260.4,"snapDist":3,"label":1}},{"type":"Feature","geometry":{"type":"Point","coordinates":[21.929447,47.067504]},"properties":{"name":"Palatul Baroc","lines":"11, 17, 32, 34, 38, 39, T8","arr":["11","17","32","34","38","39","T8"],"terminus":0,"mode":"bus","color":"#0059a9","colorDark":"#00294f","angle":208.9,"snapDist":11,"label":0}},{"type":"Feature","geometry":{"type":"Point","coordinates":[21.930832,47.061027]},"properties":{"name":"Roman Ciorogaiu nr. 18","lines":"11, 17, 32, 34, 38, 39, T8","arr":["11","17","32","34","38","39","T8"],"terminus":0,"mode":"bus","color":"#0059a9","colorDark":"#00294f","angle":237.3,"snapDist":5,"label":1}},{"type":"Feature","geometry":{"type":"Point","coordinates":[21.937231,47.056946]},"properties":{"name":"Parcul Traian nr. 15","lines":"11, 34, 38, 39","arr":["11","34","38","39"],"terminus":0,"mode":"bus","color":"#0059a9","colorDark":"#00294f","angle":206.4,"snapDist":5,"label":1}},{"type":"Feature","geometry":{"type":"Point","coordinates":[21.960718,47.025607]},"properties":{"name":"Kaufland Nufarul","lines":"12","arr":["12"],"terminus":1,"mode":"bus","color":"#0059a9","colorDark":"#00294f","angle":328.4,"snapDist":7,"label":1}},{"type":"Feature","geometry":{"type":"Point","coordinates":[21.957482,47.029538]},"properties":{"name":"Morii nr.5","lines":"12, 31, 33, 33E, 41","arr":["12","31","33","33E","41"],"terminus":1,"mode":"bus","color":"#0059a9","colorDark":"#00294f","angle":158.8,"snapDist":10,"label":1}},{"type":"Feature","geometry":{"type":"Point","coordinates":[21.958236,47.032804]},"properties":{"name":"Str. Bumbacului","lines":"12, 31, 33, 33E, 38, 41","arr":["12","31","33","33E","38","41"],"terminus":0,"mode":"bus","color":"#0059a9","colorDark":"#00294f","angle":80.2,"snapDist":6,"label":0}},{"type":"Feature","geometry":{"type":"Point","coordinates":[21.956579,47.035462]},"properties":{"name":"Piata Nucetului","lines":"12, 31, 38, 41","arr":["12","31","38","41"],"terminus":1,"mode":"bus","color":"#0059a9","colorDark":"#00294f","angle":46.9,"snapDist":2,"label":1}},{"type":"Feature","geometry":{"type":"Point","coordinates":[21.955301,47.040876]},"properties":{"name":"Seleusului nr.82/84","lines":"12, 38, 41","arr":["12","38","41"],"terminus":0,"mode":"bus","color":"#0059a9","colorDark":"#00294f","angle":102.9,"snapDist":7,"label":1}},{"type":"Feature","geometry":{"type":"Point","coordinates":[21.954177,47.044035]},"properties":{"name":"Razboieni","lines":"12, 17, 34, 41","arr":["12","17","34","41"],"terminus":0,"mode":"bus","color":"#0059a9","colorDark":"#00294f","angle":17.5,"snapDist":2,"label":1}},{"type":"Feature","geometry":{"type":"Point","coordinates":[21.944197,47.046024]},"properties":{"name":"Muntele Gaina","lines":"12, 17, 34, 41","arr":["12","17","34","41"],"terminus":0,"mode":"bus","color":"#0059a9","colorDark":"#00294f","angle":14.4,"snapDist":5,"label":0}},{"type":"Feature","geometry":{"type":"Point","coordinates":[21.937501,47.049763]},"properties":{"name":"Piata Cetatii [s]","lines":"12, 16T, 36, 41","arr":["12","16T","36","41"],"terminus":1,"mode":"bus","color":"#0059a9","colorDark":"#00294f","angle":57.2,"snapDist":3,"label":1}},{"type":"Feature","geometry":{"type":"Point","coordinates":[21.927972,47.054914]},"properties":{"name":"Piata Unirii/Ep. Greco-Catolica","lines":"12, 14, 14P","arr":["12","14","14P"],"terminus":1,"mode":"bus","color":"#0059a9","colorDark":"#00294f","angle":287.3,"snapDist":11,"label":1}},{"type":"Feature","geometry":{"type":"Point","coordinates":[21.929977,47.048674]},"properties":{"name":"Horea","lines":"12, 23, 36, 37, 41","arr":["12","23","36","37","41"],"terminus":0,"mode":"bus","color":"#0059a9","colorDark":"#00294f","angle":236.3,"snapDist":6,"label":1}},{"type":"Feature","geometry":{"type":"Point","coordinates":[21.933556,47.043325]},"properties":{"name":"Piata 22 Decembrie","lines":"12, 23, 31, 33, 33E, 36, 37, 41","arr":["12","23","31","33","33E","36","37","41"],"terminus":1,"mode":"bus","color":"#0059a9","colorDark":"#00294f","angle":246.9,"snapDist":4,"label":1}},{"type":"Feature","geometry":{"type":"Point","coordinates":[21.938861,47.048455]},"properties":{"name":"Gheorghe Costaforu","lines":"12, 36, 41","arr":["12","36","41"],"terminus":0,"mode":"bus","color":"#0059a9","colorDark":"#00294f","angle":120.2,"snapDist":3,"label":1}},{"type":"Feature","geometry":{"type":"Point","coordinates":[21.954739,47.043914]},"properties":{"name":"Razboieni","lines":"12, 41","arr":["12","41"],"terminus":0,"mode":"bus","color":"#0059a9","colorDark":"#00294f","angle":197.5,"snapDist":4,"label":0}},{"type":"Feature","geometry":{"type":"Point","coordinates":[21.955125,47.040156]},"properties":{"name":"Seleusului nr.113","lines":"12, 38, 41","arr":["12","38","41"],"terminus":0,"mode":"bus","color":"#0059a9","colorDark":"#00294f","angle":265.4,"snapDist":2,"label":1}},{"type":"Feature","geometry":{"type":"Point","coordinates":[21.955598,47.036087]},"properties":{"name":"Piata Nucetului","lines":"12, 38, 41","arr":["12","38","41"],"terminus":0,"mode":"bus","color":"#0059a9","colorDark":"#00294f","angle":228,"snapDist":5,"label":0}},{"type":"Feature","geometry":{"type":"Point","coordinates":[21.95797,47.033506]},"properties":{"name":"Str. Bumbacului","lines":"12, 31, 33, 33E, 38, 41","arr":["12","31","33","33E","38","41"],"terminus":1,"mode":"bus","color":"#0059a9","colorDark":"#00294f","angle":253.5,"snapDist":6,"label":1}},{"type":"Feature","geometry":{"type":"Point","coordinates":[21.9572,47.029456]},"properties":{"name":"Morii nr.4","lines":"12, 31, 33, 33E, 41","arr":["12","31","33","33E","41"],"terminus":0,"mode":"bus","color":"#0059a9","colorDark":"#00294f","angle":336.5,"snapDist":6,"label":1}},{"type":"Feature","geometry":{"type":"Point","coordinates":[21.97219,47.069708]},"properties":{"name":"Gheorghe Doja nr.190","lines":"13","arr":["13"],"terminus":1,"mode":"bus","color":"#0059a9","colorDark":"#00294f","angle":323.9,"snapDist":6,"label":1}},{"type":"Feature","geometry":{"type":"Point","coordinates":[21.965972,47.066823]},"properties":{"name":"Str. Santului","lines":"13","arr":["13"],"terminus":0,"mode":"bus","color":"#0059a9","colorDark":"#00294f","angle":324.2,"snapDist":4,"label":1}},{"type":"Feature","geometry":{"type":"Point","coordinates":[21.963339,47.066078]},"properties":{"name":"Arinului","lines":"13, 722","arr":["13","722"],"terminus":0,"mode":"bus","color":"#0059a9","colorDark":"#00294f","angle":5.3,"snapDist":7,"label":1}},{"type":"Feature","geometry":{"type":"Point","coordinates":[21.956946,47.06606]},"properties":{"name":"Louis Pasteur nr.88","lines":"13, 722","arr":["13","722"],"terminus":0,"mode":"bus","color":"#0059a9","colorDark":"#00294f","angle":341.5,"snapDist":5,"label":1}},{"type":"Feature","geometry":{"type":"Point","coordinates":[21.953179,47.065028]},"properties":{"name":"Spitalul Judetean","lines":"13, 722","arr":["13","722"],"terminus":0,"mode":"bus","color":"#0059a9","colorDark":"#00294f","angle":343.5,"snapDist":5,"label":1}},{"type":"Feature","geometry":{"type":"Point","coordinates":[21.943787,47.061402]},"properties":{"name":"Gheorghe Doja nr. 36","lines":"13, 722","arr":["13","722"],"terminus":0,"mode":"bus","color":"#0059a9","colorDark":"#00294f","angle":316.9,"snapDist":3,"label":1}},{"type":"Feature","geometry":{"type":"Point","coordinates":[21.938568,47.050269]},"properties":{"name":"Piata Cetatii","lines":"13, 15, 17, 34, 39, 722","arr":["13","15","17","34","39","722"],"terminus":1,"mode":"bus","color":"#0059a9","colorDark":"#00294f","angle":273.9,"snapDist":1,"label":1}},{"type":"Feature","geometry":{"type":"Point","coordinates":[21.941201,47.059526]},"properties":{"name":"Gheorghe Doja nr. 3","lines":"13, 722","arr":["13","722"],"terminus":0,"mode":"bus","color":"#0059a9","colorDark":"#00294f","angle":126.2,"snapDist":5,"label":1}},{"type":"Feature","geometry":{"type":"Point","coordinates":[21.943048,47.060904]},"properties":{"name":"Ghorghe Doja nr. 17","lines":"13, 722","arr":["13","722"],"terminus":0,"mode":"bus","color":"#0059a9","colorDark":"#00294f","angle":132.9,"snapDist":1,"label":1}},{"type":"Feature","geometry":{"type":"Point","coordinates":[21.953915,47.064503]},"properties":{"name":"Gheorghe Doja nr. 67","lines":"13, 722","arr":["13","722"],"terminus":0,"mode":"bus","color":"#0059a9","colorDark":"#00294f","angle":170.1,"snapDist":5,"label":1}},{"type":"Feature","geometry":{"type":"Point","coordinates":[21.962741,47.066116]},"properties":{"name":"Arinului","lines":"13, 722","arr":["13","722"],"terminus":0,"mode":"bus","color":"#0059a9","colorDark":"#00294f","angle":185.3,"snapDist":3,"label":0}},{"type":"Feature","geometry":{"type":"Point","coordinates":[21.966084,47.066878]},"properties":{"name":"Gheorghe Doja nr.115","lines":"13","arr":["13"],"terminus":0,"mode":"bus","color":"#0059a9","colorDark":"#00294f","angle":144.2,"snapDist":6,"label":1}},{"type":"Feature","geometry":{"type":"Point","coordinates":[21.919241,47.042268]},"properties":{"name":"Cimitirul Rulikowsky","lines":"14, 14P","arr":["14","14P"],"terminus":1,"mode":"bus","color":"#0059a9","colorDark":"#00294f","angle":148.2,"snapDist":6,"label":1}},{"type":"Feature","geometry":{"type":"Point","coordinates":[21.921211,47.044446]},"properties":{"name":"Universitate","lines":"14, 14P, 30, 33, 33E","arr":["14","14P","30","33","33E"],"terminus":0,"mode":"bus","color":"#0059a9","colorDark":"#00294f","angle":120.7,"snapDist":3,"label":1}},{"type":"Feature","geometry":{"type":"Point","coordinates":[21.924111,47.047793]},"properties":{"name":"Oficiul de Cadastru","lines":"14, 14P, 30","arr":["14","14P","30"],"terminus":0,"mode":"bus","color":"#0059a9","colorDark":"#00294f","angle":112.8,"snapDist":7,"label":1}},{"type":"Feature","geometry":{"type":"Point","coordinates":[21.925233,47.049662]},"properties":{"name":"Muzeu Tarii Crisurilor","lines":"14, 14P, 30, 33, 33E","arr":["14","14P","30","33","33E"],"terminus":0,"mode":"bus","color":"#0059a9","colorDark":"#00294f","angle":114.9,"snapDist":6,"label":1}},{"type":"Feature","geometry":{"type":"Point","coordinates":[21.926359,47.057337]},"properties":{"name":"Turnul Primariei","lines":"14, 14P, 42","arr":["14","14P","42"],"terminus":0,"mode":"bus","color":"#0059a9","colorDark":"#00294f","angle":38,"snapDist":5,"label":1}},{"type":"Feature","geometry":{"type":"Point","coordinates":[21.917443,47.061282]},"properties":{"name":"William Shakespeare","lines":"14, 14P","arr":["14","14P"],"terminus":0,"mode":"bus","color":"#0059a9","colorDark":"#00294f","angle":25.4,"snapDist":6,"label":1}},{"type":"Feature","geometry":{"type":"Point","coordinates":[21.908616,47.065533]},"properties":{"name":"Sala Antonio Alexe","lines":"14, 14P, 19, 31, 33E, 33P, 37","arr":["14","14P","19","31","33E","33P","37"],"terminus":0,"mode":"bus","color":"#0059a9","colorDark":"#00294f","angle":34,"snapDist":5,"label":1}},{"type":"Feature","geometry":{"type":"Point","coordinates":[21.903975,47.06768]},"properties":{"name":"Piata Iosia","lines":"14, 14P, 19, 31, 33E, 33P, 37","arr":["14","14P","19","31","33E","33P","37"],"terminus":0,"mode":"bus","color":"#0059a9","colorDark":"#00294f","angle":34,"snapDist":5,"label":1}},{"type":"Feature","geometry":{"type":"Point","coordinates":[21.907713,47.074864]},"properties":{"name":"Pod Rutier","lines":"14, 14P","arr":["14","14P"],"terminus":0,"mode":"bus","color":"#0059a9","colorDark":"#00294f","angle":101.4,"snapDist":5,"label":1}},{"type":"Feature","geometry":{"type":"Point","coordinates":[21.910869,47.079332]},"properties":{"name":"Biserica Baptista Rogerius","lines":"14, 14P, 42","arr":["14","14P","42"],"terminus":1,"mode":"bus","color":"#0059a9","colorDark":"#00294f","angle":134.4,"snapDist":8,"label":1}},{"type":"Feature","geometry":{"type":"Point","coordinates":[21.910476,47.079138]},"properties":{"name":"Biserica Baptista Rogerius","lines":"14, 14P, 42","arr":["14","14P","42"],"terminus":1,"mode":"bus","color":"#0059a9","colorDark":"#00294f","angle":303.8,"snapDist":7,"label":0}},{"type":"Feature","geometry":{"type":"Point","coordinates":[21.907627,47.075068]},"properties":{"name":"Pod Rutier","lines":"14, 14P","arr":["14","14P"],"terminus":0,"mode":"bus","color":"#0059a9","colorDark":"#00294f","angle":272.1,"snapDist":6,"label":0}},{"type":"Feature","geometry":{"type":"Point","coordinates":[21.902918,47.068172]},"properties":{"name":"Piata Iosia","lines":"14, 14P, 29, 30, 31, 33E, 33P, 37","arr":["14","14P","29","30","31","33E","33P","37"],"terminus":0,"mode":"bus","color":"#0059a9","colorDark":"#00294f","angle":215.4,"snapDist":7,"label":0}},{"type":"Feature","geometry":{"type":"Point","coordinates":[21.908944,47.065381]},"properties":{"name":"Sala Antonio Alexe","lines":"14, 14P, 29, 30, 31, 33E, 33P, 37","arr":["14","14P","29","30","31","33E","33P","37"],"terminus":0,"mode":"bus","color":"#0059a9","colorDark":"#00294f","angle":214.4,"snapDist":6,"label":0}},{"type":"Feature","geometry":{"type":"Point","coordinates":[21.917743,47.06111]},"properties":{"name":"William Shakespeare","lines":"14, 14P, 29, 30","arr":["14","14P","29","30"],"terminus":0,"mode":"bus","color":"#0059a9","colorDark":"#00294f","angle":207,"snapDist":1,"label":0}},{"type":"Feature","geometry":{"type":"Point","coordinates":[21.925089,47.049384]},"properties":{"name":"Muzeu Tarii Crisurilor","lines":"14, 14P, 33, 33E","arr":["14","14P","33","33E"],"terminus":0,"mode":"bus","color":"#0059a9","colorDark":"#00294f","angle":292.5,"snapDist":6,"label":0}},{"type":"Feature","geometry":{"type":"Point","coordinates":[21.923786,47.047372]},"properties":{"name":"Oficiul de Cadastru","lines":"14, 14P","arr":["14","14P"],"terminus":0,"mode":"bus","color":"#0059a9","colorDark":"#00294f","angle":301.3,"snapDist":8,"label":0}},{"type":"Feature","geometry":{"type":"Point","coordinates":[21.921465,47.044736]},"properties":{"name":"Universitate","lines":"14, 14P, 33, 33E","arr":["14","14P","33","33E"],"terminus":0,"mode":"bus","color":"#0059a9","colorDark":"#00294f","angle":300.9,"snapDist":3,"label":0}},{"type":"Feature","geometry":{"type":"Point","coordinates":[21.913257,47.026988]},"properties":{"name":"Cargo","lines":"14P, 29, 41","arr":["14P","29","41"],"terminus":1,"mode":"bus","color":"#0059a9","colorDark":"#00294f","angle":104.3,"snapDist":8,"label":1}},{"type":"Feature","geometry":{"type":"Point","coordinates":[21.915137,47.028087]},"properties":{"name":"Decitex","lines":"14P, 29, 41","arr":["14P","29","41"],"terminus":0,"mode":"bus","color":"#0059a9","colorDark":"#00294f","angle":195.2,"snapDist":2,"label":1}},{"type":"Feature","geometry":{"type":"Point","coordinates":[21.921122,47.028009]},"properties":{"name":"Parc industrial 2/3","lines":"14P, 29, 41","arr":["14P","29","41"],"terminus":0,"mode":"bus","color":"#0059a9","colorDark":"#00294f","angle":117.1,"snapDist":9,"label":1}},{"type":"Feature","geometry":{"type":"Point","coordinates":[21.923708,47.032069]},"properties":{"name":"Parc Industrial 2/2 bis","lines":"14P, 29, 41","arr":["14P","29","41"],"terminus":0,"mode":"bus","color":"#0059a9","colorDark":"#00294f","angle":106.5,"snapDist":4,"label":1}},{"type":"Feature","geometry":{"type":"Point","coordinates":[21.924332,47.034122]},"properties":{"name":"Parc Industrial 2/1 bis","lines":"14P, 29, 41","arr":["14P","29","41"],"terminus":0,"mode":"bus","color":"#0059a9","colorDark":"#00294f","angle":101.6,"snapDist":8,"label":1}},{"type":"Feature","geometry":{"type":"Point","coordinates":[21.917995,47.036036]},"properties":{"name":"Ogorului nr.214","lines":"14P, 29, 41","arr":["14P","29","41"],"terminus":0,"mode":"bus","color":"#0059a9","colorDark":"#00294f","angle":16.9,"snapDist":5,"label":1}},{"type":"Feature","geometry":{"type":"Point","coordinates":[21.918778,47.042164]},"properties":{"name":"Cimitirul Rulikowki 26","lines":"14P, 30","arr":["14P","30"],"terminus":0,"mode":"bus","color":"#0059a9","colorDark":"#00294f","angle":180.6,"snapDist":8,"label":1}},{"type":"Feature","geometry":{"type":"Point","coordinates":[21.918394,47.035954]},"properties":{"name":"Ogorului nr.214","lines":"14P, 29, 41","arr":["14P","29","41"],"terminus":0,"mode":"bus","color":"#0059a9","colorDark":"#00294f","angle":196.9,"snapDist":3,"label":0}},{"type":"Feature","geometry":{"type":"Point","coordinates":[21.924358,47.034207]},"properties":{"name":"Parc industrial 2/1","lines":"14P, 29, 41","arr":["14P","29","41"],"terminus":0,"mode":"bus","color":"#0059a9","colorDark":"#00294f","angle":281.6,"snapDist":2,"label":1}},{"type":"Feature","geometry":{"type":"Point","coordinates":[21.923542,47.031687]},"properties":{"name":"Parc industrial 2/2","lines":"14P, 29, 41","arr":["14P","29","41"],"terminus":0,"mode":"bus","color":"#0059a9","colorDark":"#00294f","angle":286.5,"snapDist":4,"label":1}},{"type":"Feature","geometry":{"type":"Point","coordinates":[21.920498,47.027306]},"properties":{"name":"Parc industrial 2/3 bis","lines":"14P, 29, 41","arr":["14P","29","41"],"terminus":0,"mode":"bus","color":"#0059a9","colorDark":"#00294f","angle":321.1,"snapDist":8,"label":1}},{"type":"Feature","geometry":{"type":"Point","coordinates":[21.915749,47.027974]},"properties":{"name":"Decitex","lines":"14P, 29, 41","arr":["14P","29","41"],"terminus":0,"mode":"bus","color":"#0059a9","colorDark":"#00294f","angle":15.2,"snapDist":0,"label":0}},{"type":"Feature","geometry":{"type":"Point","coordinates":[21.94326,47.055607]},"properties":{"name":"Parc Bratianu","lines":"15, 28, 43","arr":["15","28","43"],"terminus":0,"mode":"bus","color":"#0059a9","colorDark":"#00294f","angle":199.7,"snapDist":4,"label":1}},{"type":"Feature","geometry":{"type":"Point","coordinates":[21.949205,47.054696]},"properties":{"name":"Bazinul Olimpic","lines":"15, 28, 43","arr":["15","28","43"],"terminus":1,"mode":"bus","color":"#0059a9","colorDark":"#00294f","angle":162.8,"snapDist":5,"label":1}},{"type":"Feature","geometry":{"type":"Point","coordinates":[21.959743,47.052526]},"properties":{"name":"Str. Facliei nr.12","lines":"15","arr":["15"],"terminus":0,"mode":"bus","color":"#0059a9","colorDark":"#00294f","angle":174.2,"snapDist":5,"label":1}},{"type":"Feature","geometry":{"type":"Point","coordinates":[21.967144,47.051996]},"properties":{"name":"Manastirea Sfintei Cruci","lines":"15","arr":["15"],"terminus":0,"mode":"bus","color":"#0059a9","colorDark":"#00294f","angle":179.7,"snapDist":3,"label":1}},{"type":"Feature","geometry":{"type":"Point","coordinates":[21.975152,47.052735]},"properties":{"name":"Str. Facliei nr.69","lines":"15","arr":["15"],"terminus":0,"mode":"bus","color":"#0059a9","colorDark":"#00294f","angle":175.2,"snapDist":5,"label":1}},{"type":"Feature","geometry":{"type":"Point","coordinates":[21.97915,47.052646]},"properties":{"name":"Str. Facliei nr.46","lines":"15","arr":["15"],"terminus":0,"mode":"bus","color":"#0059a9","colorDark":"#00294f","angle":192.2,"snapDist":5,"label":1}},{"type":"Feature","geometry":{"type":"Point","coordinates":[21.984204,47.049791]},"properties":{"name":"Statia de pompare nr.1","lines":"15","arr":["15"],"terminus":0,"mode":"bus","color":"#0059a9","colorDark":"#00294f","angle":197,"snapDist":4,"label":1}},{"type":"Feature","geometry":{"type":"Point","coordinates":[21.990884,47.050803]},"properties":{"name":"Dinicu Golescu","lines":"15","arr":["15"],"terminus":0,"mode":"bus","color":"#0059a9","colorDark":"#00294f","angle":140.3,"snapDist":3,"label":1}},{"type":"Feature","geometry":{"type":"Point","coordinates":[22.000846,47.05388]},"properties":{"name":"Str. Facliei nr.68","lines":"15","arr":["15"],"terminus":0,"mode":"bus","color":"#0059a9","colorDark":"#00294f","angle":102.8,"snapDist":5,"label":1}},{"type":"Feature","geometry":{"type":"Point","coordinates":[22.001854,47.05791]},"properties":{"name":"Bazinele cu Apa","lines":"15","arr":["15"],"terminus":0,"mode":"bus","color":"#0059a9","colorDark":"#00294f","angle":94.4,"snapDist":4,"label":1}},{"type":"Feature","geometry":{"type":"Point","coordinates":[22.004072,47.060044]},"properties":{"name":"Podgoria nr.13","lines":"15","arr":["15"],"terminus":0,"mode":"bus","color":"#0059a9","colorDark":"#00294f","angle":174.6,"snapDist":5,"label":1}},{"type":"Feature","geometry":{"type":"Point","coordinates":[22.008318,47.059218]},"properties":{"name":"Podgoria nr.16","lines":"15","arr":["15"],"terminus":0,"mode":"bus","color":"#0059a9","colorDark":"#00294f","angle":210.4,"snapDist":6,"label":1}},{"type":"Feature","geometry":{"type":"Point","coordinates":[22.009744,47.058874]},"properties":{"name":"Podgoria nr. 33","lines":"15","arr":["15"],"terminus":0,"mode":"bus","color":"#0059a9","colorDark":"#00294f","angle":190.4,"snapDist":5,"label":1}},{"type":"Feature","geometry":{"type":"Point","coordinates":[22.01943,47.058282]},"properties":{"name":"Podgoria nr.55A","lines":"15","arr":["15"],"terminus":0,"mode":"bus","color":"#0059a9","colorDark":"#00294f","angle":176.1,"snapDist":2,"label":1}},{"type":"Feature","geometry":{"type":"Point","coordinates":[22.031396,47.066218]},"properties":{"name":"Podgoria iesire","lines":"15","arr":["15"],"terminus":0,"mode":"bus","color":"#0059a9","colorDark":"#00294f","angle":137.5,"snapDist":4,"label":1}},{"type":"Feature","geometry":{"type":"Point","coordinates":[22.031421,47.066234]},"properties":{"name":"Podgoria Intrare","lines":"15","arr":["15"],"terminus":1,"mode":"bus","color":"#0059a9","colorDark":"#00294f","angle":317.5,"snapDist":2,"label":1}},{"type":"Feature","geometry":{"type":"Point","coordinates":[22.019291,47.058276]},"properties":{"name":"Podgoria nr.55H","lines":"15","arr":["15"],"terminus":0,"mode":"bus","color":"#0059a9","colorDark":"#00294f","angle":356.1,"snapDist":4,"label":1}},{"type":"Feature","geometry":{"type":"Point","coordinates":[22.009766,47.058872]},"properties":{"name":"Podgoria nr. 31","lines":"15","arr":["15"],"terminus":0,"mode":"bus","color":"#0059a9","colorDark":"#00294f","angle":10.4,"snapDist":1,"label":1}},{"type":"Feature","geometry":{"type":"Point","coordinates":[22.006362,47.059943]},"properties":{"name":"Biserica Ortodoxa","lines":"15","arr":["15"],"terminus":0,"mode":"bus","color":"#0059a9","colorDark":"#00294f","angle":10.7,"snapDist":4,"label":1}},{"type":"Feature","geometry":{"type":"Point","coordinates":[22.003293,47.059964]},"properties":{"name":"Podgoria nr.13","lines":"15","arr":["15"],"terminus":0,"mode":"bus","color":"#0059a9","colorDark":"#00294f","angle":333.5,"snapDist":7,"label":0}},{"type":"Feature","geometry":{"type":"Point","coordinates":[22.00186,47.058046]},"properties":{"name":"Bazinele cu Apa","lines":"15","arr":["15"],"terminus":0,"mode":"bus","color":"#0059a9","colorDark":"#00294f","angle":267.2,"snapDist":5,"label":0}},{"type":"Feature","geometry":{"type":"Point","coordinates":[22.000851,47.053893]},"properties":{"name":"Str. Facliei nr.68","lines":"15","arr":["15"],"terminus":0,"mode":"bus","color":"#0059a9","colorDark":"#00294f","angle":282.8,"snapDist":3,"label":0}},{"type":"Feature","geometry":{"type":"Point","coordinates":[21.99084,47.050779]},"properties":{"name":"Dinicu Golescu","lines":"15","arr":["15"],"terminus":0,"mode":"bus","color":"#0059a9","colorDark":"#00294f","angle":320.3,"snapDist":6,"label":0}},{"type":"Feature","geometry":{"type":"Point","coordinates":[21.984138,47.049805]},"properties":{"name":"Statia de pompare nr.1","lines":"15","arr":["15"],"terminus":0,"mode":"bus","color":"#0059a9","colorDark":"#00294f","angle":17,"snapDist":8,"label":0}},{"type":"Feature","geometry":{"type":"Point","coordinates":[21.979426,47.052605]},"properties":{"name":"Str. Facliei nr.46","lines":"15","arr":["15"],"terminus":0,"mode":"bus","color":"#0059a9","colorDark":"#00294f","angle":12.2,"snapDist":6,"label":0}},{"type":"Feature","geometry":{"type":"Point","coordinates":[21.97522,47.052739]},"properties":{"name":"Str. Facliei nr.69","lines":"15","arr":["15"],"terminus":0,"mode":"bus","color":"#0059a9","colorDark":"#00294f","angle":355.2,"snapDist":8,"label":0}},{"type":"Feature","geometry":{"type":"Point","coordinates":[21.966488,47.051994]},"properties":{"name":"Manastirea Sfintei Cruci","lines":"15","arr":["15"],"terminus":0,"mode":"bus","color":"#0059a9","colorDark":"#00294f","angle":359.7,"snapDist":4,"label":0}},{"type":"Feature","geometry":{"type":"Point","coordinates":[21.95949,47.052502]},"properties":{"name":"Strada Facliei nr.12","lines":"15","arr":["15"],"terminus":0,"mode":"bus","color":"#0059a9","colorDark":"#00294f","angle":351.2,"snapDist":5,"label":1}},{"type":"Feature","geometry":{"type":"Point","coordinates":[21.949165,47.054688]},"properties":{"name":"Bazinul Olimpic","lines":"15, 28, 43","arr":["15","28","43"],"terminus":1,"mode":"bus","color":"#0059a9","colorDark":"#00294f","angle":343.8,"snapDist":3,"label":0}},{"type":"Feature","geometry":{"type":"Point","coordinates":[21.94301,47.055668]},"properties":{"name":"Parc Bratianu","lines":"15, 28, 43","arr":["15","28","43"],"terminus":0,"mode":"bus","color":"#0059a9","colorDark":"#00294f","angle":19.7,"snapDist":4,"label":0}},{"type":"Feature","geometry":{"type":"Point","coordinates":[21.93651,47.05402]},"properties":{"name":"Emanuil Gojdu","lines":"16T, 28, 29, 30, 43","arr":["16T","28","29","30","43"],"terminus":0,"mode":"bus","color":"#0059a9","colorDark":"#00294f","angle":190,"snapDist":7,"label":1}},{"type":"Feature","geometry":{"type":"Point","coordinates":[21.941478,47.053745]},"properties":{"name":"Politia Rutiera","lines":"16T, 17, 32, 38","arr":["16T","17","32","38"],"terminus":0,"mode":"bus","color":"#0059a9","colorDark":"#00294f","angle":191.4,"snapDist":6,"label":1}},{"type":"Feature","geometry":{"type":"Point","coordinates":[21.94789,47.051737]},"properties":{"name":"Maternitate","lines":"16T, 17","arr":["16T","17"],"terminus":0,"mode":"bus","color":"#0059a9","colorDark":"#00294f","angle":223.3,"snapDist":6,"label":1}},{"type":"Feature","geometry":{"type":"Point","coordinates":[21.950738,47.050325]},"properties":{"name":"Piata Tineretului","lines":"16T, 17","arr":["16T","17"],"terminus":0,"mode":"bus","color":"#0059a9","colorDark":"#00294f","angle":203.1,"snapDist":5,"label":1}},{"type":"Feature","geometry":{"type":"Point","coordinates":[21.962034,47.04855]},"properties":{"name":"Dragos Voda II","lines":"16T, 34","arr":["16T","34"],"terminus":0,"mode":"bus","color":"#0059a9","colorDark":"#00294f","angle":244.5,"snapDist":7,"label":1}},{"type":"Feature","geometry":{"type":"Point","coordinates":[21.965998,47.045666]},"properties":{"name":"Gutenberg","lines":"16T, 34","arr":["16T","34"],"terminus":0,"mode":"bus","color":"#0059a9","colorDark":"#00294f","angle":209.3,"snapDist":3,"label":1}},{"type":"Feature","geometry":{"type":"Point","coordinates":[21.970075,47.044109]},"properties":{"name":"Biserica Romilor","lines":"16T","arr":["16T"],"terminus":0,"mode":"bus","color":"#0059a9","colorDark":"#00294f","angle":216.8,"snapDist":4,"label":1}},{"type":"Feature","geometry":{"type":"Point","coordinates":[21.974929,47.041638]},"properties":{"name":"Clujului nr.192","lines":"16T","arr":["16T"],"terminus":0,"mode":"bus","color":"#0059a9","colorDark":"#00294f","angle":216.8,"snapDist":8,"label":1}},{"type":"Feature","geometry":{"type":"Point","coordinates":[21.978475,47.039826]},"properties":{"name":"Stadionul Motorul","lines":"16T","arr":["16T"],"terminus":0,"mode":"bus","color":"#0059a9","colorDark":"#00294f","angle":216.7,"snapDist":8,"label":1}},{"type":"Feature","geometry":{"type":"Point","coordinates":[21.981641,47.038188]},"properties":{"name":"Clujului nr.207 [s]","lines":"16T","arr":["16T"],"terminus":0,"mode":"bus","color":"#0059a9","colorDark":"#00294f","angle":217.6,"snapDist":5,"label":1}},{"type":"Feature","geometry":{"type":"Point","coordinates":[21.983786,47.037159]},"properties":{"name":"Aiudului","lines":"16T","arr":["16T"],"terminus":0,"mode":"bus","color":"#0059a9","colorDark":"#00294f","angle":211.4,"snapDist":9,"label":1}},{"type":"Feature","geometry":{"type":"Point","coordinates":[21.987257,47.036238]},"properties":{"name":"Ogorului","lines":"16T","arr":["16T"],"terminus":0,"mode":"bus","color":"#0059a9","colorDark":"#00294f","angle":177.9,"snapDist":4,"label":1}},{"type":"Feature","geometry":{"type":"Point","coordinates":[21.994985,47.03144]},"properties":{"name":"Ogorului nr.3","lines":"16T","arr":["16T"],"terminus":0,"mode":"bus","color":"#0059a9","colorDark":"#00294f","angle":209.6,"snapDist":12,"label":1}},{"type":"Feature","geometry":{"type":"Point","coordinates":[21.992735,47.036504]},"properties":{"name":"Clujului nr.217","lines":"16T","arr":["16T"],"terminus":0,"mode":"bus","color":"#0059a9","colorDark":"#00294f","angle":176.8,"snapDist":7,"label":1}},{"type":"Feature","geometry":{"type":"Point","coordinates":[21.996499,47.037355]},"properties":{"name":"George Bacaloglu","lines":"16T","arr":["16T"],"terminus":0,"mode":"bus","color":"#0059a9","colorDark":"#00294f","angle":176.6,"snapDist":4,"label":1}},{"type":"Feature","geometry":{"type":"Point","coordinates":[21.997994,47.040097]},"properties":{"name":"Cartierul Tineretului","lines":"16T","arr":["16T"],"terminus":1,"mode":"bus","color":"#0059a9","colorDark":"#00294f","angle":314.5,"snapDist":1,"label":1}},{"type":"Feature","geometry":{"type":"Point","coordinates":[21.998221,47.037614]},"properties":{"name":"George Bacaloglu intors","lines":"16T","arr":["16T"],"terminus":0,"mode":"bus","color":"#0059a9","colorDark":"#00294f","angle":267.6,"snapDist":2,"label":1}},{"type":"Feature","geometry":{"type":"Point","coordinates":[21.987735,47.036326]},"properties":{"name":"Clujului nr.248","lines":"16T","arr":["16T"],"terminus":0,"mode":"bus","color":"#0059a9","colorDark":"#00294f","angle":355.9,"snapDist":5,"label":1}},{"type":"Feature","geometry":{"type":"Point","coordinates":[21.983981,47.037078]},"properties":{"name":"Clujului nr.218","lines":"16T","arr":["16T"],"terminus":0,"mode":"bus","color":"#0059a9","colorDark":"#00294f","angle":32.3,"snapDist":8,"label":1}},{"type":"Feature","geometry":{"type":"Point","coordinates":[21.980185,47.038947]},"properties":{"name":"Stadion Motorul","lines":"16T, 34","arr":["16T","34"],"terminus":1,"mode":"bus","color":"#0059a9","colorDark":"#00294f","angle":36.8,"snapDist":4,"label":1}},{"type":"Feature","geometry":{"type":"Point","coordinates":[21.972986,47.042626]},"properties":{"name":"Clujului nr.198","lines":"16T","arr":["16T"],"terminus":0,"mode":"bus","color":"#0059a9","colorDark":"#00294f","angle":36.7,"snapDist":9,"label":1}},{"type":"Feature","geometry":{"type":"Point","coordinates":[21.969755,47.044272]},"properties":{"name":"Biserica Romilor II","lines":"16T","arr":["16T"],"terminus":0,"mode":"bus","color":"#0059a9","colorDark":"#00294f","angle":36,"snapDist":10,"label":1}},{"type":"Feature","geometry":{"type":"Point","coordinates":[21.9667,47.045401]},"properties":{"name":"Gutenberg II","lines":"16T, 34","arr":["16T","34"],"terminus":0,"mode":"bus","color":"#0059a9","colorDark":"#00294f","angle":25.8,"snapDist":9,"label":1}},{"type":"Feature","geometry":{"type":"Point","coordinates":[21.961944,47.048919]},"properties":{"name":"Dragos Voda","lines":"16T, 34","arr":["16T","34"],"terminus":0,"mode":"bus","color":"#0059a9","colorDark":"#00294f","angle":64.5,"snapDist":3,"label":1}},{"type":"Feature","geometry":{"type":"Point","coordinates":[21.961886,47.043941]},"properties":{"name":"Gara de Est","lines":"17, 32","arr":["17","32"],"terminus":1,"mode":"bus","color":"#0059a9","colorDark":"#00294f","angle":-153.9,"snapDist":12,"label":1}},{"type":"Feature","geometry":{"type":"Point","coordinates":[21.957859,47.043342]},"properties":{"name":"Autogara Razboieni II","lines":"17, 32","arr":["17","32"],"terminus":0,"mode":"bus","color":"#0059a9","colorDark":"#00294f","angle":12.4,"snapDist":9,"label":1}},{"type":"Feature","geometry":{"type":"Point","coordinates":[21.922111,47.070299]},"properties":{"name":"Spartacus","lines":"17, 22, 26, 27, 27P, 34, 36, 38, 42, 611, 612","arr":["17","22","26","27","27P","34","36","38","42","611","612"],"terminus":1,"mode":"bus","color":"#0059a9","colorDark":"#00294f","angle":29,"snapDist":5,"label":1}},{"type":"Feature","geometry":{"type":"Point","coordinates":[21.918247,47.071962]},"properties":{"name":"Sfantul Apostol Andrei","lines":"17, 22, 26, 27, 27P, 34, 36, 38, 42, 611, 612","arr":["17","22","26","27","27P","34","36","38","42","611","612"],"terminus":0,"mode":"bus","color":"#0059a9","colorDark":"#00294f","angle":33.9,"snapDist":3,"label":1}},{"type":"Feature","geometry":{"type":"Point","coordinates":[21.911377,47.073704]},"properties":{"name":"Dacia Zig Zag","lines":"17, 26, 27, 27P, 29, 30, 34, 37, 42, 611, 612, RoHu","arr":["17","26","27","27P","29","30","34","37","42","611","612","RoHu"],"terminus":1,"mode":"bus","color":"#0059a9","colorDark":"#00294f","angle":2.1,"snapDist":3,"label":1}},{"type":"Feature","geometry":{"type":"Point","coordinates":[21.907278,47.074579]},"properties":{"name":"Pod CFR","lines":"17, 26, 27, 27P, 35, 39, 42, T9","arr":["17","26","27","27P","35","39","42","T9"],"terminus":1,"mode":"bus","color":"#0059a9","colorDark":"#00294f","angle":29.2,"snapDist":8,"label":1}},{"type":"Feature","geometry":{"type":"Point","coordinates":[21.902614,47.075878]},"properties":{"name":"Kaufland Calea Borsului","lines":"17","arr":["17"],"terminus":1,"mode":"bus","color":"#0059a9","colorDark":"#00294f","angle":125.4,"snapDist":2,"label":1}},{"type":"Feature","geometry":{"type":"Point","coordinates":[21.9114,47.07361]},"properties":{"name":"Dacia Zig Zag","lines":"17, 19, 26, 27, 34, 35, 36, 38, 39, 42, 611, 612, RoHu, T9","arr":["17","19","26","27","34","35","36","38","39","42","611","612","RoHu","T9"],"terminus":1,"mode":"bus","color":"#0059a9","colorDark":"#00294f","angle":183.5,"snapDist":7,"label":0}},{"type":"Feature","geometry":{"type":"Point","coordinates":[21.918242,47.07184]},"properties":{"name":"Sfantul Apostol Andrei","lines":"17, 26, 27, 27P, 34, 36, 38, 42, 611, 612","arr":["17","26","27","27P","34","36","38","42","611","612"],"terminus":0,"mode":"bus","color":"#0059a9","colorDark":"#00294f","angle":213.5,"snapDist":7,"label":0}},{"type":"Feature","geometry":{"type":"Point","coordinates":[21.923303,47.069764]},"properties":{"name":"Dacia-Decebal","lines":"17, 26, 27, 27P, 34, 36, 38, 42, 611, 612","arr":["17","26","27","27P","34","36","38","42","611","612"],"terminus":0,"mode":"bus","color":"#0059a9","colorDark":"#00294f","angle":207.7,"snapDist":4,"label":1}},{"type":"Feature","geometry":{"type":"Point","coordinates":[21.939579,47.059292]},"properties":{"name":"George Enescu nr. 27","lines":"17, 32, T8","arr":["17","32","T8"],"terminus":0,"mode":"bus","color":"#0059a9","colorDark":"#00294f","angle":157.4,"snapDist":3,"label":1}},{"type":"Feature","geometry":{"type":"Point","coordinates":[21.956981,47.047537]},"properties":{"name":"Seleusului nr.11","lines":"17, 32, 34","arr":["17","32","34"],"terminus":0,"mode":"bus","color":"#0059a9","colorDark":"#00294f","angle":279.6,"snapDist":6,"label":1}},{"type":"Feature","geometry":{"type":"Point","coordinates":[21.955964,47.044523]},"properties":{"name":"Gradinarilor","lines":"17, 32","arr":["17","32"],"terminus":0,"mode":"bus","color":"#0059a9","colorDark":"#00294f","angle":285.4,"snapDist":7,"label":1}},{"type":"Feature","geometry":{"type":"Point","coordinates":[21.958634,47.04323]},"properties":{"name":"Autogara Razboieni","lines":"17, 32","arr":["17","32"],"terminus":0,"mode":"bus","color":"#0059a9","colorDark":"#00294f","angle":191.8,"snapDist":7,"label":1}},{"type":"Feature","geometry":{"type":"Point","coordinates":[21.933884,47.072335]},"properties":{"name":"Autogara Stefan Cel Mare","lines":"18, 22","arr":["18","22"],"terminus":1,"mode":"bus","color":"#0059a9","colorDark":"#00294f","angle":57.4,"snapDist":1,"label":1}},{"type":"Feature","geometry":{"type":"Point","coordinates":[21.917661,47.086324]},"properties":{"name":"Johann Strauss","lines":"18, 35, 721","arr":["18","35","721"],"terminus":0,"mode":"bus","color":"#0059a9","colorDark":"#00294f","angle":154.9,"snapDist":2,"label":1}},{"type":"Feature","geometry":{"type":"Point","coordinates":[21.922611,47.08792]},"properties":{"name":"Gradinita nr.14 bis","lines":"18, 35, 721","arr":["18","35","721"],"terminus":0,"mode":"bus","color":"#0059a9","colorDark":"#00294f","angle":154.4,"snapDist":6,"label":1}},{"type":"Feature","geometry":{"type":"Point","coordinates":[21.92663,47.088585]},"properties":{"name":"Bihorului nr.68","lines":"18","arr":["18"],"terminus":0,"mode":"bus","color":"#0059a9","colorDark":"#00294f","angle":264.8,"snapDist":6,"label":1}},{"type":"Feature","geometry":{"type":"Point","coordinates":[21.927038,47.085299]},"properties":{"name":"Biserica Penticostala II","lines":"18, 35","arr":["18","35"],"terminus":0,"mode":"bus","color":"#0059a9","colorDark":"#00294f","angle":260,"snapDist":9,"label":1}},{"type":"Feature","geometry":{"type":"Point","coordinates":[21.928445,47.081061]},"properties":{"name":"Depou CFR","lines":"18","arr":["18"],"terminus":0,"mode":"bus","color":"#0059a9","colorDark":"#00294f","angle":269.3,"snapDist":6,"label":1}},{"type":"Feature","geometry":{"type":"Point","coordinates":[21.929432,47.079408]},"properties":{"name":"Bihorului","lines":"18, 35","arr":["18","35"],"terminus":0,"mode":"bus","color":"#0059a9","colorDark":"#00294f","angle":236.9,"snapDist":7,"label":1}},{"type":"Feature","geometry":{"type":"Point","coordinates":[21.935616,47.076546]},"properties":{"name":"Izvorului nr.23","lines":"18","arr":["18"],"terminus":0,"mode":"bus","color":"#0059a9","colorDark":"#00294f","angle":189.5,"snapDist":8,"label":1}},{"type":"Feature","geometry":{"type":"Point","coordinates":[21.94083,47.077685]},"properties":{"name":"Spitalul Clinic de Pneumofiziologie","lines":"18","arr":["18"],"terminus":0,"mode":"bus","color":"#0059a9","colorDark":"#00294f","angle":171.7,"snapDist":8,"label":1}},{"type":"Feature","geometry":{"type":"Point","coordinates":[21.946761,47.083248]},"properties":{"name":"Izvorului nr.52","lines":"18","arr":["18"],"terminus":1,"mode":"bus","color":"#0059a9","colorDark":"#00294f","angle":101.6,"snapDist":5,"label":1}},{"type":"Feature","geometry":{"type":"Point","coordinates":[21.941168,47.077725]},"properties":{"name":"Spitalul Clinic de Pneumofiziologie","lines":"18","arr":["18"],"terminus":0,"mode":"bus","color":"#0059a9","colorDark":"#00294f","angle":348.5,"snapDist":1,"label":0}},{"type":"Feature","geometry":{"type":"Point","coordinates":[21.935457,47.076564]},"properties":{"name":"Izvorului nr.6A","lines":"18","arr":["18"],"terminus":0,"mode":"bus","color":"#0059a9","colorDark":"#00294f","angle":9.5,"snapDist":3,"label":1}},{"type":"Feature","geometry":{"type":"Point","coordinates":[21.929583,47.07925]},"properties":{"name":"Bihorului II","lines":"18, 35","arr":["18","35"],"terminus":0,"mode":"bus","color":"#0059a9","colorDark":"#00294f","angle":56.9,"snapDist":3,"label":1}},{"type":"Feature","geometry":{"type":"Point","coordinates":[21.928442,47.081191]},"properties":{"name":"Depou CFR bis","lines":"18","arr":["18"],"terminus":0,"mode":"bus","color":"#0059a9","colorDark":"#00294f","angle":89.3,"snapDist":7,"label":1}},{"type":"Feature","geometry":{"type":"Point","coordinates":[21.927127,47.084849]},"properties":{"name":"Biserica Penticostala","lines":"18, 35","arr":["18","35"],"terminus":0,"mode":"bus","color":"#0059a9","colorDark":"#00294f","angle":83.9,"snapDist":6,"label":1}},{"type":"Feature","geometry":{"type":"Point","coordinates":[21.925713,47.088891]},"properties":{"name":"Ion Bogdan","lines":"18, 721","arr":["18","721"],"terminus":0,"mode":"bus","color":"#0059a9","colorDark":"#00294f","angle":335.6,"snapDist":9,"label":1}},{"type":"Feature","geometry":{"type":"Point","coordinates":[21.922978,47.088041]},"properties":{"name":"Gradinita nr.14","lines":"18, 35, 721","arr":["18","35","721"],"terminus":0,"mode":"bus","color":"#0059a9","colorDark":"#00294f","angle":333.9,"snapDist":6,"label":1}},{"type":"Feature","geometry":{"type":"Point","coordinates":[21.917773,47.086359]},"properties":{"name":"ABA Crisuri","lines":"18, 35, 721","arr":["18","35","721"],"terminus":0,"mode":"bus","color":"#0059a9","colorDark":"#00294f","angle":334.9,"snapDist":8,"label":1}},{"type":"Feature","geometry":{"type":"Point","coordinates":[21.933829,47.072173]},"properties":{"name":"Stefan cel Mare nr. 4","lines":"18","arr":["18"],"terminus":0,"mode":"bus","color":"#0059a9","colorDark":"#00294f","angle":238.2,"snapDist":1,"label":1}},{"type":"Feature","geometry":{"type":"Point","coordinates":[21.904354,47.041431]},"properties":{"name":"ERA Shopping Park","lines":"19, 23","arr":["19","23"],"terminus":1,"mode":"bus","color":"#0059a9","colorDark":"#00294f","angle":101.1,"snapDist":7,"label":1}},{"type":"Feature","geometry":{"type":"Point","coordinates":[21.900697,47.041486]},"properties":{"name":"Dedeman","lines":"19, 23","arr":["19","23"],"terminus":0,"mode":"bus","color":"#0059a9","colorDark":"#00294f","angle":15.3,"snapDist":11,"label":1}},{"type":"Feature","geometry":{"type":"Point","coordinates":[21.904664,47.048958]},"properties":{"name":"Pod Peta","lines":"19, 23, 24, 28, 29, 43","arr":["19","23","24","28","29","43"],"terminus":0,"mode":"bus","color":"#0059a9","colorDark":"#00294f","angle":103.6,"snapDist":7,"label":1}},{"type":"Feature","geometry":{"type":"Point","coordinates":[21.906807,47.052125]},"properties":{"name":"Calea Aradului","lines":"19, 24, 28, 29, 31, 33E, 33P, 37, 43","arr":["19","24","28","29","31","33E","33P","37","43"],"terminus":0,"mode":"bus","color":"#0059a9","colorDark":"#00294f","angle":140.5,"snapDist":11,"label":1}},{"type":"Feature","geometry":{"type":"Point","coordinates":[21.919208,47.075531]},"properties":{"name":"Corneliu Coposu","lines":"19, 721, T9","arr":["19","721","T9"],"terminus":0,"mode":"bus","color":"#0059a9","colorDark":"#00294f","angle":210.3,"snapDist":3,"label":1}},{"type":"Feature","geometry":{"type":"Point","coordinates":[21.922793,47.06545]},"properties":{"name":"Piata Decebal","lines":"19, 36, 42","arr":["19","36","42"],"terminus":0,"mode":"bus","color":"#0059a9","colorDark":"#00294f","angle":297,"snapDist":5,"label":1}},{"type":"Feature","geometry":{"type":"Point","coordinates":[21.905806,47.051547]},"properties":{"name":"Nicolae Bolcas","lines":"19, 24, 28, 29, 30, 43","arr":["19","24","28","29","30","43"],"terminus":0,"mode":"bus","color":"#0059a9","colorDark":"#00294f","angle":299.6,"snapDist":5,"label":1}},{"type":"Feature","geometry":{"type":"Point","coordinates":[21.904465,47.048954]},"properties":{"name":"Pod Peta","lines":"19, 23, 24, 28, 29, 30, 43","arr":["19","23","24","28","29","30","43"],"terminus":0,"mode":"bus","color":"#0059a9","colorDark":"#00294f","angle":284.3,"snapDist":5,"label":0}},{"type":"Feature","geometry":{"type":"Point","coordinates":[21.918207,47.07861]},"properties":{"name":"Piata Rogerius","lines":"22, 32, 35, 39, 721","arr":["22","32","35","39","721"],"terminus":0,"mode":"bus","color":"#0059a9","colorDark":"#00294f","angle":133.6,"snapDist":7,"label":1}},{"type":"Feature","geometry":{"type":"Point","coordinates":[21.893703,47.111189]},"properties":{"name":"La Cocos Episcopia","lines":"22","arr":["22"],"terminus":1,"mode":"bus","color":"#0059a9","colorDark":"#00294f","angle":-41.8,"snapDist":73,"label":1}},{"type":"Feature","geometry":{"type":"Point","coordinates":[21.906902,47.050088]},"properties":{"name":"Padisului","lines":"23","arr":["23"],"terminus":0,"mode":"bus","color":"#0059a9","colorDark":"#00294f","angle":166.2,"snapDist":3,"label":1}},{"type":"Feature","geometry":{"type":"Point","coordinates":[21.917931,47.051879]},"properties":{"name":"Vladeasa nr.6","lines":"23","arr":["23"],"terminus":0,"mode":"bus","color":"#0059a9","colorDark":"#00294f","angle":166.2,"snapDist":2,"label":1}},{"type":"Feature","geometry":{"type":"Point","coordinates":[21.921403,47.050483]},"properties":{"name":"Colegiul Economic","lines":"23","arr":["23"],"terminus":0,"mode":"bus","color":"#0059a9","colorDark":"#00294f","angle":189.4,"snapDist":4,"label":1}},{"type":"Feature","geometry":{"type":"Point","coordinates":[21.93975,47.041049]},"properties":{"name":"Scoala Dimitrie Cantemir","lines":"23","arr":["23"],"terminus":0,"mode":"bus","color":"#0059a9","colorDark":"#00294f","angle":177.6,"snapDist":7,"label":1}},{"type":"Feature","geometry":{"type":"Point","coordinates":[21.918083,47.05455]},"properties":{"name":"Autogara Decebal","lines":"23, 31, 33E, 33P, 36, 37, RoHu","arr":["23","31","33E","33P","36","37","RoHu"],"terminus":1,"mode":"bus","color":"#0059a9","colorDark":"#00294f","angle":254.4,"snapDist":0,"label":1}},{"type":"Feature","geometry":{"type":"Point","coordinates":[21.9179,47.051874]},"properties":{"name":"Vladeasa nr.1","lines":"23","arr":["23"],"terminus":0,"mode":"bus","color":"#0059a9","colorDark":"#00294f","angle":346.2,"snapDist":6,"label":1}},{"type":"Feature","geometry":{"type":"Point","coordinates":[21.907145,47.050129]},"properties":{"name":"Padisului II","lines":"23, 37","arr":["23","37"],"terminus":0,"mode":"bus","color":"#0059a9","colorDark":"#00294f","angle":346.2,"snapDist":5,"label":1}},{"type":"Feature","geometry":{"type":"Point","coordinates":[21.898487,47.043672]},"properties":{"name":"Kaufland Calea Aradului","lines":"24","arr":["24"],"terminus":1,"mode":"bus","color":"#0059a9","colorDark":"#00294f","angle":283.7,"snapDist":33,"label":1}},{"type":"Feature","geometry":{"type":"Point","coordinates":[21.933374,47.025295]},"properties":{"name":"Str. Daliei nr.1","lines":"25","arr":["25"],"terminus":1,"mode":"bus","color":"#0059a9","colorDark":"#00294f","angle":331.4,"snapDist":7,"label":1}},{"type":"Feature","geometry":{"type":"Point","coordinates":[21.924822,47.022181]},"properties":{"name":"Cartierul Nou nr.1","lines":"25","arr":["25"],"terminus":0,"mode":"bus","color":"#0059a9","colorDark":"#00294f","angle":333.2,"snapDist":6,"label":1}},{"type":"Feature","geometry":{"type":"Point","coordinates":[21.924281,47.025847]},"properties":{"name":"Nojoridului nr.110","lines":"25","arr":["25"],"terminus":0,"mode":"bus","color":"#0059a9","colorDark":"#00294f","angle":177.7,"snapDist":5,"label":1}},{"type":"Feature","geometry":{"type":"Point","coordinates":[21.927087,47.028901]},"properties":{"name":"Nojoridului nr.184","lines":"25","arr":["25"],"terminus":0,"mode":"bus","color":"#0059a9","colorDark":"#00294f","angle":131.4,"snapDist":3,"label":1}},{"type":"Feature","geometry":{"type":"Point","coordinates":[21.955093,47.029176]},"properties":{"name":"Autogara Nufarul","lines":"25, 38, 511, 512, 513, 514, 515, 516, 517, 531","arr":["25","38","511","512","513","514","515","516","517","531"],"terminus":1,"mode":"bus","color":"#0059a9","colorDark":"#00294f","angle":321.3,"snapDist":5,"label":1}},{"type":"Feature","geometry":{"type":"Point","coordinates":[21.942164,47.040463]},"properties":{"name":"Dimitrie Cantemir","lines":"25, 31, 33, 33E, 36, 39","arr":["25","31","33","33E","36","39"],"terminus":1,"mode":"bus","color":"#0059a9","colorDark":"#00294f","angle":266.1,"snapDist":6,"label":1}},{"type":"Feature","geometry":{"type":"Point","coordinates":[21.92711,47.028919]},"properties":{"name":"Nojoridului nr.2","lines":"25","arr":["25"],"terminus":0,"mode":"bus","color":"#0059a9","colorDark":"#00294f","angle":311.4,"snapDist":9,"label":1}},{"type":"Feature","geometry":{"type":"Point","coordinates":[21.924175,47.02607]},"properties":{"name":"Nojoridului nr.110","lines":"25","arr":["25"],"terminus":0,"mode":"bus","color":"#0059a9","colorDark":"#00294f","angle":303.9,"snapDist":6,"label":0}},{"type":"Feature","geometry":{"type":"Point","coordinates":[21.924941,47.022222]},"properties":{"name":"Cartierul Nou nr.2","lines":"25","arr":["25"],"terminus":0,"mode":"bus","color":"#0059a9","colorDark":"#00294f","angle":153.2,"snapDist":5,"label":1}},{"type":"Feature","geometry":{"type":"Point","coordinates":[21.893637,47.080338]},"properties":{"name":"Electrocentrale Oradea","lines":"26, 27, 27P, 34, 611, 612","arr":["26","27","27P","34","611","612"],"terminus":0,"mode":"bus","color":"#0059a9","colorDark":"#00294f","angle":33.1,"snapDist":12,"label":1}},{"type":"Feature","geometry":{"type":"Point","coordinates":[21.886099,47.083168]},"properties":{"name":"Eurobusiness Parc 1","lines":"26, 27, 27P, 31, 32, 33, 33E, 33P, 34, 35, 611, 612, RoHu","arr":["26","27","27P","31","32","33","33E","33P","34","35","611","612","RoHu"],"terminus":0,"mode":"bus","color":"#0059a9","colorDark":"#00294f","angle":33,"snapDist":8,"label":1}},{"type":"Feature","geometry":{"type":"Point","coordinates":[21.880192,47.086248]},"properties":{"name":"Eurobusiness Parc 2","lines":"26, 27, 27P, 31, 32, 611, 612","arr":["26","27","27P","31","32","611","612"],"terminus":0,"mode":"bus","color":"#0059a9","colorDark":"#00294f","angle":40.1,"snapDist":9,"label":1}},{"type":"Feature","geometry":{"type":"Point","coordinates":[21.871826,47.089545]},"properties":{"name":"Eurobusiness Parc 3 [s]","lines":"26","arr":["26"],"terminus":0,"mode":"bus","color":"#0059a9","colorDark":"#00294f","angle":310.1,"snapDist":6,"label":1}},{"type":"Feature","geometry":{"type":"Point","coordinates":[21.866592,47.08593]},"properties":{"name":"Eurobusiness Parc 4 [s]","lines":"26, 27P","arr":["26","27P"],"terminus":0,"mode":"bus","color":"#0059a9","colorDark":"#00294f","angle":219.8,"snapDist":3,"label":1}},{"type":"Feature","geometry":{"type":"Point","coordinates":[21.863092,47.089128]},"properties":{"name":"Eurobusiness Parc 5","lines":"26, 27P, 31, 32","arr":["26","27P","31","32"],"terminus":0,"mode":"bus","color":"#0059a9","colorDark":"#00294f","angle":40.3,"snapDist":5,"label":1}},{"type":"Feature","geometry":{"type":"Point","coordinates":[21.866278,47.092664]},"properties":{"name":"Eurobusiness Parc 6 sosire","lines":"26","arr":["26"],"terminus":0,"mode":"bus","color":"#0059a9","colorDark":"#00294f","angle":129.9,"snapDist":1,"label":1}},{"type":"Feature","geometry":{"type":"Point","coordinates":[21.866416,47.092777]},"properties":{"name":"Eurobusiness Parc 6 Plecare","lines":"26","arr":["26"],"terminus":1,"mode":"bus","color":"#0059a9","colorDark":"#00294f","angle":-50.1,"snapDist":7,"label":1}},{"type":"Feature","geometry":{"type":"Point","coordinates":[21.862896,47.089241]},"properties":{"name":"Eurobusiness Parc 5","lines":"26, 27P, 31, 32","arr":["26","27P","31","32"],"terminus":0,"mode":"bus","color":"#0059a9","colorDark":"#00294f","angle":220.3,"snapDist":4,"label":0}},{"type":"Feature","geometry":{"type":"Point","coordinates":[21.866666,47.085888]},"properties":{"name":"Eurobusiness Parc 4","lines":"26, 27, 27P, 31, 32","arr":["26","27","27P","31","32"],"terminus":1,"mode":"bus","color":"#0059a9","colorDark":"#00294f","angle":219.8,"snapDist":1,"label":1}},{"type":"Feature","geometry":{"type":"Point","coordinates":[21.871504,47.089288]},"properties":{"name":"Eurobusiness Parc 3","lines":"26, 33, 33E, 33P, 34, 35","arr":["26","33","33E","33P","34","35"],"terminus":1,"mode":"bus","color":"#0059a9","colorDark":"#00294f","angle":131,"snapDist":0,"label":1}},{"type":"Feature","geometry":{"type":"Point","coordinates":[21.878626,47.08715]},"properties":{"name":"Eurobusiness Parc 2","lines":"26, 27, 27P, 31, 32, 611, 612","arr":["26","27","27P","31","32","611","612"],"terminus":0,"mode":"bus","color":"#0059a9","colorDark":"#00294f","angle":220.4,"snapDist":0,"label":0}},{"type":"Feature","geometry":{"type":"Point","coordinates":[21.884899,47.083712]},"properties":{"name":"Eurobusiness Parc 1","lines":"26, 27, 27P, 31, 32, 33, 33E, 33P, 34, 35, 611, 612, RoHu","arr":["26","27","27P","31","32","33","33E","33P","34","35","611","612","RoHu"],"terminus":0,"mode":"bus","color":"#0059a9","colorDark":"#00294f","angle":213.8,"snapDist":1,"label":0}},{"type":"Feature","geometry":{"type":"Point","coordinates":[21.893452,47.08042]},"properties":{"name":"Calea Borsului nr. 22","lines":"26, 27, 27P","arr":["26","27","27P"],"terminus":0,"mode":"bus","color":"#0059a9","colorDark":"#00294f","angle":213.1,"snapDist":9,"label":1}},{"type":"Feature","geometry":{"type":"Point","coordinates":[21.875978,47.086761]},"properties":{"name":"Eurobusiness Parc 7","lines":"27, 27P, 31, 32, 33, 33E, 33P, 34, 35","arr":["27","27P","31","32","33","33E","33P","34","35"],"terminus":0,"mode":"bus","color":"#0059a9","colorDark":"#00294f","angle":310.4,"snapDist":7,"label":1}},{"type":"Feature","geometry":{"type":"Point","coordinates":[21.878509,47.083225]},"properties":{"name":"Eurobusiness Parc 8","lines":"27, 27P, 31, 32","arr":["27","27P","31","32"],"terminus":0,"mode":"bus","color":"#0059a9","colorDark":"#00294f","angle":221,"snapDist":6,"label":1}},{"type":"Feature","geometry":{"type":"Point","coordinates":[21.876033,47.081767]},"properties":{"name":"Eurobusiness Parc 9","lines":"27, 27P, 31, 32","arr":["27","27P","31","32"],"terminus":0,"mode":"bus","color":"#0059a9","colorDark":"#00294f","angle":31.5,"snapDist":8,"label":1}},{"type":"Feature","geometry":{"type":"Point","coordinates":[21.876638,47.081514]},"properties":{"name":"Eurobusiness Parc 9","lines":"27, 27P, 31, 32","arr":["27","27P","31","32"],"terminus":0,"mode":"bus","color":"#0059a9","colorDark":"#00294f","angle":211.5,"snapDist":2,"label":0}},{"type":"Feature","geometry":{"type":"Point","coordinates":[21.87848,47.083242]},"properties":{"name":"Eurobusiness Parc 8","lines":"27, 27P, 31, 32","arr":["27","27P","31","32"],"terminus":0,"mode":"bus","color":"#0059a9","colorDark":"#00294f","angle":41,"snapDist":2,"label":0}},{"type":"Feature","geometry":{"type":"Point","coordinates":[21.876055,47.086822]},"properties":{"name":"Eurobusiness Parc 7","lines":"27, 27P, 31, 32","arr":["27","27P","31","32"],"terminus":0,"mode":"bus","color":"#0059a9","colorDark":"#00294f","angle":130.4,"snapDist":5,"label":0}},{"type":"Feature","geometry":{"type":"Point","coordinates":[21.871524,47.084276]},"properties":{"name":"Eurobusiness Parc 10","lines":"27P, 31, 32","arr":["27P","31","32"],"terminus":0,"mode":"bus","color":"#0059a9","colorDark":"#00294f","angle":40.7,"snapDist":3,"label":1}},{"type":"Feature","geometry":{"type":"Point","coordinates":[21.864757,47.084817]},"properties":{"name":"Eurobusiness 11","lines":"27P","arr":["27P"],"terminus":0,"mode":"bus","color":"#0059a9","colorDark":"#00294f","angle":39.9,"snapDist":6,"label":1}},{"type":"Feature","geometry":{"type":"Point","coordinates":[21.864607,47.084903]},"properties":{"name":"Eurobusiness Parc 11","lines":"27P, 31, 32","arr":["27P","31","32"],"terminus":1,"mode":"bus","color":"#0059a9","colorDark":"#00294f","angle":219.9,"snapDist":3,"label":1}},{"type":"Feature","geometry":{"type":"Point","coordinates":[21.871727,47.084157]},"properties":{"name":"Eurobusiness Parc 10","lines":"27P, 31, 32","arr":["27P","31","32"],"terminus":0,"mode":"bus","color":"#0059a9","colorDark":"#00294f","angle":220.7,"snapDist":2,"label":0}},{"type":"Feature","geometry":{"type":"Point","coordinates":[21.911117,47.073622]},"properties":{"name":"Dacia Zig Zag [s]","lines":"27P","arr":["27P"],"terminus":0,"mode":"bus","color":"#0059a9","colorDark":"#00294f","angle":183.2,"snapDist":9,"label":1}},{"type":"Feature","geometry":{"type":"Point","coordinates":[21.897115,47.025981]},"properties":{"name":"Aeroportul Oradea","lines":"28","arr":["28"],"terminus":1,"mode":"bus","color":"#0059a9","colorDark":"#00294f","angle":97,"snapDist":2,"label":1}},{"type":"Feature","geometry":{"type":"Point","coordinates":[21.925322,47.0717]},"properties":{"name":"Olosig A","lines":"29","arr":["29"],"terminus":0,"mode":"bus","color":"#0059a9","colorDark":"#00294f","angle":41.7,"snapDist":0,"label":1}},{"type":"Feature","geometry":{"type":"Point","coordinates":[21.917648,47.078212]},"properties":{"name":"Piata Magnoliei","lines":"29, 30, 32, 35, 39, 721","arr":["29","30","32","35","39","721"],"terminus":0,"mode":"bus","color":"#0059a9","colorDark":"#00294f","angle":313.7,"snapDist":5,"label":1}},{"type":"Feature","geometry":{"type":"Point","coordinates":[21.907631,47.075145]},"properties":{"name":"Pod Rutier","lines":"29, 30, 42","arr":["29","30","42"],"terminus":0,"mode":"bus","color":"#0059a9","colorDark":"#00294f","angle":272.1,"snapDist":4,"label":0}},{"type":"Feature","geometry":{"type":"Point","coordinates":[21.909496,47.042943]},"properties":{"name":"Leroy Merlin","lines":"30","arr":["30"],"terminus":1,"mode":"bus","color":"#0059a9","colorDark":"#00294f","angle":279.9,"snapDist":6,"label":1}},{"type":"Feature","geometry":{"type":"Point","coordinates":[21.947315,47.0348]},"properties":{"name":"Lotus","lines":"31, 33, 33E","arr":["31","33","33E"],"terminus":0,"mode":"bus","color":"#0059a9","colorDark":"#00294f","angle":73.1,"snapDist":8,"label":1}},{"type":"Feature","geometry":{"type":"Point","coordinates":[21.942157,47.040537]},"properties":{"name":"Dimitrie Cantemir","lines":"31, 33, 33E, 36, 39","arr":["31","33","33E","36","39"],"terminus":1,"mode":"bus","color":"#0059a9","colorDark":"#00294f","angle":86.1,"snapDist":9,"label":0}},{"type":"Feature","geometry":{"type":"Point","coordinates":[21.882558,47.084896]},"properties":{"name":"Calea Borsului nr.32","lines":"31, 32","arr":["31","32"],"terminus":0,"mode":"bus","color":"#0059a9","colorDark":"#00294f","angle":39.8,"snapDist":8,"label":1}},{"type":"Feature","geometry":{"type":"Point","coordinates":[21.867443,47.086621]},"properties":{"name":"Eurobusiness Parc 4","lines":"31, 32","arr":["31","32"],"terminus":0,"mode":"bus","color":"#0059a9","colorDark":"#00294f","angle":39.3,"snapDist":7,"label":0}},{"type":"Feature","geometry":{"type":"Point","coordinates":[21.882567,47.084891]},"properties":{"name":"Calea Borsului nr.32","lines":"31, 32","arr":["31","32"],"terminus":0,"mode":"bus","color":"#0059a9","colorDark":"#00294f","angle":219.8,"snapDist":2,"label":0}},{"type":"Feature","geometry":{"type":"Point","coordinates":[21.908702,47.056597]},"properties":{"name":"Onestilor nr.44","lines":"31, 37","arr":["31","37"],"terminus":0,"mode":"bus","color":"#0059a9","colorDark":"#00294f","angle":291.3,"snapDist":1,"label":1}},{"type":"Feature","geometry":{"type":"Point","coordinates":[21.950565,47.050375]},"properties":{"name":"Piata Tineretului","lines":"32","arr":["32"],"terminus":0,"mode":"bus","color":"#0059a9","colorDark":"#00294f","angle":203.1,"snapDist":5,"label":0}},{"type":"Feature","geometry":{"type":"Point","coordinates":[21.908445,47.053129]},"properties":{"name":"Calea Aradului Retur","lines":"33E","arr":["33E"],"terminus":0,"mode":"bus","color":"#0059a9","colorDark":"#00294f","angle":336.3,"snapDist":2,"label":1}},{"type":"Feature","geometry":{"type":"Point","coordinates":[21.910771,47.060254]},"properties":{"name":"Onestilor nr.76","lines":"33E, 33P","arr":["33E","33P"],"terminus":0,"mode":"bus","color":"#0059a9","colorDark":"#00294f","angle":292.7,"snapDist":5,"label":1}},{"type":"Feature","geometry":{"type":"Point","coordinates":[21.893551,47.080376]},"properties":{"name":"Calea Borsului nr.22","lines":"34, 611, 612","arr":["34","611","612"],"terminus":0,"mode":"bus","color":"#0059a9","colorDark":"#00294f","angle":213.1,"snapDist":3,"label":1}},{"type":"Feature","geometry":{"type":"Point","coordinates":[21.894312,47.103039]},"properties":{"name":"Suisului","lines":"35","arr":["35"],"terminus":1,"mode":"bus","color":"#0059a9","colorDark":"#00294f","angle":197.1,"snapDist":3,"label":1}},{"type":"Feature","geometry":{"type":"Point","coordinates":[21.917486,47.057475]},"properties":{"name":"Andrei Saguna","lines":"36, T9","arr":["36","T9"],"terminus":1,"mode":"bus","color":"#0059a9","colorDark":"#00294f","angle":92.8,"snapDist":7,"label":1}},{"type":"Feature","geometry":{"type":"Point","coordinates":[21.860154,47.098075]},"properties":{"name":"Calea Borsului nr.40","lines":"36, 37, 38, 39, 611, 612","arr":["36","37","38","39","611","612"],"terminus":1,"mode":"bus","color":"#0059a9","colorDark":"#00294f","angle":213.7,"snapDist":5,"label":1}},{"type":"Feature","geometry":{"type":"Point","coordinates":[21.929951,47.048701]},"properties":{"name":"Horea nr.2","lines":"37","arr":["37"],"terminus":0,"mode":"bus","color":"#0059a9","colorDark":"#00294f","angle":56.3,"snapDist":6,"label":1}},{"type":"Feature","geometry":{"type":"Point","coordinates":[21.920168,47.04214]},"properties":{"name":"Ceyrat","lines":"41","arr":["41"],"terminus":0,"mode":"bus","color":"#0059a9","colorDark":"#00294f","angle":1.2,"snapDist":6,"label":1}},{"type":"Feature","geometry":{"type":"Point","coordinates":[21.920179,47.04214]},"properties":{"name":"Ceyrat","lines":"41","arr":["41"],"terminus":0,"mode":"bus","color":"#0059a9","colorDark":"#00294f","angle":181.2,"snapDist":6,"label":0}},{"type":"Feature","geometry":{"type":"Point","coordinates":[21.93568,47.04397]},"properties":{"name":"Teiului","lines":"41","arr":["41"],"terminus":0,"mode":"bus","color":"#0059a9","colorDark":"#00294f","angle":60.1,"snapDist":4,"label":1}},{"type":"Feature","geometry":{"type":"Point","coordinates":[21.910068,47.080164]},"properties":{"name":"Adeplast","lines":"42","arr":["42"],"terminus":0,"mode":"bus","color":"#0059a9","colorDark":"#00294f","angle":18.7,"snapDist":7,"label":1}},{"type":"Feature","geometry":{"type":"Point","coordinates":[21.908437,47.082505]},"properties":{"name":"Premagro","lines":"42","arr":["42"],"terminus":0,"mode":"bus","color":"#0059a9","colorDark":"#00294f","angle":72.1,"snapDist":8,"label":1}},{"type":"Feature","geometry":{"type":"Point","coordinates":[21.906954,47.086023]},"properties":{"name":"Macon","lines":"42","arr":["42"],"terminus":0,"mode":"bus","color":"#0059a9","colorDark":"#00294f","angle":75.1,"snapDist":3,"label":1}},{"type":"Feature","geometry":{"type":"Point","coordinates":[21.901451,47.089779]},"properties":{"name":"Parc Industrial 3","lines":"42","arr":["42"],"terminus":0,"mode":"bus","color":"#0059a9","colorDark":"#00294f","angle":23.2,"snapDist":3,"label":1}},{"type":"Feature","geometry":{"type":"Point","coordinates":[21.898711,47.087863]},"properties":{"name":"Parc Industrial 3/1","lines":"42","arr":["42"],"terminus":0,"mode":"bus","color":"#0059a9","colorDark":"#00294f","angle":303.5,"snapDist":2,"label":1}},{"type":"Feature","geometry":{"type":"Point","coordinates":[21.897719,47.084937]},"properties":{"name":"Parc Industrial 3/2","lines":"42","arr":["42"],"terminus":0,"mode":"bus","color":"#0059a9","colorDark":"#00294f","angle":210.6,"snapDist":7,"label":1}},{"type":"Feature","geometry":{"type":"Point","coordinates":[21.901688,47.087397]},"properties":{"name":"Parc Industrial 3/3","lines":"42","arr":["42"],"terminus":1,"mode":"bus","color":"#0059a9","colorDark":"#00294f","angle":123.4,"snapDist":4,"label":1}},{"type":"Feature","geometry":{"type":"Point","coordinates":[21.906695,47.086017]},"properties":{"name":"Macon","lines":"42","arr":["42"],"terminus":0,"mode":"bus","color":"#0059a9","colorDark":"#00294f","angle":306.9,"snapDist":4,"label":0}},{"type":"Feature","geometry":{"type":"Point","coordinates":[21.908342,47.082707]},"properties":{"name":"Premagro","lines":"42","arr":["42"],"terminus":0,"mode":"bus","color":"#0059a9","colorDark":"#00294f","angle":252.1,"snapDist":1,"label":0}},{"type":"Feature","geometry":{"type":"Point","coordinates":[21.909951,47.080192]},"properties":{"name":"Adeplast","lines":"42","arr":["42"],"terminus":0,"mode":"bus","color":"#0059a9","colorDark":"#00294f","angle":196.7,"snapDist":3,"label":0}},{"type":"Feature","geometry":{"type":"Point","coordinates":[21.893178,47.048057]},"properties":{"name":"Calea Santandrei nr. 33","lines":"43","arr":["43"],"terminus":0,"mode":"bus","color":"#0059a9","colorDark":"#00294f","angle":19.1,"snapDist":9,"label":1}},{"type":"Feature","geometry":{"type":"Point","coordinates":[21.879501,47.049949]},"properties":{"name":"Terra","lines":"43","arr":["43"],"terminus":1,"mode":"bus","color":"#0059a9","colorDark":"#00294f","angle":289.9,"snapDist":3,"label":1}},{"type":"Feature","geometry":{"type":"Point","coordinates":[21.891349,47.04836]},"properties":{"name":"Calea Santandrei nr. 28","lines":"43","arr":["43"],"terminus":0,"mode":"bus","color":"#0059a9","colorDark":"#00294f","angle":199,"snapDist":6,"label":1}},{"type":"Feature","geometry":{"type":"Point","coordinates":[21.964986,47.014447]},"properties":{"name":"Cartier ANL","lines":"511, 512","arr":["511","512"],"terminus":0,"mode":"bus","color":"#0059a9","colorDark":"#00294f","angle":246.9,"snapDist":6,"label":1}},{"type":"Feature","geometry":{"type":"Point","coordinates":[21.972142,47.007193]},"properties":{"name":"Scoala Sanmartin","lines":"511, 512","arr":["511","512"],"terminus":0,"mode":"bus","color":"#0059a9","colorDark":"#00294f","angle":224,"snapDist":7,"label":1}},{"type":"Feature","geometry":{"type":"Point","coordinates":[21.976432,47.004674]},"properties":{"name":"Parc Sanmartin","lines":"511, 512, 513, 514, 515, 516, 517","arr":["511","512","513","514","515","516","517"],"terminus":0,"mode":"bus","color":"#0059a9","colorDark":"#00294f","angle":216.3,"snapDist":7,"label":1}},{"type":"Feature","geometry":{"type":"Point","coordinates":[21.97814,46.994808]},"properties":{"name":"Strandul Apollo","lines":"511","arr":["511"],"terminus":0,"mode":"bus","color":"#0059a9","colorDark":"#00294f","angle":291.1,"snapDist":2,"label":1}},{"type":"Feature","geometry":{"type":"Point","coordinates":[21.976149,46.990694]},"properties":{"name":"Gara Baile Felix","lines":"511","arr":["511"],"terminus":0,"mode":"bus","color":"#0059a9","colorDark":"#00294f","angle":297.3,"snapDist":2,"label":1}},{"type":"Feature","geometry":{"type":"Point","coordinates":[21.976338,46.987695]},"properties":{"name":"Padurea Felix","lines":"511","arr":["511"],"terminus":1,"mode":"bus","color":"#0059a9","colorDark":"#00294f","angle":48.6,"snapDist":4,"label":1}},{"type":"Feature","geometry":{"type":"Point","coordinates":[21.981869,46.987673]},"properties":{"name":"Centru Baile Felix","lines":"511","arr":["511"],"terminus":0,"mode":"bus","color":"#0059a9","colorDark":"#00294f","angle":137.7,"snapDist":1,"label":1}},{"type":"Feature","geometry":{"type":"Point","coordinates":[21.985333,46.985472]},"properties":{"name":"Str. Primaverii","lines":"511","arr":["511"],"terminus":0,"mode":"bus","color":"#0059a9","colorDark":"#00294f","angle":194.6,"snapDist":2,"label":1}},{"type":"Feature","geometry":{"type":"Point","coordinates":[21.983376,46.992369]},"properties":{"name":"Hoteluri Baile Felix","lines":"511, 513, 515, 516, 517","arr":["511","513","515","516","517"],"terminus":0,"mode":"bus","color":"#0059a9","colorDark":"#00294f","angle":261,"snapDist":1,"label":1}},{"type":"Feature","geometry":{"type":"Point","coordinates":[21.975286,47.005239]},"properties":{"name":"Biserica Sanmartin","lines":"511, 512, 513, 514, 515, 516, 517","arr":["511","512","513","514","515","516","517"],"terminus":0,"mode":"bus","color":"#0059a9","colorDark":"#00294f","angle":37.7,"snapDist":7,"label":1}},{"type":"Feature","geometry":{"type":"Point","coordinates":[21.972285,47.007099]},"properties":{"name":"Scoala Sanmartin","lines":"511, 512","arr":["511","512"],"terminus":0,"mode":"bus","color":"#0059a9","colorDark":"#00294f","angle":44,"snapDist":4,"label":0}},{"type":"Feature","geometry":{"type":"Point","coordinates":[21.96417,47.016074]},"properties":{"name":"Cartier ANL II","lines":"511, 512","arr":["511","512"],"terminus":0,"mode":"bus","color":"#0059a9","colorDark":"#00294f","angle":72.4,"snapDist":7,"label":1}},{"type":"Feature","geometry":{"type":"Point","coordinates":[21.990247,47.000548]},"properties":{"name":"Strandul 1 Mai","lines":"512, 514","arr":["512","514"],"terminus":0,"mode":"bus","color":"#0059a9","colorDark":"#00294f","angle":238.3,"snapDist":9,"label":1}},{"type":"Feature","geometry":{"type":"Point","coordinates":[21.99944,46.996566]},"properties":{"name":"Baile 1 Mai","lines":"512, 514","arr":["512","514"],"terminus":1,"mode":"bus","color":"#0059a9","colorDark":"#00294f","angle":205.5,"snapDist":5,"label":1}},{"type":"Feature","geometry":{"type":"Point","coordinates":[21.990749,46.999989]},"properties":{"name":"Strandul 1 Mai","lines":"512, 514","arr":["512","514"],"terminus":0,"mode":"bus","color":"#0059a9","colorDark":"#00294f","angle":57.3,"snapDist":3,"label":0}},{"type":"Feature","geometry":{"type":"Point","coordinates":[21.990122,47.001427]},"properties":{"name":"Calea Dealului II","lines":"512","arr":["512"],"terminus":0,"mode":"bus","color":"#0059a9","colorDark":"#00294f","angle":89.7,"snapDist":5,"label":1}},{"type":"Feature","geometry":{"type":"Point","coordinates":[21.990475,47.004477]},"properties":{"name":"ABC Rontau","lines":"512","arr":["512"],"terminus":0,"mode":"bus","color":"#0059a9","colorDark":"#00294f","angle":161.3,"snapDist":3,"label":1}},{"type":"Feature","geometry":{"type":"Point","coordinates":[21.996699,47.002193]},"properties":{"name":"Biserica Rontau","lines":"512","arr":["512"],"terminus":0,"mode":"bus","color":"#0059a9","colorDark":"#00294f","angle":226,"snapDist":6,"label":1}},{"type":"Feature","geometry":{"type":"Point","coordinates":[22.006751,47.000278]},"properties":{"name":"Cartier Rontau","lines":"512","arr":["512"],"terminus":0,"mode":"bus","color":"#0059a9","colorDark":"#00294f","angle":244.3,"snapDist":4,"label":1}},{"type":"Feature","geometry":{"type":"Point","coordinates":[21.996632,47.002241]},"properties":{"name":"Bis. Rontau II","lines":"512","arr":["512"],"terminus":0,"mode":"bus","color":"#0059a9","colorDark":"#00294f","angle":226,"snapDist":4,"label":1}},{"type":"Feature","geometry":{"type":"Point","coordinates":[21.99045,47.004471]},"properties":{"name":"ABC Rontau II","lines":"512","arr":["512"],"terminus":0,"mode":"bus","color":"#0059a9","colorDark":"#00294f","angle":161.3,"snapDist":3,"label":1}},{"type":"Feature","geometry":{"type":"Point","coordinates":[21.985853,46.981078]},"properties":{"name":"Aqua Parc President II","lines":"513","arr":["513"],"terminus":0,"mode":"bus","color":"#0059a9","colorDark":"#00294f","angle":307.5,"snapDist":5,"label":1}},{"type":"Feature","geometry":{"type":"Point","coordinates":[21.973433,46.971165]},"properties":{"name":"Cuibul de Barza","lines":"513","arr":["513"],"terminus":0,"mode":"bus","color":"#0059a9","colorDark":"#00294f","angle":254.2,"snapDist":5,"label":1}},{"type":"Feature","geometry":{"type":"Point","coordinates":[21.975564,46.965069]},"properties":{"name":"Biserica Cordau","lines":"513","arr":["513"],"terminus":0,"mode":"bus","color":"#0059a9","colorDark":"#00294f","angle":174.4,"snapDist":3,"label":1}},{"type":"Feature","geometry":{"type":"Point","coordinates":[21.978463,46.963348]},"properties":{"name":"Cordau nr.221","lines":"513","arr":["513"],"terminus":0,"mode":"bus","color":"#0059a9","colorDark":"#00294f","angle":243.8,"snapDist":4,"label":1}},{"type":"Feature","geometry":{"type":"Point","coordinates":[21.980818,46.958362]},"properties":{"name":"Cordau nr.229","lines":"513","arr":["513"],"terminus":0,"mode":"bus","color":"#0059a9","colorDark":"#00294f","angle":13.9,"snapDist":2,"label":1}},{"type":"Feature","geometry":{"type":"Point","coordinates":[21.975965,46.961585]},"properties":{"name":"Cordau nr.190","lines":"513","arr":["513"],"terminus":0,"mode":"bus","color":"#0059a9","colorDark":"#00294f","angle":77.3,"snapDist":2,"label":1}},{"type":"Feature","geometry":{"type":"Point","coordinates":[21.97494,46.964817]},"properties":{"name":"Scoala Cordau","lines":"513","arr":["513"],"terminus":1,"mode":"bus","color":"#0059a9","colorDark":"#00294f","angle":96,"snapDist":1,"label":1}},{"type":"Feature","geometry":{"type":"Point","coordinates":[21.973514,46.970969]},"properties":{"name":"Cuibul de Barza II","lines":"513","arr":["513"],"terminus":0,"mode":"bus","color":"#0059a9","colorDark":"#00294f","angle":74.2,"snapDist":3,"label":1}},{"type":"Feature","geometry":{"type":"Point","coordinates":[21.985769,46.981002]},"properties":{"name":"Aqua Parc President","lines":"513","arr":["513"],"terminus":0,"mode":"bus","color":"#0059a9","colorDark":"#00294f","angle":126.8,"snapDist":6,"label":1}},{"type":"Feature","geometry":{"type":"Point","coordinates":[21.983449,46.992054]},"properties":{"name":"Hoteluri Baile Felix II","lines":"513, 515, 516, 517","arr":["513","515","516","517"],"terminus":0,"mode":"bus","color":"#0059a9","colorDark":"#00294f","angle":81.1,"snapDist":8,"label":1}},{"type":"Feature","geometry":{"type":"Point","coordinates":[21.999422,46.996571]},"properties":{"name":"Baile 1 Mai [s]","lines":"514","arr":["514"],"terminus":0,"mode":"bus","color":"#0059a9","colorDark":"#00294f","angle":205.5,"snapDist":6,"label":1}},{"type":"Feature","geometry":{"type":"Point","coordinates":[21.993712,46.992923]},"properties":{"name":"Statia de pompare","lines":"514","arr":["514"],"terminus":0,"mode":"bus","color":"#0059a9","colorDark":"#00294f","angle":295.1,"snapDist":5,"label":1}},{"type":"Feature","geometry":{"type":"Point","coordinates":[21.994662,46.988919]},"properties":{"name":"Haieu ABC","lines":"514","arr":["514"],"terminus":0,"mode":"bus","color":"#0059a9","colorDark":"#00294f","angle":192.7,"snapDist":3,"label":1}},{"type":"Feature","geometry":{"type":"Point","coordinates":[21.997052,46.988001]},"properties":{"name":"Haieu nr. 124","lines":"514","arr":["514"],"terminus":0,"mode":"bus","color":"#0059a9","colorDark":"#00294f","angle":285.9,"snapDist":5,"label":1}},{"type":"Feature","geometry":{"type":"Point","coordinates":[22.00866,46.975471]},"properties":{"name":"Betfia intrare","lines":"514","arr":["514"],"terminus":0,"mode":"bus","color":"#0059a9","colorDark":"#00294f","angle":207.5,"snapDist":6,"label":1}},{"type":"Feature","geometry":{"type":"Point","coordinates":[22.014838,46.974538]},"properties":{"name":"Scoala Betfia","lines":"514","arr":["514"],"terminus":0,"mode":"bus","color":"#0059a9","colorDark":"#00294f","angle":223.7,"snapDist":9,"label":1}},{"type":"Feature","geometry":{"type":"Point","coordinates":[22.019935,46.972335]},"properties":{"name":"Betfia nr.111","lines":"514","arr":["514"],"terminus":1,"mode":"bus","color":"#0059a9","colorDark":"#00294f","angle":224.9,"snapDist":3,"label":1}},{"type":"Feature","geometry":{"type":"Point","coordinates":[22.014789,46.97457]},"properties":{"name":"Scoala Betfia","lines":"514","arr":["514"],"terminus":0,"mode":"bus","color":"#0059a9","colorDark":"#00294f","angle":43.7,"snapDist":4,"label":0}},{"type":"Feature","geometry":{"type":"Point","coordinates":[22.006253,46.976312]},"properties":{"name":"Betfia nr.182","lines":"514","arr":["514"],"terminus":0,"mode":"bus","color":"#0059a9","colorDark":"#00294f","angle":30.6,"snapDist":1,"label":1}},{"type":"Feature","geometry":{"type":"Point","coordinates":[21.997061,46.988023]},"properties":{"name":"Haieu nr.124 bis","lines":"514","arr":["514"],"terminus":0,"mode":"bus","color":"#0059a9","colorDark":"#00294f","angle":105.9,"snapDist":3,"label":1}},{"type":"Feature","geometry":{"type":"Point","coordinates":[21.994882,46.989047]},"properties":{"name":"Haieu ABC II","lines":"514","arr":["514"],"terminus":0,"mode":"bus","color":"#0059a9","colorDark":"#00294f","angle":99.6,"snapDist":7,"label":1}},{"type":"Feature","geometry":{"type":"Point","coordinates":[21.996023,46.994557]},"properties":{"name":"Gradinita Haieu","lines":"514","arr":["514"],"terminus":0,"mode":"bus","color":"#0059a9","colorDark":"#00294f","angle":14.8,"snapDist":1,"label":1}},{"type":"Feature","geometry":{"type":"Point","coordinates":[22.011389,46.95319]},"properties":{"name":"Hidiselul de jos nr.182","lines":"515, 516, 517","arr":["515","516","517"],"terminus":0,"mode":"bus","color":"#0059a9","colorDark":"#00294f","angle":221.8,"snapDist":7,"label":1}},{"type":"Feature","geometry":{"type":"Point","coordinates":[22.021434,46.947635]},"properties":{"name":"Gradinita II","lines":"515, 516, 517","arr":["515","516","517"],"terminus":0,"mode":"bus","color":"#0059a9","colorDark":"#00294f","angle":225.8,"snapDist":4,"label":1}},{"type":"Feature","geometry":{"type":"Point","coordinates":[22.040776,46.937141]},"properties":{"name":"Scoala generala Hidisel","lines":"515, 516, 517","arr":["515","516","517"],"terminus":0,"mode":"bus","color":"#0059a9","colorDark":"#00294f","angle":235.8,"snapDist":4,"label":1}},{"type":"Feature","geometry":{"type":"Point","coordinates":[22.061434,46.931964]},"properties":{"name":"Terenul de sport","lines":"515, 517","arr":["515","517"],"terminus":0,"mode":"bus","color":"#0059a9","colorDark":"#00294f","angle":203.7,"snapDist":15,"label":1}},{"type":"Feature","geometry":{"type":"Point","coordinates":[22.069668,46.931234]},"properties":{"name":"Hidiselul de sus cap linie","lines":"515, 517","arr":["515","517"],"terminus":0,"mode":"bus","color":"#0059a9","colorDark":"#00294f","angle":173.3,"snapDist":32,"label":1}},{"type":"Feature","geometry":{"type":"Point","coordinates":[22.063202,46.931435]},"properties":{"name":"Terenul de sport","lines":"515, 517","arr":["515","517"],"terminus":0,"mode":"bus","color":"#0059a9","colorDark":"#00294f","angle":203.7,"snapDist":4,"label":0}},{"type":"Feature","geometry":{"type":"Point","coordinates":[22.040758,46.937159]},"properties":{"name":"Scoala generala Hidisel","lines":"515, 516, 517","arr":["515","516","517"],"terminus":0,"mode":"bus","color":"#0059a9","colorDark":"#00294f","angle":55.8,"snapDist":13,"label":0}},{"type":"Feature","geometry":{"type":"Point","coordinates":[22.038949,46.9394]},"properties":{"name":"Hidiselul de sus dus","lines":"515, 517","arr":["515","517"],"terminus":0,"mode":"bus","color":"#0059a9","colorDark":"#00294f","angle":69.5,"snapDist":3,"label":1}},{"type":"Feature","geometry":{"type":"Point","coordinates":[22.055411,46.948505]},"properties":{"name":"Hidiselul de sus sat","lines":"515, 517","arr":["515","517"],"terminus":0,"mode":"bus","color":"#0059a9","colorDark":"#00294f","angle":121.3,"snapDist":5,"label":1}},{"type":"Feature","geometry":{"type":"Point","coordinates":[22.065716,46.951351]},"properties":{"name":"Stramtori","lines":"515, 517","arr":["515","517"],"terminus":0,"mode":"bus","color":"#0059a9","colorDark":"#00294f","angle":66.6,"snapDist":5,"label":1}},{"type":"Feature","geometry":{"type":"Point","coordinates":[22.063366,46.958789]},"properties":{"name":"Sintelec centru","lines":"515, 517","arr":["515","517"],"terminus":0,"mode":"bus","color":"#0059a9","colorDark":"#00294f","angle":99.6,"snapDist":6,"label":1}},{"type":"Feature","geometry":{"type":"Point","coordinates":[22.063611,46.965391]},"properties":{"name":"Sintelec nr.165","lines":"515, 517","arr":["515","517"],"terminus":1,"mode":"bus","color":"#0059a9","colorDark":"#00294f","angle":-90.6,"snapDist":7,"label":1}},{"type":"Feature","geometry":{"type":"Point","coordinates":[22.063292,46.958503]},"properties":{"name":"Sintelec centru","lines":"515, 517","arr":["515","517"],"terminus":0,"mode":"bus","color":"#0059a9","colorDark":"#00294f","angle":281.4,"snapDist":3,"label":0}},{"type":"Feature","geometry":{"type":"Point","coordinates":[22.06559,46.951448]},"properties":{"name":"Stramtori","lines":"515, 517","arr":["515","517"],"terminus":0,"mode":"bus","color":"#0059a9","colorDark":"#00294f","angle":-143.7,"snapDist":4,"label":0}},{"type":"Feature","geometry":{"type":"Point","coordinates":[22.055334,46.94842]},"properties":{"name":"Hidiselul de sus sat II","lines":"515, 517","arr":["515","517"],"terminus":0,"mode":"bus","color":"#0059a9","colorDark":"#00294f","angle":301.3,"snapDist":4,"label":1}},{"type":"Feature","geometry":{"type":"Point","coordinates":[22.038853,46.939575]},"properties":{"name":"Hidiselul de sus intors","lines":"515, 517","arr":["515","517"],"terminus":0,"mode":"bus","color":"#0059a9","colorDark":"#00294f","angle":249.5,"snapDist":8,"label":1}},{"type":"Feature","geometry":{"type":"Point","coordinates":[22.023303,46.946292]},"properties":{"name":"Gradinita III","lines":"515, 516, 517","arr":["515","516","517"],"terminus":0,"mode":"bus","color":"#0059a9","colorDark":"#00294f","angle":43.9,"snapDist":4,"label":1}},{"type":"Feature","geometry":{"type":"Point","coordinates":[22.011192,46.953309]},"properties":{"name":"Hidiselul de jos nr.164","lines":"515, 516, 517","arr":["515","516","517"],"terminus":0,"mode":"bus","color":"#0059a9","colorDark":"#00294f","angle":41.8,"snapDist":3,"label":1}},{"type":"Feature","geometry":{"type":"Point","coordinates":[22.043548,46.933607]},"properties":{"name":"Politia Hidisel","lines":"516, 517","arr":["516","517"],"terminus":0,"mode":"bus","color":"#0059a9","colorDark":"#00294f","angle":230.8,"snapDist":1,"label":1}},{"type":"Feature","geometry":{"type":"Point","coordinates":[22.020315,46.919517]},"properties":{"name":"Scoala gimnaziala Mierlau","lines":"516, 517","arr":["516","517"],"terminus":0,"mode":"bus","color":"#0059a9","colorDark":"#00294f","angle":312.9,"snapDist":3,"label":1}},{"type":"Feature","geometry":{"type":"Point","coordinates":[22.016856,46.916443]},"properties":{"name":"Mierlau centru","lines":"516, 517","arr":["516","517"],"terminus":0,"mode":"bus","color":"#0059a9","colorDark":"#00294f","angle":329.1,"snapDist":6,"label":1}},{"type":"Feature","geometry":{"type":"Point","coordinates":[22.009928,46.91564]},"properties":{"name":"Mierlau nr.20","lines":"516, 517","arr":["516","517"],"terminus":0,"mode":"bus","color":"#0059a9","colorDark":"#00294f","angle":2.5,"snapDist":3,"label":1}},{"type":"Feature","geometry":{"type":"Point","coordinates":[21.974015,46.893384]},"properties":{"name":"Sumugiu intrare","lines":"516, 517","arr":["516","517"],"terminus":0,"mode":"bus","color":"#0059a9","colorDark":"#00294f","angle":331.5,"snapDist":4,"label":1}},{"type":"Feature","geometry":{"type":"Point","coordinates":[21.971147,46.890449]},"properties":{"name":"Sumugiu Centru","lines":"516, 517","arr":["516","517"],"terminus":1,"mode":"bus","color":"#0059a9","colorDark":"#00294f","angle":185.3,"snapDist":3,"label":1}},{"type":"Feature","geometry":{"type":"Point","coordinates":[21.974063,46.893402]},"properties":{"name":"Sumugiu iesire","lines":"516, 517","arr":["516","517"],"terminus":0,"mode":"bus","color":"#0059a9","colorDark":"#00294f","angle":151.5,"snapDist":4,"label":1}},{"type":"Feature","geometry":{"type":"Point","coordinates":[22.009967,46.915639]},"properties":{"name":"Mierlau nr.11","lines":"516, 517","arr":["516","517"],"terminus":0,"mode":"bus","color":"#0059a9","colorDark":"#00294f","angle":182.5,"snapDist":2,"label":1}},{"type":"Feature","geometry":{"type":"Point","coordinates":[22.016944,46.916479]},"properties":{"name":"Mierlau centru","lines":"516, 517","arr":["516","517"],"terminus":0,"mode":"bus","color":"#0059a9","colorDark":"#00294f","angle":149.1,"snapDist":4,"label":0}},{"type":"Feature","geometry":{"type":"Point","coordinates":[22.020425,46.919597]},"properties":{"name":"Scoala gimnaziala Mierlau","lines":"516, 517","arr":["516","517"],"terminus":0,"mode":"bus","color":"#0059a9","colorDark":"#00294f","angle":132.9,"snapDist":5,"label":0}},{"type":"Feature","geometry":{"type":"Point","coordinates":[22.025309,46.920384]},"properties":{"name":"Mierlau iesire","lines":"516, 517","arr":["516","517"],"terminus":0,"mode":"bus","color":"#0059a9","colorDark":"#00294f","angle":175.4,"snapDist":5,"label":1}},{"type":"Feature","geometry":{"type":"Point","coordinates":[22.043567,46.933591]},"properties":{"name":"Politia Hidisel","lines":"516, 517","arr":["516","517"],"terminus":0,"mode":"bus","color":"#0059a9","colorDark":"#00294f","angle":50.8,"snapDist":14,"label":0}},{"type":"Feature","geometry":{"type":"Point","coordinates":[21.943961,47.024802]},"properties":{"name":"Ciheiului nr.55","lines":"531","arr":["531"],"terminus":0,"mode":"bus","color":"#0059a9","colorDark":"#00294f","angle":253.6,"snapDist":5,"label":1}},{"type":"Feature","geometry":{"type":"Point","coordinates":[21.94553,47.020749]},"properties":{"name":"Electrica II","lines":"531","arr":["531"],"terminus":0,"mode":"bus","color":"#0059a9","colorDark":"#00294f","angle":261.8,"snapDist":4,"label":1}},{"type":"Feature","geometry":{"type":"Point","coordinates":[21.947329,47.012366]},"properties":{"name":"Cihei nr.249","lines":"531","arr":["531"],"terminus":0,"mode":"bus","color":"#0059a9","colorDark":"#00294f","angle":261.5,"snapDist":4,"label":1}},{"type":"Feature","geometry":{"type":"Point","coordinates":[21.948207,47.0082]},"properties":{"name":"Cihei nr.263","lines":"531","arr":["531"],"terminus":0,"mode":"bus","color":"#0059a9","colorDark":"#00294f","angle":261.9,"snapDist":4,"label":1}},{"type":"Feature","geometry":{"type":"Point","coordinates":[21.949311,47.002799]},"properties":{"name":"Scoala Cihei","lines":"531","arr":["531"],"terminus":0,"mode":"bus","color":"#0059a9","colorDark":"#00294f","angle":262.7,"snapDist":3,"label":1}},{"type":"Feature","geometry":{"type":"Point","coordinates":[21.951097,46.998453]},"properties":{"name":"Camin Cultural","lines":"531","arr":["531"],"terminus":0,"mode":"bus","color":"#0059a9","colorDark":"#00294f","angle":246.8,"snapDist":5,"label":1}},{"type":"Feature","geometry":{"type":"Point","coordinates":[21.945974,46.995367]},"properties":{"name":"Cihei nr.57","lines":"531","arr":["531"],"terminus":0,"mode":"bus","color":"#0059a9","colorDark":"#00294f","angle":322.8,"snapDist":4,"label":1}},{"type":"Feature","geometry":{"type":"Point","coordinates":[21.942089,46.992827]},"properties":{"name":"Strada din deal","lines":"531","arr":["531"],"terminus":1,"mode":"bus","color":"#0059a9","colorDark":"#00294f","angle":129.4,"snapDist":3,"label":1}},{"type":"Feature","geometry":{"type":"Point","coordinates":[21.945839,46.995288]},"properties":{"name":"Cihei nr.95","lines":"531","arr":["531"],"terminus":0,"mode":"bus","color":"#0059a9","colorDark":"#00294f","angle":137.7,"snapDist":1,"label":1}},{"type":"Feature","geometry":{"type":"Point","coordinates":[21.951043,46.998538]},"properties":{"name":"Camin Cultural II","lines":"531","arr":["531"],"terminus":0,"mode":"bus","color":"#0059a9","colorDark":"#00294f","angle":66.8,"snapDist":4,"label":1}},{"type":"Feature","geometry":{"type":"Point","coordinates":[21.949259,47.003073]},"properties":{"name":"Scoala Cihei","lines":"531","arr":["531"],"terminus":0,"mode":"bus","color":"#0059a9","colorDark":"#00294f","angle":82.4,"snapDist":6,"label":0}},{"type":"Feature","geometry":{"type":"Point","coordinates":[21.948229,47.008096]},"properties":{"name":"Cihei nr.263 bis","lines":"531","arr":["531"],"terminus":0,"mode":"bus","color":"#0059a9","colorDark":"#00294f","angle":81.9,"snapDist":5,"label":1}},{"type":"Feature","geometry":{"type":"Point","coordinates":[21.947353,47.012256]},"properties":{"name":"Cihei nr.249 bis","lines":"531","arr":["531"],"terminus":0,"mode":"bus","color":"#0059a9","colorDark":"#00294f","angle":81.5,"snapDist":3,"label":1}},{"type":"Feature","geometry":{"type":"Point","coordinates":[21.945569,47.020567]},"properties":{"name":"Electrica III","lines":"531","arr":["531"],"terminus":0,"mode":"bus","color":"#0059a9","colorDark":"#00294f","angle":80.7,"snapDist":4,"label":1}},{"type":"Feature","geometry":{"type":"Point","coordinates":[21.94395,47.024827]},"properties":{"name":"Ciheiului nr.56","lines":"531","arr":["531"],"terminus":0,"mode":"bus","color":"#0059a9","colorDark":"#00294f","angle":73.6,"snapDist":5,"label":1}},{"type":"Feature","geometry":{"type":"Point","coordinates":[21.860296,47.098011]},"properties":{"name":"Calea Borsului nr.45","lines":"611, 612","arr":["611","612"],"terminus":0,"mode":"bus","color":"#0059a9","colorDark":"#00294f","angle":33.7,"snapDist":5,"label":1}},{"type":"Feature","geometry":{"type":"Point","coordinates":[21.838057,47.098396]},"properties":{"name":"Santion centru","lines":"611, 612","arr":["611","612"],"terminus":0,"mode":"bus","color":"#0059a9","colorDark":"#00294f","angle":307.7,"snapDist":8,"label":1}},{"type":"Feature","geometry":{"type":"Point","coordinates":[21.835071,47.095997]},"properties":{"name":"Bis. Reform. Santion","lines":"611, 612","arr":["611","612"],"terminus":0,"mode":"bus","color":"#0059a9","colorDark":"#00294f","angle":318.3,"snapDist":9,"label":1}},{"type":"Feature","geometry":{"type":"Point","coordinates":[21.837999,47.098345]},"properties":{"name":"Santion centru","lines":"611, 612","arr":["611","612"],"terminus":0,"mode":"bus","color":"#0059a9","colorDark":"#00294f","angle":127.7,"snapDist":15,"label":0}},{"type":"Feature","geometry":{"type":"Point","coordinates":[21.814283,47.112047]},"properties":{"name":"Bors intrare","lines":"611, 612","arr":["611","612"],"terminus":0,"mode":"bus","color":"#0059a9","colorDark":"#00294f","angle":91.7,"snapDist":10,"label":1}},{"type":"Feature","geometry":{"type":"Point","coordinates":[21.810714,47.115268]},"properties":{"name":"Primaria Bors","lines":"611, 612","arr":["611","612"],"terminus":1,"mode":"bus","color":"#0059a9","colorDark":"#00294f","angle":249.1,"snapDist":6,"label":1}},{"type":"Feature","geometry":{"type":"Point","coordinates":[21.814265,47.111824]},"properties":{"name":"Bors iesire","lines":"611, 612","arr":["611","612"],"terminus":0,"mode":"bus","color":"#0059a9","colorDark":"#00294f","angle":276.2,"snapDist":6,"label":1}},{"type":"Feature","geometry":{"type":"Point","coordinates":[21.811065,47.114863]},"properties":{"name":"Primaria Bors dus","lines":"612","arr":["612"],"terminus":0,"mode":"bus","color":"#0059a9","colorDark":"#00294f","angle":51.1,"snapDist":4,"label":1}},{"type":"Feature","geometry":{"type":"Point","coordinates":[21.820352,47.115151]},"properties":{"name":"Sala de sport dus","lines":"612","arr":["612"],"terminus":0,"mode":"bus","color":"#0059a9","colorDark":"#00294f","angle":94,"snapDist":6,"label":1}},{"type":"Feature","geometry":{"type":"Point","coordinates":[21.834325,47.141896]},"properties":{"name":"Scoala generala dus","lines":"612","arr":["612"],"terminus":0,"mode":"bus","color":"#0059a9","colorDark":"#00294f","angle":149.5,"snapDist":6,"label":1}},{"type":"Feature","geometry":{"type":"Point","coordinates":[21.832504,47.145293]},"properties":{"name":"Santaul Mic 25","lines":"612","arr":["612"],"terminus":0,"mode":"bus","color":"#0059a9","colorDark":"#00294f","angle":59.8,"snapDist":4,"label":1}},{"type":"Feature","geometry":{"type":"Point","coordinates":[21.837274,47.164302]},"properties":{"name":"Santaul Mare 106","lines":"612","arr":["612"],"terminus":0,"mode":"bus","color":"#0059a9","colorDark":"#00294f","angle":76.2,"snapDist":4,"label":1}},{"type":"Feature","geometry":{"type":"Point","coordinates":[21.837635,47.167467]},"properties":{"name":"Biserica Reformata dus","lines":"612","arr":["612"],"terminus":0,"mode":"bus","color":"#0059a9","colorDark":"#00294f","angle":27.5,"snapDist":4,"label":1}},{"type":"Feature","geometry":{"type":"Point","coordinates":[21.83702,47.169859]},"properties":{"name":"Parc Santaul Mare","lines":"612","arr":["612"],"terminus":1,"mode":"bus","color":"#0059a9","colorDark":"#00294f","angle":314.2,"snapDist":1,"label":1}},{"type":"Feature","geometry":{"type":"Point","coordinates":[21.838206,47.167266]},"properties":{"name":"Biserica Reformata intors","lines":"612","arr":["612"],"terminus":0,"mode":"bus","color":"#0059a9","colorDark":"#00294f","angle":207.9,"snapDist":4,"label":1}},{"type":"Feature","geometry":{"type":"Point","coordinates":[21.837015,47.164982]},"properties":{"name":"Santaul Mare 96","lines":"612","arr":["612"],"terminus":0,"mode":"bus","color":"#0059a9","colorDark":"#00294f","angle":255.4,"snapDist":7,"label":1}},{"type":"Feature","geometry":{"type":"Point","coordinates":[21.832339,47.1455]},"properties":{"name":"Santaul Mic 137","lines":"612","arr":["612"],"terminus":0,"mode":"bus","color":"#0059a9","colorDark":"#00294f","angle":250.7,"snapDist":3,"label":1}},{"type":"Feature","geometry":{"type":"Point","coordinates":[21.833734,47.14164]},"properties":{"name":"Scoala generala intors","lines":"612","arr":["612"],"terminus":0,"mode":"bus","color":"#0059a9","colorDark":"#00294f","angle":318.1,"snapDist":4,"label":1}},{"type":"Feature","geometry":{"type":"Point","coordinates":[21.820345,47.115088]},"properties":{"name":"Sala de sport intors","lines":"612","arr":["612"],"terminus":0,"mode":"bus","color":"#0059a9","colorDark":"#00294f","angle":274,"snapDist":3,"label":1}},{"type":"Feature","geometry":{"type":"Point","coordinates":[21.922252,47.07418]},"properties":{"name":"Perla A","lines":"721, T9","arr":["721","T9"],"terminus":0,"mode":"bus","color":"#0059a9","colorDark":"#00294f","angle":34.5,"snapDist":12,"label":1}},{"type":"Feature","geometry":{"type":"Point","coordinates":[21.916938,47.076464]},"properties":{"name":"Piata Rogerius A","lines":"721, T9","arr":["721","T9"],"terminus":0,"mode":"bus","color":"#0059a9","colorDark":"#00294f","angle":41.4,"snapDist":2,"label":1}},{"type":"Feature","geometry":{"type":"Point","coordinates":[21.924731,47.093838]},"properties":{"name":"Calea Bihorului dus","lines":"721","arr":["721"],"terminus":0,"mode":"bus","color":"#0059a9","colorDark":"#00294f","angle":58.9,"snapDist":7,"label":1}},{"type":"Feature","geometry":{"type":"Point","coordinates":[21.928499,47.105305]},"properties":{"name":"Ardealului dus","lines":"721","arr":["721"],"terminus":0,"mode":"bus","color":"#0059a9","colorDark":"#00294f","angle":84.9,"snapDist":6,"label":1}},{"type":"Feature","geometry":{"type":"Point","coordinates":[21.937629,47.111808]},"properties":{"name":"Cart.Orizont dus","lines":"721","arr":["721"],"terminus":0,"mode":"bus","color":"#0059a9","colorDark":"#00294f","angle":142.5,"snapDist":6,"label":1}},{"type":"Feature","geometry":{"type":"Point","coordinates":[21.951141,47.118911]},"properties":{"name":"Post. Politie dus","lines":"721","arr":["721"],"terminus":0,"mode":"bus","color":"#0059a9","colorDark":"#00294f","angle":143.5,"snapDist":17,"label":1}},{"type":"Feature","geometry":{"type":"Point","coordinates":[21.954927,47.119961]},"properties":{"name":"Paleu dus","lines":"721","arr":["721"],"terminus":0,"mode":"bus","color":"#0059a9","colorDark":"#00294f","angle":167.7,"snapDist":6,"label":1}},{"type":"Feature","geometry":{"type":"Point","coordinates":[21.989362,47.125748]},"properties":{"name":"Ul.de Munte int.","lines":"721","arr":["721"],"terminus":0,"mode":"bus","color":"#0059a9","colorDark":"#00294f","angle":270.8,"snapDist":1,"label":1}},{"type":"Feature","geometry":{"type":"Point","coordinates":[21.99638,47.122156]},"properties":{"name":"Ul.de Munte ABC dus","lines":"721","arr":["721"],"terminus":0,"mode":"bus","color":"#0059a9","colorDark":"#00294f","angle":208.9,"snapDist":4,"label":1}},{"type":"Feature","geometry":{"type":"Point","coordinates":[21.995766,47.137284]},"properties":{"name":"Cetariu ABC dus","lines":"721","arr":["721"],"terminus":0,"mode":"bus","color":"#0059a9","colorDark":"#00294f","angle":152.6,"snapDist":7,"label":1}},{"type":"Feature","geometry":{"type":"Point","coordinates":[21.998375,47.143088]},"properties":{"name":"Primaria Cetariu dus","lines":"721","arr":["721"],"terminus":0,"mode":"bus","color":"#0059a9","colorDark":"#00294f","angle":120.7,"snapDist":4,"label":1}},{"type":"Feature","geometry":{"type":"Point","coordinates":[22.002103,47.149455]},"properties":{"name":"Cetariu ies.","lines":"721","arr":["721"],"terminus":0,"mode":"bus","color":"#0059a9","colorDark":"#00294f","angle":127.4,"snapDist":3,"label":1}},{"type":"Feature","geometry":{"type":"Point","coordinates":[22.029563,47.157251]},"properties":{"name":"Tautelec ABC dus","lines":"721","arr":["721"],"terminus":0,"mode":"bus","color":"#0059a9","colorDark":"#00294f","angle":201.4,"snapDist":4,"label":1}},{"type":"Feature","geometry":{"type":"Point","coordinates":[22.033033,47.154698]},"properties":{"name":"Tautelec ies.","lines":"721","arr":["721"],"terminus":0,"mode":"bus","color":"#0059a9","colorDark":"#00294f","angle":171.3,"snapDist":2,"label":1}},{"type":"Feature","geometry":{"type":"Point","coordinates":[22.07066,47.157397]},"properties":{"name":"Sisterea Biserica dus.","lines":"721","arr":["721"],"terminus":0,"mode":"bus","color":"#0059a9","colorDark":"#00294f","angle":160.1,"snapDist":4,"label":1}},{"type":"Feature","geometry":{"type":"Point","coordinates":[22.074315,47.157721]},"properties":{"name":"Sisterea iesire","lines":"721","arr":["721"],"terminus":0,"mode":"bus","color":"#0059a9","colorDark":"#00294f","angle":193.5,"snapDist":3,"label":1}},{"type":"Feature","geometry":{"type":"Point","coordinates":[22.111822,47.141148]},"properties":{"name":"Susturogi ABC","lines":"721","arr":["721"],"terminus":1,"mode":"bus","color":"#0059a9","colorDark":"#00294f","angle":51.8,"snapDist":3,"label":1}},{"type":"Feature","geometry":{"type":"Point","coordinates":[22.074688,47.157611]},"properties":{"name":"Sisterea intrare","lines":"721","arr":["721"],"terminus":0,"mode":"bus","color":"#0059a9","colorDark":"#00294f","angle":39.7,"snapDist":3,"label":1}},{"type":"Feature","geometry":{"type":"Point","coordinates":[22.071035,47.157489]},"properties":{"name":"Sisterea Biserica int.","lines":"721","arr":["721"],"terminus":0,"mode":"bus","color":"#0059a9","colorDark":"#00294f","angle":340.1,"snapDist":2,"label":1}},{"type":"Feature","geometry":{"type":"Point","coordinates":[22.032853,47.15468]},"properties":{"name":"Tautelec int.","lines":"721","arr":["721"],"terminus":0,"mode":"bus","color":"#0059a9","colorDark":"#00294f","angle":355.9,"snapDist":5,"label":1}},{"type":"Feature","geometry":{"type":"Point","coordinates":[22.029447,47.157282]},"properties":{"name":"Tautelec ABC int.","lines":"721","arr":["721"],"terminus":0,"mode":"bus","color":"#0059a9","colorDark":"#00294f","angle":21.4,"snapDist":6,"label":1}},{"type":"Feature","geometry":{"type":"Point","coordinates":[22.002202,47.149546]},"properties":{"name":"Cetariu int.","lines":"721","arr":["721"],"terminus":0,"mode":"bus","color":"#0059a9","colorDark":"#00294f","angle":305.4,"snapDist":5,"label":1}},{"type":"Feature","geometry":{"type":"Point","coordinates":[21.998197,47.142884]},"properties":{"name":"Primaria Cetariu int.","lines":"721","arr":["721"],"terminus":0,"mode":"bus","color":"#0059a9","colorDark":"#00294f","angle":300.7,"snapDist":4,"label":1}},{"type":"Feature","geometry":{"type":"Point","coordinates":[21.995864,47.137319]},"properties":{"name":"Cetariu ABC int.","lines":"721","arr":["721"],"terminus":0,"mode":"bus","color":"#0059a9","colorDark":"#00294f","angle":335.9,"snapDist":3,"label":1}},{"type":"Feature","geometry":{"type":"Point","coordinates":[21.989639,47.134895]},"properties":{"name":"Cetariu iesire","lines":"721","arr":["721"],"terminus":0,"mode":"bus","color":"#0059a9","colorDark":"#00294f","angle":330.9,"snapDist":3,"label":1}},{"type":"Feature","geometry":{"type":"Point","coordinates":[21.989571,47.125289]},"properties":{"name":"Ul.de Munte ies.","lines":"721","arr":["721"],"terminus":0,"mode":"bus","color":"#0059a9","colorDark":"#00294f","angle":49.4,"snapDist":7,"label":1}},{"type":"Feature","geometry":{"type":"Point","coordinates":[21.996153,47.122241]},"properties":{"name":"Ul.de Munte ABC int.","lines":"721","arr":["721"],"terminus":0,"mode":"bus","color":"#0059a9","colorDark":"#00294f","angle":28.9,"snapDist":4,"label":1}},{"type":"Feature","geometry":{"type":"Point","coordinates":[21.95469,47.119919]},"properties":{"name":"Paleu int.","lines":"721","arr":["721"],"terminus":0,"mode":"bus","color":"#0059a9","colorDark":"#00294f","angle":343.6,"snapDist":1,"label":1}},{"type":"Feature","geometry":{"type":"Point","coordinates":[21.95099,47.118827]},"properties":{"name":"Post. Politie int.","lines":"721","arr":["721"],"terminus":0,"mode":"bus","color":"#0059a9","colorDark":"#00294f","angle":139.1,"snapDist":6,"label":1}},{"type":"Feature","geometry":{"type":"Point","coordinates":[21.937514,47.111747]},"properties":{"name":"Cart.Orizont int.","lines":"721","arr":["721"],"terminus":0,"mode":"bus","color":"#0059a9","colorDark":"#00294f","angle":322.5,"snapDist":3,"label":1}},{"type":"Feature","geometry":{"type":"Point","coordinates":[21.928232,47.108281]},"properties":{"name":"Ardealului int.","lines":"721","arr":["721"],"terminus":0,"mode":"bus","color":"#0059a9","colorDark":"#00294f","angle":281.7,"snapDist":5,"label":1}},{"type":"Feature","geometry":{"type":"Point","coordinates":[21.924195,47.094332]},"properties":{"name":"Calea Bihorului intors","lines":"721","arr":["721"],"terminus":0,"mode":"bus","color":"#0059a9","colorDark":"#00294f","angle":237.5,"snapDist":12,"label":1}},{"type":"Feature","geometry":{"type":"Point","coordinates":[21.969465,47.070917]},"properties":{"name":"Teren de sport Paleu","lines":"722","arr":["722"],"terminus":0,"mode":"bus","color":"#0059a9","colorDark":"#00294f","angle":91.6,"snapDist":8,"label":1}},{"type":"Feature","geometry":{"type":"Point","coordinates":[21.974586,47.078946]},"properties":{"name":"Hanul Pescarilor II","lines":"722","arr":["722"],"terminus":0,"mode":"bus","color":"#0059a9","colorDark":"#00294f","angle":92,"snapDist":5,"label":1}},{"type":"Feature","geometry":{"type":"Point","coordinates":[21.973493,47.089296]},"properties":{"name":"Saldabagiu nr.41","lines":"722","arr":["722"],"terminus":0,"mode":"bus","color":"#0059a9","colorDark":"#00294f","angle":164.8,"snapDist":5,"label":1}},{"type":"Feature","geometry":{"type":"Point","coordinates":[21.977737,47.090126]},"properties":{"name":"Saldabagiu nr.23","lines":"722","arr":["722"],"terminus":0,"mode":"bus","color":"#0059a9","colorDark":"#00294f","angle":180.6,"snapDist":4,"label":1}},{"type":"Feature","geometry":{"type":"Point","coordinates":[21.97925,47.090842]},"properties":{"name":"Saldabagiu nr.107A","lines":"722","arr":["722"],"terminus":0,"mode":"bus","color":"#0059a9","colorDark":"#00294f","angle":8.7,"snapDist":2,"label":1}},{"type":"Feature","geometry":{"type":"Point","coordinates":[21.974724,47.090919]},"properties":{"name":"Statia de pompare Saldabagiu","lines":"722","arr":["722"],"terminus":1,"mode":"bus","color":"#0059a9","colorDark":"#00294f","angle":350.5,"snapDist":3,"label":1}},{"type":"Feature","geometry":{"type":"Point","coordinates":[21.973292,47.089264]},"properties":{"name":"Saldabagiu de Munte","lines":"722","arr":["722"],"terminus":0,"mode":"bus","color":"#0059a9","colorDark":"#00294f","angle":349.2,"snapDist":3,"label":1}},{"type":"Feature","geometry":{"type":"Point","coordinates":[21.974572,47.078755]},"properties":{"name":"Hanul Pescarilor","lines":"722","arr":["722"],"terminus":0,"mode":"bus","color":"#0059a9","colorDark":"#00294f","angle":281.5,"snapDist":4,"label":1}},{"type":"Feature","geometry":{"type":"Point","coordinates":[21.969498,47.071186]},"properties":{"name":"Teren de sport Paleu","lines":"722","arr":["722"],"terminus":0,"mode":"bus","color":"#0059a9","colorDark":"#00294f","angle":289,"snapDist":4,"label":0}},{"type":"Feature","geometry":{"type":"Point","coordinates":[21.940744,47.059239]},"properties":{"name":"Gheorghe Doja nr. 6","lines":"722","arr":["722"],"terminus":0,"mode":"bus","color":"#0059a9","colorDark":"#00294f","angle":330.8,"snapDist":3,"label":1}},{"type":"Feature","geometry":{"type":"Point","coordinates":[21.842277,47.101348]},"properties":{"name":"Santion","lines":"RoHu","arr":["RoHu"],"terminus":0,"mode":"bus","color":"#0059a9","colorDark":"#00294f","angle":349.6,"snapDist":1,"label":1}},{"type":"Feature","geometry":{"type":"Point","coordinates":[21.810329,47.115605]},"properties":{"name":"Primaria Bors","lines":"RoHu","arr":["RoHu"],"terminus":0,"mode":"bus","color":"#0059a9","colorDark":"#00294f","angle":352.7,"snapDist":4,"label":0}},{"type":"Feature","geometry":{"type":"Point","coordinates":[21.789763,47.119526]},"properties":{"name":"Vama","lines":"RoHu","arr":["RoHu"],"terminus":0,"mode":"bus","color":"#0059a9","colorDark":"#00294f","angle":25.2,"snapDist":3,"label":1}},{"type":"Feature","geometry":{"type":"Point","coordinates":[21.75926,47.124282]},"properties":{"name":"Templom","lines":"RoHu","arr":["RoHu"],"terminus":0,"mode":"bus","color":"#0059a9","colorDark":"#00294f","angle":305.9,"snapDist":6,"label":1}},{"type":"Feature","geometry":{"type":"Point","coordinates":[21.746694,47.125732]},"properties":{"name":"Rakoczi Koss","lines":"RoHu","arr":["RoHu"],"terminus":0,"mode":"bus","color":"#0059a9","colorDark":"#00294f","angle":22.1,"snapDist":4,"label":1}},{"type":"Feature","geometry":{"type":"Point","coordinates":[21.739498,47.127737]},"properties":{"name":"Nap","lines":"RoHu","arr":["RoHu"],"terminus":0,"mode":"bus","color":"#0059a9","colorDark":"#00294f","angle":22.5,"snapDist":0,"label":1}},{"type":"Feature","geometry":{"type":"Point","coordinates":[21.729797,47.128852]},"properties":{"name":"Bethlen II","lines":"RoHu","arr":["RoHu"],"terminus":0,"mode":"bus","color":"#0059a9","colorDark":"#00294f","angle":0,"snapDist":6,"label":1}},{"type":"Feature","geometry":{"type":"Point","coordinates":[21.722196,47.128894]},"properties":{"name":"Arany","lines":"RoHu","arr":["RoHu"],"terminus":0,"mode":"bus","color":"#0059a9","colorDark":"#00294f","angle":23.8,"snapDist":6,"label":1}},{"type":"Feature","geometry":{"type":"Point","coordinates":[21.717331,47.129281]},"properties":{"name":"Ady II","lines":"RoHu","arr":["RoHu"],"terminus":0,"mode":"bus","color":"#0059a9","colorDark":"#00294f","angle":351.9,"snapDist":8,"label":1}},{"type":"Feature","geometry":{"type":"Point","coordinates":[21.721953,47.135147]},"properties":{"name":"Gara Keresztes","lines":"RoHu","arr":["RoHu"],"terminus":1,"mode":"bus","color":"#0059a9","colorDark":"#00294f","angle":193.3,"snapDist":5,"label":1}},{"type":"Feature","geometry":{"type":"Point","coordinates":[21.717782,47.129317]},"properties":{"name":"Ady","lines":"RoHu","arr":["RoHu"],"terminus":0,"mode":"bus","color":"#0059a9","colorDark":"#00294f","angle":173.5,"snapDist":1,"label":1}},{"type":"Feature","geometry":{"type":"Point","coordinates":[21.721951,47.128971]},"properties":{"name":"Arany II","lines":"RoHu","arr":["RoHu"],"terminus":0,"mode":"bus","color":"#0059a9","colorDark":"#00294f","angle":206,"snapDist":0,"label":1}},{"type":"Feature","geometry":{"type":"Point","coordinates":[21.729566,47.128847]},"properties":{"name":"Bethlen","lines":"RoHu","arr":["RoHu"],"terminus":0,"mode":"bus","color":"#0059a9","colorDark":"#00294f","angle":177.6,"snapDist":4,"label":1}},{"type":"Feature","geometry":{"type":"Point","coordinates":[21.739384,47.12777]},"properties":{"name":"Nap","lines":"RoHu","arr":["RoHu"],"terminus":0,"mode":"bus","color":"#0059a9","colorDark":"#00294f","angle":202.5,"snapDist":2,"label":0}},{"type":"Feature","geometry":{"type":"Point","coordinates":[21.746496,47.125787]},"properties":{"name":"Rakoczi Koss","lines":"RoHu","arr":["RoHu"],"terminus":0,"mode":"bus","color":"#0059a9","colorDark":"#00294f","angle":202.1,"snapDist":0,"label":0}},{"type":"Feature","geometry":{"type":"Point","coordinates":[21.759121,47.124203]},"properties":{"name":"Templom","lines":"RoHu","arr":["RoHu"],"terminus":0,"mode":"bus","color":"#0059a9","colorDark":"#00294f","angle":142.2,"snapDist":7,"label":0}},{"type":"Feature","geometry":{"type":"Point","coordinates":[21.794136,47.117648]},"properties":{"name":"Vama","lines":"RoHu","arr":["RoHu"],"terminus":0,"mode":"bus","color":"#0059a9","colorDark":"#00294f","angle":206.8,"snapDist":4,"label":1}},{"type":"Feature","geometry":{"type":"Point","coordinates":[21.809974,47.115574]},"properties":{"name":"Primaria Bors","lines":"RoHu","arr":["RoHu"],"terminus":0,"mode":"bus","color":"#0059a9","colorDark":"#00294f","angle":172.7,"snapDist":4,"label":0}},{"type":"Feature","geometry":{"type":"Point","coordinates":[21.84195,47.101303]},"properties":{"name":"Santion","lines":"RoHu","arr":["RoHu"],"terminus":0,"mode":"bus","color":"#0059a9","colorDark":"#00294f","angle":205.9,"snapDist":0,"label":0}},{"type":"Feature","geometry":{"type":"Point","coordinates":[21.93161,47.070592]},"properties":{"name":"Stadion","lines":"T8","arr":["T8"],"terminus":1,"mode":"bus","color":"#0059a9","colorDark":"#00294f","angle":346.6,"snapDist":7,"label":1}},{"type":"Feature","geometry":{"type":"Point","coordinates":[21.926034,47.071509]},"properties":{"name":"Parc Olosig","lines":"T8","arr":["T8"],"terminus":0,"mode":"bus","color":"#0059a9","colorDark":"#00294f","angle":196,"snapDist":3,"label":0}},{"type":"Feature","geometry":{"type":"Point","coordinates":[21.930754,47.070627]},"properties":{"name":"Stadion","lines":"T8","arr":["T8"],"terminus":1,"mode":"bus","color":"#0059a9","colorDark":"#00294f","angle":194.8,"snapDist":4,"label":0}},{"type":"Feature","geometry":{"type":"Point","coordinates":[21.921112,47.063295]},"properties":{"name":"Albina TRV1","lines":"T9","arr":["T9"],"terminus":0,"mode":"bus","color":"#0059a9","colorDark":"#00294f","angle":120.4,"snapDist":2,"label":1}},{"type":"Feature","geometry":{"type":"Point","coordinates":[21.922888,47.065256]},"properties":{"name":"Piata Decebal TRV1","lines":"T9","arr":["T9"],"terminus":0,"mode":"bus","color":"#0059a9","colorDark":"#00294f","angle":123.1,"snapDist":0,"label":1}},{"type":"Feature","geometry":{"type":"Point","coordinates":[21.924717,47.068581]},"properties":{"name":"B Dacia TRV1","lines":"T9","arr":["T9"],"terminus":0,"mode":"bus","color":"#0059a9","colorDark":"#00294f","angle":-64,"snapDist":7,"label":1}},{"type":"Feature","geometry":{"type":"Point","coordinates":[21.910994,47.073713]},"properties":{"name":"PASAJ DACIA IIA","lines":"T9","arr":["T9"],"terminus":0,"mode":"bus","color":"#0059a9","colorDark":"#00294f","angle":2.1,"snapDist":7,"label":1}},{"type":"Feature","geometry":{"type":"Point","coordinates":[21.916459,47.076684]},"properties":{"name":"Piata Rogerius T8","lines":"T9","arr":["T9"],"terminus":0,"mode":"bus","color":"#0059a9","colorDark":"#00294f","angle":210.9,"snapDist":7,"label":1}},{"type":"Feature","geometry":{"type":"Point","coordinates":[21.924438,47.068815]},"properties":{"name":"B-dul Dacia","lines":"T9","arr":["T9"],"terminus":0,"mode":"bus","color":"#0059a9","colorDark":"#00294f","angle":85.3,"snapDist":14,"label":1}},{"type":"Feature","geometry":{"type":"Point","coordinates":[21.923196,47.065991]},"properties":{"name":"Piata Decebal","lines":"T9","arr":["T9"],"terminus":0,"mode":"bus","color":"#0059a9","colorDark":"#00294f","angle":116.5,"snapDist":13,"label":0}},{"type":"Feature","geometry":{"type":"Point","coordinates":[21.921266,47.063604]},"properties":{"name":"Pod Decebal","lines":"T9","arr":["T9"],"terminus":0,"mode":"bus","color":"#0059a9","colorDark":"#00294f","angle":300.8,"snapDist":3,"label":1}},{"type":"Feature","geometry":{"type":"Point","coordinates":[21.896295,47.060792]},"properties":{"name":"Iosia","lines":"2, 8","arr":["2","8"],"terminus":1,"mode":"tram","color":"#d6212b","colorDark":"#7c1116","angle":251.6,"snapDist":2,"label":1}},{"type":"Feature","geometry":{"type":"Point","coordinates":[21.89734,47.058368]},"properties":{"name":"Hategului","lines":"2, 8","arr":["2","8"],"terminus":0,"mode":"tram","color":"#d6212b","colorDark":"#7c1116","angle":253.5,"snapDist":3,"label":1}},{"type":"Feature","geometry":{"type":"Point","coordinates":[21.898659,47.055161]},"properties":{"name":"Lipovei","lines":"2, 8","arr":["2","8"],"terminus":0,"mode":"tram","color":"#d6212b","colorDark":"#7c1116","angle":254.4,"snapDist":3,"label":1}},{"type":"Feature","geometry":{"type":"Point","coordinates":[21.901715,47.053826]},"properties":{"name":"Piata Ghioceilor","lines":"2, 8","arr":["2","8"],"terminus":0,"mode":"tram","color":"#d6212b","colorDark":"#7c1116","angle":209.7,"snapDist":1,"label":1}},{"type":"Feature","geometry":{"type":"Point","coordinates":[21.906811,47.052387]},"properties":{"name":"Calea Aradului I","lines":"2, 5, 7, 8","arr":["2","5","7","8"],"terminus":0,"mode":"tram","color":"#d6212b","colorDark":"#7c1116","angle":135.7,"snapDist":1,"label":1}},{"type":"Feature","geometry":{"type":"Point","coordinates":[21.910921,47.053756]},"properties":{"name":"Abatorului l","lines":"2, 5, 7, 8","arr":["2","5","7","8"],"terminus":0,"mode":"tram","color":"#d6212b","colorDark":"#7c1116","angle":154.8,"snapDist":1,"label":1}},{"type":"Feature","geometry":{"type":"Point","coordinates":[21.916712,47.055603]},"properties":{"name":"Lic.Teologic Emanuel II","lines":"2, 5, 7, 8","arr":["2","5","7","8"],"terminus":1,"mode":"tram","color":"#d6212b","colorDark":"#7c1116","angle":155.2,"snapDist":0,"label":1}},{"type":"Feature","geometry":{"type":"Point","coordinates":[21.923409,47.05683]},"properties":{"name":"Universitatea Partium","lines":"2, 4, 7","arr":["2","4","7"],"terminus":0,"mode":"tram","color":"#d6212b","colorDark":"#7c1116","angle":186,"snapDist":0,"label":1}},{"type":"Feature","geometry":{"type":"Point","coordinates":[21.929189,47.05525]},"properties":{"name":"Piata Unirii / Biserica Sfantul Ladislau","lines":"2, 4, 7","arr":["2","4","7"],"terminus":0,"mode":"tram","color":"#d6212b","colorDark":"#7c1116","angle":194.1,"snapDist":5,"label":1}},{"type":"Feature","geometry":{"type":"Point","coordinates":[21.934472,47.054129]},"properties":{"name":"Piata 1 Decembrie","lines":"2, 4, 7","arr":["2","4","7"],"terminus":0,"mode":"tram","color":"#d6212b","colorDark":"#7c1116","angle":191.1,"snapDist":1,"label":1}},{"type":"Feature","geometry":{"type":"Point","coordinates":[21.93766,47.053736]},"properties":{"name":"Emanuil Gojdu IV","lines":"2, 4, 7","arr":["2","4","7"],"terminus":0,"mode":"tram","color":"#d6212b","colorDark":"#7c1116","angle":189.8,"snapDist":2,"label":1}},{"type":"Feature","geometry":{"type":"Point","coordinates":[21.938357,47.052965]},"properties":{"name":"Casa de Cultura II","lines":"2, 4, 7","arr":["2","4","7"],"terminus":0,"mode":"tram","color":"#d6212b","colorDark":"#7c1116","angle":280,"snapDist":2,"label":1}},{"type":"Feature","geometry":{"type":"Point","coordinates":[21.93816,47.050206]},"properties":{"name":"Piata Cetatii","lines":"2, 4, 7","arr":["2","4","7"],"terminus":0,"mode":"tram","color":"#d6212b","colorDark":"#7c1116","angle":273.9,"snapDist":2,"label":1}},{"type":"Feature","geometry":{"type":"Point","coordinates":[21.941695,47.045572]},"properties":{"name":"Muntele Gaina","lines":"2, 4, 7","arr":["2","4","7"],"terminus":0,"mode":"tram","color":"#d6212b","colorDark":"#7c1116","angle":267.1,"snapDist":4,"label":1}},{"type":"Feature","geometry":{"type":"Point","coordinates":[21.942165,47.03982]},"properties":{"name":"Dimitrie Cantemir","lines":"2, 4, 7","arr":["2","4","7"],"terminus":1,"mode":"tram","color":"#d6212b","colorDark":"#7c1116","angle":252.1,"snapDist":5,"label":1}},{"type":"Feature","geometry":{"type":"Point","coordinates":[21.940802,47.039146]},"properties":{"name":"Salca","lines":"2, 5, 7","arr":["2","5","7"],"terminus":0,"mode":"tram","color":"#d6212b","colorDark":"#7c1116","angle":352.7,"snapDist":1,"label":1}},{"type":"Feature","geometry":{"type":"Point","coordinates":[21.934358,47.039281]},"properties":{"name":"Atelierelor II","lines":"2, 5, 7","arr":["2","5","7"],"terminus":0,"mode":"tram","color":"#d6212b","colorDark":"#7c1116","angle":19.1,"snapDist":0,"label":1}},{"type":"Feature","geometry":{"type":"Point","coordinates":[21.928193,47.043333]},"properties":{"name":"Ceyrat","lines":"2, 5, 7","arr":["2","5","7"],"terminus":0,"mode":"tram","color":"#d6212b","colorDark":"#7c1116","angle":65.7,"snapDist":2,"label":1}},{"type":"Feature","geometry":{"type":"Point","coordinates":[21.922688,47.045359]},"properties":{"name":"Universitate","lines":"2, 5, 7","arr":["2","5","7"],"terminus":0,"mode":"tram","color":"#d6212b","colorDark":"#7c1116","angle":18.5,"snapDist":0,"label":1}},{"type":"Feature","geometry":{"type":"Point","coordinates":[21.914036,47.047386]},"properties":{"name":"Sala Polivalenta","lines":"2, 5, 7","arr":["2","5","7"],"terminus":0,"mode":"tram","color":"#d6212b","colorDark":"#7c1116","angle":18.4,"snapDist":1,"label":1}},{"type":"Feature","geometry":{"type":"Point","coordinates":[21.907625,47.047895]},"properties":{"name":"Auchan II","lines":"2, 5, 7","arr":["2","5","7"],"terminus":0,"mode":"tram","color":"#d6212b","colorDark":"#7c1116","angle":5.2,"snapDist":0,"label":1}},{"type":"Feature","geometry":{"type":"Point","coordinates":[21.904479,47.048687]},"properties":{"name":"Octavian Goga","lines":"2, 5, 7","arr":["2","5","7"],"terminus":0,"mode":"tram","color":"#d6212b","colorDark":"#7c1116","angle":104.1,"snapDist":2,"label":1}},{"type":"Feature","geometry":{"type":"Point","coordinates":[21.905716,47.052325]},"properties":{"name":"Aviatorilor I","lines":"2, 8","arr":["2","8"],"terminus":0,"mode":"tram","color":"#d6212b","colorDark":"#7c1116","angle":29.6,"snapDist":1,"label":1}},{"type":"Feature","geometry":{"type":"Point","coordinates":[21.902118,47.053706]},"properties":{"name":"Piata Ghioceilor I","lines":"2, 8","arr":["2","8"],"terminus":0,"mode":"tram","color":"#d6212b","colorDark":"#7c1116","angle":27.9,"snapDist":0,"label":1}},{"type":"Feature","geometry":{"type":"Point","coordinates":[21.899107,47.05486]},"properties":{"name":"Lipovei I","lines":"2, 8","arr":["2","8"],"terminus":0,"mode":"tram","color":"#d6212b","colorDark":"#7c1116","angle":29.5,"snapDist":1,"label":1}},{"type":"Feature","geometry":{"type":"Point","coordinates":[21.897585,47.057892]},"properties":{"name":"Hategului","lines":"2, 8","arr":["2","8"],"terminus":0,"mode":"tram","color":"#d6212b","colorDark":"#7c1116","angle":74.3,"snapDist":3,"label":0}},{"type":"Feature","geometry":{"type":"Point","coordinates":[21.89637,47.060719]},"properties":{"name":"Iosia I","lines":"2, 8","arr":["2","8"],"terminus":0,"mode":"tram","color":"#d6212b","colorDark":"#7c1116","angle":73,"snapDist":1,"label":1}},{"type":"Feature","geometry":{"type":"Point","coordinates":[21.955122,47.029829]},"properties":{"name":"Nufarul","lines":"4, 5, 6, 7","arr":["4","5","6","7"],"terminus":1,"mode":"tram","color":"#d6212b","colorDark":"#7c1116","angle":53,"snapDist":2,"label":1}},{"type":"Feature","geometry":{"type":"Point","coordinates":[21.948746,47.033788]},"properties":{"name":"Ciheiului II","lines":"4, 5, 6, 7","arr":["4","5","6","7"],"terminus":0,"mode":"tram","color":"#d6212b","colorDark":"#7c1116","angle":44.9,"snapDist":2,"label":1}},{"type":"Feature","geometry":{"type":"Point","coordinates":[21.944792,47.036185]},"properties":{"name":"Lotus V","lines":"4, 5, 6, 7","arr":["4","5","6","7"],"terminus":0,"mode":"tram","color":"#d6212b","colorDark":"#7c1116","angle":42.1,"snapDist":1,"label":1}},{"type":"Feature","geometry":{"type":"Point","coordinates":[21.94198,47.04055]},"properties":{"name":"Dimitrie Cantemir","lines":"4, 6","arr":["4","6"],"terminus":0,"mode":"tram","color":"#d6212b","colorDark":"#7c1116","angle":85,"snapDist":5,"label":0}},{"type":"Feature","geometry":{"type":"Point","coordinates":[21.941709,47.045901]},"properties":{"name":"Muntele Gaina","lines":"4, 6","arr":["4","6"],"terminus":0,"mode":"tram","color":"#d6212b","colorDark":"#7c1116","angle":87.7,"snapDist":4,"label":0}},{"type":"Feature","geometry":{"type":"Point","coordinates":[21.938228,47.050359]},"properties":{"name":"Piata Cetatii","lines":"4, 6","arr":["4","6"],"terminus":0,"mode":"tram","color":"#d6212b","colorDark":"#7c1116","angle":93.7,"snapDist":2,"label":0}},{"type":"Feature","geometry":{"type":"Point","coordinates":[21.938442,47.053132]},"properties":{"name":"Casa de Cultura","lines":"4, 6","arr":["4","6"],"terminus":0,"mode":"tram","color":"#d6212b","colorDark":"#7c1116","angle":101.2,"snapDist":2,"label":1}},{"type":"Feature","geometry":{"type":"Point","coordinates":[21.937457,47.053794]},"properties":{"name":"Emanuil Gojdu III","lines":"4, 6","arr":["4","6"],"terminus":0,"mode":"tram","color":"#d6212b","colorDark":"#7c1116","angle":9.8,"snapDist":1,"label":1}},{"type":"Feature","geometry":{"type":"Point","coordinates":[21.934169,47.054209]},"properties":{"name":"Piata 1 Decembrie","lines":"4, 6","arr":["4","6"],"terminus":0,"mode":"tram","color":"#d6212b","colorDark":"#7c1116","angle":10.9,"snapDist":0,"label":0}},{"type":"Feature","geometry":{"type":"Point","coordinates":[21.928951,47.055332]},"properties":{"name":"Piata Unirii / Pasajul Vulturul Negru","lines":"4, 6","arr":["4","6"],"terminus":0,"mode":"tram","color":"#d6212b","colorDark":"#7c1116","angle":17.2,"snapDist":4,"label":1}},{"type":"Feature","geometry":{"type":"Point","coordinates":[21.921967,47.056768]},"properties":{"name":"Universitatea Partium","lines":"4, 6","arr":["4","6"],"terminus":0,"mode":"tram","color":"#d6212b","colorDark":"#7c1116","angle":354.5,"snapDist":0,"label":0}},{"type":"Feature","geometry":{"type":"Point","coordinates":[21.917296,47.056746]},"properties":{"name":"Biserica Emanuel","lines":"4, 5, 8","arr":["4","5","8"],"terminus":0,"mode":"tram","color":"#d6212b","colorDark":"#7c1116","angle":96.3,"snapDist":2,"label":1}},{"type":"Feature","geometry":{"type":"Point","coordinates":[21.920965,47.063192]},"properties":{"name":"Podul Decebal","lines":"4, 5, 8","arr":["4","5","8"],"terminus":0,"mode":"tram","color":"#d6212b","colorDark":"#7c1116","angle":123.2,"snapDist":3,"label":1}},{"type":"Feature","geometry":{"type":"Point","coordinates":[21.92346,47.066092]},"properties":{"name":"Piata Decebal","lines":"4, 5, 8","arr":["4","5","8"],"terminus":0,"mode":"tram","color":"#d6212b","colorDark":"#7c1116","angle":113.9,"snapDist":2,"label":1}},{"type":"Feature","geometry":{"type":"Point","coordinates":[21.924671,47.068824]},"properties":{"name":"B-dul Dacia III","lines":"4, 5, 8","arr":["4","5","8"],"terminus":0,"mode":"tram","color":"#d6212b","colorDark":"#7c1116","angle":103.2,"snapDist":2,"label":1}},{"type":"Feature","geometry":{"type":"Point","coordinates":[21.925075,47.07213]},"properties":{"name":"Parc Olosig","lines":"4, 5, 8","arr":["4","5","8"],"terminus":0,"mode":"tram","color":"#d6212b","colorDark":"#7c1116","angle":76.1,"snapDist":1,"label":1}},{"type":"Feature","geometry":{"type":"Point","coordinates":[21.922156,47.074359]},"properties":{"name":"Corneliu Coposu III","lines":"4, 5, 8","arr":["4","5","8"],"terminus":0,"mode":"tram","color":"#d6212b","colorDark":"#7c1116","angle":31.7,"snapDist":0,"label":1}},{"type":"Feature","geometry":{"type":"Point","coordinates":[21.917588,47.076297]},"properties":{"name":"Piata Rogerius","lines":"4, 5, 8","arr":["4","5","8"],"terminus":0,"mode":"tram","color":"#d6212b","colorDark":"#7c1116","angle":26.2,"snapDist":1,"label":1}},{"type":"Feature","geometry":{"type":"Point","coordinates":[21.91145,47.073841]},"properties":{"name":"Dacia Pasaj","lines":"4, 5, 8","arr":["4","5","8"],"terminus":0,"mode":"tram","color":"#d6212b","colorDark":"#7c1116","angle":1.8,"snapDist":1,"label":1}},{"type":"Feature","geometry":{"type":"Point","coordinates":[21.908044,47.074379]},"properties":{"name":"Pod CFR","lines":"4, 5, 8","arr":["4","5","8"],"terminus":1,"mode":"tram","color":"#d6212b","colorDark":"#7c1116","angle":38.6,"snapDist":2,"label":1}},{"type":"Feature","geometry":{"type":"Point","coordinates":[21.907437,47.074624]},"properties":{"name":"Pod CFR","lines":"4, 5, 8, 9","arr":["4","5","8","9"],"terminus":1,"mode":"tram","color":"#d6212b","colorDark":"#7c1116","angle":29.1,"snapDist":2,"label":0}},{"type":"Feature","geometry":{"type":"Point","coordinates":[21.911654,47.073799]},"properties":{"name":"Dacia Pasaj II","lines":"4, 5, 8","arr":["4","5","8"],"terminus":0,"mode":"tram","color":"#d6212b","colorDark":"#7c1116","angle":182.6,"snapDist":2,"label":1}},{"type":"Feature","geometry":{"type":"Point","coordinates":[21.916781,47.076488]},"properties":{"name":"Piata Rogerius","lines":"4, 5, 8","arr":["4","5","8"],"terminus":0,"mode":"tram","color":"#d6212b","colorDark":"#7c1116","angle":211.3,"snapDist":0,"label":0}},{"type":"Feature","geometry":{"type":"Point","coordinates":[21.922269,47.074268]},"properties":{"name":"Corneliu Coposu","lines":"4, 5, 8","arr":["4","5","8"],"terminus":0,"mode":"tram","color":"#d6212b","colorDark":"#7c1116","angle":212,"snapDist":2,"label":1}},{"type":"Feature","geometry":{"type":"Point","coordinates":[21.925108,47.071948]},"properties":{"name":"Parc Olosig","lines":"4, 5, 8","arr":["4","5","8"],"terminus":0,"mode":"tram","color":"#d6212b","colorDark":"#7c1116","angle":255.8,"snapDist":1,"label":0}},{"type":"Feature","geometry":{"type":"Point","coordinates":[21.924608,47.068768]},"properties":{"name":"B-dul Dacia II","lines":"4, 5, 8","arr":["4","5","8"],"terminus":0,"mode":"tram","color":"#d6212b","colorDark":"#7c1116","angle":282.7,"snapDist":2,"label":1}},{"type":"Feature","geometry":{"type":"Point","coordinates":[21.923271,47.065911]},"properties":{"name":"Piata Decebal","lines":"4, 5, 8","arr":["4","5","8"],"terminus":0,"mode":"tram","color":"#d6212b","colorDark":"#7c1116","angle":296.5,"snapDist":2,"label":0}},{"type":"Feature","geometry":{"type":"Point","coordinates":[21.921396,47.06369]},"properties":{"name":"Podul Decebal","lines":"4, 5, 8","arr":["4","5","8"],"terminus":0,"mode":"tram","color":"#d6212b","colorDark":"#7c1116","angle":299.4,"snapDist":2,"label":0}},{"type":"Feature","geometry":{"type":"Point","coordinates":[21.917251,47.056695]},"properties":{"name":"Biserica Emanuel II","lines":"4, 5, 8","arr":["4","5","8"],"terminus":0,"mode":"tram","color":"#d6212b","colorDark":"#7c1116","angle":276.4,"snapDist":1,"label":1}},{"type":"Feature","geometry":{"type":"Point","coordinates":[21.945087,47.035965]},"properties":{"name":"Lotus","lines":"4, 5, 6, 7","arr":["4","5","6","7"],"terminus":0,"mode":"tram","color":"#d6212b","colorDark":"#7c1116","angle":221.7,"snapDist":1,"label":1}},{"type":"Feature","geometry":{"type":"Point","coordinates":[21.948985,47.033583]},"properties":{"name":"Ciheiului","lines":"4, 5, 6, 7","arr":["4","5","6","7"],"terminus":0,"mode":"tram","color":"#d6212b","colorDark":"#7c1116","angle":220.8,"snapDist":1,"label":1}},{"type":"Feature","geometry":{"type":"Point","coordinates":[21.954811,47.029712]},"properties":{"name":"Nufarul","lines":"4, 5, 6, 7","arr":["4","5","6","7"],"terminus":0,"mode":"tram","color":"#d6212b","colorDark":"#7c1116","angle":270.8,"snapDist":6,"label":0}},{"type":"Feature","geometry":{"type":"Point","coordinates":[21.916547,47.055581]},"properties":{"name":"Lic.Teologic Emanuel","lines":"5, 6, 8","arr":["5","6","8"],"terminus":1,"mode":"tram","color":"#d6212b","colorDark":"#7c1116","angle":335.2,"snapDist":0,"label":1}},{"type":"Feature","geometry":{"type":"Point","coordinates":[21.911418,47.053951]},"properties":{"name":"Abatorului ll","lines":"5, 6, 8","arr":["5","6","8"],"terminus":0,"mode":"tram","color":"#d6212b","colorDark":"#7c1116","angle":334.8,"snapDist":2,"label":1}},{"type":"Feature","geometry":{"type":"Point","coordinates":[21.906686,47.05236]},"properties":{"name":"Calea Aradului III","lines":"5, 6, 8","arr":["5","6","8"],"terminus":0,"mode":"tram","color":"#d6212b","colorDark":"#7c1116","angle":316.6,"snapDist":0,"label":1}},{"type":"Feature","geometry":{"type":"Point","coordinates":[21.904421,47.048651]},"properties":{"name":"Octavian Goga","lines":"5, 6","arr":["5","6"],"terminus":0,"mode":"tram","color":"#d6212b","colorDark":"#7c1116","angle":283.3,"snapDist":1,"label":0}},{"type":"Feature","geometry":{"type":"Point","coordinates":[21.908012,47.047841]},"properties":{"name":"Auchan III","lines":"5, 6","arr":["5","6"],"terminus":0,"mode":"tram","color":"#d6212b","colorDark":"#7c1116","angle":185.2,"snapDist":0,"label":1}},{"type":"Feature","geometry":{"type":"Point","coordinates":[21.914289,47.047287]},"properties":{"name":"Sala Polivalenta","lines":"5, 6","arr":["5","6"],"terminus":0,"mode":"tram","color":"#d6212b","colorDark":"#7c1116","angle":198.3,"snapDist":1,"label":0}},{"type":"Feature","geometry":{"type":"Point","coordinates":[21.92293,47.045273]},"properties":{"name":"Universitate","lines":"5, 6","arr":["5","6"],"terminus":0,"mode":"tram","color":"#d6212b","colorDark":"#7c1116","angle":198.3,"snapDist":1,"label":0}},{"type":"Feature","geometry":{"type":"Point","coordinates":[21.92821,47.043251]},"properties":{"name":"Ceyrat II","lines":"5, 6","arr":["5","6"],"terminus":0,"mode":"tram","color":"#d6212b","colorDark":"#7c1116","angle":246,"snapDist":1,"label":1}},{"type":"Feature","geometry":{"type":"Point","coordinates":[21.934568,47.039206]},"properties":{"name":"Atelierelor III","lines":"5, 6","arr":["5","6"],"terminus":0,"mode":"tram","color":"#d6212b","colorDark":"#7c1116","angle":198.9,"snapDist":1,"label":1}},{"type":"Feature","geometry":{"type":"Point","coordinates":[21.939299,47.038581]},"properties":{"name":"Salca","lines":"5, 6","arr":["5","6"],"terminus":0,"mode":"tram","color":"#d6212b","colorDark":"#7c1116","angle":152.5,"snapDist":2,"label":0}},{"type":"Feature","geometry":{"type":"Point","coordinates":[21.905966,47.052202]},"properties":{"name":"Aviatorilor","lines":"8","arr":["8"],"terminus":0,"mode":"tram","color":"#d6212b","colorDark":"#7c1116","angle":209.4,"snapDist":0,"label":1}},{"type":"Feature","geometry":{"type":"Point","coordinates":[21.902865,47.076428]},"properties":{"name":"CAS","lines":"9","arr":["9"],"terminus":0,"mode":"tram","color":"#d6212b","colorDark":"#7c1116","angle":33.4,"snapDist":1,"label":1}},{"type":"Feature","geometry":{"type":"Point","coordinates":[21.897715,47.078756]},"properties":{"name":"Master","lines":"9","arr":["9"],"terminus":0,"mode":"tram","color":"#d6212b","colorDark":"#7c1116","angle":33.7,"snapDist":3,"label":1}},{"type":"Feature","geometry":{"type":"Point","coordinates":[21.895502,47.079749]},"properties":{"name":"Sogema","lines":"9","arr":["9"],"terminus":0,"mode":"tram","color":"#d6212b","colorDark":"#7c1116","angle":33.7,"snapDist":2,"label":1}},{"type":"Feature","geometry":{"type":"Point","coordinates":[21.892361,47.081169]},"properties":{"name":"Electrocentrale II","lines":"9","arr":["9"],"terminus":0,"mode":"tram","color":"#d6212b","colorDark":"#7c1116","angle":33.9,"snapDist":3,"label":1}},{"type":"Feature","geometry":{"type":"Point","coordinates":[21.890018,47.082196]},"properties":{"name":"Parc Industrial","lines":"9","arr":["9"],"terminus":0,"mode":"tram","color":"#d6212b","colorDark":"#7c1116","angle":31.7,"snapDist":2,"label":1}},{"type":"Feature","geometry":{"type":"Point","coordinates":[21.883764,47.084897]},"properties":{"name":"Alumina II","lines":"9","arr":["9"],"terminus":0,"mode":"tram","color":"#d6212b","colorDark":"#7c1116","angle":32.4,"snapDist":4,"label":1}},{"type":"Feature","geometry":{"type":"Point","coordinates":[21.880052,47.087168]},"properties":{"name":"Sinteza","lines":"9","arr":["9"],"terminus":1,"mode":"tram","color":"#d6212b","colorDark":"#7c1116","angle":71.7,"snapDist":1,"label":1}},{"type":"Feature","geometry":{"type":"Point","coordinates":[21.879675,47.087047]},"properties":{"name":"Sinteza","lines":"9","arr":["9"],"terminus":1,"mode":"tram","color":"#d6212b","colorDark":"#7c1116","angle":219.4,"snapDist":4,"label":0}},{"type":"Feature","geometry":{"type":"Point","coordinates":[21.884243,47.084646]},"properties":{"name":"Alumina","lines":"9","arr":["9"],"terminus":0,"mode":"tram","color":"#d6212b","colorDark":"#7c1116","angle":210.4,"snapDist":4,"label":1}},{"type":"Feature","geometry":{"type":"Point","coordinates":[21.890109,47.082122]},"properties":{"name":"Parc Industrial","lines":"9","arr":["9"],"terminus":0,"mode":"tram","color":"#d6212b","colorDark":"#7c1116","angle":211.5,"snapDist":3,"label":0}},{"type":"Feature","geometry":{"type":"Point","coordinates":[21.892462,47.081062]},"properties":{"name":"Electrocentrale","lines":"9","arr":["9"],"terminus":0,"mode":"tram","color":"#d6212b","colorDark":"#7c1116","angle":213.5,"snapDist":0,"label":1}},{"type":"Feature","geometry":{"type":"Point","coordinates":[21.895613,47.079643]},"properties":{"name":"Sogema","lines":"9","arr":["9"],"terminus":0,"mode":"tram","color":"#d6212b","colorDark":"#7c1116","angle":213.5,"snapDist":0,"label":0}},{"type":"Feature","geometry":{"type":"Point","coordinates":[21.897853,47.07865]},"properties":{"name":"Master II","lines":"9","arr":["9"],"terminus":0,"mode":"tram","color":"#d6212b","colorDark":"#7c1116","angle":214.5,"snapDist":2,"label":1}},{"type":"Feature","geometry":{"type":"Point","coordinates":[21.902961,47.076337]},"properties":{"name":"CAS II","lines":"9","arr":["9"],"terminus":0,"mode":"tram","color":"#d6212b","colorDark":"#7c1116","angle":213.9,"snapDist":1,"label":1}}]}