{"type":"FeatureCollection","features":[{"type":"Feature","geometry":{"type":"LineString","coordinates":[[21.957193,47.048124],[21.957057,47.047842],[21.956911,47.047257],[21.956832,47.047017],[21.9568,47.04692],[21.956789,47.046887],[21.956514,47.046054],[21.956165,47.045061],[21.956052,47.04474],[21.955932,47.044444],[21.955814,47.044054],[21.955718,47.043703]]},"properties":{"name":"Strada Seleușului"}},{"type":"Feature","geometry":{"type":"LineString","coordinates":[[21.955704,47.039173],[21.95569,47.0392],[21.955653,47.039252],[21.955623,47.039292],[21.955363,47.039571],[21.955294,47.039665],[21.955224,47.039771],[21.955163,47.039933],[21.955137,47.040057],[21.955122,47.040188],[21.955126,47.04031],[21.955133,47.040373],[21.955544,47.041599],[21.955984,47.042882],[21.956076,47.043187],[21.956125,47.043436],[21.956156,47.0436],[21.956027,47.043686],[21.955972,47.043726],[21.955929,47.043786],[21.955896,47.043826],[21.955862,47.043876],[21.955834,47.043919],[21.955814,47.044054],[21.955679,47.043941],[21.95558,47.043896],[21.95547,47.043852],[21.95527,47.0438]]},"properties":{"name":"Strada Seleușului"}},{"type":"Feature","geometry":{"type":"LineString","coordinates":[[21.957193,47.048124],[21.957771,47.04916],[21.957859,47.049378],[21.957878,47.049441],[21.957884,47.049586]]},"properties":{"name":"DN1"}},{"type":"Feature","geometry":{"type":"LineString","coordinates":[[21.956603,47.050447],[21.956641,47.050389],[21.956708,47.050317],[21.956961,47.050112],[21.957048,47.050057],[21.957561,47.049814],[21.957634,47.049779],[21.957738,47.049723],[21.957811,47.04966],[21.957884,47.049586],[21.957887,47.049652],[21.957854,47.049738],[21.957814,47.049824],[21.957722,47.049984],[21.957651,47.050106],[21.957617,47.050188],[21.957601,47.05027],[21.957593,47.050344],[21.957618,47.050417],[21.957664,47.050487],[21.957705,47.050532],[21.95778,47.050567],[21.95797,47.050651],[21.958215,47.050758]]},"properties":{"name":"DN1"}},{"type":"Feature","geometry":{"type":"LineString","coordinates":[[21.939789,47.055077],[21.939691,47.054998],[21.939664,47.054979],[21.93963,47.054961],[21.939568,47.054933],[21.939497,47.054904],[21.939425,47.054876],[21.93931,47.054837],[21.939248,47.0548],[21.939161,47.054741],[21.939108,47.054697],[21.939077,47.05466],[21.939048,47.054606],[21.939017,47.054507],[21.939006,47.054469],[21.938944,47.054241],[21.938927,47.054172],[21.938915,47.054118],[21.938927,47.054012],[21.93894,47.053964],[21.93897,47.053919],[21.939001,47.053884],[21.939039,47.053853],[21.939069,47.053831],[21.939118,47.0538],[21.939172,47.053772],[21.939259,47.05375],[21.939339,47.053732],[21.939423,47.053723],[21.939542,47.053731],[21.939635,47.053748]]},"properties":{"name":"DN1"}},{"type":"Feature","geometry":{"type":"LineString","coordinates":[[21.940705,47.054699],[21.940573,47.054723],[21.940467,47.054748],[21.940383,47.054768],[21.940296,47.054797],[21.940223,47.054823],[21.940113,47.054893],[21.94008,47.054923],[21.940037,47.054977],[21.940012,47.055026],[21.939988,47.055086]]},"properties":{"name":"DN1"}},{"type":"Feature","geometry":{"type":"LineString","coordinates":[[21.998254,47.036744],[21.997398,47.036709],[21.997038,47.03673],[21.996553,47.036741]]},"properties":{"name":"DN1"}},{"type":"Feature","geometry":{"type":"LineString","coordinates":[[21.908518,47.074043],[21.907813,47.074375]]},"properties":{"name":"DN1"}},{"type":"Feature","geometry":{"type":"LineString","coordinates":[[21.912697,47.073555],[21.913538,47.073443],[21.91404,47.07337],[21.914526,47.07326],[21.914748,47.073202],[21.915027,47.073122],[21.915287,47.073041],[21.915737,47.072924]]},"properties":{"name":"DN1"}},{"type":"Feature","geometry":{"type":"LineString","coordinates":[[21.906287,47.074772],[21.906403,47.074713],[21.906443,47.074679],[21.906471,47.07464],[21.906489,47.07458],[21.906494,47.074536],[21.906451,47.074392],[21.906417,47.074289],[21.906405,47.074242],[21.906405,47.074181],[21.906412,47.074111],[21.90643,47.074022],[21.906463,47.073956],[21.906768,47.073552],[21.906802,47.073483],[21.906828,47.073406],[21.906843,47.07333],[21.90685,47.073196]]},"properties":{"name":"DN1"}},{"type":"Feature","geometry":{"type":"LineString","coordinates":[[21.826059,47.106763],[21.825936,47.106762],[21.825837,47.106763],[21.825754,47.106773],[21.825636,47.106799],[21.8255,47.106843],[21.825367,47.106891],[21.825244,47.10694]]},"properties":{"name":"DN1"}},{"type":"Feature","geometry":{"type":"LineString","coordinates":[[21.814219,47.111366],[21.814489,47.111229],[21.814695,47.111132],[21.814878,47.111051],[21.815241,47.110903],[21.817032,47.110171],[21.818912,47.109419],[21.819679,47.109111],[21.820397,47.108816],[21.821066,47.10854],[21.825025,47.106947],[21.825369,47.106791],[21.825537,47.106709],[21.825662,47.106644],[21.82577,47.10658],[21.825865,47.106517]]},"properties":{"name":"DN1"}},{"type":"Feature","geometry":{"type":"LineString","coordinates":[[21.799108,47.116809],[21.798783,47.116842],[21.798626,47.116864]]},"properties":{"name":"DN1"}},{"type":"Feature","geometry":{"type":"LineString","coordinates":[[21.791653,47.119127],[21.791828,47.119098],[21.792566,47.118862],[21.79421,47.118353],[21.794518,47.118251],[21.795365,47.117966],[21.795638,47.117876],[21.796381,47.117588],[21.796477,47.11756],[21.798113,47.117022],[21.798311,47.116955],[21.798482,47.116907],[21.798626,47.116864],[21.798555,47.116859],[21.798479,47.116856],[21.798406,47.116858],[21.797861,47.116909],[21.797196,47.116995],[21.797094,47.117011],[21.796645,47.117081],[21.796102,47.117143],[21.795788,47.117182],[21.795269,47.117279],[21.794801,47.117418],[21.794222,47.117619],[21.793671,47.117808],[21.793321,47.117934],[21.793171,47.117984],[21.791819,47.118451],[21.79141,47.118565],[21.79128,47.118611]]},"properties":{"name":"DN1"}},{"type":"Feature","geometry":{"type":"LineString","coordinates":[[21.956781,47.050455],[21.956603,47.050447],[21.956251,47.050432],[21.955502,47.050435],[21.95523,47.050453],[21.954935,47.050473],[21.954647,47.050501],[21.954107,47.05058],[21.953519,47.050711],[21.953085,47.050849],[21.952047,47.051264],[21.951319,47.051616],[21.951257,47.051645],[21.95113,47.051704],[21.949558,47.052458],[21.949523,47.052475],[21.947009,47.053703],[21.946907,47.053748],[21.946681,47.053829],[21.946497,47.053891],[21.946321,47.053941],[21.946072,47.053998],[21.945063,47.054209],[21.944943,47.054229],[21.94466,47.054285],[21.942739,47.054618],[21.942613,47.054633],[21.94248,47.054649],[21.942319,47.054663],[21.942152,47.054671],[21.94208,47.05467],[21.941951,47.054664],[21.9418,47.054653],[21.94169,47.054636],[21.941399,47.05464],[21.941159,47.054649],[21.941019,47.05466],[21.940829,47.054674],[21.940705,47.054699]]},"properties":{"name":"Calea Mareșal Alexandru Averescu"}},{"type":"Feature","geometry":{"type":"LineString","coordinates":[[21.939994,47.055182],[21.939988,47.055086],[21.939985,47.055031],[21.939985,47.055017],[21.939984,47.054998],[21.939986,47.054905],[21.939987,47.054749],[21.93997,47.054537],[21.93992,47.054371],[21.939836,47.054192],[21.939736,47.054032],[21.939618,47.053881],[21.939573,47.053822],[21.939463,47.05367],[21.939429,47.053619],[21.939398,47.05357],[21.939376,47.053523],[21.939083,47.052672],[21.938848,47.051981],[21.938745,47.051685],[21.938648,47.051374],[21.938618,47.051268],[21.938589,47.051162]]},"properties":{"name":"Piața Emanuil Gojdu"}},{"type":"Feature","geometry":{"type":"LineString","coordinates":[[21.93847,47.051174],[21.9385,47.051292],[21.93854,47.051433],[21.938582,47.051571],[21.938635,47.051733],[21.938722,47.052006],[21.938844,47.052362],[21.93894,47.052643],[21.938957,47.05269],[21.93912,47.053151],[21.939177,47.053332],[21.939252,47.053546],[21.939265,47.053614],[21.939273,47.053668],[21.939282,47.053782],[21.939281,47.053857],[21.939277,47.053919],[21.939286,47.054031],[21.939287,47.054068],[21.939298,47.054118],[21.939331,47.054211],[21.93937,47.054302],[21.939428,47.054395],[21.939524,47.054536],[21.93962,47.054681],[21.939682,47.054778],[21.939733,47.054883],[21.939763,47.054965],[21.939789,47.055077]]},"properties":{"name":"Piața Emanuil Gojdu"}},{"type":"Feature","geometry":{"type":"LineString","coordinates":[[21.938722,47.052006],[21.938675,47.05199],[21.938662,47.051979],[21.938642,47.051955],[21.93862,47.051925],[21.938575,47.051816],[21.938527,47.051731],[21.938482,47.051682],[21.938449,47.051653],[21.938426,47.051635],[21.93841,47.051625],[21.93838,47.05161],[21.938356,47.051602],[21.938294,47.05159],[21.938251,47.051582],[21.938215,47.051574],[21.938162,47.051568],[21.93811,47.051566],[21.938047,47.051566],[21.937972,47.051567],[21.93791,47.051569],[21.937857,47.051573],[21.936975,47.051752],[21.936307,47.051908],[21.936132,47.05195],[21.934725,47.05226],[21.934556,47.052298],[21.934392,47.052334],[21.934144,47.05239],[21.932657,47.052708],[21.932633,47.052714],[21.932503,47.052744],[21.932334,47.05278]]},"properties":{"name":"Piața 1 Decembrie"}},{"type":"Feature","geometry":{"type":"LineString","coordinates":[[21.937857,47.051573],[21.937923,47.051555],[21.93801,47.051529],[21.938059,47.051511],[21.938099,47.051497],[21.938133,47.051484],[21.938163,47.051471],[21.938194,47.051459]]},"properties":{"name":"Piața 1 Decembrie"}},{"type":"Feature","geometry":{"type":"LineString","coordinates":[[21.933312,47.054381],[21.932903,47.053645],[21.932837,47.053527],[21.932801,47.053461],[21.932682,47.053228],[21.932654,47.053114],[21.932626,47.053043],[21.932602,47.05299],[21.932575,47.052943],[21.932539,47.052898],[21.932495,47.052855],[21.932447,47.052821],[21.932406,47.052802],[21.932334,47.05278],[21.932292,47.052698],[21.932026,47.052121],[21.931818,47.051641],[21.931774,47.05154],[21.93134,47.051043],[21.93111,47.050608],[21.930952,47.050192],[21.930817,47.049899]]},"properties":{"name":"Strada Mihai Viteazul"}},{"type":"Feature","geometry":{"type":"LineString","coordinates":[[21.938915,47.054118],[21.938873,47.054007],[21.938868,47.053993],[21.938852,47.053953],[21.938835,47.053922],[21.938815,47.053898],[21.938773,47.053863],[21.938731,47.053838],[21.938682,47.053815],[21.938625,47.053796],[21.938557,47.053786],[21.938478,47.05378]]},"properties":{"name":"Strada Independenței"}},{"type":"Feature","geometry":{"type":"LineString","coordinates":[[21.930018,47.055226],[21.930121,47.055186],[21.93015,47.055175],[21.930216,47.05515],[21.930276,47.055127],[21.930346,47.055106],[21.930388,47.055094],[21.93051,47.055062],[21.930634,47.055034],[21.93076,47.055007],[21.931044,47.054959],[21.93181,47.054817],[21.932038,47.054775],[21.932241,47.054733],[21.932504,47.054679],[21.933269,47.054483],[21.933293,47.054477],[21.933591,47.054408],[21.933844,47.054357],[21.934031,47.054324],[21.93494,47.054206],[21.935044,47.054197],[21.937067,47.053953],[21.937167,47.053941],[21.938368,47.05379],[21.938478,47.05378],[21.938539,47.053778],[21.938602,47.05378],[21.938648,47.053781],[21.938708,47.053791],[21.938768,47.053807],[21.938796,47.053817],[21.938825,47.053825],[21.938852,47.05383],[21.93888,47.053833],[21.938919,47.05383],[21.938972,47.053819],[21.939022,47.053807],[21.939097,47.05379],[21.939172,47.053772]]},"properties":{"name":"Strada Independenței"}},{"type":"Feature","geometry":{"type":"LineString","coordinates":[[21.930018,47.055226],[21.929819,47.055319],[21.929791,47.055333],[21.929355,47.055536],[21.92929,47.055567],[21.929081,47.055659],[21.928678,47.055866]]},"properties":{"name":"Piața Unirii"}},{"type":"Feature","geometry":{"type":"LineString","coordinates":[[21.928168,47.053703],[21.928291,47.05396],[21.928426,47.054274],[21.928423,47.054299],[21.928414,47.054335],[21.928396,47.05437],[21.928375,47.0544],[21.928335,47.054446],[21.928293,47.054477],[21.928262,47.054492],[21.928167,47.054529],[21.928046,47.054567],[21.927835,47.054616],[21.928025,47.055031],[21.92807,47.055145],[21.928177,47.055419],[21.928191,47.055451],[21.928199,47.055471],[21.928206,47.055489],[21.92824,47.055578],[21.928325,47.05582]]},"properties":{"name":"Piața Unirii"}},{"type":"Feature","geometry":{"type":"LineString","coordinates":[[21.928678,47.055866],[21.928483,47.055944],[21.928292,47.056024],[21.928319,47.055977],[21.928329,47.055938],[21.928329,47.055905],[21.928325,47.05582],[21.928382,47.055863],[21.928421,47.055878],[21.928471,47.05589],[21.928477,47.055891],[21.928529,47.055894],[21.928581,47.055888],[21.928678,47.055866]]},"properties":{"name":"Piața Unirii"}},{"type":"Feature","geometry":{"type":"LineString","coordinates":[[21.928199,47.055471],[21.92791,47.055523],[21.925877,47.055896],[21.924996,47.056087],[21.924875,47.056124],[21.924739,47.056186],[21.923929,47.056701],[21.923861,47.056739],[21.923813,47.056763],[21.923774,47.056776],[21.923727,47.05679],[21.923676,47.056801],[21.923619,47.056814],[21.923548,47.056825],[21.923472,47.056836],[21.923383,47.056843],[21.923339,47.056843],[21.923267,47.056844],[21.923195,47.05684],[21.922957,47.056826],[21.922264,47.056778],[21.921717,47.056734],[21.921071,47.056672],[21.91978,47.056543],[21.91975,47.056539],[21.919656,47.056525],[21.917914,47.056205],[21.917874,47.056199],[21.917835,47.056194],[21.9178,47.056193],[21.917764,47.056192],[21.917683,47.056192],[21.917643,47.056194],[21.917608,47.056197],[21.917556,47.056207],[21.917508,47.05622],[21.917469,47.05623]]},"properties":{"name":"Strada Primăriei"}},{"type":"Feature","geometry":{"type":"LineString","coordinates":[[21.916904,47.056227],[21.916781,47.056009],[21.91674,47.05596],[21.916709,47.055927],[21.916641,47.055867],[21.916566,47.05581],[21.916423,47.055716],[21.916354,47.055677],[21.916288,47.055645],[21.916162,47.055592],[21.915886,47.05549],[21.915812,47.055465],[21.915693,47.055425],[21.915575,47.055389],[21.914921,47.05519],[21.914265,47.054978],[21.914118,47.054932],[21.912252,47.054323],[21.911392,47.054049],[21.911121,47.053963],[21.911077,47.053949],[21.91087,47.053884],[21.910074,47.053632],[21.909425,47.053427],[21.908955,47.053281],[21.908192,47.053053],[21.908123,47.053032],[21.907598,47.052868],[21.907441,47.052821],[21.907396,47.05281],[21.907334,47.052801],[21.907292,47.052798],[21.907239,47.052799],[21.907185,47.052806],[21.907144,47.052814],[21.906989,47.052843]]},"properties":{"name":"Calea Aradului"}},{"type":"Feature","geometry":{"type":"LineString","coordinates":[[21.907149,47.052446],[21.907172,47.052493],[21.907188,47.052526],[21.907212,47.052563],[21.907232,47.052594],[21.907265,47.052641],[21.907294,47.052671],[21.907327,47.052699],[21.907367,47.052725],[21.907418,47.052751],[21.907504,47.052785],[21.907625,47.052826],[21.908219,47.05301],[21.909444,47.053391],[21.911096,47.053915],[21.911142,47.05393],[21.911222,47.053954],[21.912272,47.054293],[21.914289,47.054942],[21.914948,47.05515],[21.915821,47.055425],[21.916384,47.0556],[21.916787,47.055769],[21.917124,47.055928],[21.917128,47.05593],[21.917165,47.055948],[21.917269,47.055996]]},"properties":{"name":"Calea Aradului"}},{"type":"Feature","geometry":{"type":"LineString","coordinates":[[21.902035,47.042008],[21.902008,47.042051],[21.901998,47.042072],[21.90199,47.042094],[21.901984,47.042124],[21.901986,47.042155],[21.901999,47.042215],[21.902043,47.042363],[21.90209,47.04251],[21.902252,47.042929],[21.902486,47.043538],[21.902656,47.043983],[21.902773,47.044285],[21.903039,47.044983],[21.903136,47.045233],[21.903226,47.045463],[21.903323,47.045693],[21.903389,47.045792],[21.903444,47.045843],[21.903515,47.045889]]},"properties":{"name":"Calea Aradului"}},{"type":"Feature","geometry":{"type":"LineString","coordinates":[[21.903222,47.045957],[21.903194,47.045706],[21.903124,47.045472],[21.903037,47.045246],[21.902674,47.044298],[21.902558,47.043995],[21.902155,47.042945],[21.902029,47.042615],[21.90196,47.04245],[21.901918,47.04235],[21.901865,47.042247],[21.901837,47.042193],[21.901803,47.042144],[21.901755,47.042083]]},"properties":{"name":"Calea Aradului"}},{"type":"Feature","geometry":{"type":"LineString","coordinates":[[21.903725,47.046299],[21.903678,47.046367],[21.903657,47.046436],[21.903655,47.046539],[21.903676,47.046633],[21.90371,47.046724],[21.903767,47.046846],[21.903907,47.047195],[21.903969,47.047354],[21.904021,47.047488],[21.90409,47.047663],[21.90414,47.047758],[21.904201,47.047872],[21.904311,47.048068],[21.904321,47.048091],[21.904333,47.048118],[21.904343,47.048141],[21.904375,47.048215],[21.904457,47.048401],[21.904496,47.048484],[21.904525,47.048565],[21.904859,47.049506],[21.904947,47.049704]]},"properties":{"name":"Calea Aradului"}},{"type":"Feature","geometry":{"type":"LineString","coordinates":[[21.90501,47.049839],[21.905032,47.04994],[21.90505,47.049995],[21.905072,47.05005],[21.905161,47.050252],[21.90529,47.050499],[21.905394,47.050694],[21.905505,47.05086],[21.905596,47.050994],[21.905861,47.051333],[21.906229,47.051731],[21.906367,47.051847],[21.906433,47.0519],[21.906515,47.051961]]},"properties":{"name":"Calea Aradului"}},{"type":"Feature","geometry":{"type":"LineString","coordinates":[[21.906199,47.052077],[21.906186,47.052059],[21.906146,47.051993],[21.906025,47.051807],[21.905958,47.051729],[21.90564,47.051347],[21.905377,47.050988],[21.90516,47.050663],[21.905083,47.050535],[21.905032,47.050435],[21.904874,47.050086],[21.904766,47.049867]]},"properties":{"name":"Calea Aradului"}},{"type":"Feature","geometry":{"type":"LineString","coordinates":[[21.904751,47.049738],[21.904683,47.049537],[21.904332,47.048597],[21.904288,47.048479],[21.904274,47.048442],[21.904199,47.048241],[21.904183,47.048187],[21.904127,47.048036],[21.904072,47.047894],[21.90402,47.047755],[21.903993,47.047683],[21.903803,47.047202],[21.903702,47.046957],[21.903648,47.046823],[21.903553,47.046603],[21.903511,47.046529],[21.903459,47.046455],[21.90339,47.046365]]},"properties":{"name":"Calea Aradului"}},{"type":"Feature","geometry":{"type":"LineString","coordinates":[[21.901602,47.041742],[21.901634,47.041639],[21.901629,47.041538],[21.901594,47.04142],[21.901379,47.040885],[21.900856,47.039567],[21.900762,47.039331],[21.899926,47.037209],[21.899462,47.035957],[21.899187,47.035078],[21.899138,47.034921],[21.898652,47.033504],[21.898483,47.033004],[21.898298,47.03246],[21.897722,47.030981],[21.89742,47.030037],[21.89722,47.029391],[21.897165,47.029185],[21.897087,47.028946],[21.89708,47.028918],[21.897004,47.028604],[21.896763,47.027603],[21.896684,47.027141],[21.896607,47.026625],[21.896575,47.026413],[21.89655,47.026177]]},"properties":{"name":"Calea Aradului"}},{"type":"Feature","geometry":{"type":"LineString","coordinates":[[21.896687,47.026342],[21.89676,47.026924],[21.896884,47.027623],[21.897091,47.028601],[21.897272,47.029284],[21.897695,47.030454],[21.898521,47.032816],[21.898994,47.034198],[21.899632,47.036176],[21.900942,47.039555],[21.901026,47.039772],[21.901231,47.040266],[21.901446,47.040782],[21.901482,47.04087],[21.901704,47.041404],[21.901761,47.041502],[21.901823,47.041596],[21.901919,47.041703]]},"properties":{"name":"Calea Aradului"}},{"type":"Feature","geometry":{"type":"LineString","coordinates":[[21.906964,47.052861],[21.906916,47.052928],[21.906883,47.052979],[21.906864,47.053017],[21.906845,47.053058],[21.906838,47.053093],[21.906836,47.05312],[21.90684,47.053138],[21.906853,47.053173],[21.906922,47.053346],[21.906966,47.053432],[21.90703,47.053565]]},"properties":{"name":"Strada Oneștilor"}},{"type":"Feature","geometry":{"type":"LineString","coordinates":[[21.907292,47.054079],[21.907374,47.054232],[21.907653,47.054727],[21.90767,47.054757],[21.907859,47.055101],[21.908058,47.055472],[21.908363,47.056005],[21.908773,47.056721],[21.909429,47.057889],[21.910108,47.05908],[21.910735,47.060194],[21.910848,47.060378],[21.910931,47.060489],[21.91111,47.060761],[21.911261,47.060928],[21.911294,47.060967],[21.91135,47.06103],[21.911392,47.061077]]},"properties":{"name":"Strada Oneștilor"}},{"type":"Feature","geometry":{"type":"LineString","coordinates":[[21.911481,47.061243],[21.911502,47.061347],[21.911557,47.061497],[21.911699,47.061725],[21.911901,47.06209],[21.912051,47.062306],[21.91221,47.062526]]},"properties":{"name":"Strada Oneștilor"}},{"type":"Feature","geometry":{"type":"LineString","coordinates":[[21.911557,47.061497],[21.911439,47.061361],[21.911394,47.06132],[21.91135,47.061279]]},"properties":{"name":"Strada Oneștilor"}},{"type":"Feature","geometry":{"type":"LineString","coordinates":[[21.912575,47.06284],[21.912527,47.062809],[21.912435,47.062733],[21.91221,47.062526],[21.912369,47.062759],[21.912465,47.062872]]},"properties":{"name":"Strada Oneștilor"}},{"type":"Feature","geometry":{"type":"LineString","coordinates":[[21.911254,47.061109],[21.911219,47.060991],[21.9112,47.060947],[21.91111,47.060761]]},"properties":{"name":"Strada Oneștilor"}},{"type":"Feature","geometry":{"type":"LineString","coordinates":[[21.912597,47.062997],[21.912611,47.06311],[21.912613,47.063596],[21.912613,47.063661]]},"properties":{"name":"Strada Oneștilor"}},{"type":"Feature","geometry":{"type":"LineString","coordinates":[[21.912449,47.063631],[21.9125,47.063248],[21.912518,47.06311],[21.912526,47.06305],[21.912518,47.062996]]},"properties":{"name":"Strada Oneștilor"}},{"type":"Feature","geometry":{"type":"LineString","coordinates":[[21.911265,47.061253],[21.910967,47.061249],[21.910752,47.061249]]},"properties":{"name":"Strada Barcăului"}},{"type":"Feature","geometry":{"type":"LineString","coordinates":[[21.905838,47.061336],[21.905954,47.061332],[21.906001,47.061331],[21.908506,47.061294],[21.909866,47.061279],[21.91004,47.061279],[21.910482,47.061267],[21.910752,47.061249],[21.91096,47.06121],[21.911136,47.061161],[21.911228,47.061135]]},"properties":{"name":"Strada Barcăului"}},{"type":"Feature","geometry":{"type":"LineString","coordinates":[[21.905574,47.061788],[21.905519,47.061785],[21.90545,47.061784],[21.903614,47.061812],[21.901536,47.061834]]},"properties":{"name":"Strada Barcăului"}},{"type":"Feature","geometry":{"type":"LineString","coordinates":[[21.901816,47.061357],[21.902004,47.061368],[21.902161,47.061371],[21.90229,47.061374],[21.903717,47.061357],[21.905468,47.061336],[21.905499,47.061336],[21.905642,47.061337]]},"properties":{"name":"Strada Barcăului"}},{"type":"Feature","geometry":{"type":"LineString","coordinates":[[21.901536,47.061834],[21.901609,47.061656],[21.901619,47.061558],[21.901631,47.061462]]},"properties":{"name":"Strada Greierului"}},{"type":"Feature","geometry":{"type":"LineString","coordinates":[[21.901672,47.061309],[21.901719,47.061258],[21.901752,47.061217],[21.901828,47.061122]]},"properties":{"name":"Strada Greierului"}},{"type":"Feature","geometry":{"type":"LineString","coordinates":[[21.902488,47.059516],[21.901828,47.061122],[21.901813,47.061229],[21.901792,47.061333]]},"properties":{"name":"Strada Greierului"}},{"type":"Feature","geometry":{"type":"LineString","coordinates":[[21.893592,47.057416],[21.895277,47.057764],[21.896856,47.05806],[21.897041,47.058093],[21.897384,47.058159],[21.897427,47.058169],[21.897468,47.058176],[21.897523,47.058189],[21.89799,47.058275],[21.898054,47.058289],[21.89875,47.058426],[21.899184,47.058511],[21.900023,47.058675],[21.901315,47.058932],[21.901741,47.059013],[21.902036,47.059079]]},"properties":{"name":"Strada Hațegului"}},{"type":"Feature","geometry":{"type":"LineString","coordinates":[[21.890928,47.05616],[21.891273,47.056038],[21.891413,47.056004],[21.891578,47.055972],[21.891729,47.055954],[21.891859,47.055946],[21.892004,47.055951],[21.892103,47.055962],[21.892213,47.055979],[21.892307,47.056],[21.892536,47.056062],[21.892695,47.056121],[21.892871,47.056189],[21.893033,47.05627],[21.89325,47.056406],[21.893332,47.056466],[21.893402,47.056528],[21.893472,47.056597],[21.893527,47.05668],[21.893571,47.056803],[21.893591,47.056879],[21.893616,47.056985],[21.893633,47.057126],[21.893633,47.057229],[21.893623,47.0573],[21.893592,47.057416],[21.893578,47.057449]]},"properties":{"name":"Piața Episcop Ignație Dărăbanț"}},{"type":"Feature","geometry":{"type":"LineString","coordinates":[[21.892307,47.056],[21.892395,47.055819],[21.892856,47.054709],[21.89329,47.053673]]},"properties":{"name":"Strada Măgheranului"}},{"type":"Feature","geometry":{"type":"LineString","coordinates":[[21.89329,47.053673],[21.89323,47.053647],[21.893126,47.053592],[21.893018,47.053508],[21.892934,47.053426],[21.892549,47.053039]]},"properties":{"name":"Piața Bobâlnei"}},{"type":"Feature","geometry":{"type":"LineString","coordinates":[[21.892549,47.053039],[21.891657,47.053391],[21.890541,47.053829],[21.889516,47.054228],[21.889294,47.054315]]},"properties":{"name":"Strada Henrik Ibsen"}},{"type":"Feature","geometry":{"type":"LineString","coordinates":[[21.889294,47.054315],[21.889375,47.054406],[21.890928,47.05616]]},"properties":{"name":"Strada Ovid Densușianu"}},{"type":"Feature","geometry":{"type":"LineString","coordinates":[[21.907317,47.073966],[21.907068,47.073382],[21.906995,47.073247],[21.906921,47.073124],[21.906697,47.072768],[21.906501,47.072554],[21.90628,47.07237],[21.906072,47.07223],[21.904505,47.071205],[21.904137,47.070963],[21.903854,47.07078],[21.903533,47.070558],[21.903364,47.070432],[21.903222,47.070316],[21.903087,47.070217],[21.902786,47.069923],[21.902472,47.06951],[21.90241,47.069429],[21.902248,47.069202],[21.902197,47.069136],[21.901973,47.06882]]},"properties":{"name":"Strada Ovid Densușianu"}},{"type":"Feature","geometry":{"type":"LineString","coordinates":[[21.907217,47.074002],[21.906961,47.073366],[21.90685,47.073196],[21.906561,47.072814],[21.906376,47.072639],[21.906163,47.072458],[21.905944,47.072295],[21.905788,47.072196],[21.904625,47.071415],[21.90441,47.07127],[21.904053,47.071029],[21.903753,47.070831],[21.903446,47.070615],[21.903273,47.070483],[21.903127,47.070364],[21.903003,47.070251],[21.902709,47.069945],[21.902288,47.069474],[21.902131,47.069251],[21.902103,47.069216],[21.901912,47.068981],[21.901824,47.068901]]},"properties":{"name":"Strada Ovid Densușianu"}},{"type":"Feature","geometry":{"type":"LineString","coordinates":[[21.91148,47.061112],[21.911767,47.061116],[21.912057,47.061108],[21.912157,47.06109],[21.912255,47.061065],[21.912329,47.06104],[21.91258,47.060949],[21.91265,47.060922],[21.913361,47.060677],[21.913743,47.060544],[21.914844,47.060188]]},"properties":{"name":"Strada Simion Bărnuțiu"}},{"type":"Feature","geometry":{"type":"LineString","coordinates":[[21.914844,47.060188],[21.914819,47.059616],[21.914813,47.059451],[21.914802,47.059175],[21.914757,47.059109],[21.914693,47.059014]]},"properties":{"name":"Strada Ștefan Octavian Iosif"}},{"type":"Feature","geometry":{"type":"LineString","coordinates":[[21.914664,47.058916],[21.914675,47.058795],[21.914632,47.058575],[21.914623,47.058466],[21.914654,47.058394],[21.914712,47.058304],[21.91478,47.058208],[21.914811,47.058126],[21.91483,47.058015]]},"properties":{"name":"Strada Ștefan Octavian Iosif"}},{"type":"Feature","geometry":{"type":"LineString","coordinates":[[21.915049,47.05794],[21.915329,47.057973],[21.915373,47.057977],[21.915538,47.057985],[21.915681,47.05799],[21.915843,47.05802],[21.916,47.058036],[21.916089,47.058031],[21.916948,47.05779],[21.917228,47.057678],[21.917264,47.057658],[21.917296,47.057633],[21.917324,47.057595]]},"properties":{"name":"Strada Ștefan Octavian Iosif"}},{"type":"Feature","geometry":{"type":"LineString","coordinates":[[21.916934,47.056283],[21.916956,47.056328],[21.917004,47.05642],[21.917071,47.05656],[21.917111,47.056642],[21.917139,47.056734],[21.917208,47.057038],[21.917291,47.057343],[21.917324,47.057595],[21.917341,47.057947],[21.917348,47.058055],[21.917374,47.058749],[21.917374,47.058762],[21.917403,47.05897],[21.917422,47.059029],[21.917424,47.059036],[21.917454,47.059111],[21.917481,47.059174],[21.917521,47.059265],[21.917563,47.05933],[21.917617,47.059413],[21.918454,47.060353],[21.91884,47.060804],[21.919123,47.06113],[21.919335,47.061374],[21.919515,47.061582],[21.919974,47.062117],[21.920039,47.062193],[21.920677,47.06293],[21.921293,47.063636],[21.921697,47.064098],[21.921769,47.064179],[21.921853,47.064277],[21.9219,47.064331],[21.922352,47.064853],[21.922386,47.064898],[21.92256,47.065138]]},"properties":{"name":"Bulevardul Decebal"}},{"type":"Feature","geometry":{"type":"LineString","coordinates":[[21.91703,47.056002],[21.917125,47.055932],[21.917128,47.05593],[21.917151,47.055911],[21.917245,47.055839],[21.917275,47.055816],[21.917317,47.055785],[21.917384,47.05574],[21.917406,47.055726]]},"properties":{"name":"Bulevardul Decebal"}},{"type":"Feature","geometry":{"type":"LineString","coordinates":[[21.917797,47.0554],[21.917762,47.055411],[21.917725,47.055429],[21.917688,47.055462],[21.917643,47.055525],[21.917593,47.055592],[21.917538,47.055657],[21.917506,47.055686],[21.917465,47.055708],[21.917406,47.055726],[21.917605,47.055484],[21.91767,47.05537],[21.917769,47.055166],[21.917882,47.05492],[21.917917,47.054872],[21.917973,47.054819],[21.91825,47.054141],[21.918292,47.054045],[21.91854,47.0535],[21.918551,47.053478],[21.918826,47.052901],[21.919135,47.052266],[21.919181,47.052164],[21.919238,47.052041],[21.919487,47.051504],[21.919515,47.051445],[21.919556,47.051372],[21.919744,47.051091],[21.919796,47.050995]]},"properties":{"name":"Bulevardul Decebal"}},{"type":"Feature","geometry":{"type":"LineString","coordinates":[[21.924271,47.069246],[21.92437,47.069053],[21.924402,47.068977],[21.924435,47.06884],[21.924456,47.068666],[21.924448,47.068557],[21.924435,47.068448],[21.924416,47.068351],[21.924373,47.068215],[21.924313,47.068032],[21.924229,47.06776],[21.924166,47.067587],[21.924144,47.067526],[21.924022,47.067219],[21.923864,47.066901],[21.92375,47.066707],[21.923652,47.066564],[21.923577,47.066464],[21.923447,47.0663],[21.923254,47.06607],[21.92309,47.065846],[21.922993,47.065709],[21.922919,47.065618],[21.92256,47.065138],[21.922453,47.065189],[21.922391,47.065232],[21.922329,47.06529],[21.922319,47.065347],[21.922327,47.065398],[21.922358,47.065466],[21.922398,47.065522],[21.922431,47.065558],[21.922494,47.065597],[21.922538,47.065614],[21.922599,47.065627],[21.922689,47.065641]]},"properties":{"name":"Bulevardul Decebal"}},{"type":"Feature","geometry":{"type":"LineString","coordinates":[[21.917973,47.054819],[21.917977,47.05488],[21.917974,47.054917],[21.917964,47.054956],[21.917797,47.0554],[21.917594,47.05594],[21.917539,47.05605],[21.917519,47.05609],[21.917486,47.056162],[21.917472,47.056187]]},"properties":{"name":"Bulevardul Decebal"}},{"type":"Feature","geometry":{"type":"LineString","coordinates":[[21.917467,47.056235],[21.917453,47.057019],[21.9175,47.057659],[21.917514,47.057858],[21.917561,47.058743],[21.91758,47.058886],[21.917592,47.058957],[21.917605,47.059031],[21.91763,47.059121],[21.91767,47.059211],[21.917728,47.059323],[21.917783,47.059402],[21.918607,47.060379],[21.918842,47.060671],[21.918931,47.060764],[21.919011,47.06086],[21.919419,47.061328],[21.919479,47.061397],[21.919662,47.061609],[21.919798,47.061766],[21.920101,47.062116],[21.920135,47.062157],[21.920377,47.062439],[21.920954,47.063111],[21.921013,47.06318],[21.921019,47.063187],[21.921304,47.063517],[21.921339,47.063557],[21.921788,47.064062],[21.92186,47.064139],[21.921955,47.064239],[21.922005,47.064293],[21.922482,47.0648],[21.922519,47.064837],[21.922602,47.064939],[21.922714,47.065073],[21.923159,47.065538],[21.923313,47.065701],[21.923353,47.065755],[21.923439,47.06587],[21.923539,47.066018],[21.923657,47.06621],[21.923823,47.066567],[21.923964,47.066813],[21.924048,47.066975],[21.924295,47.067511],[21.924336,47.067618],[21.924376,47.067726],[21.924573,47.068314],[21.924618,47.068416],[21.924677,47.068526],[21.924737,47.068609],[21.924795,47.06868],[21.924865,47.068743],[21.924932,47.068789],[21.924978,47.068812],[21.925066,47.068855],[21.92515,47.068894],[21.925254,47.068934]]},"properties":{"name":"Bulevardul Decebal"}},{"type":"Feature","geometry":{"type":"LineString","coordinates":[[21.917797,47.0554],[21.918502,47.055345],[21.918868,47.05531],[21.919107,47.055275],[21.920385,47.055023],[21.921679,47.054788],[21.922336,47.054773],[21.922974,47.05476],[21.924001,47.054638],[21.92425,47.054595],[21.928082,47.053722],[21.92812,47.053714],[21.928168,47.053703]]},"properties":{"name":"Strada Iuliu Maniu"}},{"type":"Feature","geometry":{"type":"LineString","coordinates":[[21.928168,47.053703],[21.928355,47.053661],[21.928432,47.053645],[21.9285,47.053631],[21.928535,47.053622],[21.928693,47.053588],[21.929693,47.053368],[21.932242,47.052799],[21.932334,47.05278]]},"properties":{"name":"Strada Traian Moșoiu"}},{"type":"Feature","geometry":{"type":"LineString","coordinates":[[21.938568,47.051079],[21.938589,47.051162]]},"properties":{"name":"Strada Dimitrie Cantemir"}},{"type":"Feature","geometry":{"type":"LineString","coordinates":[[21.938486,47.050322],[21.938493,47.050395]]},"properties":{"name":"Strada Dimitrie Cantemir"}},{"type":"Feature","geometry":{"type":"LineString","coordinates":[[21.93847,47.051174],[21.938446,47.051007],[21.938419,47.050766],[21.938399,47.050539],[21.938388,47.05038],[21.938355,47.050003],[21.93835,47.049918],[21.938336,47.049782],[21.938335,47.049706],[21.938341,47.049634],[21.938345,47.04959],[21.938368,47.049507],[21.938378,47.049492],[21.938398,47.049445],[21.93842,47.049403],[21.938467,47.049329],[21.938519,47.049271],[21.93857,47.049221],[21.938638,47.049173],[21.938706,47.049119],[21.938815,47.049046],[21.938946,47.048971],[21.939115,47.048883],[21.939209,47.048836],[21.939311,47.048789],[21.939365,47.048766],[21.939426,47.04874],[21.939485,47.048719],[21.939576,47.04869],[21.939974,47.048478],[21.940253,47.048336],[21.940715,47.048101],[21.941044,47.04793],[21.94119,47.047834],[21.941266,47.047778],[21.941343,47.047706],[21.941419,47.047633],[21.941469,47.047579],[21.94151,47.04753],[21.941552,47.047476],[21.941583,47.047427],[21.941622,47.047347],[21.941658,47.047256],[21.941684,47.047165],[21.9417,47.047075],[21.941712,47.046933],[21.941744,47.046492],[21.941787,47.04595],[21.941793,47.045867],[21.941818,47.045491],[21.941927,47.043769],[21.94203,47.042361],[21.942067,47.041678],[21.942084,47.041403],[21.942097,47.041148],[21.942137,47.040729],[21.942186,47.040245],[21.942217,47.04004],[21.942256,47.039902],[21.942294,47.039791],[21.942354,47.039634],[21.942409,47.039535],[21.942489,47.039378],[21.942561,47.039245],[21.942813,47.038817],[21.94288,47.038694],[21.943004,47.038422],[21.943146,47.038159],[21.943368,47.037754],[21.943434,47.037644],[21.943497,47.037543],[21.943613,47.037385],[21.94375,47.037155],[21.943835,47.037011],[21.94391,47.03692],[21.943995,47.036831],[21.944074,47.03676],[21.944161,47.036693],[21.94425,47.036633]]},"properties":{"name":"Strada Dimitrie Cantemir"}},{"type":"Feature","geometry":{"type":"LineString","coordinates":[[21.943613,47.037385],[21.943591,47.037476],[21.943566,47.037569],[21.943523,47.037678],[21.943469,47.03779],[21.943233,47.038207],[21.943086,47.038439],[21.94288,47.038694]]},"properties":{"name":"Strada Dimitrie Cantemir"}},{"type":"Feature","geometry":{"type":"LineString","coordinates":[[21.941793,47.045867],[21.943925,47.046028],[21.944141,47.046034],[21.944751,47.045927],[21.945386,47.045816],[21.945947,47.045711],[21.946558,47.045618],[21.947226,47.045505],[21.948011,47.04537],[21.94851,47.045281]]},"properties":{"name":"Strada Muntele Găina"}},{"type":"Feature","geometry":{"type":"LineString","coordinates":[[21.948869,47.045145],[21.94851,47.045281],[21.948929,47.045223]]},"properties":{"name":"Strada Muntele Găina"}},{"type":"Feature","geometry":{"type":"LineString","coordinates":[[21.949007,47.045116],[21.949156,47.045128],[21.949309,47.04513]]},"properties":{"name":"Strada Războieni"}},{"type":"Feature","geometry":{"type":"LineString","coordinates":[[21.94902,47.045205],[21.949309,47.04513],[21.949584,47.045077],[21.95016,47.044948],[21.953097,47.044268],[21.953316,47.044221],[21.953401,47.044204],[21.953965,47.044081],[21.954126,47.044046],[21.95527,47.0438],[21.955718,47.043703],[21.95595,47.043656],[21.956156,47.0436],[21.956837,47.043496],[21.957321,47.043423],[21.957484,47.043399],[21.958112,47.043305],[21.958836,47.043202],[21.958959,47.043186],[21.959625,47.0431],[21.959856,47.043099],[21.960058,47.04313],[21.960223,47.043185],[21.960351,47.043228],[21.961433,47.043587],[21.962081,47.043802]]},"properties":{"name":"Strada Războieni"}},{"type":"Feature","geometry":{"type":"LineString","coordinates":[[21.939994,47.055182],[21.940024,47.055795]]},"properties":{"name":"Podul Dacia"}},{"type":"Feature","geometry":{"type":"LineString","coordinates":[[21.93984,47.055917],[21.939827,47.055652],[21.939806,47.055226],[21.939804,47.055172]]},"properties":{"name":"Podul Dacia"}},{"type":"Feature","geometry":{"type":"LineString","coordinates":[[21.940024,47.055795],[21.940034,47.05591],[21.940034,47.055935],[21.940067,47.056337],[21.940077,47.056472],[21.940079,47.056495],[21.940085,47.057217],[21.940156,47.057919],[21.940154,47.05859],[21.940156,47.058677]]},"properties":{"name":"Strada General Gheorghe Magheru"}},{"type":"Feature","geometry":{"type":"LineString","coordinates":[[21.93984,47.055917],[21.939843,47.055999],[21.939846,47.056305],[21.939851,47.056577],[21.93987,47.056689],[21.939888,47.056776],[21.939925,47.056894],[21.939957,47.057016],[21.939982,47.05722],[21.940019,47.057724],[21.940027,47.05793],[21.940064,47.058589],[21.940064,47.058799],[21.940052,47.058913],[21.939999,47.059187],[21.939934,47.05938]]},"properties":{"name":"Strada General Gheorghe Magheru"}},{"type":"Feature","geometry":{"type":"LineString","coordinates":[[21.939934,47.05938],[21.939798,47.059354],[21.93936,47.05923],[21.939132,47.059149],[21.938925,47.05907],[21.938346,47.058607],[21.937358,47.058036],[21.936524,47.057584],[21.9363,47.057509]]},"properties":{"name":"Strada George Enescu"}},{"type":"Feature","geometry":{"type":"LineString","coordinates":[[21.9363,47.057509],[21.936008,47.057665],[21.935871,47.057763],[21.935525,47.058004],[21.935333,47.058167],[21.935139,47.058409]]},"properties":{"name":"Strada Parcul Traian"}},{"type":"Feature","geometry":{"type":"LineString","coordinates":[[21.93445,47.058049],[21.935546,47.05748],[21.935616,47.057443],[21.935834,47.057394],[21.935939,47.057372],[21.936849,47.057074],[21.936869,47.057067],[21.936992,47.057027],[21.937645,47.056806],[21.93773,47.056778],[21.9378,47.056755],[21.938409,47.056551],[21.938456,47.05653],[21.938521,47.056506],[21.938698,47.056458],[21.939425,47.056246],[21.939512,47.056224],[21.939574,47.05621],[21.939649,47.056186],[21.939714,47.05616],[21.939743,47.05614],[21.939772,47.056116],[21.939812,47.056057],[21.939843,47.055999]]},"properties":{"name":"Strada Parcul Traian"}},{"type":"Feature","geometry":{"type":"LineString","coordinates":[[21.935139,47.058409],[21.93507,47.058502],[21.934758,47.058853],[21.934671,47.058951],[21.934281,47.059391],[21.932905,47.060974],[21.932753,47.061146],[21.931933,47.06202],[21.931873,47.062098],[21.931236,47.062942],[21.930421,47.064058],[21.929255,47.065558]]},"properties":{"name":"Strada Mihai Eminescu"}},{"type":"Feature","geometry":{"type":"LineString","coordinates":[[21.929255,47.065558],[21.929592,47.065833],[21.929824,47.065999],[21.929833,47.066013],[21.92991,47.066084]]},"properties":{"name":"Strada Gheorghe Lazăr"}},{"type":"Feature","geometry":{"type":"LineString","coordinates":[[21.929881,47.066099],[21.92991,47.066084],[21.929932,47.066072]]},"properties":{"name":"Strada Nicolae Jiga"}},{"type":"Feature","geometry":{"type":"LineString","coordinates":[[21.929881,47.066099],[21.929926,47.066142],[21.930278,47.066442],[21.930341,47.066495],[21.930438,47.066588],[21.930737,47.066841],[21.93082,47.066917],[21.930871,47.066968]]},"properties":{"name":"Piața Ion Creangă"}},{"type":"Feature","geometry":{"type":"LineString","coordinates":[[21.930871,47.066968],[21.930527,47.067094],[21.93047,47.067115],[21.930216,47.067214],[21.928683,47.067792],[21.927228,47.06835],[21.927153,47.068379],[21.927073,47.068411],[21.926482,47.068642],[21.925965,47.068906],[21.925652,47.069072],[21.925614,47.069097],[21.925566,47.069129],[21.92549,47.069183],[21.925387,47.069264]]},"properties":{"name":"Bulevardul Dacia"}},{"type":"Feature","geometry":{"type":"LineString","coordinates":[[21.926482,47.068642],[21.925884,47.06882],[21.925708,47.068868],[21.925438,47.06892],[21.925254,47.068934]]},"properties":{"name":"Bulevardul Dacia"}},{"type":"Feature","geometry":{"type":"LineString","coordinates":[[21.91984,47.0711],[21.919765,47.071141],[21.919595,47.071234],[21.919458,47.07129],[21.918393,47.071772],[21.918187,47.071865],[21.916845,47.072459],[21.915737,47.072924],[21.915223,47.073145],[21.914828,47.073292],[21.91475,47.073315],[21.91466,47.073332],[21.914526,47.073365]]},"properties":{"name":"Bulevardul Dacia"}},{"type":"Feature","geometry":{"type":"LineString","coordinates":[[21.920113,47.070961],[21.920328,47.070885],[21.920629,47.070751],[21.921402,47.070445],[21.921598,47.07037],[21.922251,47.07014],[21.923579,47.069665],[21.923783,47.069581],[21.923938,47.069499],[21.92407,47.069412],[21.924271,47.069246]]},"properties":{"name":"Bulevardul Dacia"}},{"type":"Feature","geometry":{"type":"LineString","coordinates":[[21.920224,47.071071],[21.920376,47.071001],[21.920547,47.070928],[21.920713,47.070849],[21.920928,47.070765],[21.921717,47.070448],[21.922513,47.070148],[21.923619,47.069763],[21.923763,47.069714],[21.923974,47.069658],[21.924212,47.069611],[21.924462,47.069579]]},"properties":{"name":"Bulevardul Dacia"}},{"type":"Feature","geometry":{"type":"LineString","coordinates":[[21.919945,47.071203],[21.919673,47.071308],[21.919491,47.071383],[21.918544,47.071826],[21.917775,47.072178],[21.917729,47.072198],[21.917633,47.072236],[21.916935,47.072543],[21.916312,47.072804],[21.916081,47.072906],[21.915684,47.07308],[21.914906,47.073385],[21.914826,47.073425],[21.914777,47.073463],[21.914674,47.073549]]},"properties":{"name":"Bulevardul Dacia"}},{"type":"Feature","geometry":{"type":"LineString","coordinates":[[21.914311,47.073582],[21.914163,47.073573],[21.913757,47.073594],[21.912804,47.073624],[21.911683,47.073696],[21.910497,47.073725],[21.910179,47.073745],[21.909727,47.073777],[21.909433,47.073816],[21.909168,47.073861],[21.908825,47.073938],[21.908741,47.073963],[21.908518,47.074043],[21.908161,47.074156],[21.907862,47.074265],[21.907576,47.074381],[21.906966,47.074616],[21.906671,47.074735],[21.907023,47.074676],[21.907813,47.074375]]},"properties":{"name":"Bulevardul Dacia"}},{"type":"Feature","geometry":{"type":"LineString","coordinates":[[21.906416,47.074761],[21.90725,47.074428],[21.907742,47.074232],[21.908094,47.074096],[21.908464,47.073965],[21.90863,47.07391],[21.908783,47.073868],[21.908981,47.073816],[21.909176,47.073769],[21.909381,47.073731],[21.909524,47.073712],[21.909698,47.073693],[21.909989,47.073676],[21.910644,47.07364],[21.911227,47.073618],[21.912155,47.073579],[21.912697,47.073555],[21.913102,47.073539],[21.913471,47.073514],[21.91389,47.07348],[21.91409,47.073452],[21.914313,47.07342]]},"properties":{"name":"Bulevardul Dacia"}},{"type":"Feature","geometry":{"type":"LineString","coordinates":[[21.924462,47.069579],[21.924373,47.069548],[21.924332,47.069519],[21.924245,47.069427],[21.924234,47.069373],[21.924243,47.069318],[21.924271,47.069246],[21.9245,47.069118],[21.924647,47.069059],[21.924704,47.069039],[21.92474,47.069026],[21.924847,47.068995],[21.924958,47.068969],[21.925089,47.068952],[21.925173,47.068944],[21.925254,47.068934],[21.925326,47.068976],[21.92539,47.069038],[21.925426,47.069092],[21.925439,47.06914],[21.925427,47.069184],[21.925411,47.069223],[21.925387,47.069264],[21.925244,47.069348],[21.925135,47.069401],[21.925026,47.06945],[21.92494,47.069483],[21.924896,47.0695],[21.92486,47.069509],[21.924774,47.069529],[21.924669,47.06955],[21.924462,47.069579]]},"properties":{"name":"Bulevardul Dacia"}},{"type":"Feature","geometry":{"type":"LineString","coordinates":[[21.925387,47.069264],[21.92534,47.069329],[21.925275,47.069394],[21.925121,47.069539],[21.925105,47.069551],[21.92495,47.06972],[21.924924,47.069765],[21.924909,47.069802],[21.9249,47.069842],[21.924898,47.069957]]},"properties":{"name":"Strada Eroul Necunoscut"}},{"type":"Feature","geometry":{"type":"LineString","coordinates":[[21.925197,47.071524],[21.92526,47.07127],[21.925271,47.0712],[21.925276,47.071166],[21.925277,47.071117],[21.925275,47.071072],[21.925252,47.070996],[21.925142,47.070665],[21.924964,47.070157],[21.924898,47.069957],[21.924826,47.069777],[21.924768,47.069722],[21.924697,47.069673],[21.924642,47.069641],[21.924462,47.069579]]},"properties":{"name":"Strada Eroul Necunoscut"}},{"type":"Feature","geometry":{"type":"LineString","coordinates":[[21.925276,47.071166],[21.925316,47.071322],[21.925331,47.071387],[21.925347,47.071425],[21.925367,47.071457],[21.925393,47.071486],[21.925411,47.071503],[21.925442,47.071528],[21.925475,47.071546],[21.925514,47.071561],[21.925559,47.071573],[21.925609,47.07158],[21.925685,47.071577]]},"properties":{"name":"Strada Olimpiadei"}},{"type":"Feature","geometry":{"type":"LineString","coordinates":[[21.925074,47.071857],[21.92512,47.071829],[21.925161,47.071805],[21.925198,47.07178],[21.925204,47.071776],[21.925278,47.071727],[21.925339,47.071691],[21.92538,47.07167],[21.925428,47.071649],[21.925476,47.071633],[21.925543,47.071613],[21.925606,47.071597],[21.925685,47.071577],[21.926188,47.071479],[21.927086,47.071324],[21.928416,47.071058],[21.929581,47.070839],[21.929819,47.070795],[21.931126,47.07056]]},"properties":{"name":"Strada Olimpiadei"}},{"type":"Feature","geometry":{"type":"LineString","coordinates":[[21.925197,47.071524],[21.925175,47.071594],[21.925074,47.071857],[21.924987,47.072086],[21.924695,47.072912],[21.924631,47.073073],[21.924604,47.073115],[21.924569,47.073154],[21.92452,47.073196],[21.924487,47.073222],[21.924446,47.073252],[21.9244,47.073286],[21.924298,47.073349],[21.923702,47.073658],[21.923552,47.073725],[21.923382,47.073798],[21.923004,47.073924],[21.922377,47.074135],[21.922285,47.074165],[21.921681,47.074448],[21.921173,47.07467],[21.920679,47.074884],[21.920531,47.074953],[21.919492,47.075418],[21.918823,47.075684],[21.918696,47.075734],[21.917786,47.076087],[21.917308,47.076261],[21.917105,47.076282]]},"properties":{"name":"Strada Corneliu Coposu"}},{"type":"Feature","geometry":{"type":"LineString","coordinates":[[21.915661,47.076822],[21.915762,47.076776],[21.915813,47.076751],[21.915867,47.076729],[21.916597,47.076435],[21.916829,47.07635],[21.916912,47.076329],[21.917035,47.076298],[21.917105,47.076282],[21.917012,47.076414],[21.916975,47.076442],[21.916919,47.076475],[21.916834,47.076525],[21.916767,47.076558],[21.916707,47.076584],[21.916194,47.076792],[21.915958,47.076879],[21.91582,47.07693]]},"properties":{"name":"Strada Corneliu Coposu"}},{"type":"Feature","geometry":{"type":"LineString","coordinates":[[21.924686,47.073242],[21.92471,47.073251],[21.924743,47.073266],[21.925123,47.073424],[21.925684,47.073694],[21.925819,47.073754],[21.925901,47.073792],[21.927011,47.074327],[21.927879,47.074741],[21.927943,47.074773],[21.928494,47.07506],[21.928983,47.075294],[21.929473,47.075524],[21.929966,47.075769]]},"properties":{"name":"Strada Lacul Roșu"}},{"type":"Feature","geometry":{"type":"LineString","coordinates":[[21.9244,47.073286],[21.924486,47.073336],[21.92452,47.073358],[21.924572,47.073392],[21.924598,47.073411],[21.925453,47.073857],[21.925587,47.073916],[21.925732,47.073989],[21.92669,47.074463],[21.927575,47.074927],[21.927652,47.074964],[21.928866,47.075561],[21.929248,47.075741],[21.929391,47.07582],[21.929683,47.07595]]},"properties":{"name":"Strada Lacul Roșu"}},{"type":"Feature","geometry":{"type":"LineString","coordinates":[[21.919603,47.082613],[21.920148,47.082244],[21.92033,47.082112],[21.920392,47.082034],[21.921076,47.081522],[21.921147,47.081482],[21.921722,47.081109],[21.921802,47.081058],[21.922199,47.080808],[21.922324,47.080729],[21.922706,47.080488],[21.924408,47.079414],[21.925139,47.078938],[21.925195,47.078903],[21.926414,47.078089],[21.927039,47.077666],[21.927455,47.077382],[21.927592,47.077279],[21.928129,47.076902],[21.92836,47.076745],[21.928436,47.076695],[21.929158,47.076259],[21.929347,47.076145],[21.929603,47.076008],[21.929683,47.07595],[21.929966,47.075769],[21.930263,47.075562],[21.930572,47.075347],[21.930914,47.075083],[21.931306,47.07472],[21.931969,47.074105],[21.932463,47.073642],[21.933551,47.072618]]},"properties":{"name":"Bulevardul Ștefan cel Mare"}},{"type":"Feature","geometry":{"type":"LineString","coordinates":[[21.919363,47.082797],[21.919216,47.082845],[21.919026,47.082923],[21.918803,47.083004],[21.918847,47.082951],[21.919046,47.082779],[21.919146,47.08269]]},"properties":{"name":"Bulevardul Ștefan cel Mare"}},{"type":"Feature","geometry":{"type":"LineString","coordinates":[[21.919435,47.082483],[21.919766,47.082342],[21.920283,47.082061],[21.920392,47.082034]]},"properties":{"name":"Bulevardul Ștefan cel Mare"}},{"type":"Feature","geometry":{"type":"LineString","coordinates":[[21.933987,47.072191],[21.93423,47.071908],[21.934426,47.071673],[21.934587,47.071512],[21.934769,47.071197]]},"properties":{"name":"Bulevardul Ștefan cel Mare"}},{"type":"Feature","geometry":{"type":"LineString","coordinates":[[21.934468,47.071491],[21.934506,47.071411],[21.934539,47.071326],[21.934593,47.07116]]},"properties":{"name":"Bulevardul Ștefan cel Mare"}},{"type":"Feature","geometry":{"type":"LineString","coordinates":[[21.928436,47.076695],[21.92853,47.076765],[21.929786,47.077697],[21.929876,47.077764],[21.930069,47.077903],[21.930153,47.077961],[21.930266,47.078022],[21.930492,47.078137],[21.930512,47.078145]]},"properties":{"name":"Strada Teodor Neș"}},{"type":"Feature","geometry":{"type":"LineString","coordinates":[[21.93069,47.078315],[21.930602,47.078229],[21.930523,47.078165],[21.930512,47.078145],[21.930598,47.078154],[21.930812,47.078236]]},"properties":{"name":"Strada Teodor Neș"}},{"type":"Feature","geometry":{"type":"LineString","coordinates":[[21.918803,47.083004],[21.918664,47.083104],[21.918523,47.083207],[21.917983,47.083574],[21.9178,47.08369],[21.917626,47.083808],[21.917342,47.084017],[21.917223,47.084148],[21.917105,47.084336],[21.917072,47.084422],[21.917006,47.084561],[21.916864,47.084837],[21.916783,47.084949]]},"properties":{"name":"Strada Matei Corvin"}},{"type":"Feature","geometry":{"type":"LineString","coordinates":[[21.915741,47.085593],[21.915804,47.085544],[21.91591,47.085483],[21.916018,47.085431],[21.91619,47.085355],[21.916542,47.085193],[21.916626,47.085144],[21.916676,47.085106],[21.916723,47.085053],[21.916783,47.084949],[21.916629,47.085042],[21.91637,47.085181],[21.916266,47.085232],[21.916129,47.085285],[21.915986,47.085336],[21.915565,47.085458]]},"properties":{"name":"Strada Matei Corvin"}},{"type":"Feature","geometry":{"type":"LineString","coordinates":[[21.915509,47.085664],[21.915277,47.085669],[21.915167,47.085682],[21.915066,47.085702],[21.914958,47.085733],[21.914828,47.085777],[21.914703,47.085823],[21.914597,47.085863],[21.914436,47.085921]]},"properties":{"name":"Strada Matei Corvin"}},{"type":"Feature","geometry":{"type":"LineString","coordinates":[[21.894378,47.103308],[21.894495,47.103196],[21.894609,47.103118],[21.894658,47.103084],[21.894928,47.102967],[21.895168,47.102859]]},"properties":{"name":"Strada Matei Corvin"}},{"type":"Feature","geometry":{"type":"LineString","coordinates":[[21.894056,47.103083],[21.894242,47.103054],[21.894505,47.102998],[21.895168,47.102859],[21.895239,47.102843],[21.895989,47.102668],[21.896328,47.10258],[21.89651,47.102544],[21.897607,47.102287],[21.898013,47.102196],[21.898857,47.101974],[21.899252,47.101916],[21.899649,47.101884],[21.899932,47.101825],[21.900056,47.101762],[21.90015,47.101691],[21.900352,47.101432],[21.901497,47.099751],[21.901819,47.099318],[21.90224,47.098745],[21.902441,47.09847],[21.902589,47.098262],[21.902632,47.098181],[21.902663,47.098099],[21.902663,47.098029],[21.902637,47.097951],[21.902539,47.097847],[21.902416,47.097747],[21.902077,47.097525],[21.901606,47.097235],[21.901444,47.09708],[21.901393,47.096971],[21.901375,47.096854],[21.901387,47.096696],[21.901436,47.096488],[21.901501,47.096235],[21.901564,47.096094],[21.901631,47.095994],[21.901789,47.095819],[21.901945,47.09566],[21.902164,47.09545],[21.902355,47.095292],[21.90275,47.09496],[21.90299,47.094778],[21.903204,47.094617],[21.903445,47.094426],[21.903698,47.09421],[21.90426,47.093732],[21.905333,47.092866],[21.905716,47.092551],[21.9061,47.09225],[21.906699,47.091739],[21.907278,47.091221],[21.907811,47.090713],[21.908608,47.089889],[21.908777,47.08972],[21.908941,47.089569],[21.909284,47.089328],[21.909695,47.089055],[21.910359,47.088611],[21.91052,47.088503],[21.9106,47.088449],[21.910844,47.088279],[21.911594,47.087795],[21.911877,47.08761],[21.912023,47.087522],[21.91224,47.087378],[21.912368,47.087293],[21.912625,47.087122],[21.91332,47.086661],[21.913518,47.08653],[21.913858,47.086304],[21.914271,47.08603],[21.914436,47.085921],[21.91456,47.085821],[21.914607,47.085796],[21.914705,47.085754],[21.915178,47.085584],[21.915466,47.085491]]},"properties":{"name":"Strada Matei Corvin"}},{"type":"Feature","geometry":{"type":"LineString","coordinates":[[21.893759,47.103348],[21.893604,47.103322],[21.893398,47.103282],[21.893249,47.103262],[21.893099,47.103252]]},"properties":{"name":"Strada Matei Corvin"}},{"type":"Feature","geometry":{"type":"LineString","coordinates":[[21.880163,47.103428],[21.880835,47.103426],[21.883012,47.103429],[21.885181,47.103427],[21.887342,47.103436],[21.887491,47.103437],[21.889536,47.103434],[21.889728,47.103435],[21.891602,47.10343],[21.891875,47.103424],[21.892028,47.103413],[21.892126,47.103402],[21.892768,47.103306],[21.893099,47.103252],[21.893674,47.103151],[21.893865,47.103134]]},"properties":{"name":"Strada Matei Corvin"}},{"type":"Feature","geometry":{"type":"LineString","coordinates":[[21.87781,47.099742],[21.877981,47.099952],[21.878596,47.100923],[21.878918,47.101426],[21.880163,47.103428]]},"properties":{"name":"Strada Vămii"}},{"type":"Feature","geometry":{"type":"LineString","coordinates":[[21.930438,47.066588],[21.93013,47.066509],[21.929627,47.066391],[21.929424,47.066347],[21.928614,47.066184]]},"properties":{"name":"Strada Menumorut"}},{"type":"Feature","geometry":{"type":"LineString","coordinates":[[21.928614,47.066184],[21.928628,47.066124],[21.928715,47.065856],[21.92881,47.065259],[21.928882,47.064447],[21.928989,47.063717],[21.929003,47.063509],[21.92901,47.063421],[21.92909,47.063234],[21.929393,47.062732],[21.930089,47.061837],[21.930169,47.061745],[21.930251,47.06165],[21.930538,47.06134],[21.931608,47.060204],[21.931679,47.060136],[21.931754,47.060061],[21.932923,47.058833],[21.933507,47.058298],[21.933596,47.058217],[21.933851,47.057978],[21.933928,47.057945],[21.933986,47.057939],[21.934215,47.057976],[21.93445,47.058049]]},"properties":{"name":"Strada Roman Ciorogariu"}},{"type":"Feature","geometry":{"type":"LineString","coordinates":[[21.939804,47.055172],[21.939795,47.055111],[21.939789,47.055077]]},"properties":{"name":"Piața Independenței"}},{"type":"Feature","geometry":{"type":"LineString","coordinates":[[21.958783,47.025973],[21.958792,47.02586],[21.958803,47.025774],[21.958837,47.025685],[21.958891,47.02559],[21.958983,47.025468],[21.959994,47.024162],[21.96012,47.024],[21.960379,47.023666],[21.960637,47.023336],[21.960965,47.022902],[21.961265,47.022482],[21.961551,47.022065],[21.962165,47.021131],[21.962311,47.020909],[21.962463,47.02066],[21.962631,47.020339],[21.962781,47.020017],[21.963049,47.019317],[21.963257,47.018691],[21.963315,47.018502],[21.963472,47.017991],[21.963701,47.017301],[21.963878,47.016778],[21.963957,47.016559],[21.96404,47.016353],[21.964181,47.016051],[21.964285,47.015851],[21.964336,47.015763],[21.964449,47.015598],[21.964516,47.015514],[21.964586,47.015433]]},"properties":{"name":"Bulevardul Băile Felix"}},{"type":"Feature","geometry":{"type":"LineString","coordinates":[[21.958438,47.025868],[21.958526,47.025809],[21.958649,47.025713],[21.958751,47.025622],[21.958842,47.025522],[21.958918,47.025429],[21.958959,47.025375],[21.95928,47.02496],[21.959427,47.024762],[21.959597,47.024541],[21.959879,47.024178],[21.960298,47.023636],[21.960568,47.023292],[21.960903,47.022847],[21.961452,47.022059],[21.961846,47.021466],[21.962082,47.021115],[21.962234,47.020875],[21.962362,47.020666],[21.962526,47.020349],[21.962688,47.020004],[21.962843,47.019615],[21.962988,47.019214],[21.963297,47.018256],[21.963382,47.017978],[21.963477,47.017686],[21.963714,47.016983],[21.963819,47.016674],[21.963931,47.016379],[21.963993,47.016242],[21.964038,47.016151],[21.964062,47.016104],[21.964145,47.015926],[21.964271,47.015649],[21.964301,47.015563],[21.96432,47.015507],[21.964333,47.01543],[21.964338,47.015361]]},"properties":{"name":"Bulevardul Băile Felix"}},{"type":"Feature","geometry":{"type":"LineString","coordinates":[[21.964515,47.015147],[21.96468,47.014926],[21.96479,47.014763],[21.964973,47.014469],[21.965274,47.013988],[21.96566,47.013381],[21.966163,47.012667],[21.966788,47.011719],[21.967099,47.011249],[21.967501,47.010613],[21.967549,47.010542]]},"properties":{"name":"Bulevardul Băile Felix"}},{"type":"Feature","geometry":{"type":"LineString","coordinates":[[21.964699,47.015206],[21.964729,47.015138],[21.96481,47.014958],[21.964895,47.014791],[21.964998,47.014602],[21.965101,47.014428],[21.965361,47.014007],[21.965765,47.013375],[21.966315,47.012592],[21.966894,47.011716],[21.967028,47.011511],[21.967244,47.011181],[21.967592,47.010632],[21.967627,47.010562],[21.967653,47.010496],[21.96768,47.010406],[21.967862,47.010114],[21.967979,47.009945],[21.968069,47.009815],[21.968493,47.00926],[21.968698,47.009004],[21.968863,47.008828],[21.96902,47.008685],[21.969127,47.008594],[21.969229,47.008523],[21.969314,47.008463],[21.969421,47.008396],[21.969557,47.008327],[21.969767,47.008237],[21.970002,47.008142],[21.970112,47.0081],[21.971273,47.007651],[21.971573,47.007524],[21.971729,47.007446],[21.97185,47.007383],[21.972053,47.007252],[21.972618,47.00688],[21.972751,47.006791],[21.974155,47.005877],[21.974435,47.005704],[21.974735,47.005529],[21.9753,47.005232],[21.975923,47.004924],[21.976069,47.004855],[21.976509,47.004635],[21.976653,47.004563],[21.977425,47.004206],[21.977743,47.004065],[21.977913,47.00398],[21.978045,47.003913],[21.978245,47.0038],[21.978468,47.003652],[21.978687,47.003487],[21.978802,47.003398],[21.97939,47.002925],[21.979976,47.002454],[21.980397,47.002096],[21.980584,47.001929],[21.980694,47.00183],[21.980785,47.001731],[21.980837,47.001661],[21.980887,47.00158],[21.980939,47.001473],[21.980974,47.001354],[21.980986,47.001282],[21.980995,47.001175],[21.980995,47.00106],[21.980984,47.000956],[21.980956,47.000823],[21.980901,47.000687],[21.980834,47.000572],[21.98077,47.000474],[21.980698,47.00039],[21.980581,47.00027],[21.980458,47.000162],[21.980335,47.000078],[21.980012,46.999867],[21.979883,46.999775],[21.979771,46.999682],[21.979681,46.999586],[21.979622,46.999503],[21.979583,46.99942],[21.979555,46.999314],[21.979509,46.99893],[21.979464,46.99856],[21.979428,46.998258],[21.979365,46.997915],[21.979154,46.997061],[21.979131,46.996917],[21.979131,46.996857],[21.979147,46.996797],[21.979161,46.996767]]},"properties":{"name":"Bulevardul Băile Felix"}},{"type":"Feature","geometry":{"type":"LineString","coordinates":[[21.958511,47.026299],[21.958335,47.026391],[21.958206,47.026471],[21.958046,47.026591]]},"properties":{"name":"Strada Nufărului"}},{"type":"Feature","geometry":{"type":"LineString","coordinates":[[21.958218,47.026179],[21.958187,47.026272],[21.958157,47.026359],[21.958106,47.026473],[21.958046,47.026591],[21.957998,47.026653],[21.95769,47.027034],[21.957236,47.027625],[21.956348,47.02868],[21.956115,47.028959],[21.956055,47.029036],[21.955869,47.029257],[21.955567,47.029594],[21.955436,47.029717],[21.955196,47.029912],[21.955005,47.030037],[21.954076,47.030614],[21.952966,47.031308],[21.952891,47.031357],[21.951671,47.032112],[21.951216,47.032394],[21.950568,47.032775],[21.950292,47.032945],[21.950001,47.033119],[21.949915,47.033171],[21.949861,47.033202],[21.949578,47.033369],[21.949413,47.033473],[21.948164,47.034223],[21.94735,47.034729],[21.946668,47.03519],[21.946141,47.035509],[21.945965,47.035614],[21.94585,47.035683],[21.944896,47.036249],[21.944828,47.036288],[21.94425,47.036633]]},"properties":{"name":"Strada Nufărului"}},{"type":"Feature","geometry":{"type":"LineString","coordinates":[[21.956729,47.029317],[21.956606,47.029219],[21.956498,47.029166],[21.956423,47.029129],[21.956335,47.029095],[21.956269,47.029078],[21.956055,47.029036],[21.956156,47.029103],[21.956216,47.02914],[21.956319,47.029187],[21.956398,47.02922],[21.956729,47.029317],[21.957415,47.02952],[21.95749,47.02954],[21.957703,47.029604],[21.957847,47.029652],[21.957978,47.029695],[21.958048,47.029722],[21.958168,47.029804],[21.95825,47.029877],[21.958317,47.02994],[21.958359,47.030004],[21.958397,47.030106]]},"properties":{"name":"Strada Morii"}},{"type":"Feature","geometry":{"type":"LineString","coordinates":[[21.958397,47.030106],[21.958405,47.03014],[21.958427,47.030258],[21.958455,47.030513],[21.95846,47.030599],[21.958477,47.030962],[21.958469,47.031238],[21.95844,47.031539],[21.958369,47.03209],[21.958263,47.032694],[21.958252,47.03274],[21.958181,47.033019],[21.957878,47.033719],[21.957684,47.034095],[21.957486,47.034403],[21.957175,47.034774],[21.957037,47.034942],[21.956857,47.035172]]},"properties":{"name":"Strada Bumbacului"}},{"type":"Feature","geometry":{"type":"LineString","coordinates":[[21.957878,47.033719],[21.95798,47.033744]]},"properties":{"name":"Strada Bumbacului"}},{"type":"Feature","geometry":{"type":"LineString","coordinates":[[21.956319,47.035363],[21.956395,47.035342],[21.956492,47.035313],[21.956647,47.035249],[21.956857,47.035172],[21.956795,47.035262],[21.956694,47.035378],[21.956508,47.035513],[21.956293,47.035649],[21.956116,47.03573],[21.95603,47.035796],[21.955813,47.035927],[21.955957,47.035753],[21.956064,47.03564],[21.9561,47.035593],[21.956124,47.035547],[21.956136,47.035514],[21.956147,47.03547]]},"properties":{"name":"Piața Nucetului"}},{"type":"Feature","geometry":{"type":"LineString","coordinates":[[21.956506,47.035404],[21.956378,47.035449]]},"properties":{"name":"Piața Nucetului"}},{"type":"Feature","geometry":{"type":"LineString","coordinates":[[21.954449,47.037255],[21.954476,47.03717],[21.95451,47.037115],[21.954556,47.037063],[21.95463,47.036982],[21.954792,47.036782],[21.9549,47.036674],[21.955092,47.036495],[21.955203,47.036393],[21.955274,47.036333],[21.955741,47.035979],[21.955813,47.035927]]},"properties":{"name":"Strada Eforiei"}},{"type":"Feature","geometry":{"type":"LineString","coordinates":[[21.954449,47.037255],[21.954482,47.037333],[21.95453,47.037391],[21.95458,47.037445],[21.954643,47.037511],[21.954856,47.037695],[21.955053,47.037838],[21.955147,47.037901],[21.955225,47.03795],[21.9553,47.037987],[21.955386,47.038029],[21.955436,47.038056],[21.955517,47.038094],[21.95556,47.038122],[21.95561,47.038161],[21.955643,47.038212],[21.955726,47.038438],[21.955747,47.038503],[21.955797,47.038739],[21.955811,47.038868],[21.955796,47.038964],[21.955764,47.039048],[21.955704,47.039173]]},"properties":{"name":"Strada Velența"}},{"type":"Feature","geometry":{"type":"LineString","coordinates":[[21.937679,47.049566],[21.937566,47.049694],[21.937418,47.049851],[21.936954,47.050372],[21.936752,47.050575],[21.93672,47.050607],[21.936686,47.050635],[21.936625,47.05066],[21.936514,47.050684],[21.93628,47.050723],[21.936209,47.050735],[21.935693,47.05083],[21.934901,47.050976],[21.934515,47.051047],[21.934048,47.051129],[21.93325,47.051278],[21.932812,47.05136],[21.932703,47.051379],[21.932624,47.051392],[21.932155,47.051474],[21.931774,47.05154]]},"properties":{"name":"Strada Mihail Kogălniceanu"}},{"type":"Feature","geometry":{"type":"LineString","coordinates":[[21.928168,47.053703],[21.928133,47.053627],[21.92772,47.052697],[21.927679,47.052618],[21.927474,47.052227],[21.927387,47.052073],[21.927344,47.051997],[21.927018,47.051527],[21.926677,47.051044],[21.926208,47.050408],[21.926161,47.050345]]},"properties":{"name":"Strada Avram Iancu"}},{"type":"Feature","geometry":{"type":"LineString","coordinates":[[21.928976,47.049387],[21.928472,47.049551],[21.928095,47.049673],[21.927806,47.049769],[21.926844,47.050114],[21.926408,47.050256],[21.926161,47.050345],[21.925944,47.050405],[21.924599,47.050829],[21.922854,47.051157],[21.920068,47.051046],[21.919796,47.050995]]},"properties":{"name":"Strada Evreilor Deportaţi"}},{"type":"Feature","geometry":{"type":"LineString","coordinates":[[21.929099,47.049654],[21.928539,47.049651],[21.928442,47.049651],[21.928316,47.049656],[21.928212,47.04966],[21.928095,47.049673]]},"properties":{"name":"Strada Evreilor Deportaţi"}},{"type":"Feature","geometry":{"type":"LineString","coordinates":[[21.930817,47.049899],[21.930454,47.049881],[21.930309,47.049865],[21.929644,47.04973],[21.92956,47.049713],[21.929289,47.049668]]},"properties":{"name":"Strada Evreilor Deportaţi"}},{"type":"Feature","geometry":{"type":"LineString","coordinates":[[21.929136,47.049323],[21.92924,47.049285],[21.929323,47.049253],[21.929395,47.049222],[21.929474,47.049148],[21.929805,47.048854],[21.929857,47.048797],[21.930059,47.048591],[21.930858,47.047731],[21.931162,47.047405],[21.931909,47.046605],[21.931977,47.04653],[21.933384,47.044988],[21.933408,47.044962],[21.933782,47.044568],[21.934031,47.044313],[21.934056,47.044286]]},"properties":{"name":"Strada Horea"}},{"type":"Feature","geometry":{"type":"LineString","coordinates":[[21.929395,47.049222],[21.929378,47.049248],[21.929364,47.049269],[21.929349,47.049307],[21.929338,47.049351]]},"properties":{"name":"Strada Horea"}},{"type":"Feature","geometry":{"type":"LineString","coordinates":[[21.935266,47.044283],[21.935421,47.044453],[21.936477,47.045665],[21.936525,47.045724],[21.937167,47.04647],[21.93796,47.047407],[21.938501,47.048033],[21.93861,47.04816],[21.93896,47.04857],[21.939028,47.048645],[21.939057,47.048677],[21.939083,47.048707],[21.93911,47.048736],[21.939169,47.048796]]},"properties":{"name":"Strada Gheorghe Costaforu"}},{"type":"Feature","geometry":{"type":"LineString","coordinates":[[21.972144,47.069685],[21.972029,47.069618],[21.971878,47.069531],[21.971708,47.069431],[21.971448,47.069229],[21.971024,47.068867],[21.970746,47.068621],[21.97064,47.068523],[21.970363,47.068328],[21.969566,47.067926],[21.968882,47.067737],[21.96838,47.067633],[21.967937,47.067573],[21.967703,47.067508],[21.967345,47.067387],[21.96634,47.067004],[21.965098,47.066394],[21.964883,47.066316],[21.964527,47.06612],[21.964261,47.066008],[21.964077,47.06599],[21.963461,47.066071],[21.96267,47.066121],[21.962372,47.066138],[21.962128,47.066134],[21.961944,47.066111],[21.961651,47.066034],[21.960982,47.065848],[21.960604,47.065769],[21.959809,47.065631],[21.959755,47.06562],[21.95931,47.065531],[21.957687,47.06533],[21.957353,47.065284],[21.957025,47.065221],[21.956435,47.065094],[21.956118,47.065002],[21.955778,47.064893],[21.955346,47.064754],[21.95513,47.064697],[21.954863,47.064633],[21.954775,47.06462],[21.95428,47.06455],[21.954173,47.064533],[21.953976,47.06451],[21.953889,47.0645],[21.953555,47.064465],[21.953394,47.064456],[21.953171,47.064455],[21.953041,47.06446]]},"properties":{"name":"Strada Gheorghe Doja"}},{"type":"Feature","geometry":{"type":"LineString","coordinates":[[21.952528,47.064344],[21.9525,47.064313],[21.952464,47.064279],[21.952422,47.06425],[21.951814,47.063989],[21.95135,47.063868],[21.950078,47.063684],[21.949768,47.063634],[21.94915,47.063525],[21.948774,47.063428],[21.948137,47.063264],[21.947728,47.063146],[21.947274,47.062999],[21.946688,47.062759],[21.945864,47.062281],[21.945629,47.062155],[21.94539,47.06207],[21.944792,47.061893],[21.944433,47.061748],[21.943966,47.061516],[21.943536,47.061241],[21.943321,47.061105],[21.942952,47.060833],[21.942216,47.060333],[21.941745,47.059993],[21.941674,47.059942],[21.941565,47.059852],[21.941345,47.059661],[21.941102,47.059434],[21.940797,47.059259],[21.940682,47.059215],[21.940406,47.059052]]},"properties":{"name":"Strada Gheorghe Doja"}},{"type":"Feature","geometry":{"type":"LineString","coordinates":[[21.960604,47.065769],[21.960261,47.065813],[21.959847,47.065884],[21.959679,47.065911],[21.95831,47.066135],[21.958077,47.066167],[21.957864,47.066188],[21.957672,47.066185],[21.957523,47.066172],[21.957153,47.066108],[21.956635,47.06599],[21.956145,47.065856],[21.954955,47.065428],[21.95466,47.065322],[21.954541,47.065293],[21.954066,47.065195],[21.953981,47.065181],[21.953819,47.065154],[21.953726,47.065139],[21.952606,47.064912],[21.952161,47.064803],[21.952123,47.064787]]},"properties":{"name":"Strada Louis Pasteur"}},{"type":"Feature","geometry":{"type":"LineString","coordinates":[[21.9521,47.064712],[21.95214,47.06469],[21.952182,47.064676],[21.95239,47.064627]]},"properties":{"name":"Strada Salvării"}},{"type":"Feature","geometry":{"type":"LineString","coordinates":[[21.939635,47.053748],[21.939782,47.053792],[21.939951,47.053837],[21.940041,47.053853],[21.940128,47.053864],[21.940224,47.053866]]},"properties":{"name":"Calea Clujului"}},{"type":"Feature","geometry":{"type":"LineString","coordinates":[[21.939083,47.052672],[21.939163,47.052737],[21.939229,47.052818],[21.939327,47.053079],[21.939374,47.053197],[21.939405,47.053281],[21.939447,47.053378],[21.939463,47.053417],[21.939492,47.053472],[21.939512,47.053508],[21.939565,47.053574],[21.93963,47.053628],[21.939698,47.053672],[21.939746,47.053697],[21.939826,47.053733],[21.939925,47.053777],[21.939987,47.053796],[21.940087,47.053823],[21.940224,47.053866],[21.940462,47.05386],[21.940612,47.053856],[21.940776,47.053842],[21.941671,47.053718],[21.942214,47.05366],[21.943035,47.053597],[21.944671,47.053504],[21.944763,47.053494],[21.945042,47.053447],[21.945228,47.053371],[21.945402,47.05328],[21.945772,47.053063],[21.94608,47.052854],[21.947604,47.05192],[21.948087,47.051611],[21.948888,47.051121],[21.949203,47.050945],[21.949522,47.050757],[21.949867,47.050598],[21.950054,47.050524],[21.950547,47.050381],[21.950784,47.050312],[21.951093,47.05025],[21.951493,47.050168],[21.951815,47.050088],[21.952815,47.049715],[21.953881,47.049382],[21.954234,47.049295],[21.954823,47.049166],[21.954882,47.049149],[21.955138,47.049093],[21.955469,47.048968],[21.955581,47.048913],[21.955706,47.048853],[21.957193,47.048124]]},"properties":{"name":"Calea Clujului"}},{"type":"Feature","geometry":{"type":"LineString","coordinates":[[21.966158,47.045604],[21.966255,47.045568],[21.966539,47.045454],[21.967709,47.045069],[21.968674,47.04476],[21.968874,47.044692],[21.969179,47.044553],[21.969384,47.044455],[21.969827,47.044236],[21.971628,47.043316],[21.971762,47.04325],[21.972347,47.04295],[21.973073,47.042582],[21.973099,47.042569],[21.973632,47.042301],[21.973785,47.042221],[21.975388,47.041404],[21.975663,47.041264],[21.976627,47.040777],[21.977022,47.040569],[21.977748,47.040196],[21.978785,47.039669],[21.979117,47.039491],[21.980317,47.03888],[21.980586,47.038743],[21.981139,47.03845],[21.981296,47.038369],[21.982082,47.037956],[21.982823,47.037575],[21.983607,47.037234],[21.983968,47.037084],[21.984177,47.036994],[21.984407,47.036905],[21.985473,47.036448],[21.985788,47.036324],[21.985861,47.036298],[21.985954,47.036272],[21.986033,47.036256],[21.986146,47.036242],[21.986315,47.036232],[21.986757,47.036245],[21.986942,47.03625],[21.987076,47.036256]]},"properties":{"name":"Calea Clujului"}},{"type":"Feature","geometry":{"type":"LineString","coordinates":[[21.988498,47.036279],[21.988055,47.036269],[21.987562,47.036245],[21.987238,47.036237],[21.987076,47.036256],[21.987237,47.036302],[21.988393,47.036358],[21.988509,47.036361],[21.988844,47.036373],[21.990616,47.036439],[21.991219,47.03647],[21.991385,47.036452]]},"properties":{"name":"Calea Clujului"}},{"type":"Feature","geometry":{"type":"LineString","coordinates":[[21.989191,47.036312],[21.990007,47.036346],[21.991244,47.036414],[21.991385,47.036452],[21.992819,47.036507],[21.993466,47.036536],[21.993876,47.036557],[21.99402,47.036561],[21.994175,47.03657],[21.994679,47.036594],[21.995229,47.036614]]},"properties":{"name":"Calea Clujului"}},{"type":"Feature","geometry":{"type":"LineString","coordinates":[[21.996003,47.036585],[21.995485,47.036592],[21.995229,47.036614],[21.995483,47.036662],[21.996007,47.036721]]},"properties":{"name":"Calea Clujului"}},{"type":"Feature","geometry":{"type":"LineString","coordinates":[[21.919585,47.042375],[21.919557,47.042466],[21.919531,47.04255],[21.919932,47.042992],[21.920588,47.04373],[21.920983,47.044184],[21.921142,47.044366],[21.921282,47.044527],[21.921493,47.044768],[21.922079,47.045492],[21.922103,47.045522],[21.922108,47.045528],[21.922139,47.045565]]},"properties":{"name":"Strada Universității"}},{"type":"Feature","geometry":{"type":"LineString","coordinates":[[21.919531,47.04255],[21.919478,47.042488],[21.919373,47.042364]]},"properties":{"name":"Strada Universității"}},{"type":"Feature","geometry":{"type":"LineString","coordinates":[[21.913042,47.038629],[21.91311,47.038695],[21.913168,47.038741],[21.91321,47.038766],[21.913475,47.038914],[21.913628,47.039014],[21.913849,47.039163],[21.914015,47.039299],[21.914086,47.039363],[21.914228,47.039521],[21.91425,47.039576],[21.914841,47.040214],[21.915229,47.040636],[21.916112,47.041673],[21.916442,47.042066],[21.916464,47.042083],[21.9165,47.042109],[21.916529,47.042124],[21.916566,47.042141]]},"properties":{"name":"Strada Universității"}},{"type":"Feature","geometry":{"type":"LineString","coordinates":[[21.916627,47.04215],[21.916684,47.042162],[21.916733,47.04217],[21.916788,47.042176],[21.916853,47.042177],[21.916946,47.042176],[21.91709,47.042175],[21.917239,47.042174],[21.918993,47.042162],[21.919205,47.042169],[21.919426,47.042176]]},"properties":{"name":"Strada Universității"}},{"type":"Feature","geometry":{"type":"LineString","coordinates":[[21.919323,47.042302],[21.918993,47.042162]]},"properties":{"name":"Strada Universității"}},{"type":"Feature","geometry":{"type":"LineString","coordinates":[[21.916853,47.042177],[21.916789,47.042189],[21.916743,47.042203],[21.916703,47.04222],[21.916655,47.042244]]},"properties":{"name":"Strada Universității"}},{"type":"Feature","geometry":{"type":"LineString","coordinates":[[21.916483,47.042197],[21.916476,47.042166],[21.916466,47.042135],[21.916456,47.042105],[21.916442,47.042066]]},"properties":{"name":"Strada Universității"}},{"type":"Feature","geometry":{"type":"LineString","coordinates":[[21.91425,47.039576],[21.914193,47.039543],[21.914043,47.039393],[21.91395,47.039312],[21.91381,47.039192],[21.913782,47.03917],[21.913714,47.039125],[21.913601,47.039044],[21.91345,47.038951],[21.913279,47.038871],[21.913151,47.038824],[21.913084,47.038812],[21.912901,47.038812]]},"properties":{"name":"Strada Universității"}},{"type":"Feature","geometry":{"type":"LineString","coordinates":[[21.922139,47.045565],[21.922271,47.045724]]},"properties":{"name":"Strada Armatei Române"}},{"type":"Feature","geometry":{"type":"LineString","coordinates":[[21.922271,47.045724],[21.922296,47.045752],[21.922463,47.045944],[21.922736,47.046236],[21.923571,47.047132],[21.923946,47.047552],[21.924,47.047613],[21.924574,47.048543],[21.924846,47.048985],[21.924867,47.049018],[21.925123,47.049441],[21.925216,47.049638],[21.925339,47.049819],[21.925394,47.049899],[21.925503,47.050029],[21.925599,47.050102]]},"properties":{"name":"Calea Armatei Române"}},{"type":"Feature","geometry":{"type":"LineString","coordinates":[[21.926161,47.050345],[21.925925,47.050237],[21.925744,47.050149],[21.925599,47.050102],[21.925497,47.050093],[21.925389,47.05009],[21.925244,47.050096],[21.924872,47.050131]]},"properties":{"name":"Calea Matei Basarab"}},{"type":"Feature","geometry":{"type":"LineString","coordinates":[[21.919796,47.050995],[21.919905,47.050813],[21.920042,47.050687],[21.920184,47.050617],[21.920364,47.050569],[21.921064,47.050521],[21.922773,47.050329],[21.924509,47.050164],[21.924872,47.050131],[21.925032,47.050047],[21.925087,47.049998],[21.925188,47.049881],[21.925221,47.049811],[21.925231,47.049756],[21.925216,47.049638]]},"properties":{"name":"Calea Matei Basarab"}},{"type":"Feature","geometry":{"type":"LineString","coordinates":[[21.928292,47.056024],[21.928238,47.056063],[21.927856,47.056346],[21.927295,47.056797],[21.927002,47.05696],[21.926924,47.057007],[21.926667,47.057166],[21.926484,47.057271],[21.925823,47.057623],[21.92518,47.057966],[21.923811,47.058666],[21.92333,47.058941],[21.923222,47.059004],[21.921941,47.059564],[21.919753,47.060404],[21.919434,47.060524],[21.918953,47.060705],[21.918633,47.06083],[21.918123,47.061026],[21.917495,47.061265],[21.916572,47.061564],[21.914855,47.06212],[21.914015,47.062385],[21.913952,47.062405],[21.913708,47.062485],[21.913563,47.062483],[21.913304,47.062569],[21.912785,47.062746],[21.912728,47.062774],[21.912665,47.062813],[21.912604,47.062846]]},"properties":{"name":"Strada Tudor Vladimirescu"}},{"type":"Feature","geometry":{"type":"LineString","coordinates":[[21.913708,47.062485],[21.913625,47.062561],[21.913317,47.062667],[21.912838,47.062848],[21.912799,47.062866],[21.912762,47.062891],[21.912736,47.062908],[21.912668,47.062953]]},"properties":{"name":"Strada Tudor Vladimirescu"}},{"type":"Feature","geometry":{"type":"LineString","coordinates":[[21.912404,47.063807],[21.912137,47.063835]]},"properties":{"name":"Strada Alexandru Cazaban"}},{"type":"Feature","geometry":{"type":"LineString","coordinates":[[21.912353,47.063701],[21.912295,47.063737],[21.912137,47.063835],[21.912071,47.063867],[21.911425,47.064183],[21.911364,47.064213],[21.9101,47.064834],[21.909887,47.064941],[21.908751,47.06547],[21.908684,47.065501],[21.908401,47.065632],[21.908208,47.06572],[21.907785,47.065919],[21.907277,47.066158],[21.906869,47.066351],[21.906464,47.066543],[21.906024,47.066748],[21.905444,47.066997],[21.904333,47.067515],[21.90414,47.067604],[21.90362,47.067843],[21.903051,47.068108],[21.902721,47.068268],[21.902462,47.068391],[21.902386,47.06843],[21.902301,47.068467]]},"properties":{"name":"Strada Alexandru Cazaban"}},{"type":"Feature","geometry":{"type":"LineString","coordinates":[[21.901853,47.068588],[21.90209,47.068532],[21.90219,47.068501],[21.902301,47.068467],[21.902201,47.068569],[21.901998,47.068713]]},"properties":{"name":"Strada Alexandru Cazaban"}},{"type":"Feature","geometry":{"type":"LineString","coordinates":[[21.907317,47.073966],[21.907432,47.074202],[21.907651,47.074681],[21.907669,47.074718],[21.907718,47.074881],[21.90773,47.074953],[21.907746,47.075867],[21.907786,47.076036],[21.907831,47.076152],[21.908111,47.076492],[21.910022,47.078575],[21.910297,47.078855],[21.910693,47.079209],[21.911112,47.079502]]},"properties":{"name":"Strada Podului"}},{"type":"Feature","geometry":{"type":"LineString","coordinates":[[21.910876,47.079606],[21.910757,47.079433],[21.910589,47.079254],[21.910239,47.078897],[21.909797,47.078448],[21.908007,47.076482],[21.907813,47.076257],[21.907711,47.0761],[21.907657,47.075979],[21.90764,47.075827],[21.907644,47.075377],[21.907624,47.075017],[21.907619,47.074933],[21.907603,47.074836],[21.907562,47.07473],[21.907217,47.074002]]},"properties":{"name":"Strada Podului"}},{"type":"Feature","geometry":{"type":"LineString","coordinates":[[21.916144,47.0279],[21.914313,47.028241],[21.913765,47.028342]]},"properties":{"name":"Strada Anghel Saligny"}},{"type":"Feature","geometry":{"type":"LineString","coordinates":[[21.924389,47.034311],[21.924169,47.03358],[21.923855,47.032533],[21.923823,47.032427],[21.923754,47.032199],[21.923732,47.032124],[21.923664,47.031967],[21.923594,47.031807],[21.92347,47.031521],[21.92343,47.03143],[21.923185,47.030944],[21.923079,47.030731],[21.923045,47.030665],[21.922804,47.030255],[21.922635,47.030011],[21.922589,47.029945],[21.922383,47.029656],[21.922254,47.029475],[21.921929,47.029055],[21.921639,47.028681],[21.921347,47.028303],[21.921216,47.028135],[21.92101,47.02786],[21.920812,47.027597],[21.920711,47.027463],[21.920555,47.027338],[21.920416,47.027261],[21.920239,47.027192],[21.920094,47.027159],[21.919976,47.027159],[21.919767,47.027188],[21.916368,47.027861]]},"properties":{"name":"Strada Anghel Saligny"}},{"type":"Feature","geometry":{"type":"LineString","coordinates":[[21.940034,47.055935],[21.940058,47.055946],[21.940104,47.055982],[21.94014,47.056009],[21.940172,47.056034],[21.940212,47.056049],[21.940263,47.056056],[21.940312,47.056054],[21.940378,47.056046],[21.940611,47.056008],[21.940812,47.055968],[21.941515,47.055862],[21.941648,47.055858],[21.941711,47.055861],[21.941751,47.055865],[21.941817,47.055874]]},"properties":{"name":"Aleea Ștrandului"}},{"type":"Feature","geometry":{"type":"LineString","coordinates":[[21.942438,47.055778],[21.942314,47.055793],[21.942298,47.055795],[21.941817,47.055874],[21.941766,47.0559],[21.94173,47.055914],[21.941671,47.055927],[21.941592,47.055943],[21.940571,47.056134],[21.940445,47.056161],[21.940372,47.056182],[21.940309,47.056204],[21.940262,47.056226],[21.940222,47.056251],[21.940193,47.056275],[21.940175,47.056292],[21.940161,47.05631],[21.940148,47.05633],[21.940124,47.056383],[21.940077,47.056472]]},"properties":{"name":"Aleea Ștrandului"}},{"type":"Feature","geometry":{"type":"LineString","coordinates":[[21.942617,47.055764],[21.942835,47.055711],[21.943444,47.055562],[21.944745,47.055296],[21.945078,47.055228],[21.945459,47.055151],[21.946433,47.054954],[21.947339,47.05477],[21.948152,47.054602],[21.948247,47.054579],[21.948363,47.054568],[21.948461,47.054566],[21.948567,47.054575],[21.948727,47.054601],[21.949175,47.05469],[21.949457,47.05475],[21.949733,47.054808],[21.949913,47.05483],[21.950108,47.054805]]},"properties":{"name":"Aleea Ștrandului"}},{"type":"Feature","geometry":{"type":"LineString","coordinates":[[21.950485,47.05472],[21.950283,47.054773],[21.950108,47.054805],[21.950322,47.05481],[21.950491,47.054816]]},"properties":{"name":"Aleea Ștrandului"}},{"type":"Feature","geometry":{"type":"LineString","coordinates":[[21.950675,47.054673],[21.950838,47.054662],[21.951008,47.054638]]},"properties":{"name":"Strada Codrilor"}},{"type":"Feature","geometry":{"type":"LineString","coordinates":[[21.955671,47.053171],[21.955537,47.053109],[21.955213,47.052999],[21.955033,47.05297],[21.954947,47.052972],[21.954808,47.052976],[21.953732,47.053383],[21.952855,47.053832],[21.952576,47.053985],[21.952157,47.054205],[21.952066,47.054251],[21.951821,47.054377],[21.951559,47.054474],[21.951247,47.054567],[21.951008,47.054638],[21.950851,47.054718],[21.950755,47.054779]]},"properties":{"name":"Strada Codrilor"}},{"type":"Feature","geometry":{"type":"LineString","coordinates":[[21.955671,47.053171],[21.955913,47.053146],[21.956138,47.053105],[21.956391,47.053041],[21.956781,47.052872],[21.957884,47.052483],[21.95807,47.052439],[21.958318,47.052408],[21.958452,47.052405],[21.958661,47.052414],[21.959662,47.052521],[21.960553,47.052582],[21.960685,47.052596],[21.961499,47.052685],[21.961697,47.0527],[21.961866,47.052701],[21.962351,47.052693],[21.962544,47.052682],[21.96268,47.05267],[21.962807,47.052647],[21.962977,47.052596],[21.963333,47.052462],[21.963485,47.052422],[21.96447,47.052184],[21.964701,47.05214],[21.964847,47.052111],[21.965414,47.052018],[21.965564,47.052002],[21.96568,47.051995],[21.966121,47.051993],[21.968079,47.051999],[21.968546,47.052003],[21.968699,47.051997],[21.970352,47.051935],[21.971327,47.051889],[21.97161,47.051883],[21.971853,47.051903],[21.972042,47.051936],[21.972273,47.051984],[21.972664,47.05208],[21.973225,47.052258],[21.973568,47.052391],[21.973854,47.052488],[21.974124,47.052562],[21.974737,47.052684],[21.975075,47.05273],[21.976875,47.052834],[21.977328,47.052851],[21.977675,47.052837],[21.978056,47.052807],[21.979631,47.052575],[21.979809,47.052536],[21.979895,47.052513],[21.980019,47.052455],[21.980138,47.052374],[21.980478,47.052076],[21.981019,47.051609],[21.981269,47.051422],[21.981379,47.051338],[21.981464,47.051264],[21.981602,47.051119],[21.981687,47.051006],[21.981979,47.050466],[21.982108,47.050313],[21.982318,47.050158],[21.982442,47.050084],[21.982594,47.050025],[21.982733,47.049995],[21.983556,47.0499],[21.983795,47.049867],[21.983981,47.049837],[21.984249,47.049782],[21.985016,47.049609],[21.985689,47.049468],[21.985881,47.049431],[21.986016,47.049412],[21.986182,47.049407],[21.986383,47.049418],[21.986588,47.049449],[21.987064,47.049535],[21.987765,47.049636],[21.988042,47.049664],[21.988424,47.0497],[21.988532,47.049717],[21.988733,47.049769],[21.989373,47.049996],[21.989656,47.050118],[21.990712,47.050706],[21.991096,47.050924],[21.991393,47.051095],[21.991644,47.051247],[21.99188,47.051377],[21.992022,47.05145],[21.992185,47.051508],[21.992339,47.051543],[21.992964,47.051654],[21.993191,47.051726],[21.993419,47.051817],[21.993538,47.051855],[21.993709,47.0519],[21.993894,47.051934],[21.994041,47.051952],[21.994202,47.051967],[21.9949,47.052055],[21.995122,47.052101],[21.995446,47.052182],[21.996875,47.052535],[21.997153,47.052617],[21.997258,47.052642],[21.997502,47.052692],[21.997636,47.052715],[21.997767,47.052729],[21.998135,47.052741],[21.998266,47.052734],[21.998425,47.05272],[21.998839,47.052646],[21.998926,47.05264],[21.999025,47.052639],[21.999142,47.052648],[21.999454,47.052743],[21.999878,47.052879],[22.000118,47.052966],[22.000259,47.053027],[22.000439,47.053125],[22.00054,47.053189],[22.000633,47.053275],[22.000685,47.053344],[22.000723,47.053421],[22.000746,47.053522],[22.000845,47.053875],[22.001791,47.056723],[22.001794,47.056844],[22.001787,47.05694],[22.001774,47.057034],[22.001754,47.057123],[22.001728,47.057244],[22.001719,47.057298],[22.001726,47.05736],[22.001748,47.057476],[22.001838,47.057767],[22.001859,47.057953],[22.00186,47.058045],[22.001852,47.058156],[22.001814,47.05839],[22.00179,47.058595],[22.001789,47.058833],[22.001799,47.058937],[22.001842,47.059088],[22.001887,47.059172],[22.001981,47.059282],[22.002166,47.059439]]},"properties":{"name":"Strada Făcliei"}},{"type":"Feature","geometry":{"type":"LineString","coordinates":[[22.002166,47.059439],[22.002336,47.059572],[22.002491,47.059667],[22.002633,47.059737],[22.002789,47.059793],[22.003322,47.059974],[22.003458,47.06],[22.003564,47.060013],[22.003728,47.060022],[22.004179,47.060051],[22.0044,47.060059],[22.004683,47.06006],[22.005252,47.060055],[22.005466,47.060026],[22.005686,47.06],[22.006029,47.059986],[22.006449,47.059932],[22.006626,47.059896],[22.006787,47.05984],[22.007001,47.059741],[22.007248,47.059619],[22.008133,47.059292],[22.008862,47.059001],[22.009099,47.058955],[22.010231,47.058813],[22.010866,47.058693],[22.011165,47.058693],[22.011374,47.058716],[22.011552,47.058757],[22.011971,47.058856],[22.012895,47.05901],[22.013222,47.059055],[22.013335,47.059057],[22.013549,47.059022],[22.01367,47.059014],[22.013958,47.059028],[22.014131,47.059083],[22.014307,47.059171],[22.01452,47.05929],[22.014737,47.05933],[22.015227,47.05933],[22.015369,47.059315],[22.015771,47.059243],[22.016254,47.059219],[22.016635,47.059194],[22.016785,47.059161],[22.016965,47.059104],[22.017783,47.058785],[22.01809,47.058727],[22.018104,47.058723],[22.018236,47.058685],[22.018352,47.058636],[22.018424,47.058581],[22.018538,47.058437],[22.018637,47.05835],[22.018758,47.058287],[22.019009,47.058262],[22.020448,47.05833],[22.021245,47.058372],[22.021572,47.058406],[22.021923,47.058462],[22.02226,47.058555],[22.02263,47.058663],[22.022896,47.058754],[22.023021,47.058797],[22.023425,47.058974]]},"properties":{"name":"Strada Podgoria"}},{"type":"Feature","geometry":{"type":"LineString","coordinates":[[22.023425,47.058974],[22.023673,47.059103],[22.024062,47.059298],[22.024349,47.059456],[22.024769,47.059668],[22.024907,47.059766],[22.025094,47.059949],[22.025291,47.060134],[22.025385,47.060221],[22.025814,47.06058],[22.025898,47.060635],[22.025992,47.060667],[22.026213,47.06071],[22.026542,47.060781],[22.026928,47.060895],[22.027294,47.06102],[22.027392,47.061085],[22.027485,47.061158],[22.027644,47.061342],[22.027986,47.061591],[22.028639,47.062118],[22.028913,47.062363],[22.029157,47.062656],[22.029264,47.062773],[22.029392,47.062988],[22.029533,47.063271],[22.029579,47.063466],[22.029622,47.0637],[22.029656,47.063849],[22.029707,47.063957],[22.029887,47.064223],[22.030025,47.064512],[22.030302,47.06486],[22.030563,47.065215],[22.030913,47.065635],[22.031032,47.065808],[22.031163,47.065947],[22.031387,47.066213],[22.031487,47.066275],[22.031631,47.066348]]},"properties":{"name":"Strada 580"}},{"type":"Feature","geometry":{"type":"LineString","coordinates":[[22.031729,47.066376],[22.032043,47.066472]]},"properties":{"name":"Strada 580"}},{"type":"Feature","geometry":{"type":"LineString","coordinates":[[21.958215,47.050758],[21.958425,47.050814],[21.958685,47.050854],[21.958948,47.050861],[21.959406,47.050853],[21.959692,47.050809],[21.960093,47.050697],[21.960361,47.050572],[21.960513,47.050462]]},"properties":{"name":"Strada Dragoș Vodă"}},{"type":"Feature","geometry":{"type":"LineString","coordinates":[[21.960736,47.050285],[21.960987,47.050053],[21.961237,47.049692],[21.961373,47.049496],[21.961783,47.04891],[21.961879,47.048772],[21.96224,47.048256],[21.962491,47.04799],[21.962628,47.047858],[21.962775,47.047729],[21.963169,47.047398],[21.965159,47.046174],[21.965319,47.046068],[21.965873,47.045713],[21.966158,47.045604],[21.966121,47.045667],[21.966044,47.045737],[21.965935,47.045815],[21.965775,47.045915],[21.965275,47.046227],[21.963792,47.047181],[21.963251,47.04752],[21.963034,47.047685],[21.962826,47.047851],[21.962724,47.047947],[21.96263,47.048038],[21.962545,47.048128],[21.962347,47.048343],[21.961419,47.049668],[21.961118,47.050096],[21.960852,47.050344]]},"properties":{"name":"Strada Dragoș Vodă"}},{"type":"Feature","geometry":{"type":"LineString","coordinates":[[21.960623,47.050533],[21.960542,47.050603],[21.960408,47.050676],[21.960294,47.050733],[21.960109,47.050815],[21.959948,47.050868],[21.959798,47.050902],[21.959469,47.050964]]},"properties":{"name":"Strada Dragoș Vodă"}},{"type":"Feature","geometry":{"type":"LineString","coordinates":[[21.9889,47.036088],[21.988987,47.035976],[21.989075,47.035871],[21.98913,47.035822],[21.98917,47.035789],[21.98931,47.0357]]},"properties":{"name":"Strada Ogorului"}},{"type":"Feature","geometry":{"type":"LineString","coordinates":[[21.991702,47.031893],[21.9917,47.032036],[21.991728,47.032231],[21.991731,47.032377]]},"properties":{"name":"Strada Ogorului"}},{"type":"Feature","geometry":{"type":"LineString","coordinates":[[21.993725,47.031831],[21.993887,47.031833],[21.994128,47.031765],[21.994538,47.031603],[21.99478,47.03152],[21.994985,47.03144],[21.995361,47.031295]]},"properties":{"name":"Strada Ogorului"}},{"type":"Feature","geometry":{"type":"LineString","coordinates":[[21.993922,47.031891],[21.99372,47.031894],[21.99343,47.03181],[21.993313,47.031812]]},"properties":{"name":"Strada Ogorului"}},{"type":"Feature","geometry":{"type":"LineString","coordinates":[[21.992076,47.031989],[21.991979,47.03209],[21.991825,47.032245],[21.991731,47.032377],[21.991525,47.032788],[21.991499,47.032833],[21.991435,47.032935],[21.991267,47.033185],[21.991229,47.033235],[21.991017,47.033522],[21.990697,47.03391],[21.989931,47.034882],[21.989853,47.034986],[21.989735,47.035142],[21.989457,47.0355],[21.98931,47.0357],[21.989242,47.035823],[21.989152,47.035965]]},"properties":{"name":"Strada Ogorului"}},{"type":"Feature","geometry":{"type":"LineString","coordinates":[[21.93405,47.031734],[21.934819,47.031492],[21.93557,47.031266],[21.935966,47.031133],[21.936935,47.030835],[21.937554,47.030625],[21.938095,47.030447],[21.938314,47.030367],[21.938587,47.030263],[21.938797,47.030166],[21.939165,47.02999],[21.93946,47.029816],[21.939696,47.029677],[21.939895,47.029546],[21.940074,47.02942],[21.940258,47.029273],[21.940409,47.029145],[21.940704,47.028883],[21.941444,47.028225],[21.942183,47.027583],[21.942538,47.027331],[21.943526,47.026645],[21.944451,47.025952],[21.944768,47.025722],[21.945622,47.025145],[21.945939,47.02496],[21.946292,47.02478],[21.946622,47.024642],[21.94701,47.024526],[21.947266,47.024454],[21.947772,47.024358],[21.948116,47.024314],[21.948497,47.024294],[21.948882,47.02429],[21.949218,47.024302],[21.949547,47.024322],[21.949864,47.024365],[21.950152,47.024407],[21.95051,47.024471],[21.950591,47.024485],[21.954169,47.025191],[21.954223,47.025201],[21.954693,47.025283],[21.955087,47.025298],[21.957926,47.025822],[21.958111,47.025856],[21.958241,47.025874],[21.95838,47.025876]]},"properties":{"name":"Strada Ogorului"}},{"type":"Feature","geometry":{"type":"LineString","coordinates":[[21.934074,47.031784],[21.935447,47.031376],[21.935599,47.031331],[21.936789,47.030974],[21.937238,47.03084],[21.937381,47.030793],[21.938009,47.030577],[21.938698,47.030309],[21.93895,47.03019],[21.939549,47.029869],[21.939644,47.029815],[21.939766,47.029738],[21.939963,47.029603],[21.940123,47.029482],[21.940362,47.029295],[21.941365,47.028421],[21.942878,47.027187],[21.944442,47.026087],[21.944633,47.025932],[21.944948,47.025709],[21.945573,47.025285],[21.945935,47.025048],[21.946227,47.024889],[21.946461,47.024782],[21.946735,47.024682],[21.947046,47.024589],[21.947482,47.02449],[21.947788,47.024433],[21.948168,47.02439],[21.948501,47.024377],[21.948841,47.024369],[21.949456,47.024394],[21.950048,47.024454],[21.950465,47.024533],[21.953915,47.02521],[21.954651,47.025434],[21.956545,47.025805],[21.958187,47.026127]]},"properties":{"name":"Strada Ogorului"}},{"type":"Feature","geometry":{"type":"LineString","coordinates":[[21.911706,47.042252],[21.911528,47.042908],[21.911439,47.043229],[21.911361,47.043468],[21.911255,47.043735],[21.911157,47.043921],[21.910946,47.044206],[21.910825,47.044344],[21.910603,47.044563],[21.910437,47.044697],[21.9103,47.044796],[21.910142,47.044898],[21.90996,47.045003],[21.909795,47.045091],[21.909271,47.04528],[21.908751,47.045434],[21.908566,47.045477],[21.908456,47.045527],[21.908386,47.045559],[21.908249,47.045606],[21.908074,47.045645],[21.907455,47.045747],[21.90617,47.045918],[21.904697,47.046102],[21.904344,47.046147],[21.904094,47.046179],[21.903797,47.046226]]},"properties":{"name":"Strada Ogorului"}},{"type":"Feature","geometry":{"type":"LineString","coordinates":[[21.90369,47.045938],[21.903923,47.045947],[21.904186,47.045915],[21.904656,47.045856],[21.906449,47.045635],[21.907124,47.045566],[21.907347,47.045541],[21.907653,47.045506],[21.907851,47.045484],[21.908059,47.045471],[21.908293,47.045466],[21.908689,47.045373],[21.909005,47.045288],[21.909246,47.045215],[21.90947,47.045131],[21.909756,47.045002],[21.910025,47.044858],[21.910302,47.044676],[21.910454,47.044561],[21.910623,47.044408],[21.910683,47.044353],[21.910798,47.044225],[21.911038,47.043899],[21.911147,47.043718],[21.911256,47.043453],[21.911329,47.0432],[21.91141,47.042913],[21.911586,47.042247]]},"properties":{"name":"Strada Ogorului"}},{"type":"Feature","geometry":{"type":"LineString","coordinates":[[21.992072,47.03161],[21.992333,47.031591],[21.992538,47.031551],[21.992726,47.031543],[21.992853,47.031565],[21.993725,47.031831]]},"properties":{"name":"Centura Oșorhei"}},{"type":"Feature","geometry":{"type":"LineString","coordinates":[[21.993313,47.031812],[21.992995,47.031707],[21.992753,47.03164],[21.992548,47.031642],[21.992363,47.031685],[21.992256,47.03176]]},"properties":{"name":"Centura Oșorhei"}},{"type":"Feature","geometry":{"type":"LineString","coordinates":[[21.993725,47.031831],[21.993922,47.031891]]},"properties":{"name":"DJ767J"}},{"type":"Feature","geometry":{"type":"LineString","coordinates":[[21.998254,47.036744],[21.998233,47.037426],[21.998228,47.037503],[21.99821,47.037799],[21.998126,47.039595],[21.998116,47.039765]]},"properties":{"name":"Strada George Bacaloglu"}},{"type":"Feature","geometry":{"type":"LineString","coordinates":[[21.998165,47.03992],[21.998153,47.03986],[21.998116,47.039765],[21.998059,47.039859],[21.998038,47.039916]]},"properties":{"name":"Strada George Bacaloglu"}},{"type":"Feature","geometry":{"type":"LineString","coordinates":[[21.906671,47.074735],[21.906095,47.074967],[21.905899,47.075045],[21.905675,47.075131],[21.904612,47.075537],[21.904156,47.07572],[21.903779,47.075871],[21.903513,47.075985],[21.902933,47.07625],[21.902816,47.076304],[21.901587,47.076862],[21.901115,47.077077],[21.900183,47.077496],[21.8993,47.077884],[21.898889,47.078066],[21.89879,47.078109],[21.898604,47.078196],[21.898375,47.078304],[21.896796,47.07901],[21.896543,47.0791],[21.896401,47.079149],[21.896224,47.079187]]},"properties":{"name":"Calea Borșului"}},{"type":"Feature","geometry":{"type":"LineString","coordinates":[[21.889845,47.082025],[21.88999,47.08196],[21.890466,47.081749],[21.891075,47.081478],[21.891256,47.081397],[21.891485,47.081295],[21.89172,47.081191],[21.89194,47.081093],[21.892557,47.080818],[21.892941,47.080648],[21.893035,47.080606],[21.893997,47.080178],[21.894185,47.080094],[21.894828,47.079808],[21.894971,47.079744],[21.895359,47.079572],[21.895802,47.079375],[21.896004,47.079285],[21.896068,47.079256],[21.896134,47.079227],[21.896224,47.079187],[21.896435,47.079049],[21.896695,47.078927],[21.897996,47.078368],[21.898549,47.078133],[21.898732,47.07805],[21.898778,47.078028],[21.900581,47.077217],[21.901472,47.076817],[21.90152,47.076796],[21.902595,47.076302],[21.902753,47.076232],[21.90286,47.076185],[21.903506,47.075896],[21.903695,47.075812],[21.904174,47.075615],[21.90501,47.075303],[21.905302,47.075187],[21.905575,47.075077],[21.905952,47.074926],[21.906101,47.074888],[21.906416,47.074761]]},"properties":{"name":"Calea Borșului"}},{"type":"Feature","geometry":{"type":"LineString","coordinates":[[21.888772,47.082538],[21.889143,47.082372],[21.889295,47.082296],[21.889346,47.08227],[21.889845,47.082025],[21.88929,47.082206],[21.889239,47.082223],[21.888967,47.082292],[21.888667,47.082337]]},"properties":{"name":"Calea Borșului"}},{"type":"Feature","geometry":{"type":"LineString","coordinates":[[21.888665,47.082586],[21.888482,47.082634],[21.88838,47.082674],[21.888263,47.082728],[21.887937,47.082899],[21.887542,47.083084],[21.883967,47.084694],[21.882717,47.085284],[21.882536,47.085373],[21.882336,47.085479],[21.882055,47.085627],[21.881152,47.08615],[21.880931,47.086322],[21.879342,47.087219],[21.878137,47.087945],[21.878052,47.088008],[21.878005,47.088048],[21.877958,47.088101]]},"properties":{"name":"Calea Borșului"}},{"type":"Feature","geometry":{"type":"LineString","coordinates":[[21.877766,47.087947],[21.879477,47.086955],[21.880782,47.086197],[21.881094,47.086098],[21.881689,47.085754],[21.882201,47.085466],[21.882416,47.085351],[21.882609,47.085255],[21.88303,47.085056],[21.883918,47.084639]]},"properties":{"name":"Calea Borșului"}},{"type":"Feature","geometry":{"type":"LineString","coordinates":[[21.87754,47.088299],[21.877282,47.088448],[21.873653,47.090548],[21.873346,47.090654],[21.872814,47.090948],[21.870208,47.092455],[21.869061,47.0931],[21.867962,47.093741],[21.867709,47.093884],[21.865523,47.09514],[21.864613,47.095657],[21.862682,47.096751],[21.861948,47.097168],[21.861571,47.097384],[21.861518,47.097406],[21.861444,47.097433],[21.861368,47.097454]]},"properties":{"name":"Calea Borșului"}},{"type":"Feature","geometry":{"type":"LineString","coordinates":[[21.877397,47.088156],[21.877277,47.088225],[21.877123,47.088314],[21.873494,47.090418],[21.873298,47.090604],[21.872328,47.091138],[21.867676,47.093808],[21.867546,47.093883],[21.865452,47.095083],[21.863016,47.096467],[21.862009,47.097039],[21.861875,47.097115],[21.86149,47.097332],[21.861438,47.097367],[21.861399,47.097407],[21.861368,47.097454],[21.860832,47.09776],[21.860556,47.097891],[21.860465,47.097934],[21.859881,47.098199],[21.859612,47.09831],[21.859296,47.098434],[21.858546,47.098698],[21.858235,47.098797],[21.857891,47.098893],[21.857418,47.099017],[21.857093,47.099097],[21.856757,47.099187],[21.856393,47.09926],[21.855958,47.099349],[21.855431,47.099435]]},"properties":{"name":"Calea Borșului"}},{"type":"Feature","geometry":{"type":"LineString","coordinates":[[21.854679,47.099628],[21.854784,47.099582],[21.854862,47.099558],[21.855021,47.099527],[21.855234,47.09949],[21.855431,47.099435],[21.855215,47.099432],[21.855012,47.099452],[21.854898,47.099454],[21.854798,47.099456],[21.854732,47.099451],[21.854641,47.099441]]},"properties":{"name":"Calea Borșului"}},{"type":"Feature","geometry":{"type":"LineString","coordinates":[[21.854108,47.099721],[21.85396,47.099687],[21.853827,47.099682],[21.853731,47.099688],[21.85356,47.099705],[21.852379,47.099823],[21.850092,47.100115],[21.848719,47.100296],[21.84782,47.100401],[21.846482,47.100568],[21.845119,47.100757],[21.844711,47.10081],[21.844331,47.100871],[21.844075,47.100911],[21.843853,47.100941],[21.843658,47.100975],[21.843546,47.100992],[21.843461,47.101014],[21.843378,47.101047],[21.843354,47.101054],[21.843255,47.101102],[21.843093,47.101185]]},"properties":{"name":"Calea Borșului"}},{"type":"Feature","geometry":{"type":"LineString","coordinates":[[21.842502,47.101405],[21.84242,47.101374],[21.842374,47.10136],[21.842261,47.101346],[21.842128,47.101355],[21.842001,47.101398],[21.840228,47.101953],[21.840057,47.102008],[21.839122,47.102293],[21.838075,47.102629],[21.83757,47.102779],[21.836925,47.10298],[21.833741,47.10396],[21.832785,47.104254],[21.831329,47.104695],[21.829867,47.105153],[21.829429,47.105299],[21.829052,47.105424],[21.828352,47.105687],[21.828027,47.105816],[21.827081,47.106206],[21.826747,47.106358],[21.826615,47.106432],[21.826493,47.10652],[21.82645,47.106561],[21.826411,47.106607]]},"properties":{"name":"Calea Borșului"}},{"type":"Feature","geometry":{"type":"LineString","coordinates":[[21.825244,47.10694],[21.825043,47.107016],[21.823983,47.10744],[21.823026,47.107836],[21.819734,47.109171],[21.818976,47.109477],[21.817272,47.110173],[21.816828,47.110344],[21.816743,47.110378],[21.81648,47.110484],[21.815273,47.110972],[21.814835,47.111153],[21.814462,47.11132],[21.814217,47.111439]]},"properties":{"name":"Calea Borșului"}},{"type":"Feature","geometry":{"type":"LineString","coordinates":[[21.826174,47.106388],[21.826253,47.106383],[21.826341,47.106372],[21.826457,47.106345],[21.82656,47.106316],[21.826676,47.106273],[21.828484,47.105553],[21.829174,47.105303],[21.829729,47.105119],[21.830765,47.104783],[21.831269,47.104626],[21.832648,47.104214],[21.834099,47.10377],[21.835684,47.103278],[21.837455,47.102731],[21.838009,47.102564],[21.840015,47.101945],[21.84019,47.10189],[21.841794,47.101355],[21.841981,47.101293],[21.84218,47.101245],[21.84231,47.101215],[21.842469,47.101188]]},"properties":{"name":"Calea Borșului"}},{"type":"Feature","geometry":{"type":"LineString","coordinates":[[21.842893,47.101058],[21.843009,47.101035],[21.8434,47.100921],[21.843721,47.10087],[21.843992,47.100839],[21.844164,47.10082],[21.844288,47.100799],[21.844339,47.10079],[21.84471,47.100735],[21.84653,47.100494],[21.848379,47.100268],[21.849654,47.100104],[21.852803,47.099696],[21.853577,47.099615],[21.853705,47.099605],[21.853801,47.099588],[21.853915,47.099564],[21.854017,47.099544]]},"properties":{"name":"Calea Borșului"}},{"type":"Feature","geometry":{"type":"LineString","coordinates":[[21.799108,47.116809],[21.799236,47.116798]]},"properties":{"name":"Calea Borșului"}},{"type":"Feature","geometry":{"type":"LineString","coordinates":[[21.814153,47.1114],[21.814219,47.111366]]},"properties":{"name":"Calea Borșului"}},{"type":"Feature","geometry":{"type":"LineString","coordinates":[[21.915737,47.0856],[21.91579,47.085635],[21.915846,47.085695],[21.915929,47.08577]]},"properties":{"name":"Strada Ion Bogdan"}},{"type":"Feature","geometry":{"type":"LineString","coordinates":[[21.9264,47.089105],[21.925974,47.088972],[21.924475,47.088509],[21.92326,47.088135],[21.922768,47.087971],[21.922105,47.087755],[21.92203,47.087728],[21.921369,47.087494],[21.920765,47.087306],[21.919639,47.086954],[21.919522,47.086917],[21.918707,47.086655],[21.918286,47.086524],[21.918225,47.086504],[21.917498,47.086271],[21.917087,47.08614],[21.916481,47.085948],[21.915929,47.08577],[21.915669,47.085709],[21.91554,47.085673]]},"properties":{"name":"Strada Ion Bogdan"}},{"type":"Feature","geometry":{"type":"LineString","coordinates":[[21.926494,47.089068],[21.926539,47.08898],[21.926621,47.088655],[21.926662,47.08835],[21.926704,47.088013],[21.926728,47.087722],[21.926705,47.087309],[21.92671,47.086986],[21.926706,47.086924],[21.926701,47.086599],[21.926727,47.086425],[21.926809,47.086118],[21.926919,47.085722],[21.926975,47.085529],[21.927014,47.085395],[21.927063,47.085205],[21.927108,47.08497],[21.927146,47.084726],[21.927155,47.084632],[21.927198,47.083925],[21.927219,47.083683],[21.927248,47.083408],[21.927269,47.08325],[21.927329,47.083041],[21.927412,47.082726],[21.927484,47.082469],[21.92754,47.082313],[21.927579,47.082232],[21.927616,47.082176],[21.927723,47.08206],[21.927916,47.081917],[21.928043,47.081834],[21.92819,47.081714],[21.928302,47.081589],[21.928358,47.08151],[21.928403,47.08142],[21.928417,47.081375],[21.928441,47.081257],[21.928446,47.08099],[21.928452,47.080752],[21.928484,47.080625],[21.928547,47.080461],[21.928617,47.080343],[21.928718,47.080212],[21.928915,47.079974],[21.929104,47.079751],[21.929837,47.078985],[21.930009,47.078833],[21.930278,47.078706],[21.930467,47.078628],[21.930552,47.078585],[21.930608,47.07855]]},"properties":{"name":"Calea Bihorului"}},{"type":"Feature","geometry":{"type":"LineString","coordinates":[[21.930695,47.078351],[21.930673,47.078413],[21.930657,47.078464],[21.930608,47.07855],[21.930705,47.078519],[21.930864,47.078414]]},"properties":{"name":"Calea Bihorului"}},{"type":"Feature","geometry":{"type":"LineString","coordinates":[[21.926473,47.089176],[21.926409,47.0896],[21.92633,47.089997],[21.926241,47.090385],[21.926131,47.090815],[21.926054,47.091076],[21.925979,47.091332],[21.925879,47.091606],[21.925776,47.091866],[21.925488,47.09252],[21.925362,47.092885],[21.92522,47.093143],[21.925059,47.093421],[21.92503,47.093448],[21.924822,47.093735],[21.92467,47.093906],[21.924446,47.094098],[21.924374,47.094159],[21.924197,47.094329],[21.92402,47.094519],[21.923889,47.094739],[21.923798,47.094946],[21.923591,47.095442],[21.923495,47.095646],[21.923461,47.095712],[21.923306,47.0959],[21.923025,47.096196],[21.922768,47.096486],[21.922565,47.096615]]},"properties":{"name":"Calea Bihorului"}},{"type":"Feature","geometry":{"type":"LineString","coordinates":[[21.922713,47.096768],[21.922782,47.097003]]},"properties":{"name":"Calea Bihorului"}},{"type":"Feature","geometry":{"type":"LineString","coordinates":[[21.928256,47.10836],[21.928221,47.108245],[21.928204,47.108136],[21.928203,47.108055],[21.928208,47.107924],[21.928224,47.10777],[21.928244,47.10761],[21.928263,47.107237],[21.92833,47.106769],[21.928417,47.106082],[21.928457,47.105622],[21.928526,47.1051],[21.928539,47.105008],[21.928549,47.104896],[21.928605,47.104517],[21.928643,47.104099],[21.928695,47.103788],[21.92875,47.103497],[21.928759,47.103257],[21.928746,47.103097],[21.928707,47.102949],[21.928616,47.102767],[21.928458,47.102524],[21.928319,47.102353],[21.928164,47.10223],[21.927971,47.102098],[21.927781,47.101971],[21.927565,47.101836],[21.927234,47.101641],[21.926964,47.101481],[21.926837,47.101389],[21.926719,47.101304],[21.926608,47.101198],[21.926518,47.10109],[21.926463,47.101004],[21.926391,47.100889],[21.926149,47.100506],[21.926089,47.100376],[21.926046,47.100268],[21.926041,47.100202],[21.926058,47.100125],[21.926084,47.10005],[21.926159,47.099961],[21.926376,47.09975],[21.926758,47.099395],[21.927088,47.099089],[21.927172,47.099023],[21.927221,47.098959],[21.927238,47.098909],[21.927231,47.098836],[21.927197,47.098761],[21.927136,47.098703],[21.927064,47.098661],[21.926972,47.098631],[21.926895,47.098618],[21.926794,47.098613],[21.926714,47.098623],[21.92665,47.098641],[21.926529,47.098697],[21.926434,47.098775],[21.926351,47.098864],[21.926291,47.09892],[21.92621,47.098978],[21.926133,47.099013],[21.926047,47.099022],[21.925972,47.099025],[21.925891,47.099007],[21.925805,47.098969],[21.925733,47.098911],[21.925693,47.098846],[21.925672,47.098786],[21.925668,47.098701],[21.925668,47.098572],[21.925673,47.098332],[21.925683,47.097832],[21.92569,47.097615],[21.925678,47.097522],[21.925626,47.097451],[21.925564,47.097403],[21.925491,47.097366],[21.925415,47.09735],[21.925296,47.097344],[21.925201,47.097361],[21.925115,47.097396],[21.925064,47.097441],[21.925036,47.097487],[21.925023,47.097539],[21.925024,47.097591],[21.925038,47.097687],[21.925056,47.097775],[21.925081,47.097895],[21.925095,47.098004],[21.925097,47.098073],[21.925088,47.098135],[21.925051,47.098194],[21.924993,47.098237],[21.924902,47.098273],[21.924813,47.098294],[21.924658,47.098288],[21.924573,47.098254],[21.924501,47.098195],[21.924451,47.098116],[21.924435,47.098038],[21.924418,47.097819],[21.92441,47.097527],[21.924399,47.097045],[21.924393,47.096893],[21.924389,47.096833],[21.924359,47.096742],[21.924296,47.096679],[21.924238,47.096643],[21.92415,47.096611],[21.924032,47.096599],[21.92393,47.096609],[21.92384,47.096639],[21.923789,47.096669],[21.923734,47.096738],[21.92372,47.096798],[21.923716,47.096882],[21.923722,47.096966],[21.923765,47.097139],[21.92379,47.097285],[21.923791,47.097354],[21.923765,47.097424],[21.923723,47.097482],[21.923679,47.09752],[21.923606,47.097551],[21.923522,47.097572],[21.923457,47.097573],[21.923393,47.097563],[21.923331,47.097548],[21.923277,47.09753],[21.92322,47.097493],[21.923152,47.097431],[21.923064,47.097342],[21.922782,47.097003],[21.922517,47.096861]]},"properties":{"name":"Calea Bihorului"}},{"type":"Feature","geometry":{"type":"LineString","coordinates":[[21.930897,47.078251],[21.930964,47.078231],[21.931107,47.078217],[21.931279,47.078182]]},"properties":{"name":"Strada Izvorului"}},{"type":"Feature","geometry":{"type":"LineString","coordinates":[[21.94674,47.083178],[21.94676,47.083045],[21.946737,47.082929],[21.946695,47.082818],[21.946194,47.081981],[21.945159,47.080239],[21.945041,47.080088],[21.944902,47.079972],[21.944727,47.079845],[21.943668,47.079034],[21.942801,47.078423],[21.94186,47.077913],[21.941616,47.077835],[21.941372,47.077773],[21.941196,47.077729],[21.940996,47.077702],[21.940653,47.077668],[21.940479,47.077656],[21.939895,47.077626],[21.939625,47.077613],[21.939414,47.077598],[21.939324,47.077586],[21.939041,47.077529],[21.93871,47.077455],[21.938614,47.077423],[21.938476,47.077357],[21.938221,47.077221],[21.938098,47.077153],[21.937677,47.076928],[21.937253,47.076721],[21.937116,47.076677],[21.936955,47.076642],[21.936693,47.076598],[21.936266,47.076548],[21.936013,47.076525],[21.935719,47.076534],[21.935439,47.076566],[21.934458,47.076754],[21.933672,47.076924],[21.933382,47.076959],[21.933037,47.076968],[21.932916,47.076957]]},"properties":{"name":"Strada Izvorului"}},{"type":"Feature","geometry":{"type":"LineString","coordinates":[[21.930932,47.078381],[21.931179,47.078261],[21.931279,47.078182],[21.931454,47.078086],[21.93159,47.077942],[21.931957,47.077439],[21.932152,47.07719]]},"properties":{"name":"Strada Izvorului"}},{"type":"Feature","geometry":{"type":"LineString","coordinates":[[21.932152,47.07719],[21.932176,47.077119],[21.932266,47.077028],[21.932316,47.076983],[21.932467,47.076937],[21.932583,47.076925],[21.93271,47.076933],[21.932916,47.076957],[21.932674,47.076973],[21.932537,47.077003],[21.932291,47.077111],[21.932212,47.07717],[21.932152,47.07719]]},"properties":{"name":"Strada Izvorului"}},{"type":"Feature","geometry":{"type":"LineString","coordinates":[[21.932316,47.076983],[21.93235,47.076948]]},"properties":{"name":"Centura mică „Drumul expres”"}},{"type":"Feature","geometry":{"type":"LineString","coordinates":[[21.933494,47.072543],[21.933513,47.072546]]},"properties":{"name":"Strada Sfântul Ladislau"}},{"type":"Feature","geometry":{"type":"LineString","coordinates":[[21.934572,47.071062],[21.934624,47.071074]]},"properties":{"name":"Strada Berzei"}},{"type":"Feature","geometry":{"type":"LineString","coordinates":[[21.931126,47.07056],[21.931212,47.070552],[21.931271,47.070551],[21.931332,47.070554],[21.931419,47.070561]]},"properties":{"name":"Strada Berzei"}},{"type":"Feature","geometry":{"type":"LineString","coordinates":[[21.907008,47.052238],[21.907029,47.052236]]},"properties":{"name":"Strada Padișului"}},{"type":"Feature","geometry":{"type":"LineString","coordinates":[[21.907251,47.052426],[21.907144,47.052422]]},"properties":{"name":"Strada Padișului"}},{"type":"Feature","geometry":{"type":"LineString","coordinates":[[21.911901,47.06209],[21.911565,47.062151],[21.91098,47.062256],[21.908493,47.062701],[21.908301,47.062749]]},"properties":{"name":"Strada Meziadului"}},{"type":"Feature","geometry":{"type":"LineString","coordinates":[[21.908301,47.062749],[21.90832,47.06387]]},"properties":{"name":"Strada Grigore Irofte"}},{"type":"Feature","geometry":{"type":"LineString","coordinates":[[21.908751,47.06547],[21.90835,47.064553],[21.908078,47.063929]]},"properties":{"name":"Strada Grigore Irofte"}},{"type":"Feature","geometry":{"type":"LineString","coordinates":[[21.908078,47.063929],[21.90832,47.06387]]},"properties":{"name":"Strada Lăpușului"}},{"type":"Feature","geometry":{"type":"LineString","coordinates":[[21.914594,47.073619],[21.914567,47.073633],[21.914551,47.073692],[21.914545,47.073734],[21.914531,47.073821],[21.914509,47.073938],[21.914473,47.074007],[21.914457,47.074039]]},"properties":{"name":"Strada Transilvaniei"}},{"type":"Feature","geometry":{"type":"LineString","coordinates":[[21.921722,47.081109],[21.921541,47.080985],[21.921188,47.080724],[21.92062,47.080332],[21.920023,47.079906],[21.919895,47.079815],[21.919454,47.079497],[21.919089,47.07924],[21.918425,47.078766],[21.91832,47.078691],[21.918068,47.078511],[21.917993,47.078458],[21.917906,47.078396],[21.916794,47.077602],[21.916662,47.077511],[21.916117,47.077137],[21.916048,47.077085],[21.915873,47.076968],[21.91582,47.07693],[21.915661,47.076822],[21.915591,47.076767],[21.915562,47.076744],[21.91515,47.076439],[21.915075,47.076372],[21.915004,47.076302],[21.914941,47.07624],[21.91485,47.076135],[21.914778,47.076023],[21.914712,47.075923],[21.914682,47.075851],[21.914663,47.075806],[21.914629,47.075711],[21.914587,47.075589],[21.914571,47.07546],[21.914499,47.074565],[21.914473,47.074237],[21.914457,47.074039],[21.91444,47.073995],[21.914418,47.073936]]},"properties":{"name":"Strada Transilvaniei"}},{"type":"Feature","geometry":{"type":"LineString","coordinates":[[21.894321,47.103416],[21.894257,47.103608],[21.894247,47.103704],[21.894258,47.1038],[21.894297,47.103994],[21.89455,47.105028],[21.894591,47.105198],[21.894704,47.10566],[21.894701,47.105722],[21.894681,47.105785]]},"properties":{"name":"Strada Suișului"}},{"type":"Feature","geometry":{"type":"LineString","coordinates":[[21.896046,47.112132],[21.896063,47.112042],[21.896066,47.111981],[21.896069,47.111903],[21.896058,47.111789],[21.895939,47.111292],[21.895747,47.110487],[21.895795,47.110389],[21.895687,47.109914],[21.895394,47.10862],[21.894938,47.106849],[21.894681,47.105785],[21.894637,47.105729],[21.894604,47.105673],[21.894212,47.104055],[21.894176,47.103944],[21.894136,47.103847],[21.894092,47.103742],[21.894042,47.103634],[21.893976,47.103546],[21.893886,47.103474]]},"properties":{"name":"Strada Suișului"}},{"type":"Feature","geometry":{"type":"LineString","coordinates":[[21.905017,47.049763],[21.905159,47.049783],[21.905699,47.049883]]},"properties":{"name":"Strada Vlădeasa"}},{"type":"Feature","geometry":{"type":"LineString","coordinates":[[21.918669,47.052003],[21.919089,47.052029],[21.919238,47.052041]]},"properties":{"name":"Strada Vlădeasa"}},{"type":"Feature","geometry":{"type":"LineString","coordinates":[[21.905015,47.049835],[21.905164,47.049847],[21.905389,47.049858],[21.905699,47.049883],[21.906128,47.049957],[21.906368,47.049998],[21.906712,47.050056],[21.906865,47.050082],[21.907911,47.050258],[21.907948,47.050264],[21.908282,47.050322],[21.908324,47.05033],[21.909132,47.050462],[21.910351,47.050652],[21.912078,47.050938]]},"properties":{"name":"Strada Vlădeasa"}},{"type":"Feature","geometry":{"type":"LineString","coordinates":[[21.912223,47.050968],[21.912267,47.050974],[21.913257,47.051124],[21.914279,47.051296],[21.916354,47.051615],[21.918669,47.052003],[21.91904,47.052121],[21.919181,47.052164]]},"properties":{"name":"Strada Vlădeasa"}},{"type":"Feature","geometry":{"type":"LineString","coordinates":[[21.935576,47.043119],[21.935702,47.043052],[21.936723,47.042512],[21.937546,47.042091],[21.937675,47.042024],[21.938321,47.041688],[21.938687,47.041498],[21.939491,47.04109],[21.93966,47.041046],[21.939703,47.041048],[21.940861,47.041081],[21.941438,47.041125],[21.941537,47.041131],[21.941858,47.041136],[21.94191,47.041136],[21.941953,47.041138],[21.942097,47.041148]]},"properties":{"name":"Strada Sextil Pușcariu"}},{"type":"Feature","geometry":{"type":"LineString","coordinates":[[21.942067,47.041678],[21.942102,47.041706],[21.942143,47.04173],[21.942212,47.041762],[21.942425,47.041834],[21.942917,47.042072],[21.942956,47.042095],[21.943096,47.042176],[21.943267,47.042269],[21.943572,47.042434],[21.943647,47.04248],[21.943737,47.042536],[21.94426,47.042822],[21.945057,47.04326],[21.945074,47.043268],[21.945461,47.043456],[21.94553,47.043499],[21.945692,47.043573],[21.946056,47.043766],[21.946507,47.043994],[21.947575,47.044534],[21.947763,47.044618],[21.947814,47.04464],[21.948672,47.045024],[21.948845,47.045091],[21.948905,47.045114]]},"properties":{"name":"Strada Ștefan Zweig"}},{"type":"Feature","geometry":{"type":"LineString","coordinates":[[21.924172,47.021957],[21.925139,47.02229],[21.925928,47.022565],[21.926869,47.022892],[21.927795,47.023226],[21.928757,47.023582],[21.929731,47.023944],[21.929881,47.024003],[21.930716,47.024312],[21.931834,47.024727],[21.93273,47.025057],[21.933445,47.025322]]},"properties":{"name":"Strada Hack Halasi Gyula"}},{"type":"Feature","geometry":{"type":"LineString","coordinates":[[21.923746,47.025641],[21.924172,47.021957]]},"properties":{"name":"Strada Episcop Vasile Hossu"}},{"type":"Feature","geometry":{"type":"LineString","coordinates":[[21.923746,47.025641],[21.923974,47.025866],[21.924519,47.026419],[21.924631,47.026533],[21.925045,47.026948],[21.925076,47.02698],[21.925596,47.027508],[21.926131,47.028041],[21.92618,47.028088],[21.926784,47.028668],[21.92732,47.029081],[21.927535,47.029242],[21.927954,47.029513],[21.92806,47.029581],[21.928174,47.029644],[21.928227,47.029669],[21.928902,47.029974],[21.929014,47.030031],[21.92956,47.030298],[21.929606,47.030323],[21.929829,47.030447],[21.929901,47.030487]]},"properties":{"name":"Strada Nojoridului"}},{"type":"Feature","geometry":{"type":"LineString","coordinates":[[21.930231,47.030631],[21.930153,47.030597],[21.92995,47.030508],[21.929901,47.030487],[21.930155,47.030686]]},"properties":{"name":"Strada Nojoridului"}},{"type":"Feature","geometry":{"type":"LineString","coordinates":[[21.930476,47.030798],[21.930936,47.031118],[21.930981,47.031145],[21.931344,47.03136],[21.93157,47.031503],[21.931635,47.031547],[21.931704,47.0316],[21.931796,47.031691],[21.931989,47.031882],[21.932014,47.031905],[21.932054,47.031934],[21.932126,47.031973]]},"properties":{"name":"Strada Nojoridului"}},{"type":"Feature","geometry":{"type":"LineString","coordinates":[[21.923974,47.025866],[21.924008,47.025857],[21.924052,47.025848],[21.924098,47.025844],[21.924155,47.025844],[21.924637,47.025857]]},"properties":{"name":"Strada Ștefan Lupșa"}},{"type":"Feature","geometry":{"type":"LineString","coordinates":[[21.924712,47.025915],[21.924631,47.026533]]},"properties":{"name":"Strada Ștefan Lupșa"}},{"type":"Feature","geometry":{"type":"LineString","coordinates":[[21.956055,47.029036],[21.955459,47.02877]]},"properties":{"name":"Strada Grigore Moisil"}},{"type":"Feature","geometry":{"type":"LineString","coordinates":[[21.933155,47.032495],[21.933041,47.032505],[21.932942,47.032524],[21.931628,47.032817],[21.9314,47.032878],[21.931181,47.032938],[21.931034,47.032992],[21.930892,47.033055],[21.930787,47.033123],[21.930754,47.033155],[21.930709,47.033197],[21.93066,47.033271],[21.930637,47.033358],[21.93063,47.033441],[21.930646,47.033514],[21.931513,47.035347],[21.931585,47.035432],[21.931675,47.035596],[21.931699,47.035627],[21.93174,47.03568],[21.931788,47.035742]]},"properties":{"name":"Strada Thurzó Sándor"}},{"type":"Feature","geometry":{"type":"LineString","coordinates":[[21.867949,47.086339],[21.870642,47.088585],[21.87076,47.088679],[21.870896,47.088796],[21.871056,47.088923],[21.871462,47.089255],[21.871668,47.089417],[21.872141,47.0898],[21.872399,47.090021],[21.872513,47.090115],[21.872897,47.09044]]},"properties":{"name":"Strada Eugeniu Carada"}},{"type":"Feature","geometry":{"type":"LineString","coordinates":[[21.883577,47.084314],[21.883437,47.084208],[21.882203,47.083197],[21.882076,47.0831],[21.880649,47.081943],[21.880036,47.081439],[21.879889,47.081335],[21.879303,47.08086],[21.879234,47.080803],[21.879096,47.080699],[21.879025,47.080654],[21.878905,47.080624],[21.878779,47.080614],[21.878654,47.080647],[21.878534,47.080692],[21.877706,47.081068],[21.875294,47.082075],[21.874696,47.082431],[21.873682,47.083017],[21.87354,47.083099],[21.873139,47.083332],[21.872304,47.08382],[21.868894,47.085815],[21.867949,47.086339],[21.867159,47.086779],[21.862449,47.0895]]},"properties":{"name":"Strada Petre Carp"}},{"type":"Feature","geometry":{"type":"LineString","coordinates":[[21.860097,47.087522],[21.8609,47.088219],[21.862283,47.089372],[21.862449,47.0895],[21.862836,47.089845],[21.865779,47.092259],[21.866486,47.092834],[21.867676,47.093808]]},"properties":{"name":"Strada Ion Mihalache"}},{"type":"Feature","geometry":{"type":"LineString","coordinates":[[21.877387,47.087866],[21.877207,47.087728],[21.876981,47.087556],[21.876896,47.087491],[21.876759,47.087386],[21.875735,47.086567],[21.875659,47.086508],[21.874467,47.085575],[21.872304,47.08382]]},"properties":{"name":"Strada Nicolae Filipescu"}},{"type":"Feature","geometry":{"type":"LineString","coordinates":[[21.860097,47.087522],[21.862681,47.08601],[21.863538,47.085515],[21.863677,47.085434],[21.865908,47.08416],[21.866129,47.084028],[21.866208,47.083984]]},"properties":{"name":"Strada Nicolae Filipescu"}},{"type":"Feature","geometry":{"type":"LineString","coordinates":[[21.877569,47.087953],[21.877387,47.087866],[21.877442,47.088024]]},"properties":{"name":"Strada Nicolae Filipescu"}},{"type":"Feature","geometry":{"type":"LineString","coordinates":[[21.874467,47.085575],[21.874706,47.08544],[21.875684,47.084889],[21.876257,47.084566],[21.876886,47.084185],[21.877476,47.083839],[21.877696,47.083708],[21.878051,47.083498],[21.878141,47.083443],[21.878847,47.083024],[21.879141,47.08285],[21.880649,47.081943]]},"properties":{"name":"Strada General Gheorghe Mărdărescu"}},{"type":"Feature","geometry":{"type":"LineString","coordinates":[[21.946668,47.03519],[21.946763,47.035217],[21.946841,47.035251],[21.946932,47.035321]]},"properties":{"name":"Strada Lotus"}},{"type":"Feature","geometry":{"type":"LineString","coordinates":[[21.943096,47.042176],[21.943137,47.042231],[21.94316,47.042285],[21.943161,47.042325],[21.943138,47.042363],[21.943101,47.04239],[21.943036,47.042408]]},"properties":{"name":"Strada Biruinței"}},{"type":"Feature","geometry":{"type":"LineString","coordinates":[[21.943036,47.042408],[21.942497,47.042382],[21.942086,47.042364],[21.94203,47.042361],[21.941954,47.042358],[21.941918,47.042357],[21.941852,47.042355],[21.940764,47.042315],[21.93959,47.042288],[21.938324,47.042255],[21.937591,47.042102],[21.937546,47.042091]]},"properties":{"name":"Strada Lugojului"}},{"type":"Feature","geometry":{"type":"LineString","coordinates":[[21.908192,47.053053],[21.908219,47.05301]]},"properties":{"name":"Strada Lucian Blaga"}},{"type":"Feature","geometry":{"type":"LineString","coordinates":[[21.93966,47.041046],[21.93962,47.041012]]},"properties":{"name":"Strada Sabinelor"}},{"type":"Feature","geometry":{"type":"LineString","coordinates":[[21.962081,47.043802],[21.962087,47.043874]]},"properties":{"name":"Strada Căii Ferate"}},{"type":"Feature","geometry":{"type":"LineString","coordinates":[[21.933976,47.042952],[21.931548,47.04078],[21.93153,47.040762],[21.931515,47.040746],[21.931499,47.040727],[21.931471,47.040685],[21.931444,47.040637],[21.931427,47.0406],[21.931394,47.040523],[21.931368,47.040462],[21.931361,47.040433],[21.931352,47.040397],[21.931342,47.040338],[21.931341,47.040296],[21.931347,47.040191],[21.931348,47.04017]]},"properties":{"name":"Strada Ronald Reagan"}},{"type":"Feature","geometry":{"type":"LineString","coordinates":[[21.931341,47.039917],[21.931347,47.040132],[21.931348,47.04017],[21.931379,47.040104],[21.931421,47.040018],[21.931451,47.03997],[21.931492,47.039918]]},"properties":{"name":"Strada Ronald Reagan"}},{"type":"Feature","geometry":{"type":"LineString","coordinates":[[21.931324,47.039906],[21.931157,47.039943],[21.930537,47.040053]]},"properties":{"name":"Strada Ceyrat"}},{"type":"Feature","geometry":{"type":"LineString","coordinates":[[21.919651,47.042309],[21.919866,47.042145]]},"properties":{"name":"Strada Ceyrat"}},{"type":"Feature","geometry":{"type":"LineString","coordinates":[[21.919523,47.04217],[21.919866,47.042145],[21.920946,47.042129],[21.921223,47.042124],[21.921595,47.042124],[21.922048,47.042116],[21.922244,47.0421],[21.922376,47.042083],[21.92249,47.042061],[21.922687,47.042015],[21.923196,47.041874],[21.923626,47.041755],[21.924327,47.041554],[21.92437,47.041542],[21.924663,47.041457],[21.925242,47.041313],[21.926255,47.041065],[21.926616,47.040977],[21.927107,47.040864],[21.927353,47.040807],[21.927527,47.040764],[21.929493,47.040292],[21.930128,47.040146],[21.930537,47.040053],[21.931293,47.039827]]},"properties":{"name":"Strada Ceyrat"}},{"type":"Feature","geometry":{"type":"LineString","coordinates":[[21.956641,47.050389],[21.956486,47.050316],[21.956445,47.050283],[21.956388,47.050225],[21.956344,47.050161],[21.955972,47.049416],[21.955865,47.049221],[21.955809,47.049148],[21.955632,47.048965],[21.955581,47.048913]]},"properties":{"name":"Strada Grădinarilor"}},{"type":"Feature","geometry":{"type":"LineString","coordinates":[[21.883918,47.084639],[21.88766,47.082945],[21.887914,47.082825],[21.888037,47.082753],[21.888137,47.08269],[21.888219,47.082631],[21.888432,47.082461]]},"properties":{"name":"Strada Borșului"}},{"type":"Feature","geometry":{"type":"LineString","coordinates":[[21.907217,47.074002],[21.907119,47.073945],[21.907036,47.073916],[21.906968,47.073911],[21.906879,47.073908],[21.906792,47.073923],[21.906731,47.073951],[21.906671,47.073988],[21.906617,47.074027],[21.906574,47.074074],[21.906552,47.074126],[21.906542,47.074181]]},"properties":{"name":"DN19"}},{"type":"Feature","geometry":{"type":"LineString","coordinates":[[21.911016,47.079784],[21.910738,47.079929]]},"properties":{"name":"Strada Uzinelor"}},{"type":"Feature","geometry":{"type":"LineString","coordinates":[[21.900766,47.090047],[21.90097,47.08992],[21.901484,47.089769],[21.901868,47.089622],[21.903306,47.08907],[21.904906,47.088432],[21.905411,47.088148],[21.905947,47.087643],[21.906282,47.087265],[21.90649,47.086971],[21.906721,47.086583],[21.906888,47.086193],[21.90704,47.085802],[21.907191,47.085386],[21.908166,47.083078],[21.909004,47.081306],[21.909036,47.081221],[21.909071,47.081103],[21.909093,47.08102],[21.909125,47.080832],[21.909157,47.080429],[21.909189,47.080347],[21.909265,47.080276],[21.909329,47.080283],[21.909479,47.080269],[21.909724,47.080233],[21.909843,47.080214],[21.909964,47.080189],[21.910031,47.080172],[21.910168,47.080141],[21.910321,47.080097],[21.910462,47.080052],[21.910738,47.079929],[21.91081,47.07983],[21.910839,47.079763],[21.910874,47.079682]]},"properties":{"name":"Strada Uzinelor"}},{"type":"Feature","geometry":{"type":"LineString","coordinates":[[21.900534,47.089963],[21.900513,47.089834],[21.900501,47.08979],[21.900416,47.089621],[21.900269,47.089469],[21.899609,47.088789],[21.898547,47.087694],[21.89831,47.08745],[21.896738,47.085828],[21.896641,47.085723],[21.896596,47.085642],[21.896589,47.085558],[21.89661,47.085482],[21.896667,47.085396],[21.896743,47.085335],[21.896844,47.085284],[21.897343,47.085089],[21.898375,47.084673],[21.898563,47.084612],[21.898658,47.084597],[21.89876,47.084596],[21.898889,47.084617],[21.898999,47.084652],[21.89906,47.084694],[21.899264,47.084895],[21.899402,47.085032],[21.902398,47.088131],[21.902751,47.088495],[21.903306,47.08907]]},"properties":{"name":"Strada Beöthy Ödön"}},{"type":"Feature","geometry":{"type":"LineString","coordinates":[[21.900678,47.046679],[21.899356,47.046865],[21.898448,47.046929],[21.897772,47.047035],[21.897339,47.0471],[21.896953,47.047164],[21.896646,47.047223],[21.896228,47.04732],[21.896078,47.047358],[21.896035,47.047366],[21.895821,47.047414],[21.894905,47.047641],[21.894133,47.047835],[21.893293,47.048029],[21.892978,47.048104],[21.89291,47.04812],[21.892719,47.04819],[21.892598,47.048234],[21.89229,47.048322],[21.89216,47.048356],[21.891727,47.048472],[21.891573,47.048512],[21.890502,47.04879],[21.887558,47.049509],[21.887299,47.04958],[21.887063,47.049653],[21.886855,47.049728],[21.886725,47.049786],[21.886583,47.049856]]},"properties":{"name":"Calea Sântandrei"}},{"type":"Feature","geometry":{"type":"LineString","coordinates":[[21.886049,47.049907],[21.885959,47.049852],[21.885895,47.049834],[21.885817,47.049822],[21.885725,47.049819],[21.885623,47.049821],[21.885508,47.049829]]},"properties":{"name":"Calea Sântandrei"}},{"type":"Feature","geometry":{"type":"LineString","coordinates":[[21.880128,47.051129],[21.880814,47.050944],[21.882639,47.050493],[21.884661,47.050022],[21.885125,47.04992],[21.885415,47.049852],[21.885508,47.049829],[21.885807,47.049754],[21.886143,47.049666]]},"properties":{"name":"Calea Sântandrei"}},{"type":"Feature","geometry":{"type":"LineString","coordinates":[[21.886272,47.049629],[21.886382,47.049578],[21.886448,47.049553],[21.886674,47.049478],[21.886846,47.049425],[21.887057,47.049368],[21.887878,47.049167],[21.888278,47.04907],[21.888798,47.048959],[21.891695,47.048279],[21.892156,47.048171],[21.892454,47.048106],[21.892884,47.048007],[21.893216,47.047931],[21.893454,47.047879],[21.893567,47.047853],[21.893677,47.047835],[21.893817,47.047818],[21.893923,47.047792],[21.895747,47.047351],[21.896113,47.047264],[21.8966,47.047146],[21.896996,47.04707],[21.897445,47.047003],[21.897762,47.046955],[21.898263,47.046804],[21.899517,47.04661],[21.900424,47.04647],[21.901195,47.046351],[21.901427,47.046309],[21.901901,47.046226],[21.902712,47.046123],[21.902877,47.046095],[21.90298,47.046061],[21.903172,47.045999]]},"properties":{"name":"Calea Sântandrei"}},{"type":"Feature","geometry":{"type":"LineString","coordinates":[[21.880128,47.051129],[21.8795,47.049949]]},"properties":{"name":"Strada Terra"}},{"type":"Feature","geometry":{"type":"LineString","coordinates":[[21.979182,46.996588],[21.979161,46.996767],[21.979359,46.996665]]},"properties":{"name":"DN76"}},{"type":"Feature","geometry":{"type":"LineString","coordinates":[[21.9794,46.99645],[21.979664,46.99642]]},"properties":{"name":"DN76"}},{"type":"Feature","geometry":{"type":"LineString","coordinates":[[21.993791,46.966421],[21.995032,46.964845],[21.995309,46.96454],[21.995577,46.964289],[21.99784,46.962297],[21.998151,46.962035],[21.998368,46.961873],[21.998781,46.961604],[21.999989,46.960818],[22.000267,46.960622],[22.000868,46.960162],[22.001728,46.959484],[22.002177,46.959153],[22.002745,46.95875],[22.003281,46.958389],[22.003692,46.958116],[22.00534,46.957091],[22.005733,46.956821],[22.006473,46.956312],[22.007337,46.955768],[22.008053,46.955285],[22.008646,46.954894],[22.009283,46.954481],[22.009467,46.95437],[22.010731,46.95359],[22.012224,46.952681],[22.012536,46.952485],[22.014644,46.951193],[22.015284,46.950838],[22.015987,46.950478],[22.016887,46.950042],[22.018337,46.949347],[22.020349,46.948321],[22.020687,46.948139],[22.020892,46.948016],[22.021954,46.94727],[22.022635,46.946776],[22.023271,46.946313],[22.023469,46.946183],[22.023644,46.946101],[22.024206,46.9459],[22.027972,46.944751],[22.02821,46.944662],[22.028426,46.944561],[22.029175,46.944106],[22.029734,46.943766],[22.030381,46.943355],[22.032113,46.942255],[22.032387,46.942108],[22.032708,46.941973],[22.033512,46.941686],[22.03371,46.941606],[22.033914,46.941511],[22.034106,46.941432],[22.036988,46.939961],[22.037917,46.939487],[22.038405,46.939241],[22.038445,46.939221],[22.038663,46.939084],[22.038881,46.938946],[22.038983,46.938857],[22.039254,46.938622],[22.040135,46.937783],[22.041741,46.936173],[22.041908,46.935979],[22.042241,46.935555],[22.042949,46.934541],[22.043062,46.934387],[22.043229,46.93423],[22.043351,46.93415],[22.043499,46.934066],[22.044024,46.933781],[22.044412,46.933612],[22.04465,46.933545],[22.044897,46.933503],[22.045851,46.93343],[22.046207,46.933371],[22.047485,46.933026],[22.047886,46.932946],[22.048261,46.932911],[22.050041,46.932745],[22.050525,46.932737],[22.050806,46.932768],[22.052653,46.933249],[22.05326,46.933254],[22.05433,46.933053],[22.054686,46.932967],[22.055799,46.932507],[22.056116,46.932424],[22.056519,46.932389],[22.059233,46.932456],[22.059825,46.932427],[22.060372,46.932282],[22.063977,46.931203],[22.064565,46.9311],[22.065364,46.931052],[22.067392,46.931051],[22.069668,46.931234],[22.069955,46.931261]]},"properties":{"name":"DN76"}},{"type":"Feature","geometry":{"type":"LineString","coordinates":[[21.979172,46.996521],[21.979135,46.996472],[21.97909,46.996428],[21.979009,46.996367],[21.978967,46.996327],[21.978925,46.996275],[21.97888,46.996205],[21.978841,46.996131],[21.97872,46.995876],[21.978375,46.995224],[21.978239,46.994983],[21.977673,46.993983],[21.977557,46.993773],[21.977367,46.993427],[21.977331,46.993359],[21.976618,46.991998],[21.976484,46.991799],[21.976453,46.991729],[21.976433,46.991651],[21.976428,46.991594],[21.976439,46.991551],[21.976455,46.991509],[21.976494,46.991428],[21.97651,46.991349],[21.976501,46.99129],[21.976488,46.991248],[21.976181,46.990735],[21.976155,46.990701],[21.975887,46.990349],[21.975646,46.990092],[21.975509,46.989945],[21.975435,46.989852],[21.975404,46.989785],[21.975394,46.989699],[21.975398,46.989616],[21.97541,46.989551],[21.975452,46.989383],[21.975484,46.989293],[21.975736,46.98872],[21.976179,46.987712]]},"properties":{"name":"Strada Victoria"}},{"type":"Feature","geometry":{"type":"LineString","coordinates":[[21.976337,46.98746],[21.976475,46.987136],[21.976926,46.986007],[21.976949,46.985969],[21.976972,46.985949],[21.97701,46.985929],[21.977044,46.985921],[21.977087,46.985918],[21.977124,46.985924],[21.979045,46.986287],[21.979509,46.986393],[21.980028,46.986514],[21.980836,46.987029],[21.980878,46.987056],[21.981178,46.987244],[21.982004,46.987757],[21.982086,46.987806]]},"properties":{"name":"Strada Victoria"}},{"type":"Feature","geometry":{"type":"LineString","coordinates":[[21.982086,46.987806],[21.982143,46.987762],[21.982204,46.987716],[21.982381,46.987572],[21.982709,46.987313],[21.982988,46.987093],[21.983127,46.986983],[21.98329,46.986851],[21.983665,46.986541],[21.984203,46.9861],[21.984524,46.98585],[21.98457,46.985811],[21.984748,46.985676],[21.984848,46.985614],[21.984887,46.985581],[21.98491,46.985567],[21.984967,46.985543],[21.985055,46.985519],[21.985166,46.985502],[21.985488,46.985444]]},"properties":{"name":"Strada Primăverii"}},{"type":"Feature","geometry":{"type":"LineString","coordinates":[[21.979664,46.99642],[21.979846,46.99638],[21.98,46.99635],[21.980606,46.996243],[21.980704,46.996225],[21.980847,46.996198],[21.981072,46.996161],[21.981145,46.996149],[21.981353,46.996114],[21.981541,46.996082],[21.981738,46.996049],[21.981988,46.996002],[21.982156,46.995962],[21.982279,46.995926],[21.982426,46.995868],[21.982521,46.99582],[21.982621,46.99576],[21.982696,46.995702],[21.982756,46.995649],[21.982819,46.995582],[21.982873,46.995505],[21.982913,46.995434],[21.982934,46.995373],[21.982954,46.995293],[21.98297,46.995201],[21.982976,46.995116],[21.982973,46.994422],[21.983292,46.992736],[21.983302,46.992688],[21.983324,46.992595],[21.983362,46.992429],[21.983385,46.992333],[21.983555,46.991594],[21.983659,46.991119],[21.983884,46.990057],[21.983927,46.989892],[21.983964,46.989773],[21.984027,46.989621],[21.9841,46.989453],[21.984204,46.989256],[21.98485,46.988263],[21.98517,46.987803],[21.985233,46.987706],[21.9853,46.987561],[21.985352,46.987424],[21.985388,46.987302],[21.985401,46.987256],[21.985457,46.987041],[21.985493,46.986789],[21.985502,46.986712],[21.985507,46.98657],[21.985508,46.986227],[21.985501,46.985951],[21.985495,46.985838],[21.98549,46.985528],[21.985488,46.985444],[21.985492,46.985226],[21.985496,46.985163],[21.985518,46.98498],[21.985565,46.984756],[21.985602,46.984591],[21.985661,46.984425],[21.985746,46.984228],[21.985768,46.984189],[21.986177,46.983467],[21.986248,46.983341],[21.986268,46.983304],[21.986303,46.983239],[21.986366,46.983088],[21.986395,46.983014],[21.98638,46.982891],[21.986377,46.982873],[21.986366,46.982837],[21.986336,46.982785]]},"properties":{"name":"Calea Beiușului"}},{"type":"Feature","geometry":{"type":"LineString","coordinates":[[21.986428,46.982428],[21.98645,46.982388],[21.986477,46.98234],[21.986496,46.982245],[21.986522,46.98199],[21.986532,46.982119],[21.986541,46.982241],[21.98656,46.98234],[21.986575,46.98239],[21.986594,46.982439]]},"properties":{"name":"Calea Beiușului"}},{"type":"Feature","geometry":{"type":"LineString","coordinates":[[21.986569,46.982804],[21.986509,46.982853],[21.986469,46.982898],[21.986395,46.983014]]},"properties":{"name":"Calea Beiușului"}},{"type":"Feature","geometry":{"type":"LineString","coordinates":[[21.986522,46.98199],[21.986495,46.981663],[21.986443,46.981209],[21.986325,46.980225],[21.986278,46.980003],[21.986223,46.979879],[21.986073,46.97965],[21.985683,46.979212],[21.985308,46.978831],[21.985043,46.978617],[21.984844,46.978476],[21.984459,46.978198],[21.984323,46.978078],[21.984209,46.977947],[21.984143,46.977848],[21.984104,46.977744],[21.98408,46.977623],[21.984081,46.977477],[21.984107,46.977317],[21.984151,46.977151],[21.984198,46.977004],[21.984238,46.976886],[21.984277,46.976805],[21.984994,46.975474],[21.98591,46.973775],[21.98608,46.973522],[21.986329,46.973215],[21.987772,46.971832],[21.987969,46.971669],[21.988259,46.971464],[21.988931,46.971054],[21.989212,46.970883],[21.990189,46.970198],[21.990357,46.970072],[21.990514,46.969951],[21.990661,46.969818],[21.990785,46.969696],[21.990918,46.969543],[21.990962,46.969495],[21.992077,46.967967],[21.992229,46.967795],[21.992454,46.967579],[21.99334,46.966863],[21.993557,46.966664],[21.993791,46.966421]]},"properties":{"name":"Calea Beiușului"}},{"type":"Feature","geometry":{"type":"LineString","coordinates":[[21.979664,46.99642],[21.979507,46.996556]]},"properties":{"name":"Centura Băile Felix"}},{"type":"Feature","geometry":{"type":"LineString","coordinates":[[21.979976,47.002454],[21.980278,47.002304],[21.980455,47.002194],[21.980623,47.002087],[21.980749,47.001996],[21.980993,47.001791],[21.981098,47.001714],[21.981212,47.001641],[21.981327,47.001571],[21.981467,47.001505],[21.981572,47.001464],[21.981684,47.001429],[21.981815,47.001393],[21.982017,47.001359],[21.982212,47.001333],[21.982567,47.001321],[21.985346,47.001241],[21.98541,47.001239],[21.987406,47.001213],[21.987684,47.001214],[21.988785,47.001194],[21.989001,47.001179],[21.989207,47.001148],[21.989391,47.001107],[21.989582,47.001043],[21.989741,47.000971],[21.989869,47.00089],[21.990035,47.000764],[21.990112,47.00069],[21.990208,47.00059],[21.990508,47.00026],[21.990741,46.999998],[21.990925,46.999802],[21.991094,46.999646],[21.991286,46.999491],[21.991519,46.99934],[21.99257,46.998759],[21.993124,46.998445],[21.993702,46.998137],[21.994001,46.998002],[21.994289,46.997883],[21.994644,46.997743],[21.995558,46.997415],[21.995738,46.997369],[21.996061,46.997294],[21.996309,46.997248],[21.996293,46.997186],[21.996267,46.997138],[21.996214,46.99709],[21.996157,46.997037],[21.995954,46.996916],[21.995771,46.996809],[21.995314,46.996542],[21.9947,46.996164],[21.994537,46.996056],[21.994473,46.995935],[21.994443,46.995747],[21.994417,46.995513],[21.994408,46.995342],[21.994408,46.995194],[21.994438,46.995082],[21.99451,46.994956],[21.994606,46.994844],[21.994731,46.994769],[21.994843,46.994733],[21.994931,46.994722],[21.9951,46.994709],[21.995241,46.994698],[21.996337,46.994501],[21.99641,46.994467],[21.996471,46.994416]]},"properties":{"name":"DC59"}},{"type":"Feature","geometry":{"type":"LineString","coordinates":[[21.99709,46.988092],[21.997027,46.987941],[21.996892,46.987678],[21.996858,46.987552],[21.99686,46.987491],[21.996862,46.987445],[21.996864,46.987412],[21.996875,46.987376],[21.996906,46.987321],[21.996966,46.98727],[21.997897,46.986523],[21.99804,46.986427],[21.998237,46.986351],[21.998496,46.986272],[21.998886,46.986159],[21.999009,46.986112],[21.999102,46.986059],[21.999194,46.98597],[21.999258,46.985876],[21.999286,46.985767],[21.999329,46.985588],[21.999444,46.985125],[21.99954,46.984871],[21.999589,46.984724],[21.999626,46.984583],[21.999683,46.984051],[21.999704,46.983929],[21.999733,46.983813],[21.999763,46.983704],[21.999798,46.98363],[21.999906,46.983389],[21.999983,46.983235],[22.000022,46.983138],[22.00006,46.983019],[22.000074,46.982953],[22.00013,46.982743],[22.00017,46.982487],[22.000227,46.982205],[22.000291,46.981982],[22.00048,46.98162],[22.000777,46.981041],[22.001137,46.980339],[22.001353,46.979938],[22.001525,46.979594],[22.00196,46.978877],[22.002092,46.97868],[22.002222,46.978487],[22.002427,46.978259],[22.002544,46.97816],[22.002684,46.978057],[22.003432,46.97759],[22.0036,46.977492],[22.00375,46.977415],[22.003943,46.977329],[22.00509,46.976889],[22.00525,46.976816],[22.005374,46.976755],[22.005503,46.976682],[22.005841,46.976494],[22.006133,46.97636],[22.006378,46.976261],[22.006604,46.976179],[22.008064,46.975683],[22.009537,46.97516],[22.010027,46.974982],[22.010242,46.974896],[22.010347,46.974841],[22.010468,46.974763],[22.010607,46.974646],[22.010923,46.974357],[22.010995,46.974308],[22.011054,46.974274],[22.011154,46.974225],[22.012159,46.973838],[22.012459,46.973727],[22.012576,46.973705],[22.012654,46.973699],[22.012751,46.973702],[22.012862,46.973721],[22.013019,46.973785],[22.013597,46.974145],[22.014392,46.974593],[22.014471,46.974628],[22.01454,46.974641],[22.014623,46.974639]]},"properties":{"name":"DC59"}},{"type":"Feature","geometry":{"type":"LineString","coordinates":[[22.001007,46.999167],[22.000624,46.999425],[22.000195,46.999723],[21.999326,47.000303],[21.99844,47.000922],[21.997633,47.001497],[21.996713,47.002183],[21.995736,47.002872],[21.994579,47.003688],[21.994385,47.003811],[21.994106,47.003954],[21.993825,47.004071],[21.993496,47.004188],[21.993106,47.0043],[21.99259,47.004439],[21.992117,47.004554],[21.991726,47.004629],[21.991513,47.004648],[21.991323,47.004634],[21.991044,47.004586],[21.990491,47.00448],[21.99034,47.004445],[21.990173,47.0044],[21.990031,47.004332],[21.98967,47.004091],[21.989455,47.003943],[21.989381,47.003866],[21.989283,47.00362],[21.989269,47.003534],[21.989337,47.003455],[21.989405,47.003397],[21.98967,47.003248],[21.989913,47.003161],[21.99007,47.003033],[21.990302,47.002645],[21.990338,47.002461],[21.990222,47.00169],[21.990121,47.001547],[21.990016,47.001491],[21.989434,47.001274],[21.989296,47.001206],[21.989207,47.001148]]},"properties":{"name":"Strada Principală"}},{"type":"Feature","geometry":{"type":"LineString","coordinates":[[22.020348,46.972078],[22.02009,46.97223],[22.019925,46.972342],[22.019787,46.972387],[22.019657,46.972397],[22.019528,46.972394],[22.018836,46.972283],[22.018803,46.972277],[22.018626,46.972268],[22.018452,46.972294],[22.018226,46.972344],[22.017682,46.972546],[22.01688,46.972989],[22.016099,46.973436],[22.01578,46.973663],[22.015653,46.973791],[22.015499,46.974008],[22.015332,46.974184],[22.01512,46.974354],[22.014762,46.974588],[22.014701,46.974619],[22.014623,46.974639]]},"properties":{"name":"Strada Principală"}},{"type":"Feature","geometry":{"type":"LineString","coordinates":[[21.986208,46.982668],[21.98616,46.982623],[21.986119,46.982585],[21.986073,46.982541],[21.986022,46.982502],[21.985938,46.982433],[21.985908,46.982395],[21.98589,46.982359],[21.98588,46.982314],[21.985883,46.982261],[21.985897,46.982158]]},"properties":{"name":"DC64"}},{"type":"Feature","geometry":{"type":"LineString","coordinates":[[21.976079,46.976698],[21.976143,46.976721],[21.97619,46.976738],[21.976267,46.976778],[21.976381,46.97686]]},"properties":{"name":"DC64"}},{"type":"Feature","geometry":{"type":"LineString","coordinates":[[21.975865,46.976491],[21.975837,46.976431],[21.97579,46.976344],[21.975686,46.976139]]},"properties":{"name":"DC64"}},{"type":"Feature","geometry":{"type":"LineString","coordinates":[[21.974953,46.9649],[21.974966,46.965029],[21.974919,46.965208],[21.974635,46.965915],[21.974613,46.966048],[21.974611,46.966136],[21.974676,46.966313],[21.974749,46.966526],[21.974741,46.966636],[21.974748,46.966793],[21.974726,46.966985],[21.97466,46.967185],[21.974254,46.968804],[21.973998,46.969667],[21.973934,46.969899],[21.973841,46.970162],[21.973735,46.970436],[21.973413,46.971213],[21.973239,46.97169],[21.973175,46.971897],[21.973139,46.972072],[21.973098,46.972314],[21.972979,46.972959],[21.972956,46.973149],[21.972956,46.973256],[21.972975,46.973428],[21.973042,46.973765],[21.973074,46.973929],[21.973121,46.974111],[21.973177,46.974184],[21.973243,46.974265],[21.973341,46.974362],[21.973708,46.974685],[21.973843,46.974806],[21.973996,46.974926],[21.974185,46.975058],[21.974449,46.975216],[21.974859,46.975456],[21.97515,46.975636],[21.975469,46.975888],[21.975595,46.976013],[21.975686,46.976139],[21.975868,46.976328],[21.97594,46.976388],[21.975997,46.976422]]},"properties":{"name":"DC64"}},{"type":"Feature","geometry":{"type":"LineString","coordinates":[[21.976219,46.976637],[21.976264,46.976709],[21.976309,46.976771],[21.976381,46.97686],[21.977365,46.977971],[21.977445,46.978052],[21.977532,46.978145],[21.978059,46.978711],[21.97833,46.978985],[21.978433,46.979084],[21.978527,46.979163],[21.978707,46.979297],[21.978878,46.9794],[21.979265,46.979673],[21.97939,46.979772],[21.979579,46.979958],[21.979669,46.980044],[21.979793,46.980158],[21.980197,46.980525],[21.980366,46.980657],[21.980466,46.980721],[21.980587,46.980773],[21.98067,46.980799],[21.980805,46.980818],[21.980914,46.980818],[21.981038,46.980806],[21.981185,46.980762],[21.981279,46.980728],[21.981427,46.980668],[21.981799,46.980499],[21.982136,46.980344],[21.982458,46.980223],[21.98265,46.980166],[21.982859,46.980135],[21.983028,46.980124],[21.983148,46.98013],[21.983275,46.980144],[21.983384,46.98017],[21.983555,46.980209],[21.983613,46.980223],[21.98373,46.98025],[21.983861,46.980273],[21.984043,46.980289],[21.984365,46.980306],[21.984589,46.980332],[21.98474,46.980364],[21.984886,46.980423],[21.985179,46.98058],[21.985641,46.980894],[21.98568,46.980927],[21.985754,46.980989],[21.985819,46.981048],[21.985915,46.981133],[21.985971,46.981207],[21.986002,46.981269],[21.986024,46.98133],[21.986046,46.981388],[21.986059,46.98145],[21.986071,46.98156],[21.98607,46.98162],[21.986069,46.981674],[21.986061,46.98173],[21.986045,46.981781],[21.986029,46.981835],[21.986014,46.981887],[21.985897,46.982158],[21.985922,46.982263],[21.985929,46.982285],[21.985947,46.98232],[21.985985,46.982373],[21.986041,46.982414],[21.986102,46.982438],[21.986171,46.982449],[21.986252,46.982453],[21.986349,46.982447]]},"properties":{"name":"DC64"}},{"type":"Feature","geometry":{"type":"LineString","coordinates":[[21.994731,46.994769],[21.994792,46.994639],[21.994808,46.994557],[21.994812,46.994454],[21.994786,46.994341],[21.99469,46.994058],[21.994585,46.993824],[21.994507,46.993711],[21.994253,46.993512],[21.994059,46.993365],[21.99386,46.993245],[21.993828,46.993142],[21.993718,46.992931],[21.993603,46.992764],[21.993302,46.992406],[21.993064,46.991758],[21.993026,46.991541],[21.993068,46.990565],[21.993125,46.989604],[21.993157,46.989432],[21.993286,46.98923],[21.993445,46.989119],[21.99359,46.989074],[21.993857,46.989],[21.99424,46.988937],[21.994635,46.988923],[21.994841,46.988892],[21.995286,46.988779],[21.995671,46.98867],[21.995921,46.98859],[21.99673,46.988259],[21.996955,46.988157],[21.99709,46.988092]]},"properties":{"name":"Strada Trandafirilor"}},{"type":"Feature","geometry":{"type":"LineString","coordinates":[[21.994841,46.988892],[21.994862,46.988966],[21.995432,46.991258],[21.995569,46.991767],[21.995676,46.992092],[21.996128,46.993455],[21.996471,46.994416]]},"properties":{"name":"Strada Ulița Mare"}},{"type":"Feature","geometry":{"type":"LineString","coordinates":[[22.038881,46.938946],[22.039022,46.939038],[22.039054,46.939087],[22.039076,46.939169],[22.038634,46.939974],[22.038347,46.94072],[22.038311,46.941149],[22.038102,46.942276],[22.038122,46.942345],[22.038226,46.942391],[22.040313,46.942661],[22.050145,46.944017],[22.050414,46.944075],[22.050697,46.944177],[22.051056,46.944406],[22.052231,46.945425],[22.05322,46.94638],[22.054309,46.947457],[22.05512,46.948199],[22.055212,46.948282],[22.055516,46.948624],[22.055816,46.949069],[22.055992,46.949526],[22.055995,46.950043],[22.056021,46.950402],[22.056063,46.950484],[22.05616,46.95054],[22.056387,46.950594],[22.056544,46.950622],[22.057812,46.950872],[22.058212,46.950934],[22.05844,46.950975],[22.058958,46.95108],[22.059203,46.951136],[22.059348,46.951159],[22.059528,46.951182],[22.059917,46.951204],[22.060245,46.951214],[22.060568,46.951187],[22.060764,46.951147],[22.061162,46.95108],[22.062246,46.950848],[22.06245,46.950822],[22.062702,46.950812],[22.062923,46.950802],[22.063501,46.950744],[22.063874,46.950711],[22.064064,46.950716],[22.064196,46.950728],[22.064519,46.950765],[22.065564,46.950935],[22.065652,46.950969],[22.065717,46.951058],[22.065769,46.951267],[22.065707,46.951365],[22.065643,46.951422],[22.065172,46.951657],[22.064994,46.951766],[22.064935,46.951874],[22.064911,46.951954],[22.064904,46.952096],[22.064918,46.952749],[22.064869,46.952935],[22.06482,46.953063],[22.064694,46.953259],[22.064538,46.953401],[22.064311,46.95354],[22.064099,46.953682],[22.063995,46.953773],[22.063946,46.953825],[22.062676,46.955805],[22.062606,46.955949],[22.062571,46.956055],[22.062564,46.956147],[22.062575,46.956351],[22.0632,46.958192],[22.063312,46.958572],[22.063379,46.958841],[22.063508,46.959743],[22.063509,46.960203],[22.063501,46.960514],[22.063487,46.961673],[22.063511,46.962801],[22.063532,46.963552],[22.063607,46.96428],[22.063621,46.964719],[22.06361,46.965435]]},"properties":{"name":"DC60"}},{"type":"Feature","geometry":{"type":"LineString","coordinates":[[22.043499,46.934066],[22.043422,46.933991],[22.043344,46.933923],[22.043314,46.933878],[22.043325,46.933793],[22.043432,46.933704],[22.043616,46.93355],[22.043725,46.933398],[22.044717,46.93203],[22.045303,46.931325],[22.046583,46.929924],[22.04734,46.929065],[22.047785,46.928562],[22.047853,46.928493],[22.047966,46.928386],[22.048295,46.92816],[22.049359,46.927466],[22.049587,46.927334],[22.050117,46.927129],[22.050412,46.926997],[22.050509,46.926934],[22.050587,46.926866],[22.050922,46.926564],[22.051067,46.92644],[22.051203,46.926357],[22.051422,46.92626],[22.051617,46.926208],[22.052026,46.926116],[22.052243,46.926063],[22.052537,46.925998],[22.052857,46.925942],[22.053144,46.925895],[22.053466,46.925896],[22.053971,46.925907],[22.0541,46.925903],[22.054239,46.925881],[22.054323,46.925829],[22.054369,46.925766],[22.054379,46.925695],[22.054337,46.925626],[22.054243,46.925556],[22.054132,46.925493],[22.052707,46.924841],[22.052503,46.924722],[22.052258,46.924573],[22.052103,46.924452],[22.051331,46.923695],[22.051079,46.923441],[22.05101,46.923337],[22.05099,46.923241],[22.050978,46.923165],[22.050996,46.923066],[22.051036,46.922987],[22.05114,46.922851],[22.051444,46.922551],[22.051507,46.922466],[22.051613,46.922312],[22.051706,46.922133],[22.052083,46.921148],[22.052098,46.920999],[22.05209,46.920915],[22.051705,46.919607],[22.051689,46.919456],[22.051701,46.919281],[22.051736,46.919149],[22.052229,46.918344]]},"properties":{"name":"DJ768"}},{"type":"Feature","geometry":{"type":"LineString","coordinates":[[22.052229,46.918344],[22.051963,46.918263],[22.051708,46.918212],[22.051536,46.918191],[22.051422,46.918187],[22.051358,46.918188],[22.051281,46.918197],[22.051193,46.91822],[22.051111,46.918259],[22.051046,46.918308],[22.050999,46.918358],[22.050955,46.918421],[22.050929,46.918474],[22.050781,46.918808],[22.050513,46.919387],[22.050451,46.919473],[22.050366,46.919572],[22.050319,46.919608],[22.050241,46.919656],[22.050139,46.919716],[22.050025,46.919765],[22.049906,46.919797],[22.049808,46.919809],[22.049736,46.919804],[22.049683,46.919786],[22.049615,46.919755],[22.049563,46.919718],[22.04942,46.919578],[22.049346,46.919512],[22.049262,46.919461],[22.049162,46.919424],[22.048932,46.91938],[22.048419,46.919274],[22.048156,46.919211],[22.047969,46.919148],[22.047627,46.919033],[22.047194,46.918844],[22.047076,46.918798],[22.046928,46.91875],[22.046699,46.918704],[22.045763,46.918572],[22.045356,46.918547],[22.044831,46.918531],[22.044616,46.918529],[22.044436,46.918535],[22.044301,46.91855],[22.044096,46.918583],[22.043791,46.918636],[22.043149,46.918797],[22.04289,46.918847],[22.042682,46.91889],[22.042182,46.91897],[22.042071,46.918988],[22.041747,46.919047],[22.041455,46.919114],[22.041074,46.919218],[22.040237,46.919515],[22.039258,46.919856],[22.038678,46.92006],[22.037986,46.920276],[22.037787,46.920324],[22.037617,46.920354],[22.037503,46.920366],[22.037365,46.920383],[22.037103,46.920409],[22.036898,46.920456],[22.03672,46.920491],[22.036506,46.920511],[22.036348,46.920521],[22.036182,46.920524],[22.035798,46.920523],[22.035007,46.920507],[22.033951,46.920472],[22.03382,46.92046],[22.033714,46.920444],[22.033575,46.920417],[22.033332,46.920363],[22.033129,46.920312],[22.032812,46.920256],[22.032404,46.920209],[22.031986,46.92017],[22.031685,46.920163],[22.031478,46.920164],[22.031002,46.920173],[22.03031,46.920216],[22.029833,46.920232],[22.029284,46.920243],[22.029015,46.920254],[22.02876,46.920263],[22.02852,46.920289],[22.02837,46.920319],[22.028233,46.920351],[22.027906,46.920455],[22.027764,46.920485],[22.027616,46.920499],[22.027431,46.920496],[22.027194,46.920488],[22.02696,46.920487],[22.026634,46.920517],[22.026372,46.920523],[22.026204,46.920513],[22.026064,46.920501],[22.025928,46.920477],[22.025441,46.920391],[22.025191,46.920377],[22.025095,46.920388],[22.025051,46.9204],[22.024996,46.920434],[22.024954,46.920486],[22.024761,46.92077],[22.024684,46.920868],[22.024638,46.920905],[22.024549,46.92093],[22.024431,46.920952],[22.024312,46.92097],[22.023992,46.921023],[22.023456,46.921116],[22.023306,46.921145],[22.023229,46.921148],[22.02318,46.921142],[22.023123,46.921131],[22.023017,46.921095],[22.022757,46.920987],[22.022445,46.920849],[22.021908,46.920554],[22.021615,46.920383],[22.020802,46.919865],[22.020563,46.919698],[22.020306,46.91951],[22.020172,46.919401],[22.019396,46.918838],[22.019261,46.918711],[22.018982,46.918434],[22.018644,46.918169],[22.018527,46.918066],[22.018452,46.917986],[22.018403,46.91792],[22.018354,46.917856],[22.018305,46.917769],[22.018266,46.917668],[22.018261,46.917612],[22.018271,46.917557],[22.018321,46.917459],[22.018353,46.91741],[22.018383,46.917337],[22.018385,46.917265],[22.018384,46.91722],[22.018358,46.917174],[22.018317,46.917142],[22.017849,46.916892],[22.017591,46.916753],[22.017421,46.916674],[22.016463,46.916283],[22.015539,46.915912],[22.014649,46.915541],[22.014549,46.915512],[22.014408,46.915477],[22.014322,46.915454],[22.014233,46.915418],[22.0141,46.915357],[22.013944,46.915286],[22.013725,46.915192],[22.013034,46.914909],[22.012939,46.914877],[22.012883,46.914867],[22.012827,46.914868],[22.012782,46.914881],[22.012737,46.914905],[22.012686,46.914938],[22.011936,46.915489],[22.011807,46.915568],[22.011715,46.915615],[22.011582,46.915664],[22.011478,46.915684],[22.011401,46.915697],[22.0113,46.915707],[22.011204,46.91571],[22.011088,46.915708],[22.010435,46.915636],[22.010227,46.915635],[22.010013,46.915638],[22.009738,46.915646],[22.009533,46.915636],[22.009266,46.915615],[22.009066,46.915593],[22.008859,46.915563],[22.0087,46.915531],[22.008495,46.915476],[22.008386,46.915442],[22.008226,46.915372],[22.007713,46.915149],[22.007501,46.915063],[22.007237,46.91498],[22.006156,46.914659],[22.00556,46.914463],[22.005387,46.91441],[22.005169,46.914361],[22.005038,46.914333],[22.00486,46.914314],[22.004693,46.91431],[22.00451,46.914318],[22.004293,46.914336],[22.004092,46.914357],[22.003722,46.914394],[22.003437,46.914408],[22.003124,46.914403],[22.002356,46.914393],[21.999808,46.914378],[21.998274,46.914383],[21.99762,46.914392],[21.997449,46.91439],[21.997235,46.914377],[21.997094,46.91435],[21.99698,46.914314],[21.996886,46.914266],[21.996808,46.914212],[21.996688,46.914101],[21.99604,46.913397],[21.995072,46.912313],[21.994927,46.912122],[21.994797,46.911954],[21.994667,46.911805],[21.994457,46.911582],[21.994329,46.91144],[21.994275,46.911372],[21.994235,46.911303],[21.994147,46.911145],[21.994063,46.910956],[21.993838,46.910452],[21.993777,46.910335],[21.993699,46.910205],[21.99359,46.910037],[21.993523,46.909952],[21.993435,46.909879],[21.993348,46.909822],[21.993264,46.909776],[21.993083,46.909686],[21.992894,46.90961],[21.991963,46.909287],[21.991636,46.909154],[21.991359,46.909023],[21.991269,46.908983],[21.991154,46.908943],[21.99111,46.908929],[21.990991,46.908897],[21.99086,46.908866],[21.990514,46.908807],[21.990219,46.908774],[21.98997,46.908721],[21.989753,46.908657],[21.98945,46.908545],[21.989214,46.908452],[21.988972,46.908333],[21.988709,46.908194],[21.988174,46.907951],[21.987931,46.90785],[21.987516,46.907695],[21.9874,46.907643],[21.987317,46.907595],[21.987241,46.907539],[21.987144,46.907433],[21.987069,46.907327],[21.986966,46.907204],[21.986837,46.907066],[21.986584,46.906841],[21.986057,46.906385],[21.985703,46.906062],[21.985539,46.90596],[21.985204,46.905778],[21.985033,46.905683],[21.984893,46.905586],[21.984827,46.905537],[21.98476,46.905472],[21.98451,46.90523],[21.983613,46.904491],[21.983295,46.904237],[21.982762,46.903769],[21.982534,46.903561],[21.980995,46.902183],[21.980712,46.901951],[21.980617,46.901859],[21.980515,46.901743],[21.980409,46.901609],[21.980327,46.901479],[21.980152,46.901164],[21.980081,46.90102],[21.980046,46.900901],[21.980029,46.900767],[21.98003,46.900644],[21.980046,46.900467],[21.980153,46.899531],[21.980201,46.899027],[21.980232,46.898679],[21.980271,46.898237],[21.980284,46.898153],[21.980336,46.897853],[21.980338,46.897788],[21.980336,46.897741],[21.980327,46.897684],[21.980293,46.897587],[21.980237,46.897486],[21.98018,46.89741],[21.980081,46.897312],[21.979371,46.896694],[21.979237,46.896587],[21.979068,46.896467],[21.978889,46.896355],[21.978777,46.896288],[21.978658,46.896225],[21.978164,46.895977],[21.978082,46.895947],[21.977997,46.895917],[21.97771,46.895838],[21.977581,46.895799],[21.977468,46.895757],[21.977381,46.895716],[21.977315,46.895678],[21.977074,46.895508],[21.977001,46.895446],[21.97692,46.895367],[21.976846,46.895293],[21.976757,46.895191],[21.976698,46.89511],[21.976622,46.894984],[21.976532,46.89483],[21.976465,46.894757],[21.976372,46.894692],[21.975853,46.894366],[21.975611,46.894207],[21.974898,46.893797],[21.974623,46.893648],[21.974492,46.893579],[21.9743,46.89349],[21.972972,46.892998],[21.972535,46.892845],[21.972288,46.892749],[21.972081,46.892658],[21.971456,46.892388],[21.971373,46.892344],[21.971318,46.892312],[21.971241,46.892261],[21.971192,46.892217],[21.971114,46.892111],[21.971081,46.892047],[21.971062,46.891924],[21.971048,46.891821],[21.971068,46.891719],[21.971256,46.891167],[21.971265,46.891124],[21.971264,46.891084],[21.971254,46.891044],[21.971224,46.891007]]},"properties":{"name":"DJ795A"}},{"type":"Feature","geometry":{"type":"LineString","coordinates":[[21.944442,47.026087],[21.944238,47.026305],[21.943674,47.026752],[21.943642,47.026789],[21.943626,47.026831],[21.943621,47.026875],[21.943628,47.026909],[21.943655,47.026966],[21.943695,47.02702],[21.945209,47.028545],[21.945437,47.028793]]},"properties":{"name":"Strada Ciheiului"}},{"type":"Feature","geometry":{"type":"LineString","coordinates":[[21.945518,47.020806],[21.945475,47.020932],[21.945353,47.021268],[21.945193,47.021592],[21.945044,47.021949],[21.944739,47.022793],[21.944637,47.023038],[21.944527,47.023319],[21.944502,47.02338],[21.944053,47.024591],[21.943844,47.025072],[21.943493,47.02589],[21.943299,47.026341],[21.943303,47.026445],[21.943327,47.026498],[21.943375,47.026535],[21.943443,47.026551],[21.94352,47.026549],[21.943578,47.026531],[21.943662,47.026473],[21.944084,47.026151],[21.944184,47.026087],[21.944296,47.026023],[21.944451,47.025952]]},"properties":{"name":"Strada Ciheiului"}},{"type":"Feature","geometry":{"type":"LineString","coordinates":[[21.951223,46.998233],[21.951118,46.998418],[21.950387,46.999583],[21.950021,47.000208],[21.949955,47.000355],[21.949845,47.000637],[21.949743,47.000965],[21.949617,47.001351],[21.949491,47.001848],[21.949286,47.002932],[21.949263,47.003051],[21.948953,47.004645],[21.948647,47.006094],[21.948139,47.00853],[21.947843,47.010029],[21.947814,47.010161],[21.947382,47.012124],[21.947351,47.012265],[21.947196,47.012974],[21.947141,47.013226],[21.94683,47.014859],[21.946662,47.015634],[21.946617,47.015845],[21.946531,47.016243],[21.946326,47.017235],[21.946226,47.017687],[21.946219,47.017713],[21.946016,47.018664],[21.945866,47.01934],[21.945565,47.020585],[21.945518,47.020806]]},"properties":{"name":"Strada Mare"}},{"type":"Feature","geometry":{"type":"LineString","coordinates":[[21.951223,46.998233],[21.950736,46.998111],[21.950551,46.998092],[21.950223,46.998106],[21.950012,46.998099],[21.949807,46.998085],[21.949667,46.998034],[21.94955,46.997961],[21.949087,46.997565],[21.948777,46.997333],[21.947879,46.996683],[21.946708,46.995802],[21.94625,46.99551],[21.945928,46.995343],[21.945725,46.995218],[21.942107,46.992842]]},"properties":{"name":"Strada Dealului"}},{"type":"Feature","geometry":{"type":"LineString","coordinates":[[21.820333,47.114922],[21.819534,47.115004],[21.819204,47.115037],[21.818899,47.115075],[21.818534,47.115126],[21.81794,47.115211],[21.817655,47.115254],[21.817344,47.115312],[21.817083,47.115369],[21.816868,47.11543],[21.816581,47.115533],[21.816224,47.115684],[21.815349,47.116099],[21.815068,47.116206],[21.814872,47.116254],[21.814695,47.116285],[21.814491,47.116307],[21.814172,47.116305],[21.813926,47.116296],[21.813647,47.116278],[21.813308,47.11626],[21.813014,47.116236],[21.812799,47.116203],[21.812486,47.116151],[21.812228,47.116086],[21.810889,47.115702],[21.810609,47.11564],[21.810357,47.115608],[21.809402,47.115525],[21.808962,47.115496],[21.808648,47.115493],[21.807941,47.115522],[21.807616,47.115547],[21.807389,47.115588],[21.807211,47.115651],[21.806983,47.115755],[21.80479,47.117056],[21.804507,47.117203],[21.80436,47.117254],[21.8042,47.117299],[21.803972,47.117345],[21.801084,47.117769],[21.800766,47.117823],[21.800647,47.117819],[21.800498,47.117804],[21.800373,47.117762],[21.800198,47.117671],[21.799967,47.117499],[21.799425,47.117052],[21.799388,47.117014],[21.799301,47.116899],[21.799236,47.116798]]},"properties":{"name":"DJ190"}},{"type":"Feature","geometry":{"type":"LineString","coordinates":[[21.820334,47.114892],[21.820333,47.114922],[21.820339,47.115033],[21.820387,47.11549],[21.820391,47.115613],[21.820385,47.115716],[21.820373,47.115825],[21.820336,47.116012],[21.819945,47.117564],[21.819938,47.117607],[21.819504,47.119208],[21.819385,47.119733],[21.819392,47.11983],[21.819407,47.119865],[21.819562,47.120196],[21.819705,47.120668],[21.819786,47.120907],[21.819834,47.121075],[21.819925,47.121478],[21.820152,47.122595],[21.820191,47.122748],[21.820339,47.123083],[21.820623,47.12367],[21.820669,47.123763],[21.820708,47.123866],[21.820768,47.124123],[21.821162,47.125926],[21.82126,47.126294],[21.821521,47.127046],[21.821618,47.127407],[21.821636,47.127538],[21.821633,47.127669],[21.821502,47.128311],[21.821513,47.128449],[21.821556,47.128552],[21.821607,47.128641],[21.821859,47.128824],[21.822182,47.128992],[21.824853,47.130157],[21.825304,47.130363],[21.825577,47.130485],[21.8258,47.13065],[21.826715,47.131325],[21.828088,47.132339],[21.828356,47.132549],[21.828443,47.132634],[21.828493,47.132697],[21.828539,47.132778],[21.828549,47.132816],[21.82856,47.13284],[21.828852,47.133447],[21.829228,47.134374],[21.829791,47.135735],[21.829925,47.136067],[21.830038,47.136279],[21.83017,47.136482],[21.831587,47.138537],[21.832346,47.1396],[21.832833,47.14034],[21.833424,47.141231],[21.833553,47.141421],[21.833619,47.141546],[21.833706,47.141623],[21.833825,47.141696],[21.834932,47.14214]]},"properties":{"name":"DC73"}},{"type":"Feature","geometry":{"type":"LineString","coordinates":[[21.834932,47.14214],[21.834806,47.14245],[21.834339,47.143427],[21.834277,47.143542],[21.834182,47.143655],[21.834073,47.143759],[21.833367,47.144374],[21.832573,47.145213],[21.832357,47.145466],[21.832308,47.14556],[21.832291,47.145638],[21.832294,47.145728],[21.832334,47.145822],[21.832392,47.14592],[21.832551,47.146166],[21.832866,47.146647],[21.833156,47.147071],[21.833299,47.1473],[21.833829,47.148061],[21.834111,47.148452],[21.834704,47.149317],[21.835239,47.15011],[21.835959,47.15114],[21.836381,47.151751],[21.836526,47.151909],[21.836656,47.152046],[21.836853,47.152211],[21.837177,47.152494],[21.837874,47.153079],[21.839037,47.154053],[21.839483,47.154429],[21.839664,47.154569],[21.840563,47.155244],[21.841467,47.155959],[21.841687,47.15614],[21.841751,47.156198],[21.841799,47.156264],[21.841834,47.156329],[21.841866,47.15638],[21.84188,47.156442],[21.841885,47.156517],[21.841869,47.156585],[21.841829,47.156688],[21.841773,47.156789],[21.841598,47.157079],[21.841448,47.157345],[21.841215,47.157697],[21.841046,47.157947],[21.840928,47.158138],[21.840772,47.15835],[21.840592,47.158576],[21.840437,47.158753],[21.840118,47.159089],[21.839954,47.15928],[21.83971,47.159534],[21.839222,47.16007],[21.83883,47.1605],[21.838208,47.161191],[21.838052,47.161395],[21.837916,47.161604],[21.837807,47.161795],[21.8377,47.162041],[21.837625,47.162255],[21.837575,47.16243],[21.83753,47.162715],[21.837463,47.163101],[21.837417,47.163404],[21.837382,47.163736],[21.837366,47.163945],[21.837305,47.164217],[21.837185,47.164552],[21.837075,47.16483],[21.837017,47.164977],[21.836971,47.165098],[21.836943,47.165208],[21.836941,47.165268],[21.836953,47.165328],[21.836971,47.165377],[21.83702,47.165456],[21.837124,47.165578],[21.837346,47.165883],[21.837458,47.166024],[21.837525,47.166106],[21.837582,47.166158],[21.837818,47.166358],[21.83818,47.166636],[21.838393,47.166804],[21.838549,47.166934],[21.838585,47.166974],[21.8386,47.167008],[21.838604,47.167045]]},"properties":{"name":"DC71"}},{"type":"Feature","geometry":{"type":"LineString","coordinates":[[21.928256,47.10836],[21.928296,47.108437],[21.92841,47.10857],[21.928464,47.108633],[21.928603,47.108716],[21.928719,47.108799],[21.928885,47.108882],[21.929054,47.108937],[21.929377,47.108996],[21.929654,47.109039],[21.930745,47.109197],[21.932319,47.109444],[21.932897,47.109537],[21.933261,47.10963],[21.933587,47.109733],[21.933882,47.109856],[21.934479,47.110177],[21.934714,47.110299],[21.935526,47.110709],[21.93635,47.111146],[21.937161,47.111563],[21.93781,47.111902],[21.937975,47.111986],[21.9387,47.112357],[21.941552,47.113834],[21.942858,47.114541],[21.944005,47.11513],[21.944949,47.115619],[21.945537,47.115924],[21.945853,47.116089],[21.94956,47.117966],[21.949896,47.118196],[21.950129,47.118363],[21.950494,47.118599],[21.950558,47.118636],[21.95064,47.118673],[21.950688,47.118663],[21.950738,47.118661],[21.950786,47.118668],[21.950832,47.118682],[21.95087,47.118703],[21.950899,47.118729],[21.950919,47.118759],[21.950928,47.118791],[21.951074,47.118877],[21.951201,47.118941],[21.951298,47.118994],[21.95193,47.119239],[21.952315,47.119383],[21.952578,47.119461],[21.952919,47.119566],[21.953456,47.119684],[21.954193,47.119824],[21.954316,47.119847],[21.95446,47.119872],[21.95484,47.119949],[21.955237,47.120007],[21.956063,47.120187],[21.957383,47.120442],[21.958325,47.12064],[21.958567,47.120686],[21.958878,47.120757],[21.959013,47.120799],[21.959216,47.120894],[21.959407,47.120982],[21.959585,47.121076],[21.959701,47.121149],[21.959864,47.12127],[21.960037,47.121408],[21.960205,47.121541],[21.961392,47.122534],[21.961501,47.122619],[21.963514,47.124253],[21.964835,47.12533],[21.965056,47.125486],[21.965318,47.125659],[21.965817,47.125929],[21.966202,47.126087],[21.969124,47.127288],[21.973225,47.129027],[21.973549,47.129142],[21.973748,47.129191],[21.973968,47.12923],[21.974909,47.129349],[21.975968,47.12948],[21.977881,47.129717],[21.978318,47.129783],[21.978799,47.129887],[21.979049,47.129953],[21.979944,47.130183],[21.981217,47.130535],[21.982242,47.130785],[21.982741,47.130934],[21.983073,47.13104],[21.983299,47.131152],[21.983464,47.131249],[21.983749,47.131425],[21.98533,47.132431],[21.986416,47.133109],[21.987572,47.133852],[21.988393,47.134347],[21.988815,47.134583],[21.989222,47.134736],[21.989398,47.134803],[21.989753,47.134938],[21.99023,47.135104],[21.990856,47.135323],[21.991247,47.135439],[21.991689,47.135524],[21.991872,47.135546],[21.99203,47.135549],[21.992293,47.135549],[21.992568,47.135529],[21.992806,47.135523],[21.992997,47.135538],[21.993114,47.13557],[21.993218,47.13563],[21.993332,47.135721],[21.993474,47.135845],[21.993594,47.135946],[21.99374,47.136048],[21.994602,47.136658],[21.995259,47.137063],[21.995418,47.137153],[21.99555,47.137208],[21.995863,47.137319],[21.996132,47.137401],[21.996355,47.137483],[21.996447,47.137523],[21.996673,47.137638],[21.997174,47.137917],[21.997747,47.138297],[21.997841,47.138366],[21.997911,47.138444],[21.997979,47.138539],[21.99803,47.138656],[21.998069,47.138782],[21.998072,47.138879],[21.998054,47.138969],[21.998015,47.139049],[21.997971,47.139105],[21.997755,47.139344],[21.997463,47.139695],[21.997325,47.139953],[21.99726,47.140101],[21.997223,47.140234],[21.997185,47.140379],[21.997156,47.140701],[21.997161,47.140953],[21.997212,47.141148],[21.997298,47.141353],[21.997437,47.141585],[21.997754,47.142163],[21.998156,47.142836],[21.998615,47.143363],[21.998754,47.143543],[21.9991,47.143989],[21.999152,47.144067],[21.999296,47.144282],[21.999822,47.145002],[21.999902,47.14512],[22.000039,47.145371],[22.000095,47.145492],[22.000136,47.145584],[22.00016,47.145696],[22.000178,47.145808],[22.000197,47.146027],[22.000181,47.146417],[22.000172,47.146557]]},"properties":{"name":"DJ767F"}},{"type":"Feature","geometry":{"type":"LineString","coordinates":[[21.983073,47.13104],[21.984956,47.130335],[21.98706,47.129564],[21.989051,47.128835],[21.989342,47.128697],[21.989516,47.128593],[21.989668,47.128441],[21.989762,47.128291]]},"properties":{"name":"DC37A"}},{"type":"Feature","geometry":{"type":"LineString","coordinates":[[21.989762,47.128291],[21.989816,47.128084],[21.989828,47.127998],[21.989828,47.127904],[21.989765,47.127661],[21.989716,47.127451],[21.989383,47.125902],[21.989363,47.125799],[21.989361,47.125707],[21.989384,47.12558],[21.989433,47.125461],[21.989534,47.125319],[21.989722,47.125169],[21.991338,47.123993],[21.992607,47.123071],[21.992757,47.122976],[21.992928,47.12289],[21.993105,47.122824],[21.993347,47.122755],[21.99446,47.122582],[21.994868,47.122523],[21.995442,47.122479],[21.995624,47.122439],[21.996379,47.122156]]},"properties":{"name":"DC10;DC37A"}},{"type":"Feature","geometry":{"type":"LineString","coordinates":[[22.000172,47.146557],[22.000157,47.147107],[22.000181,47.147315],[22.000254,47.147481],[22.000393,47.147683],[22.001021,47.148302],[22.001257,47.148537],[22.001356,47.14864],[22.001458,47.148754],[22.001667,47.148995],[22.0018,47.149156],[22.001904,47.149271],[22.002004,47.149367],[22.002155,47.149502],[22.002415,47.149752],[22.003558,47.150914],[22.003955,47.151313],[22.004092,47.151461],[22.00418,47.151578],[22.004561,47.152127],[22.004669,47.152269],[22.0048,47.152408],[22.004934,47.152539],[22.006291,47.153953],[22.006621,47.154305],[22.006774,47.154527],[22.006943,47.154876],[22.007066,47.155122],[22.007119,47.155202],[22.007179,47.155279],[22.007337,47.155446],[22.007758,47.155809],[22.007962,47.156039],[22.008158,47.156295],[22.008234,47.15635],[22.008324,47.156398],[22.008448,47.15644],[22.009437,47.15665],[22.009998,47.156743],[22.010285,47.156772],[22.010615,47.156792],[22.011538,47.156789],[22.011961,47.156767],[22.013227,47.156659],[22.014121,47.156605],[22.014563,47.156588],[22.014968,47.156599],[22.015387,47.156595],[22.015612,47.156564],[22.015816,47.156493],[22.016,47.156391],[22.016132,47.156278],[22.016253,47.156114],[22.016296,47.155915],[22.016307,47.155704],[22.016348,47.155634],[22.016396,47.155594],[22.016465,47.155569],[22.016618,47.155565],[22.016851,47.155587],[22.017068,47.155662],[22.01739,47.155716],[22.017689,47.15573],[22.017994,47.155716],[22.018294,47.155711],[22.018672,47.155727],[22.019099,47.155733],[22.019582,47.155769],[22.02007,47.155806],[22.020558,47.155844],[22.021033,47.155941],[22.021258,47.156006],[22.021521,47.156125],[22.021773,47.156291],[22.021958,47.15645],[22.022146,47.156612],[22.022272,47.156714],[22.022449,47.156794],[22.02259,47.156834],[22.0228,47.156863],[22.022945,47.156856],[22.023143,47.156841],[22.023532,47.156834],[22.023977,47.15686],[22.024437,47.156932],[22.024903,47.157022],[22.025241,47.157112],[22.025616,47.157252],[22.026,47.157419],[22.026253,47.157539],[22.026402,47.157604],[22.026582,47.157654],[22.026742,47.157675],[22.026906,47.157677],[22.027274,47.157634],[22.028124,47.157529],[22.028662,47.15745],[22.029066,47.157384],[22.029394,47.157296],[22.029688,47.157217],[22.029991,47.157095],[22.030337,47.156942],[22.030519,47.15688],[22.030981,47.156767],[22.031389,47.156621],[22.031531,47.156596],[22.03168,47.156575],[22.031992,47.156564],[22.032281,47.156557],[22.03234,47.156543],[22.032383,47.156519],[22.032421,47.156488],[22.032432,47.156429],[22.032609,47.154797],[22.032625,47.154742],[22.032662,47.154695],[22.032724,47.154681],[22.032793,47.154677],[22.032861,47.15468],[22.033373,47.154733],[22.033638,47.154771],[22.033869,47.15483],[22.034961,47.15516],[22.035886,47.15545],[22.037351,47.155818],[22.037737,47.155884],[22.038064,47.155917],[22.038466,47.155917],[22.039019,47.155878],[22.039824,47.155783],[22.040129,47.155716],[22.040467,47.155648],[22.040725,47.155598],[22.041023,47.155561],[22.04114,47.155548],[22.041248,47.155545],[22.041703,47.155554],[22.041989,47.155578],[22.042379,47.155582],[22.042813,47.15557],[22.043467,47.155538],[22.045143,47.155457],[22.04784,47.155314],[22.04871,47.155271],[22.0518,47.155113],[22.052846,47.155076],[22.053579,47.155031],[22.054236,47.154969],[22.054563,47.154937],[22.054661,47.154941],[22.054752,47.154955],[22.054823,47.154975],[22.054878,47.155007],[22.055016,47.155096],[22.055206,47.15524],[22.055372,47.155316],[22.055544,47.155338],[22.055694,47.155316],[22.055882,47.155247],[22.05662,47.154847],[22.056781,47.154767],[22.056988,47.154685],[22.057169,47.154635],[22.057583,47.154535],[22.057842,47.154492],[22.05804,47.154484],[22.058231,47.154492],[22.059237,47.154533],[22.059581,47.154534],[22.059921,47.154507],[22.060114,47.15451],[22.06135,47.154597],[22.061777,47.154652],[22.061974,47.154686],[22.062184,47.154734],[22.063114,47.155022],[22.064016,47.155261],[22.064424,47.155383],[22.064728,47.155495],[22.064939,47.155582],[22.065111,47.155676],[22.065285,47.155797],[22.066261,47.156698],[22.066347,47.156781],[22.066434,47.156899],[22.066473,47.157007],[22.066505,47.157103],[22.066542,47.157165],[22.066619,47.157241],[22.066682,47.157304],[22.066794,47.157358],[22.066855,47.157385],[22.066886,47.157398],[22.066925,47.157398],[22.066987,47.157394],[22.069102,47.157103],[22.069276,47.157097],[22.069445,47.157095],[22.069526,47.157113],[22.069551,47.15712],[22.069644,47.157141],[22.070447,47.157344],[22.071123,47.157511],[22.071866,47.15764],[22.072209,47.1577],[22.073592,47.157794],[22.073804,47.157801],[22.073996,47.15778],[22.074201,47.157746],[22.074293,47.157725],[22.074399,47.157708],[22.074446,47.157699],[22.074516,47.157683],[22.074631,47.157643],[22.074788,47.157554],[22.075043,47.157379],[22.075134,47.15732],[22.075232,47.157272],[22.075369,47.157244],[22.075793,47.157189],[22.07601,47.157179],[22.076341,47.157187],[22.0769,47.157307],[22.077418,47.157432],[22.077936,47.157572],[22.078381,47.157739],[22.078748,47.157844],[22.078925,47.157876],[22.079027,47.15788],[22.080373,47.157796],[22.08212,47.157776],[22.082369,47.157761],[22.082546,47.157727],[22.082702,47.157688],[22.082746,47.157674],[22.083361,47.157479],[22.083745,47.1574],[22.084048,47.157371],[22.085695,47.157366],[22.085961,47.157347],[22.086328,47.157305],[22.087025,47.157196],[22.087731,47.157061],[22.088251,47.156988],[22.08879,47.156943],[22.089246,47.156932],[22.089649,47.156948],[22.090282,47.157003],[22.09129,47.157181],[22.09173,47.15724],[22.092057,47.157251],[22.092486,47.157211],[22.092964,47.15713],[22.093447,47.15701],[22.093978,47.156839],[22.094659,47.156605],[22.096907,47.155806],[22.097031,47.155756],[22.097132,47.155715],[22.097309,47.155613],[22.097465,47.155482],[22.097679,47.155252],[22.097942,47.155037],[22.098258,47.154829],[22.098527,47.154635],[22.098645,47.154562],[22.098832,47.154464],[22.099235,47.154281],[22.100002,47.153997],[22.100656,47.153774],[22.100887,47.153663],[22.1013,47.15338],[22.101569,47.153178],[22.101617,47.153142],[22.101928,47.152972],[22.102314,47.152665],[22.102555,47.152443],[22.102818,47.152173],[22.103044,47.151834],[22.10328,47.15141],[22.103392,47.151268],[22.103943,47.150545],[22.104256,47.150057],[22.104519,47.149747],[22.10505,47.149145],[22.105211,47.149017],[22.105334,47.148948],[22.105527,47.148908],[22.106128,47.148787],[22.106434,47.148707],[22.107051,47.148521],[22.107753,47.148298],[22.108032,47.148233],[22.108268,47.1482],[22.108633,47.148174],[22.109969,47.148156],[22.110645,47.148153],[22.111235,47.148174],[22.111428,47.148174],[22.111594,47.148145],[22.111734,47.14809],[22.11183,47.148032],[22.111963,47.147946],[22.11219,47.147799],[22.11241,47.147689],[22.112619,47.147613],[22.113027,47.14747],[22.113252,47.147361],[22.113354,47.14727],[22.113418,47.147149],[22.11344,47.146996],[22.113429,47.146857],[22.113322,47.14658],[22.113155,47.146303],[22.112941,47.145956],[22.112903,47.145865],[22.112893,47.145785],[22.11289,47.145724],[22.112933,47.145596],[22.113856,47.143961],[22.114025,47.143567],[22.114068,47.143363],[22.114054,47.143122],[22.113952,47.142796],[22.113845,47.142573],[22.113655,47.142296],[22.113536,47.14213],[22.112958,47.141696],[22.112685,47.141544],[22.112494,47.141474],[22.112286,47.141404],[22.111998,47.14132],[22.111741,47.141218]]},"properties":{"name":"DC32"}},{"type":"Feature","geometry":{"type":"LineString","coordinates":[[22.111828,47.141143],[22.111741,47.141218]]},"properties":{"name":"Burzuc-Susturoji"}},{"type":"Feature","geometry":{"type":"LineString","coordinates":[[21.974534,47.079315],[21.974566,47.07917],[21.97458,47.079041],[21.974588,47.078967],[21.974584,47.078901],[21.974574,47.078764],[21.974544,47.078663],[21.974531,47.078604],[21.974509,47.078514],[21.974476,47.078412],[21.974454,47.078343],[21.974375,47.078186],[21.974268,47.078024],[21.974202,47.07795],[21.974116,47.077852],[21.973994,47.077734],[21.973736,47.077478],[21.97338,47.077154],[21.973083,47.076883],[21.972789,47.076605],[21.972595,47.076422],[21.972471,47.076303],[21.972322,47.07619],[21.972261,47.076124],[21.972225,47.076076],[21.972179,47.076007],[21.972157,47.075956],[21.972133,47.075888],[21.9721,47.075767],[21.972053,47.075629],[21.971994,47.075465],[21.971938,47.075298],[21.971895,47.075209],[21.971846,47.075091],[21.971794,47.074961],[21.971732,47.074805],[21.971674,47.074692],[21.971536,47.074399],[21.97148,47.074262],[21.971396,47.074097],[21.971264,47.073814],[21.9712,47.073695],[21.971134,47.073518],[21.97103,47.073414],[21.970991,47.07337],[21.970936,47.073323],[21.970836,47.073231],[21.970727,47.073134],[21.970598,47.073016],[21.970523,47.072952],[21.970464,47.072904],[21.970401,47.072847],[21.970362,47.072798],[21.970342,47.072752],[21.969834,47.071831],[21.969684,47.071556],[21.969481,47.071152],[21.96947,47.071043],[21.969464,47.070911],[21.96944,47.070816],[21.969384,47.070716],[21.969208,47.070516],[21.969043,47.070367],[21.968809,47.070165],[21.968247,47.069735],[21.967878,47.069409],[21.966969,47.068536],[21.965972,47.067523],[21.965873,47.067404],[21.965736,47.067239],[21.96568,47.067098],[21.965665,47.066908],[21.965619,47.066812],[21.965532,47.066741],[21.965107,47.066469],[21.964883,47.066316]]},"properties":{"name":"Strada Șanțului"}},{"type":"Feature","geometry":{"type":"LineString","coordinates":[[21.974534,47.079315],[21.974436,47.079701],[21.974281,47.079931],[21.974176,47.080057],[21.97401,47.080315],[21.973995,47.080373],[21.973981,47.080412],[21.973973,47.080446],[21.973965,47.080492],[21.973957,47.080561],[21.973958,47.080656],[21.973996,47.080851],[21.97402,47.080988],[21.974008,47.081066],[21.973996,47.081119],[21.973974,47.081188],[21.973939,47.081245],[21.973894,47.0813],[21.973827,47.081349],[21.973664,47.081463],[21.973603,47.08152],[21.97357,47.081558],[21.973535,47.081598],[21.973511,47.081665],[21.973487,47.081831],[21.973487,47.081982],[21.973499,47.082134],[21.973527,47.082231],[21.973554,47.082308],[21.97357,47.082341],[21.973604,47.082427],[21.973617,47.082475],[21.973625,47.082541],[21.973551,47.082731],[21.973433,47.082833],[21.973353,47.082915],[21.973172,47.08309],[21.973086,47.083182],[21.973045,47.083233],[21.973001,47.0833],[21.972917,47.083421],[21.972892,47.083469],[21.972861,47.083511],[21.972725,47.083665],[21.972655,47.083751],[21.972595,47.083825],[21.972536,47.083912],[21.972458,47.084061],[21.972369,47.084264],[21.972261,47.084513],[21.972147,47.084779],[21.972128,47.084831],[21.972047,47.085038],[21.971989,47.085226],[21.971938,47.085421],[21.971901,47.085643],[21.971885,47.085735],[21.971865,47.085867],[21.971857,47.085914],[21.971843,47.08598],[21.971866,47.086145],[21.971891,47.086285],[21.971914,47.086396],[21.971948,47.086461],[21.971978,47.08652],[21.97203,47.086616],[21.97215,47.086771],[21.972269,47.086925],[21.972481,47.087149],[21.972652,47.08733],[21.972749,47.087436],[21.972797,47.087489],[21.972871,47.087619],[21.972901,47.087773],[21.972908,47.087843],[21.972924,47.087973],[21.972947,47.088172],[21.972978,47.088417],[21.973018,47.088699],[21.973048,47.088898],[21.973057,47.08905],[21.973103,47.089205],[21.9731,47.089239],[21.973395,47.089278],[21.973725,47.089339],[21.973908,47.089365],[21.973971,47.089381],[21.974046,47.089405],[21.974094,47.089447],[21.974101,47.0895],[21.974094,47.089553],[21.974058,47.089636],[21.973944,47.089788],[21.973818,47.090075],[21.973735,47.090245],[21.973681,47.090354],[21.973651,47.090405],[21.973646,47.090453],[21.973653,47.09051],[21.973718,47.090551],[21.973804,47.090591],[21.97448,47.090851],[21.974606,47.090906]]},"properties":{"name":"DJ767I"}},{"type":"Feature","geometry":{"type":"LineString","coordinates":[[21.791653,47.119127],[21.791631,47.119128],[21.79158,47.119127],[21.791542,47.119126],[21.791474,47.119119],[21.791389,47.119101],[21.791243,47.119081],[21.791194,47.119081],[21.791122,47.119086],[21.791048,47.1191],[21.790453,47.119304],[21.79034,47.11934],[21.789627,47.119569],[21.789569,47.119588],[21.789384,47.119648],[21.789134,47.119717],[21.789016,47.119731],[21.788809,47.119727],[21.788446,47.119721],[21.788241,47.119726],[21.788194,47.119727],[21.788095,47.119738],[21.78802,47.119752],[21.787876,47.119801],[21.787472,47.119942],[21.787262,47.119958]]},"properties":{"name":"42"}},{"type":"Feature","geometry":{"type":"LineString","coordinates":[[21.766177,47.126996],[21.768679,47.126164],[21.769041,47.126042],[21.769906,47.125747],[21.770392,47.125583],[21.771144,47.125323],[21.772754,47.124786],[21.779085,47.122674],[21.779153,47.122652],[21.781619,47.121839],[21.781873,47.121755],[21.782435,47.121569],[21.783427,47.12124],[21.785208,47.120637],[21.78574,47.120457],[21.786644,47.120153],[21.786796,47.120106],[21.787262,47.119958],[21.787412,47.119868],[21.787557,47.119822],[21.787634,47.119796],[21.788082,47.119652],[21.788199,47.11961],[21.788613,47.119466],[21.789141,47.119302],[21.789391,47.119225],[21.790229,47.11893],[21.790399,47.118879],[21.790804,47.118783],[21.7909,47.118758],[21.790953,47.118739],[21.791143,47.118655],[21.79128,47.118611]]},"properties":{"name":"42"}},{"type":"Feature","geometry":{"type":"LineString","coordinates":[[21.76596,47.126683],[21.76609,47.126864],[21.766177,47.126996]]},"properties":{"name":"4218"}},{"type":"Feature","geometry":{"type":"LineString","coordinates":[[21.76596,47.126683],[21.763302,47.126687],[21.762113,47.126683],[21.761845,47.126668],[21.761254,47.126627],[21.760043,47.126527],[21.759925,47.126507],[21.759858,47.126493],[21.759786,47.12647],[21.759726,47.126429],[21.759687,47.126369],[21.759659,47.126287],[21.75964,47.126025],[21.759665,47.125576],[21.759682,47.124954],[21.75966,47.124787],[21.759587,47.124637],[21.759388,47.124402],[21.759246,47.124269],[21.759114,47.124199],[21.758922,47.124118],[21.758731,47.124066],[21.758492,47.12403],[21.757482,47.123935],[21.757123,47.123915],[21.756857,47.123913],[21.756616,47.123926],[21.756447,47.123953],[21.755724,47.12416],[21.755385,47.124236],[21.75498,47.124295],[21.754287,47.124368],[21.753602,47.124422],[21.752935,47.124429],[21.752532,47.124433],[21.75177,47.124432],[21.751485,47.124452],[21.751193,47.124496],[21.750935,47.12455],[21.746696,47.125732]]},"properties":{"name":"Rákóczi utca"}},{"type":"Feature","geometry":{"type":"LineString","coordinates":[[21.746696,47.125732],[21.740941,47.127325],[21.739542,47.127725],[21.738433,47.128039],[21.737831,47.128197],[21.736319,47.128578],[21.734747,47.128857],[21.734666,47.128867],[21.734545,47.128874],[21.732482,47.128865],[21.7298,47.128852],[21.729742,47.128852],[21.729461,47.128844],[21.729236,47.128829],[21.729015,47.128805],[21.727314,47.128589],[21.72675,47.128534],[21.726356,47.128523],[21.725467,47.128534],[21.724625,47.128549],[21.723938,47.128564],[21.723705,47.12858],[21.723394,47.128626],[21.722881,47.128722],[21.722712,47.128757],[21.72253,47.128799],[21.722346,47.128849],[21.722131,47.128913],[21.722074,47.12893],[21.72184,47.129008],[21.72161,47.129065],[21.721102,47.129189],[21.720713,47.129265],[21.720613,47.12928],[21.720417,47.129303],[21.72026,47.129321],[21.720084,47.129331],[21.719743,47.129351],[21.719323,47.129367],[21.718616,47.129359],[21.718375,47.129353],[21.717936,47.129329],[21.717388,47.129286],[21.716886,47.129237],[21.716796,47.129228]]},"properties":{"name":"Kossuth utca"}},{"type":"Feature","geometry":{"type":"LineString","coordinates":[[21.715959,47.131657],[21.715998,47.131548],[21.716006,47.131526],[21.716271,47.130764],[21.716305,47.130658],[21.716475,47.130148],[21.716595,47.129812],[21.71662,47.12974],[21.716796,47.129228]]},"properties":{"name":"Ady utca"}},{"type":"Feature","geometry":{"type":"LineString","coordinates":[[21.715959,47.131657],[21.715544,47.131566],[21.715199,47.131486]]},"properties":{"name":"Széchenyi utca"}},{"type":"Feature","geometry":{"type":"LineString","coordinates":[[21.715199,47.131486],[21.715174,47.131538],[21.715168,47.13171],[21.715213,47.132562],[21.715242,47.132949],[21.715276,47.133127],[21.715351,47.133446],[21.715421,47.133747],[21.715738,47.135073],[21.715829,47.135453],[21.715989,47.136091]]},"properties":{"name":"Szacsvay utca"}},{"type":"Feature","geometry":{"type":"LineString","coordinates":[[21.715989,47.136091],[21.716138,47.136067],[21.717101,47.135915],[21.718424,47.135704],[21.719603,47.135523],[21.720932,47.135309],[21.721634,47.135198],[21.722066,47.135129]]},"properties":{"name":"Nagy Sándor utca"}}]}